spz-net-v2
415 128 64
-0.139007
0.0011146
-0.00732761
0.0112183
0.00633836
-0.0482975
0.0214032
0.0418137
0.0335611
-0.0385432
0.00410206
-0.00371233
0.0114781
0.0302784
0.0103452
0.0644801
-0.0927208
-0.0521533
0.0179586
0.0571442
-0.0484406
0.0534079
0.0463345
-0.0285879
-0.0561751
-0.0217795
0.0278569
0.00519729
-0.0707306
0.016718
-0.0227765
0.0143838
-0.0344656
0.0375526
-0.0707999
-0.112435
-0.0486586
-0.0400358
0.035754
-0.0153205
-0.0128895
-0.000566337
-0.0236714
0.00149448
-0.00521049
-0.0388072
0.0303991
0.0142655
0.00620164
-0.0409893
0.00515941
0.0469965
-0.0666121
-0.043334
0.0461224
-0.0350829
0.0261344
0.0126316
-0.115872
-0.0122874
-0.030069
-0.0164308
-0.0331665
0.0102264
-0.0298162
-0.0126525
-0.00882455
-0.0204563
-0.0122115
-0.0181214
-0.0189085
-0.0509802
0.0388622
-0.022858
0.00247765
0.0908003
-0.0339417
0.00234544
-0.0350616
-0.00877504
0.016875
0.00848158
0.0249571
0.0644833
-0.0121205
-0.0378148
-0.0168941
0.069053
0.093001
-0.0973971
0.00841271
-0.0573296
-0.00846616
-0.0477486
0.0280757
-0.0179873
-0.0317682
0.0459496
0.00236435
-0.012965
0.093979
-0.00750414
-0.0153099
-0.0232202
0.0302595
-0.0361922
-0.0249293
0.000396083
-0.00550944
0.00751028
0.0219162
0.0138153
0.00265925
0.0455928
-0.0453479
-0.0317862
-0.0291003
0.036644
-0.0196229
-0.0122436
-0.033291
-0.0160494
0.00466341
0.0160755
0.0089807
0.029642
0.00627524
0.0123048
0.00397717
0.0287822
0.0803667
0.0090384
0.0457696
-0.0388686
-0.0186863
-0.0302845
-0.00590045
-0.0184962
-0.015918
-0.0366583
-0.0285889
0.0358798
-0.0257964
-0.032228
-0.0257362
-0.0268298
-0.0359999
-0.0350931
-0.0524879
0.0418
-0.0575702
0.0366184
-0.018834
0.0111789
0.0391684
0.0165727
0.00376515
0.0047981
0.0155032
-0.0340025
-0.0211645
-0.00858389
-0.0010841
-0.00861586
0.0668014
-0.0303905
-0.0459014
0.0203433
-0.0404038
0.0114768
0.0179731
0.0240785
0.0316759
-0.0467374
0.00262667
-0.0439854
-0.0307251
-0.0279412
0.00919091
-0.0109662
0.0176298
-0.0153339
0.0379908
0.0224457
0.0600456
0.00110105
-0.0115148
-0.0298063
-0.037833
-0.0132513
-0.0287442
-0.028443
-0.0162899
-0.0102413
0.0125279
0.0179841
0.0250617
-0.0423845
-0.0292945
0.0269131
-0.0195528
-0.0485241
-0.030638
-0.0234289
-0.0221883
0.0283067
0.0421491
-0.0304708
-0.00942115
-0.0247803
-0.0144543
0.0554989
-0.0264491
0.0299859
0.0175954
-0.0255126
-0.0712429
0.0375907
-0.0469415
0.00827438
-0.0528349
-0.0256732
-0.00949208
0.0460528
-0.0664422
0.026193
-0.0203172
-0.0708375
-0.00526657
-0.0259034
0.0073435
0.0170123
0.0325379
0.0450629
0.0166566
0.0198153
0.0415963
-0.0554904
-0.0610423
0.0220921
0.0837626
-0.0533131
-0.0062477
-0.0546512
0.0215153
0.01249
0.0171799
-0.0577317
0.0263106
0.00662855
0.0342407
-0.00894321
-0.0288021
-0.0316215
0.023889
0.0718095
-0.0158224
0.0508059
-0.0398537
0.000423173
0.0490892
-0.0446315
0.0586784
0.0288747
-0.0342753
0.0491865
-0.0553811
0.0350311
-0.0574517
-0.00839889
-0.116577
-0.0134501
-0.0424938
-0.0534329
-0.00819655
0.0836353
-0.00735525
-0.0445324
0.0642787
-0.00864785
0.0326798
0.0589993
-0.0240987
0.007067
-0.0278802
-0.0040362
-0.00893109
0.0243449
-0.00955135
0.0517657
0.025931
-0.0123953
-0.0167669
0.0486411
0.0510929
0.0396053
0.0123407
0.023142
0.0117563
-0.0101408
0.0249803
-0.00182847
-0.0622258
-0.02185
-0.0761959
-0.0675275
-0.0327374
0.0643706
-0.00912673
-0.00590023
0.0183994
-0.0562011
0.0170218
0.0167112
-0.0371797
0.00488137
-0.04521
-0.00276888
-0.0515991
0.082199
-0.0685444
-0.0527466
0.0193273
0.00905586
-0.0147995
-0.0533575
-0.00567702
0.00482325
-0.0404739
0.0328683
0.0434143
-0.0285043
-0.0213445
-0.0241958
0.0317728
0.00597902
-0.032399
0.00702718
0.0407467
0.0476831
0.00990837
-0.0408143
-0.0123324
0.0102976
0.0168497
0.0386966
0.043218
0.0288125
-0.0201028
0.0447672
-0.0240274
-0.0365089
0.0487889
-0.0221783
-0.007786
-0.0471001
-0.0347385
0.0173647
0.0253997
0.0168443
-0.0384605
-0.0365544
0.025809
0.0454942
0.0443748
-0.0460479
0.0181496
0.00762951
-0.0373113
0.0394798
0.0329974
0.0344074
0.0338082
0.0365622
0.0411453
0.000253434
-0.0414386
0.0056729
0.0264105
-0.00165233
-0.0431932
-0.0518127
-0.0219647
0.0071279
0.0119182
0.0246633
-0.0358558
-0.0393201
-0.0268344
0.0288408
-0.0033667
-0.0285714
0.0483443
-0.0467975
-0.0395259
-0.0365109
-0.0258285
-0.0195926
0.036443
-0.0294284
-0.0236312
0.011057
0.0386863
-0.0524054
-0.0158194
-0.0219667
-0.0154632
-0.0164684
-0.0100956
-0.0108649
0.00300328
-0.0379539
-0.039729
0.0315327
0.0147396
-0.101949
0.00942114
0.0284181
0.0171988
-0.0137181
-0.0480139
-0.0363763
-0.0483499
-0.0269335
-0.0617657
-0.00203992
-0.025772
-0.0427303
0.0797743
0.0363168
0.0164527
-0.0851553
-0.0486567
-0.0202705
-0.00929181
-0.016324
0.0321387
0.00456764
-0.0197279
0.0109262
-0.003552
-0.0248888
0.0427231
0.0340344
0.00841908
0.0110152
-0.032404
-0.00626125
0.0422244
-0.0503093
-0.0370012
-0.0404477
-0.0581664
-0.00145577
0.0313207
0.0257667
-0.0157372
0.0212053
-0.0170566
0.00838007
0.0194624
0.0254638
-0.0640444
-0.0542685
-0.00530338
0.047461
-0.0150874
-0.0112331
0.016202
0.0510335
-0.0315372
-0.00256405
-0.00226268
-0.106181
0.0262516
0.0281403
0.0614338
0.0559175
-0.0341575
-0.0264967
-0.00888644
0.0406424
0.0207968
0.01215
-0.0251312
-0.0223203
0.00434557
-0.0300013
0.0224693
-0.0515316
0.0795303
-0.00764072
-0.0275539
-0.0118252
-0.0126159
0.0139298
0.0424693
0.00666427
0.0345906
-0.07645
0.0444778
-0.00368687
0.0634593
0.0279282
-0.0313999
0.0392644
-0.0469564
0.0321356
0.0350007
0.0231359
-0.084221
-0.0301041
-0.0475818
0.0285198
-0.0642975
0.0760256
-0.00275833
0.0513148
0.0691006
0.00346549
-0.0119034
-0.0161977
0.0255833
-0.0195929
-0.0273205
0.0142833
0.0122354
-0.0202143
-0.02171
0.0411812
0.0629459
0.00308713
-0.0294187
-0.0284003
-0.0347621
0.0302856
-0.014719
0.0631727
0.0187791
-0.0179347
-0.0630787
0.0603181
0.0365414
-0.0451272
0.0252408
0.00624021
0.0513519
0.0281735
0.0675797
-0.0332835
-0.00862153
-0.0392013
-0.0152379
0.0380009
0.0309454
0.0571925
0.0452716
0.000818055
-0.0390819
0.0431569
-0.0392708
-0.0560879
-0.0147101
-0.0398434
0.0162122
-0.0367204
-0.0350976
-0.0436635
-0.0537586
0.00851217
-0.0301216
0.0328976
0.035833
-0.046423
-0.0187211
0.00940155
0.0299558
-0.0402867
-0.0290172
0.0159902
-0.00681612
0.0183813
-0.0447686
-0.0433722
0.00830228
0.0147207
-0.0305731
0.0428219
-0.0200115
-0.0378484
0.0183629
0.0195837
-0.0289182
-0.0239335
0.0266605
-0.0151085
-0.0318087
0.040486
-0.0294081
0.0388665
-0.0186202
-0.0504553
0.00726235
0.0240459
-0.0449467
-0.0139442
-0.0368745
0.0416074
0.0428416
0.0358037
0.0334694
0.0420303
-0.0444027
0.0284734
0.0188154
-0.0181477
0.0290281
0.0348117
0.0241034
0.0228369
-0.0285176
0.0101867
0.035726
-0.026562
0.0485294
-0.0340967
-0.00908863
0.00359544
0.00364238
-0.00965225
0.0461787
-0.0654355
0.000530739
-0.00226786
-0.0180337
0.0357435
0.0260493
-0.0386087
0.0366127
-0.0620851
-0.00178356
-0.0215367
-0.0597176
-0.05525
-0.0186713
-0.0763596
-0.0394276
-0.00876926
-0.00317944
-0.0466891
0.0136081
-0.0545282
-0.0399378
-0.0252224
-0.00317713
0.00940153
0.00789896
-0.0403157
-0.040108
-0.0037286
-0.0180638
-0.00327061
-0.015074
-0.0020227
0.00361111
-0.0111515
-0.029443
0.0417104
0.0202968
0.0501029
0.0190236
0.0443483
-0.0146031
-0.000605384
0.0106352
-0.0387373
0.00825811
-0.00853803
-0.0175079
0.00559075
0.0217445
0.00952685
-0.0133328
0.00719766
0.0822632
-0.0712124
-0.00932721
0.023045
-0.0404826
-0.0116972
0.106619
-0.0311763
-0.0125113
0.0819479
-0.0312078
0.035986
0.0869196
0.0386342
-0.0407142
-0.0404152
0.0218194
0.0201038
-0.0065096
-0.0118769
0.0137341
0.0446201
0.0823831
-0.0248117
-0.00303766
0.0289546
0.0116281
0.0291152
0.0191671
0.00194003
0.0260153
0.0393543
0.037022
-0.0105143
0.0201514
-0.0295184
-0.0476557
-0.00561725
0.0432313
-0.0519815
-0.0364094
-0.0303584
-0.0511415
-0.052652
0.0402076
-0.0473697
-0.0372125
-0.0411173
-0.0501227
-0.0342144
-0.00731029
-0.0541318
0.00895678
-0.0116127
-0.0714706
-0.0330835
0.0145616
-0.0177262
-0.0215339
-0.0162632
-0.0298745
0.017373
-0.0819187
0.0847126
0.0127586
-0.00815589
0.00190482
0.00338199
-0.0234352
0.0432214
0.0425053
0.0226625
-0.00877006
0.0250739
0.0162802
-0.0194534
0.00351828
-0.0297561
0.042275
-0.0301398
0.0327208
0.0106145
-0.0388303
0.00826971
-0.0282343
0.0372772
-0.0213545
-0.0151211
0.00884336
0.0240454
-0.0227347
0.0311475
0.0224885
-0.00313362
0.00342084
0.0105843
0.0158308
0.0391306
0.0452053
-0.00891283
-0.02387
0.00142554
-0.0202945
0.0282725
0.0205747
-0.0376577
0.0462659
-0.0443458
0.0214109
-0.047973
-0.0105507
-0.0258911
0.00459267
0.0137792
0.00999693
-0.0188946
0.00338514
-0.0280224
-0.00672185
0.0235306
0.039535
-0.0120886
-0.0359552
-0.0355384
0.042562
0.0087092
-0.0106504
0.0107906
0.0290446
-0.024953
-0.0375935
-0.00813153
-0.0443412
0.0236599
0.0365172
0.0377641
-0.0170843
0.0043565
-0.0267176
-0.0537617
-0.0040489
0.00440104
0.0301415
0.0123981
0.0184946
-0.0206167
0.167751
-0.0376219
-0.010621
0.0339601
0.021726
-0.00696237
0.0171465
0.0273426
-0.00251773
0.0547908
-0.0444512
-0.0291986
0.0627908
-0.080724
0.013145
-0.0530075
0.0336714
-0.004106
-0.0392871
0.0234317
0.0453125
0.0326082
0.023237
-0.0393829
-0.0246133
-0.0140998
-0.0141244
-0.0224096
0.0245255
0.0441505
-0.00820945
-0.0354736
-0.00512556
0.0748908
-0.065595
0.0251056
-0.0657866
0.0659601
0.0287617
-0.00326389
-0.0209078
0.0279385
-0.0393426
0.0270244
0.0181076
-0.00527237
-0.00372809
0.01595
-0.00585742
-0.0375723
0.026525
0.00151004
0.0146429
0.0490329
-0.017015
-0.0291895
-0.00680525
0.0365753
0.059304
-0.0209981
0.0481424
0.0153377
-0.0476945
-0.0171247
0.00517382
0.0537735
0.0284912
-0.0179307
-0.000713232
-0.00195596
-0.00612333
-0.0163318
0.0201888
0.00324513
-0.0600433
-0.101972
0.0418314
-0.0151352
0.0331438
0.00022169
-0.0325622
0.02467
0.0168032
0.0874921
0.0647306
-0.00183982
0.00982844
-0.0585675
-0.063262
-0.00785426
0.0244227
-0.0209341
-0.0205719
0.0226808
0.0152784
-0.0372692
0.0225656
-0.047873
-0.0463158
0.0321503
-0.0212756
0.00603236
0.0148901
0.054183
0.0401435
0.0334947
0.0102316
-0.0321169
-0.00605309
-0.042048
-0.0312128
-0.00581912
-0.0204274
-0.0439679
0.0242124
0.0492414
0.0328999
0.0338951
0.0377341
-0.0193647
0.0158462
0.0138576
-0.0428223
0.0334058
-0.00258299
-0.0402085
0.03442
0.0179194
0.0308919
-0.0357256
-0.0106726
-0.0810091
-0.0260407
0.0240576
0.0293173
-0.0237104
0.0130775
0.00707358
0.0231959
0.00314271
0.0568264
-0.00467003
-0.0194336
-0.00966976
-0.00218016
0.017327
0.0164956
-0.00494413
0.0214092
0.0377145
-0.0347867
-0.0424642
0.0231659
-0.0374001
-0.0457619
0.0181102
-0.0116791
-0.0277331
0.027625
-0.0422436
-0.028587
-0.0191173
-0.0471824
0.0483378
-0.0147679
0.0257605
-0.0162871
0.0264844
0.0117452
-0.0324437
-0.00209618
0.0241105
-0.00995319
-0.0160082
-0.0283244
0.0231573
-0.0564431
0.0135853
0.0220542
-0.00434932
0.0139993
-0.0242857
-0.0365318
-0.0119006
0.0364731
-0.0450576
-0.00862827
0.0188725
0.00204194
-0.0284397
-0.0247801
-0.0336461
-0.0179628
0.0357903
0.0340266
0.059502
0.014275
-0.0440764
-0.0387234
-0.00855512
0.0420971
0.0436521
-0.0460945
-0.0318161
-0.0268393
0.0390532
0.0246376
-0.0416246
-0.00902038
-0.0412222
-0.0364982
-0.00652228
0.0249495
0.0351576
-0.0124243
0.023944
0.0355165
-0.0152811
-0.0328637
0.0305769
-0.00484977
0.0164413
-0.0440311
-0.0202543
-0.00319823
-0.00963153
-0.0240512
0.064099
0.0524332
0.0180516
-0.0163109
-0.0375138
0.0217819
-0.0436727
0.0137623
-0.0227695
0.0240529
-0.0374445
0.00505115
-0.0235876
0.001711
-0.0536498
0.000290637
0.0263401
0.01445
-0.00873495
-0.0270959
0.0556241
0.019943
-0.00931349
-0.0633665
0.0034465
-0.0144277
0.0156074
0.00966221
0.0378647
0.0509241
0.0232627
-0.0486117
-0.0216809
0.0165762
0.0632801
-0.0439109
0.0421568
0.00547116
-0.00322526
-0.00683542
0.0157505
2.91383e-05
0.0211131
-0.00426763
0.0297325
-0.019338
-0.0535372
-0.0134402
-0.0862977
0.00555012
-0.0410065
-0.051188
0.0364749
-0.0616404
0.01562
-0.0551643
-0.003502
0.0288887
0.0227776
0.0244621
-0.00221537
0.00394307
-0.0200566
0.0312035
-0.0155922
0.0574059
-0.00713545
0.0417572
0.027644
0.0223281
0.0157334
-0.0045917
-0.0301076
-0.0217638
-0.0613389
0.044857
-0.0126968
0.000812808
0.020349
0.00463154
-0.00352884
0.0447615
0.0141677
-0.0567547
0.0117042
0.0159065
0.0393613
0.0346329
0.0304449
0.0125151
0.00391047
-0.00915357
-0.0286859
0.01818
-0.0220172
-0.0654729
-0.033709
-0.0293378
0.0276554
-0.0403966
0.0355344
-0.0010887
-0.0141128
-0.0591469
0.0160563
0.0629604
-0.0219839
0.0596212
-0.0102101
-0.0490556
0.00560101
-0.0194724
-0.0229429
-0.0184987
-0.0172753
0.0124097
-0.00860027
-0.00522494
0.00120559
-0.0199111
-0.00870085
-0.0180096
-0.00777737
-0.00355444
0.02457
-0.0421542
0.00735913
-0.00882447
-0.012218
0.0425532
-0.00482326
-0.00876739
-0.0144082
-0.0169558
-0.0256071
-0.0338665
-0.0362455
0.0349113
0.0350016
0.017229
-0.000305015
-0.0253493
0.0244559
-0.0130176
0.0387903
0.0466627
-0.0439948
0.0175017
0.0094511
0.0107654
0.0152916
-0.00182687
0.0214066
-0.00597744
-0.0280202
0.0170029
-0.00998789
0.0216069
0.0467574
-0.0273017
-0.023257
-0.000923835
-0.0461616
-0.0198797
-0.00162828
0.0271505
0.0307188
-0.00672066
-0.0104333
0.0282394
0.0101163
0.0124688
0.0363198
0.0436835
0.0282176
0.041905
-0.0658429
-0.0263641
0.0253826
0.0271732
-0.000866917
-0.0325229
-0.0266565
0.0489425
-0.0380277
0.00288083
-0.0346284
-0.0482546
0.0695881
-0.0629971
0.00150917
0.0110194
0.0106363
-0.0352575
0.0433209
0.0316333
0.0226528
-0.0124081
0.0243085
-0.0105026
0.00431782
-0.0761551
-0.0764483
0.0265527
0.0681171
-0.0100582
-0.0575034
0.0315053
-0.0205308
0.036426
0.012544
0.0307228
0.0175538
0.0167829
-0.013445
0.0273952
-0.0323115
-0.0200112
-0.005015
0.0155102
-0.00320402
0.014103
-0.13216
0.0521793
0.0364966
0.114742
0.0110539
-0.0444507
0.0196801
-0.0728357
0.0125102
-0.0454268
0.0302088
-0.0187809
0.0134198
0.0127255
-0.0237532
0.00690813
-0.0325442
-0.0476688
0.0551697
-0.0259754
-0.0460823
0.0451667
0.00583548
0.0430504
-0.00384392
0.0535747
0.0110221
-0.0717112
-0.0412003
0.0415328
0.0305663
0.0480267
0.0153849
0.00585791
-0.0224635
-0.0648579
0.0747963
-0.00547199
-0.0226883
-0.0284512
0.0195407
-0.105593
-0.0196875
0.0381203
-0.0339745
0.0123681
0.00720035
0.013127
-0.0452793
0.0285743
-0.0416273
0.00514121
-0.0440015
0.0217881
-0.0461446
-0.0413212
-0.00224688
-0.0138606
-0.0117382
-0.0280818
-0.0133469
-0.00299652
-0.0147716
0.0403303
-0.00386533
0.0372628
0.0127812
0.0397842
-0.0299218
-0.0138086
-0.030451
0.0196458
-0.0373608
-0.039474
-0.0351837
0.0420493
-0.0357391
-0.0261732
-0.00626408
-0.026713
-0.00355189
-0.0503718
0.0389724
0.028079
0.0416625
-0.0342585
0.020506
0.0186923
0.0471879
0.0132796
0.0377325
-0.0153284
0.0513026
-0.00645104
0.0340268
-0.0478264
-0.0125929
0.0566146
-0.0145945
-0.0106214
0.0139649
0.0274736
-0.0322844
-0.00264296
0.0441951
0.0200011
-0.00352682
0.0392369
0.0411207
-3.23307e-05
0.0418524
-0.000618261
-0.0245037
-0.046312
-0.00629391
-0.0276237
-0.0458353
0.0403045
-0.0264094
-0.0251397
-0.0104821
0.0121897
-0.0474152
0.0117468
0.0334256
-0.0157608
-0.045467
-0.0310457
0.0370385
0.044069
0.00209712
-0.00577984
0.0496831
-0.0237805
-0.0187693
-0.0400437
0.0328068
-0.0350818
0.0316176
-0.0261898
0.0196465
-0.0142181
-0.051866
0.0461492
0.0179811
0.0359605
0.0355862
-0.0245546
0.0411501
-0.00677401
-0.0224167
-0.00401513
-0.0293192
-0.0100934
0.0154815
0.0415471
0.0128481
-0.0463622
-0.0263422
0.00709249
-0.0187657
-0.0472639
-0.0094251
-0.0375659
0.0122459
-0.0358706
-0.0271702
-0.0476914
-0.00596853
0.0425859
0.00686724
0.0345914
0.000567819
0.0111698
-0.00374755
0.0426167
-0.03043
0.0262573
0.0243672
-0.0261888
0.0966
-0.0366455
-0.0182248
0.0349932
-0.0191651
-0.0299876
0.0261934
-0.0328873
0.00658545
-0.0348107
0.042701
-0.0837508
-0.0573941
0.00535757
0.0488691
0.0454652
-0.0201255
-0.0482567
-0.00249647
-0.0195151
0.00573423
0.0438107
0.0072438
0.0146766
0.0216989
0.00113074
0.0116995
0.0275254
-0.00310783
0.0489557
0.000298216
-0.0602103
-0.00612436
0.0880953
0.0483209
0.0159565
-0.0494263
0.0223869
0.0340242
-0.0135297
0.0133736
0.0131766
0.0579359
-0.0167281
-0.00505429
-0.050215
-0.0335977
0.0436623
0.0106167
0.00100675
0.0254203
0.010692
0.0170095
-0.0188161
-0.0314306
0.0183394
-0.0703351
-0.0538552
-0.0160921
-0.0394018
-0.0313477
0.00257577
-0.0766259
-0.0466154
0.00923012
0.0115337
0.0654698
0.00507012
0.0112973
0.0220187
0.0156338
-0.0397147
0.051573
-0.014728
-0.0921634
0.00814049
-0.0358875
-0.0371042
0.0704134
0.0295474
-0.0133613
-0.0103629
0.0579891
-0.028386
-0.0282544
0.00836773
-0.0197368
-0.117917
-0.00507
-0.030741
-0.000348661
-0.02887
0.00680894
0.0430312
0.043707
0.0222187
0.0346935
0.0419857
0.019528
-0.00521776
-0.0224619
0.0194117
0.0388572
0.0101752
-0.00256274
-0.0324481
-0.0752156
0.00499228
-0.0439263
-0.00637937
0.0416537
-0.0306364
-0.0530981
-0.00870332
0.0216949
-0.0349519
0.0405153
0.0195414
0.0781046
-0.0237691
0.0433991
0.0526415
0.0418967
-0.0478582
-0.0424066
0.00961463
-0.0310687
-0.0353161
0.0382107
-0.0194572
0.0481981
-0.0227456
0.00950845
0.0132126
0.0436221
-0.0251075
-0.00220643
0.0303425
0.00300147
-0.00119002
-0.0051152
-0.0453781
0.0373012
0.00853265
0.0415258
-0.0301326
-0.0440913
0.0230952
-0.042555
0.00579423
-0.00973258
-0.0421158
0.0263665
-0.0413837
0.028772
-0.0463224
0.0308505
0.0529501
-0.0363293
-0.0276116
0.0239936
0.0422996
0.0014394
-0.0349448
-0.00417373
0.0388937
-0.014762
-0.0263719
0.00121275
0.0125158
-0.0401854
0.00269904
-0.041469
-0.00876434
-0.0230489
0.0175294
-0.010984
0.0108449
-0.0158684
-0.0457049
0.00582725
0.0343159
-0.04775
0.0063847
0.0170724
-0.0347344
-0.00705805
0.0058115
-0.045651
-0.0778998
0.00438526
-0.0215056
0.0287076
-0.0517452
-0.0492295
0.038832
-0.057103
0.0116456
-0.0379375
-0.0282149
0.0364518
0.130396
0.00843879
-0.00318836
0.0320365
-0.0418786
-0.0331885
-0.0049116
0.0269138
0.0167881
0.0278924
-0.0247468
0.0409914
0.158966
0.0095706
0.0726361
-0.0369173
-0.0876616
-0.00383887
-0.00190974
0.0253068
-0.0254771
-0.0324633
0.0292749
0.0249159
0.0317076
0.00143242
0.0125857
-0.0336647
-0.0524276
0.0353225
0.0282633
0.033563
0.022924
0.0289511
-0.00853964
-0.190821
-0.05726
0.0538791
-0.0209612
0.0737726
-0.0430983
0.0751981
-0.0109324
0.0222148
0.0462426
-0.0326
-0.0470414
-0.00832155
0.0121028
-0.0420341
-0.0261426
-0.0238396
-0.0688267
-0.0616375
-0.0185348
0.0109222
-0.0481952
-0.00746488
-0.0145212
-0.0620918
-0.0504604
0.00398129
-0.0267515
-0.00181148
0.024487
0.0698357
0.0169506
0.036623
-0.0311921
0.0385381
-0.0637368
-0.0412222
-0.00735979
-0.00792986
-0.0759162
-0.0217561
-0.0584035
0.0415423
-0.0179015
-0.0317115
-0.00528275
-0.00249173
-0.0309364
0.0857822
0.0964374
0.0430569
0.0333924
-0.0336254
-0.0215133
-0.00330012
0.00271238
-0.0743987
0.0333605
-0.0424306
0.0407094
0.0150852
0.0459912
-0.00674447
0.031936
-0.00444103
0.0325805
-0.0183178
-0.00365466
0.00204319
-0.0277215
0.0537216
-0.0153639
0.017992
0.00750855
-0.0416366
0.0174112
-0.0261327
-0.037401
-0.0489716
0.00438469
-0.0195395
-0.0373766
-0.0253169
-0.0362846
0.0411906
0.0298224
0.0718129
0.0332038
-0.0213791
-0.0352645
-0.0197277
-0.0589179
-0.0136395
-0.0325477
0.0455533
-0.0249854
-0.0254306
-0.0576579
0.0443562
-0.0153295
-0.0251415
-0.0480977
0.00658234
-0.0107994
-0.0482747
-0.0154868
-0.00176378
0.0166747
-0.0332712
0.0218558
0.0378962
-0.077172
-0.00540567
0.0103849
0.0429356
-0.0457516
0.00997148
-0.0458044
-0.00437057
0.0404093
0.00495286
0.0579151
-0.0264279
-0.0313321
0.013658
-0.0209147
0.030695
0.0339716
-0.0368662
-0.0281982
-0.0198441
-0.0421067
-0.0284436
-0.0404032
-0.0161222
0.0469884
-0.0378231
-0.0140992
-0.0212228
-0.0396468
-0.0171994
-0.0178595
0.0480692
-0.00623302
0.00482798
0.0314413
0.0471342
-0.0154005
0.0441095
0.0423779
0.0136739
-0.00735115
-0.0516562
0.0331437
-0.0443103
0.011708
-0.0211156
0.018184
-0.0331064
0.0361349
-0.00349598
0.0102685
-0.0467948
0.0356576
0.00760994
-0.0404975
-0.0385029
-0.00597406
-0.0353954
0.00928906
-0.0164753
-0.0245211
0.0337668
-0.0283373
0.0184246
-0.000111173
0.0269555
0.0343584
-0.0685912
0.0691069
-0.0402719
-0.0252534
-0.00228483
-0.000623679
-0.022957
-0.0266775
-0.0406427
0.0241823
-0.00418605
-0.0800808
-0.0478843
-0.0501463
0.0281007
0.0171813
-0.0429508
-0.0301288
-0.0783485
0.026184
0.0366132
-0.00475784
0.0482475
0.00855973
0.0199949
0.0303703
-0.0450806
0.0352897
0.0424868
0.0113701
-0.061256
-0.0365238
-0.0554714
-0.0212929
0.0588202
0.0323885
-0.0265923
-0.0295872
0.0428004
-0.0140851
0.0022493
-0.000451622
0.069745
0.0118188
0.0579504
-0.00502701
0.0200524
0.040467
0.061864
0.0225906
-0.0212405
0.0242415
-0.0491426
-0.00902908
0.0241608
-0.0458038
0.0350627
-0.0242574
-0.0338606
-0.0352456
0.00386732
0.0116048
0.0141794
-0.119992
0.0261333
-0.0202062
-0.0586161
0.0334922
-0.0239741
0.068125
-0.0360317
-0.0403885
-0.00858156
-0.012124
0.0142677
-0.0341751
-0.00383169
-0.0321097
-0.0322454
0.0881845
0.105704
0.0329301
0.0130641
0.0779444
0.00366868
-0.0179314
-0.0676782
0.0644928
-0.0500849
-0.0182167
-0.0604505
0.0320649
-0.00817036
0.0532819
0.0402934
-0.0425896
0.00795694
0.00948667
0.0228257
-0.00959224
-0.069524
0.0327978
-0.0301323
0.00491196
0.0516436
0.0184367
-0.0387086
0.0239643
0.00284798
-0.0328789
-0.00966099
0.0158937
-0.0181704
-0.00143236
0.060067
-0.0273196
-0.0484597
0.014873
-0.0305289
0.0754925
-0.0706995
0.0116247
-0.0236254
0.0392839
0.00157305
0.0191769
-0.0196474
-0.00501106
0.0245392
-0.019955
-0.0151632
0.0367226
-0.0440554
0.0436674
-0.0134864
0.000789758
-0.0242288
-0.0164866
0.0281449
0.0467968
-0.0425501
-0.01144
-0.00635414
-0.0136779
0.0484875
0.0469458
0.0368712
0.00692696
0.0212043
-0.03747
0.00716972
-0.0328775
0.0226663
0.046861
0.00480029
0.0397252
-0.035325
-0.0019064
-0.058933
-0.00763856
-0.0377374
0.0288239
-0.0483983
-0.00758708
0.0426695
-0.0360233
-0.0368825
-0.0400663
0.0276844
-0.00883526
0.00723411
-0.00607226
-0.00402179
0.0468142
0.0111712
-0.0321657
0.0388558
-0.00937885
0.0327061
-0.0124028
-0.0272054
0.0494324
-0.0181568
0.0196999
-0.0240028
-0.0373907
-0.00982626
-0.0162266
0.00389499
-0.0057716
-0.03049
-0.0156909
0.0113719
0.00615399
0.00277703
0.0717072
-0.0539361
0.0367054
-0.000374381
0.0480636
-0.0280272
-0.00369178
0.0822129
-0.0324876
0.0103652
-0.00291026
-0.0113594
-0.0222514
0.0148654
0.0457528
0.0309569
0.0402697
0.0244489
0.0472527
-0.0891245
-0.0704666
-0.0314053
0.0485099
-0.0324713
-0.0353223
0.0363106
-0.00214922
-0.0603333
-0.0238632
-0.0447153
0.00314257
0.0381538
0.00261103
-0.0500781
-0.0138206
0.00276298
0.0403944
0.0386061
0.0986407
0.0112906
-0.0154271
-0.050387
0.105187
-0.0779845
0.0634052
-0.0251219
0.0126933
0.0184604
0.00916444
0.0366057
0.0223924
-0.000689916
0.0343822
0.0109506
0.0368056
0.0413424
-0.00545945
0.00423223
-0.0511653
0.0137162
0.0203031
0.0423677
0.0196956
-0.00142913
0.0223347
0.0268998
-0.0460268
-0.00513758
0.0200899
-0.0128432
-0.0104489
-0.00755599
0.00812383
-0.0359816
-0.00460176
0.0374131
-0.0339997
-0.0246212
-0.0186507
-0.0366502
0.0173354
-0.0398016
0.0410765
-0.0185162
-0.0253641
-0.0411676
0.0189586
0.0424431
0.00140525
0.0221185
-0.0485942
0.0164127
-0.0548634
0.0580485
-0.0358366
-0.0418489
-0.00282244
-0.00620778
-0.0158394
-0.0407899
-0.00809512
0.0322446
-0.103212
-0.000850572
0.0276264
0.0226259
0.0236963
-0.0294382
0.0581937
-0.0186925
0.0214387
0.0260852
-0.0188395
-0.0381545
0.0124445
-0.0356679
-0.0550507
0.0405704
0.0339122
-0.0355
-0.0179839
0.0158325
0.0251618
0.00837152
0.0370763
0.026216
-0.030826
0.101058
0.0502087
0.0498906
-0.0299272
-0.00813598
0.0435229
0.0199557
0.0431625
-0.0297693
-0.0288832
-0.046644
-0.0312369
0.0218397
0.0584833
0.026011
0.0482086
-0.0470345
-0.0214677
0.0285248
-0.00626005
-0.00370542
-0.0111961
-0.0160096
0.0229614
0.00867033
0.0174095
-0.0144068
-0.0157917
0.0108828
0.0371632
0.042515
0.0203599
0.00448947
0.0113443
-0.0470354
-0.0355201
-0.0461212
0.0182362
-0.0458722
0.0246341
0.0133177
0.0360444
0.0192742
0.0222513
0.0102961
0.0363123
-0.027493
0.0210553
-0.047762
-0.0139469
0.036551
0.00973105
0.00206231
0.0156217
-0.0372998
0.036213
-0.0102661
0.0376269
0.049044
0.0132528
0.0298152
0.0285873
-0.0246396
-0.0406016
0.0166754
0.0331774
-0.0167505
0.0309114
0.0125617
0.0369326
-0.0481885
0.0288321
0.0294759
-0.0480025
-0.0314808
-0.0323402
-0.00208252
-0.0112925
-0.0433304
-0.0262318
-0.0115545
0.00738266
0.00827762
0.0291908
-0.0117569
-0.0256257
-0.024016
-0.0283568
0.0352934
-0.0248956
0.0248937
0.0349897
0.0288418
-0.0480659
-0.0787929
-0.0422506
-0.00885906
0.0352911
-0.0221465
-0.000139477
-0.0440585
0.00457248
-0.0119696
0.00990969
0.00302908
0.0517394
0.0657723
-0.0500261
-0.0465074
-0.0222786
0.0211494
-0.00419583
-0.0293566
0.00856421
-0.0309773
0.0580544
-0.022499
-0.00762385
-0.0117653
-0.0370734
0.0176065
-0.0347031
-0.00908743
0.0206674
0.00839613
0.0483507
0.0287447
0.0165113
0.0357651
0.0266378
-0.0155585
-0.0659671
0.0341709
0.00938478
0.0117253
-0.0378478
0.00540087
0.00136093
0.0704064
0.0867132
0.0642251
0.00258013
0.0248478
0.0124082
-0.0376423
-0.0341119
-7.47826e-05
-0.0284232
0.0507582
0.0122819
0.0561011
-0.0230208
-0.0285212
0.0416714
0.0066441
-0.0646966
0.00407625
-0.0335025
0.00504409
0.0302608
-0.0469239
0.0874514
-0.110598
0.0394155
0.0482228
0.0650668
0.0209226
-0.0423047
0.0173357
-0.0254872
0.00166436
0.083087
0.109013
-0.0595267
-0.0155315
0.0137475
-0.0187195
-0.0385002
0.044868
0.0707484
-0.0621393
0.134379
0.0999833
-0.0251901
0.052524
-0.000984313
-0.0613479
-0.0414361
0.00611638
0.0685828
-0.055498
0.00428351
-0.079445
0.0560269
-0.0173
-0.00650676
-0.0724804
0.0330432
-0.0339023
0.022679
-0.0254739
-0.0508893
-0.00247533
0.00444527
-0.0311415
-0.0141873
-0.00447087
-0.0357051
0.0261791
0.0443903
0.0275857
-0.0337712
-0.0323561
-0.0319495
-0.0529471
-0.0149478
-0.0057247
-0.0294732
-0.0144139
0.00174155
0.0292306
0.0359854
-0.0380805
-0.0400323
-0.0506254
0.0105585
0.0230607
-0.0171557
0.0190351
0.0300739
-0.0121184
0.0357308
0.00876927
-0.0485275
0.0259727
-0.0186915
-0.0335246
-0.043544
-0.021438
0.0102026
0.0417991
0.0153377
0.0465923
0.0319532
0.0128792
0.0164949
-0.0287876
-0.0301377
-0.0286372
0.0171514
0.00430026
0.0363812
-0.0434273
-0.0121721
-0.0381628
-0.0173173
-0.0242028
0.0188056
0.0239482
-0.0226328
-0.0165689
-0.0497554
-0.0455352
0.0322785
-0.0314774
0.0104817
-0.0197125
-0.00794792
0.0398625
-0.00936387
-0.0467637
-0.00553606
-0.0222675
-0.0106595
0.0246272
-0.0321972
-0.0376304
-0.0253329
-0.00311505
-0.0202352
0.0693739
-0.0111607
-0.0201989
-0.00408541
-0.00680035
-0.0462431
-0.0113661
-0.0346912
-0.00238063
-0.0289692
0.0393068
0.00235394
-0.0328991
0.0092275
-0.013835
-0.0944285
-0.0651846
-0.0342929
0.0238012
-0.00109481
0.072446
-0.0200002
0.0256898
0.0200729
-0.0357644
0.0395491
0.0431712
0.054133
0.0826078
0.0358565
0.0180951
-0.0626179
0.118771
0.00763103
0.028843
-0.00427904
0.0371574
0.04972
-0.0153836
0.0507368
0.0474444
0.0883166
-0.0152272
-0.0634097
-0.00103882
-0.0520636
-0.0797384
0.0153252
-0.00619709
-0.00905564
-0.125069
0.0247662
-0.0694172
0.0445708
-0.000632059
-0.0750334
0.0271631
-0.0696608
-0.0675595
-0.0226611
-0.0726285
-0.0468782
-0.0462316
-0.0640698
0.0100412
0.0443428
0.0630121
-0.00575165
-0.0589857
-0.158136
0.0393788
-0.0169052
-0.00085886
-0.0644208
-0.0018642
-0.00289267
-0.0121271
0.0142535
0.0331097
0.0513615
0.0113794
0.0366463
0.00319121
-0.0346607
-0.0213226
-0.0503811
-0.0238466
-0.015946
-0.00748987
0.0359756
-0.00353722
-0.0236943
-0.0239111
-0.0337446
0.0308995
0.00510686
-0.0276301
0.0214622
0.0550265
0.0245271
0.0173594
-0.00282108
-0.0222949
0.0373606
0.0580999
0.0323123
0.0243852
-0.0121783
-0.0523115
0.0465619
0.103591
0.0438841
0.0103239
0.0292728
-0.0279156
0.0292985
-0.0627577
0.0298138
0.0596687
-0.0173658
0.0443724
-0.0104218
-0.00512309
-0.0328018
-0.012319
0.0273932
0.017124
-0.0422754
-0.0479939
0.0482711
-0.0213721
-0.00227962
-0.0459098
0.0195144
-0.0504909
-0.12339
-0.0368661
0.0142095
-0.0415861
0.0196515
0.0130089
-0.0924187
0.0212888
0.0322698
0.0468257
-0.0987932
-0.00474594
-0.0618115
-0.048634
-0.0845334
-0.0794061
0.0392511
-0.0397738
0.0102684
-0.0431822
-0.0139113
-0.0453582
0.0331544
0.0486426
-0.0349461
-0.027385
0.0459207
-0.0229107
-0.0392458
0.0358263
-0.00937845
-0.0163269
0.0467246
-0.0401052
0.028997
0.00769125
0.0301383
-0.017497
0.0355374
0.0409939
-0.0159248
-0.0488393
-0.0098203
-0.0215118
0.0175299
-0.0128808
0.0142796
0.0180582
-0.0228842
0.00520228
-0.0318983
0.038478
0.0175613
0.0152628
-0.0279573
-0.0473779
0.030681
-0.0132789
0.040042
0.0162904
-0.0174908
-0.0455647
0.0267055
0.0115201
0.0287253
0.0380235
-0.00165788
-0.0158009
0.0372968
0.0212788
-0.0486605
-0.00370959
0.0189062
0.00489829
-0.024784
-0.0360777
-0.0364262
-0.0491552
-0.00446173
0.00332486
-0.0158246
0.0396673
-0.0405856
-0.029142
0.0299635
0.0252224
0.0022521
-0.0217181
-0.031684
-0.013965
-0.0531114
-0.0181797
0.00723234
-0.0465704
0.00117664
0.0205004
-0.0388055
-0.0108238
-0.028939
0.0196711
0.0121565
0.0072444
0.0440726
-0.00741991
0.025143
-0.0316797
-0.0850434
0.0452402
0.00299751
-0.0180179
-0.0699158
-0.0720035
0.0408239
-0.00714019
0.0222499
-0.0107177
0.0352701
0.00957428
-0.0264171
-0.0317274
-0.0211543
0.0194609
-0.0507544
-0.0413047
0.0259208
-0.00685865
0.00799372
-0.0112693
0.0127244
0.0522633
-0.0380373
0.0311241
-0.0295241
-0.0175347
0.0122064
-0.0340332
-0.0109574
0.00204333
-0.0438532
0.0364046
0.014699
0.0330041
0.00676244
0.0334221
-0.0186809
0.0369485
0.0308019
0.0132875
0.018442
0.0812458
0.0290678
0.0409174
0.0456132
-0.036125
0.0344775
0.0471544
-0.0111544
-0.0398734
0.026474
-0.000995372
0.0850937
-0.0669095
0.0286643
0.00787671
-0.0349368
-0.0542738
-0.0557002
0.0175253
-0.00221088
-0.00114351
-0.00233961
-0.0324777
-0.0494067
0.11117
-0.00444666
0.00501975
0.0396668
0.0198278
0.0579649
0.0046388
0.0227667
-0.106342
-0.141838
-0.0135096
0.0129367
0.000733572
0.0826115
0.0358125
-0.0395073
-0.0227897
-0.0318061
-0.00341405
0.114889
-0.0280636
-0.0140257
-0.0430307
0.0242929
-0.0455504
0.0150862
0.0952939
0.0179873
0.0656374
-0.0119031
0.0246022
-0.0280328
-0.0385604
0.0171426
-0.0245835
-0.0163795
0.0390541
0.0704393
-0.0158636
-0.0249793
0.0221607
0.0127018
0.0419235
0.00337726
0.0452038
0.0139228
0.0231871
-0.00012163
0.0326307
4.47252e-05
-0.0293993
0.0295673
-0.0203408
0.00112683
-0.0300007
-0.0439365
-0.0124161
-0.0331962
0.00199165
0.0458185
-0.0284599
0.00507761
-0.023303
0.0449825
-0.00111735
0.000690519
-0.0471466
-0.0450691
-0.00777972
-0.0239962
0.038445
-0.0323386
-0.042549
-0.0138503
-0.0316926
0.0280248
0.0138214
0.0156753
0.00696676
-0.0405113
-0.0273953
-0.0133009
0.0277417
0.0406654
0.043718
-0.0414738
-0.0238956
-0.0215096
-0.0467159
-0.0523294
0.0368495
-0.0443833
-0.021355
0.0133991
0.0417551
0.0366382
0.0230478
0.0220765
-0.000499649
-0.0377905
0.014213
-0.00639222
-0.0121962
0.0397955
0.0244544
-0.0102105
-0.0342233
0.0237675
0.0617441
0.0198175
-0.000775291
0.0264536
0.00218498
0.0196609
-0.0719562
0.0297337
-0.0117431
0.0114171
-0.0404268
-0.0419359
-0.0218914
0.0276957
0.0358708
-0.00783826
-0.0298072
-0.00727557
-0.00550715
-0.0472836
-0.00160103
-0.0137414
-0.0133083
0.043424
0.0238494
-0.0295846
0.0284944
-0.0961939
-0.025944
-0.0373038
0.0902949
-0.0253845
-0.00205915
-0.0501085
-0.0265642
0.0161539
-0.0270418
0.017457
0.0293989
-0.05648
-0.0793061
0.0245763
0.0701041
-0.0603428
-0.0582133
-0.0508354
-0.0534697
0.0295309
-0.0323794
0.174975
0.034388
-0.0209426
-0.0372791
-0.0604852
0.0507644
-0.0225472
-0.00654603
-0.0160172
0.00939888
0.0378218
-0.0125896
0.0403368
0.0181293
0.000199193
-0.0324186
0.0328268
0.0878589
-0.00512204
0.0326842
0.0181097
0.0563434
0.00457286
-0.0379452
0.0734219
-0.0255481
-0.0234828
-0.0461846
-0.0274865
0.0697373
0.00580447
0.0327272
-0.00139923
-0.016034
-0.0161087
0.0110226
0.0213623
0.064635
0.0571039
-0.00493184
-0.0522629
0.0242722
-0.028364
0.0333338
-0.00890594
-0.0326842
0.000855403
-0.0103375
-0.0299779
-0.0837802
0.046831
-0.0596748
0.00778459
0.0413218
0.0589931
-0.078584
-0.0126064
0.0445152
0.0277734
-0.0231036
0.0168103
0.0324191
0.0119751
0.0289792
0.00605791
-0.0486688
0.0102271
-0.075535
-0.0596472
-0.0153162
-0.0474414
-0.0124693
0.0168338
0.0296935
0.0172283
0.0244205
-0.0309443
-0.0178626
0.0127269
0.0241022
0.00513882
0.0436772
-0.0363799
0.0189332
-0.0250304
-0.0213943
-0.0128256
-0.0319225
0.0382006
-0.0331189
0.00577103
0.0558629
-0.0120171
0.00302648
-0.00534497
0.0749003
0.051624
-0.0354064
-0.0669507
0.0205108
0.00661952
0.0150512
-0.0255708
-0.034124
0.0312125
0.0253007
-0.0325501
0.00205588
-0.0211083
-0.00673176
-0.00589218
0.0608167
0.0285418
0.0333962
0.0104253
-0.0076703
-0.00313291
0.0217328
0.0311793
0.0385195
0.0178766
-0.0273166
0.0287007
-0.0170154
-0.0300264
-0.0254894
0.0457441
-0.0211012
0.0223023
0.0241953
-0.0293817
0.00165162
0.0184328
0.0466027
-0.000667143
0.0324697
-0.0479063
-0.0312026
0.0145191
-0.00504834
0.0202225
0.0134156
-0.0454398
-0.0432883
0.00870657
-0.0138158
-0.0445087
0.00596345
-0.00239204
-0.00926147
0.0262913
0.0365353
0.0334317
0.0261292
-0.0176942
0.00109429
-0.00865052
-0.00586528
0.0233853
0.0297087
-0.0356817
-0.0480946
-0.0456623
0.0276461
-0.0352541
0.0104287
-0.0351924
-0.0374325
0.00476354
0.0400933
0.0382724
0.0176879
-0.00617126
0.021187
-0.0462232
0.053487
0.0241144
-0.0353508
-0.00557436
-0.0178764
0.0416579
-0.0643875
0.00152195
-0.0274661
-0.020999
0.0446553
0.0168331
-0.0338005
0.0484336
0.0571295
-0.0215094
0.0717371
0.0525279
-0.00434375
0.024964
0.0249426
0.0308346
-0.001367
0.00467294
0.0225683
0.0192954
0.0120765
0.0223564
0.068966
0.0652326
-0.032045
-0.012245
0.0106655
0.0600705
-0.053535
-0.0358325
-0.0342096
-0.00845969
0.0368572
-0.0578654
0.0327206
0.0138301
-0.015786
-0.0448261
0.0336939
-0.027707
0.00780931
-0.0221211
-0.0157881
-0.0494573
-0.0122211
-0.0313832
-0.0527806
-0.0160002
-0.00337241
0.000303006
-0.0287153
0.00764778
0.079979
0.0124726
-0.0158294
-0.043072
-0.0177411
-0.0360248
-0.0312278
-0.0301199
0.039351
0.0216965
-0.0133369
0.000909144
0.0132835
0.0134249
0.0459765
-0.00978384
-0.0266447
-0.0118325
0.0129847
0.0161729
0.0428695
0.0460564
-0.0151685
-0.0459218
-0.0198262
0.0269906
-0.00621321
0.0164554
-0.0222386
-0.017153
-0.000156284
-0.0147519
0.0228718
-0.0908973
-0.104658
-0.00210081
-0.0325868
-0.0340014
-0.0350888
-0.0149434
0.0105302
0.00893554
-0.0407335
-0.0406589
0.0423214
-0.0495328
0.0240056
-0.0219572
-0.00871711
-0.0619683
0.0518429
0.0688184
0.00396316
0.0389897
0.0213227
0.0164999
-0.0127442
0.0306548
-0.00465697
-0.0272863
0.000524324
0.0303311
-0.0432541
-0.00997445
-0.0107427
0.0612166
0.00592243
0.0563242
0.0553977
-0.0368324
-0.0319905
0.00298205
-0.0528457
0.00729728
0.0231875
-0.0300147
-0.0010562
-0.0433737
0.0151916
-0.0362093
-0.0420663
-0.0472474
-0.0459355
0.02939
0.0157054
-0.0122298
0.0364719
0.0404958
-0.0233998
0.0277669
0.0169005
0.0130273
0.0245924
0.0425887
0.0145254
0.0136115
0.0227291
-0.0372511
0.0366006
-0.0432849
0.0331322
-0.0138178
0.0269923
0.030652
-0.00198107
-0.00329243
0.0368882
0.030259
0.0423246
-0.0219592
-0.0212432
0.0325126
-0.0416799
0.0570245
0.000221264
0.0238905
0.0101591
-0.0335585
-0.0338795
-0.0333961
-0.0133757
-0.0482927
-0.00989938
-0.0238384
-0.0161284
0.0044237
0.0120391
0.0140762
-0.00473093
0.0162593
0.0307878
0.0144398
-0.0741342
0.028007
0.0452681
0.00169119
0.0441016
-0.00828217
-0.0157454
0.0310931
-0.0455075
-0.0174396
-0.0121392
0.034944
-0.045289
0.044203
0.0115154
-0.110813
0.00661871
0.079781
-0.0448157
-0.0105632
0.0264501
-0.00961524
-0.036574
-0.00263215
-0.0151964
0.00896531
0.021451
-0.199929
-0.121533
-0.141574
0.0455479
0.0174359
0.0169468
0.0663043
-0.0406093
-0.0306128
-0.0294535
-0.0320439
-0.0088585
-0.0360333
-0.0359938
-0.00799032
0.0149227
0.023224
-0.0645823
0.00700173
-0.0157666
-0.0574046
-0.0298714
-0.0874377
0.179365
0.169742
0.0731345
0.0178574
-0.134233
-0.0119382
-0.100238
0.0650332
-0.0407758
-0.0722948
0.0834128
0.0737744
-0.0547062
-0.0205718
0.0668888
0.00544283
-0.02858
0.0548322
-0.013926
0.0511136
-0.015215
0.0286555
-0.00142269
-0.0218026
0.00699035
0.00890037
-0.0749952
-0.0183513
-0.0349777
0.0781504
0.0182638
0.00807196
0.0490611
0.0187859
-0.0875127
-0.0365737
0.0554809
0.0488478
0.0511894
0.0960753
-0.0448969
0.037806
-0.0172004
-0.0224446
0.0350477
0.012324
0.0526409
-0.0525882
-0.0105372
-0.113741
-0.0274619
0.00353428
0.0381887
-0.0143281
-0.0203028
0.0201944
-0.000256615
-0.0188855
0.0148651
0.03399
-0.0465448
0.0182279
0.0111738
-0.00245374
0.0668159
-0.0873919
0.0123451
0.0157517
-0.0477558
0.0183562
-0.0220927
-0.00597352
-0.00998338
0.0323589
0.00767413
-0.00597903
-0.026908
-0.00304712
0.00882176
-0.0507423
0.00887361
-0.0490462
-0.000114657
-0.0232994
0.0472298
0.0512138
-0.0769572
-0.00266414
0.000865852
0.0127886
-0.0358985
0.0121693
-0.0431898
0.0291347
0.0355157
0.00752145
0.108586
-0.0128018
-0.0285329
0.0309459
0.0460545
-0.0137299
0.0425846
0.021767
-0.0258019
-0.00028811
-0.0452158
0.037648
-0.00347702
-0.0203816
-0.00821781
-0.0286911
0.043593
0.0577808
0.0403798
-0.0477352
0.0268242
0.0140909
0.0123585
-0.0278256
-0.0397832
-0.0521244
0.0108468
0.0169675
-0.0100558
-0.021473
0.032686
-0.0121294
0.0127208
0.0185412
-0.0190919
-0.0306105
0.0482975
-0.00329404
-0.00579915
-0.041415
-0.0118649
0.0329197
0.0211411
-0.040516
0.0479564
-0.016972
-0.00283266
-0.0035817
0.0222154
0.00849555
-0.0129134
0.0111639
0.00504047
0.0441229
0.0317162
-0.036042
-0.0129591
0.00885124
0.033967
0.0371286
-0.0249734
-0.0329854
0.0152693
-0.0411643
-0.0411139
0.0274575
0.00813795
-0.0329581
-0.0380755
-0.0377291
0.0122285
-0.0129106
0.0232603
0.00591771
-0.0148672
0.00394206
0.00729736
0.00369346
0.0465045
-0.0113737
0.00207036
-0.0292221
0.00949861
0.0726887
-0.0408998
-0.092952
0.0247196
0.037988
-0.00802157
-0.041
-0.00967378
-0.0435589
0.0382538
0.0897785
-0.0576441
-0.0159419
0.00546267
0.0321549
0.0327112
0.0456773
0.0240527
0.0437163
-0.0270648
-0.0369977
0.0446024
0.0229567
0.0461233
0.113057
-0.0198625
-0.0275767
-0.000490612
0.0595962
0.019868
-0.0262778
-0.0364623
-0.0396935
-0.00862296
0.00394138
-0.0730053
0.00504927
0.0273282
-0.00472658
0.0307853
-0.000143679
-0.0306648
-0.0170645
0.0596965
-0.0175745
-0.0540779
-0.0482897
-0.0614356
0.0101711
-0.0706172
0.0320445
0.0621772
0.00211494
0.0354794
-0.000706791
-0.0456837
-0.0318125
-0.0467026
-0.0121446
-0.0647463
-0.0102638
0.0232021
-0.0249797
-0.0284184
0.0606136
0.0592482
-0.017437
0.0184565
0.0852692
-0.0211067
-0.0195349
-0.084231
0.0462539
0.0305548
0.0661073
0.0717317
-0.00141254
-0.0539034
-0.119792
0.0130691
-0.0549872
0.0633
0.0179881
-0.00474186
-0.056082
-0.0332716
-0.0289478
-0.103589
-0.0726824
0.0825138
-0.02177
0.0377739
-0.00132587
-0.0272846
0.0355547
-0.031662
0.0242797
-0.00366901
0.0494304
0.0152927
0.00979922
0.0427969
0.0742215
-0.014493
0.0723252
0.0739869
-0.0714194
-0.0278553
-0.0126986
0.0228532
0.0528704
-0.00564421
-0.0156381
-0.0471914
0.0324089
-0.00860241
0.0740231
-0.00357785
-0.0735314
0.0148871
0.0253777
0.0430104
0.0267215
0.00715596
0.0390009
0.0225425
-0.0807565
0.0222514
-0.0248571
0.0373273
0.0339438
0.000391083
0.0182824
-0.0278522
0.0243558
-0.0099194
-0.0283782
-0.0365271
0.0437697
-0.0180849
0.0459424
0.0293212
0.0224018
-0.0441274
0.0218148
-0.011363
0.00412089
-0.0132817
0.0377346
-0.00883514
0.0256722
0.0429901
0.0425273
-0.027426
-0.0096061
-0.0439442
0.0181124
0.00844506
0.0385109
-0.0108365
0.0404609
0.00459266
-0.0229713
-0.0410998
0.0157364
0.0474905
-0.0126597
-0.0121233
0.0334203
-0.0189935
-0.0238652
-0.0248381
0.000389658
0.0112317
-0.0240188
-0.0103584
0.0405967
0.047014
0.0307409
-0.0313516
-0.02985
-0.0295521
0.0127984
0.0237954
-0.0278579
0.00334792
0.0367556
-0.0432212
-0.00151923
0.00453152
-0.00792874
-0.0246433
-0.0041161
-0.05271
-0.0951834
0.0449816
-0.017854
0.024834
-0.00235073
-0.00835077
0.0469163
0.129947
0.00966147
-0.0306303
-0.0428577
-0.0226847
0.00541904
-0.039479
-0.0563491
0.0531485
-0.00782624
-0.0103306
-0.0175953
0.271529
0.0434444
0.10999
-0.0324826
0.019971
0.0742597
0.0375952
-0.0219873
0.0032818
0.0335268
0.00725449
0.0165342
0.0362812
0.0125872
0.0455173
0.0255828
0.00896631
-0.0468439
-0.0172426
0.00665033
0.0320103
0.00204415
-0.0301198
-0.0537319
0.0401161
0.0384839
0.0643204
0.00248147
-0.0172016
0.0567609
-0.0399267
-0.0156632
0.0815248
0.0327697
-0.0260206
0.073514
0.0574518
-0.0547739
-0.021522
0.0107366
0.0286786
0.0139489
-0.0109579
0.0376025
0.0149992
0.0440543
0.0299999
-0.000428088
-0.00476251
0.0373258
-0.0682056
0.0277218
0.00628574
-0.0256064
-0.0178894
-0.0293982
-0.0376341
0.0266399
0.0155632
-0.0296221
0.0266357
0.00732495
-0.0351245
-0.0309811
-0.0161043
0.0443908
0.0475533
-0.00296037
-0.0485938
-0.0301434
-0.0392434
-0.0118578
0.0195828
0.0389511
-0.0198538
-0.0454245
-0.0355432
0.0309122
0.0354434
0.0198769
-0.00767483
0.0558098
-0.0131978
0.109851
-0.0423684
0.0111616
-0.0151885
0.0484434
-0.00215704
0.0443235
-0.0415752
0.0338194
-0.00948818
0.0103605
0.0193357
0.0307
0.0267888
0.0462714
-0.0358019
0.028379
-0.0478178
0.00284743
0.0342408
-0.0064673
-0.0378995
0.0572084
-0.0247108
-0.038717
-0.069366
0.00286558
-0.00776834
0.00112793
0.0244907
-0.0418845
-0.0245744
-0.0039239
-0.0467507
0.033209
-0.0058639
0.010547
-0.0207599
-0.0883894
-0.0727881
-0.00139271
0.0291841
0.0411974
0.040675
0.000654192
-0.0423046
0.0106594
0.0384455
-0.00351519
-0.0274345
-0.0104357
0.0344897
-0.0428212
-0.0203293
-0.0504898
-0.0163851
0.00706857
0.00798291
-0.0122955
-0.0351567
-0.0249991
-0.0184152
0.0175486
0.0479517
0.0243047
0.0216257
0.0190689
-0.0486195
0.0132974
0.0156828
0.0189691
0.0687343
0.0306962
-0.0266907
0.0145102
0.0441718
-0.0423804
-0.00179428
-0.00660775
0.0289194
0.0414597
-0.0194056
0.0306076
0.0107128
-0.0206286
0.00203381
-0.0193936
-0.037218
-0.0359283
0.0534545
-0.00139584
0.0454209
0.00899753
-0.024064
-0.00779268
0.0156445
-0.0217925
-0.0411971
-0.0309495
-0.00297677
-0.0154067
-0.0328872
0.0141108
0.0507813
0.0221582
-0.0248534
-0.0222088
0.0392404
-0.0470686
0.00716601
-0.0156397
-0.0327859
0.010616
-0.0143621
-0.0237793
-0.0157218
-0.0144719
-0.030389
-0.0159879
0.092817
-0.0438988
0.0188133
-0.0269679
-0.0360658
0.041823
0.0426651
-0.0312758
0.028956
0.014269
-0.00972984
-0.0383387
0.0030701
-0.00482793
-0.000338777
0.0362384
0.00961926
-0.0230846
-0.0190079
0.000389727
-0.0239568
-0.0286671
0.0533409
-0.00100988
0.0526927
0.00370099
-0.0514725
-0.0110084
-0.0190091
0.00632344
0.0413523
-0.0527236
-0.0553055
0.00787886
-0.00275511
0.00622466
-0.0232097
0.0174284
0.03447
-0.0152489
-0.0612024
-0.0385841
-0.0497711
-0.00978353
-0.0202581
-0.0243118
0.0148892
-0.00216356
-0.0195434
0.0281567
-0.0303117
0.0247231
0.00229341
0.0210716
-0.0323504
0.0041183
0.0773073
0.0278617
0.0252269
-0.0265736
-0.051494
-0.000480688
-0.0942853
0.0428425
-0.0641583
0.0607646
0.0182944
-0.0674161
0.0986913
-0.0394704
0.011058
-0.0478952
-0.0212622
0.00096858
0.0415526
0.05108
-0.0340874
-0.0509257
0.00538762
0.0807151
0.0565139
0.0142717
0.0400918
0.034877
0.0187251
-0.0581895
0.0100015
-0.128074
-0.0794669
0.0294887
0.0256275
0.0633868
0.0158468
-0.0224191
-0.0141573
-0.0407422
-0.0490708
-0.0172202
-0.0247052
-0.0587438
-0.0469036
-0.0213745
0.0557624
0.0374247
-0.0275649
-0.010188
0.0582512
0.0500964
-0.021216
-0.00791702
-0.0462598
-0.00672443
0.0257336
0.0517197
0.00850644
0.014918
-0.0523974
-0.0158623
0.0272533
0.0534071
-0.00815206
0.0154299
-0.0473707
0.00215278
-0.0247785
-0.0184093
0.0542715
-0.0338567
0.0439538
-0.0159108
-0.0242649
0.0154402
0.0124323
0.027513
0.0175335
-0.00944614
0.016518
0.0392822
-0.0423978
-0.0457729
0.0426978
0.00299841
-0.0376737
-0.00922914
-0.0214392
0.0342008
0.00948661
0.0389193
0.0442289
-0.00482369
0.0108204
-0.0184619
0.002333
0.0183386
0.0487214
-0.033108
-0.00837569
-0.0381804
0.0436788
0.0342054
-0.00367874
-0.00595568
-0.031733
0.0246248
0.0131284
-0.00328964
-0.0307
-0.046993
-0.0443337
0.0473996
0.0337125
-0.045564
-0.00220019
-0.0379191
0.0447301
0.0396261
-0.0192654
-0.00293668
0.0415193
0.0259409
-0.00144863
0.0375587
0.00362201
0.0358104
0.00090081
-0.0318833
-0.0426169
0.013833
0.0211679
0.00905852
-0.035402
-0.0449224
0.00677083
-0.0225173
-0.00174418
-0.0138077
-0.00439132
0.0113374
0.0285348
-0.0274673
-0.0263642
0.140891
-0.00530977
-0.0593935
0.03796
0.00781049
-0.0525632
-0.0191553
-0.0218566
0.00852256
0.0471217
-0.0515722
0.00971381
0.0821869
-0.130852
0.0567159
0.00465652
0.0810987
0.0669949
0.0513331
0.00369081
0.0609479
0.0253685
-0.0787304
0.000559759
-0.0321883
0.00123771
-0.0694169
-0.0336077
0.0243881
-0.0895123
-0.0808428
0.0150856
-0.0126775
-0.0147977
-0.00439619
0.236012
0.0243797
0.0479402
-0.0339127
-0.0374278
-0.0045748
-0.00899219
0.00129279
0.0465542
-0.0408624
0.0314228
-1.50665e-05
0.0526554
-0.00678288
0.00530793
0.000776396
-0.030979
0.0707991
0.0245964
0.0205127
0.00737173
-0.0638725
0.0296466
0.133647
-0.0247418
-0.0228143
0.0308213
-0.0303755
0.00702761
0.0579521
0.0389067
0.0384002
-0.00300214
-0.00451354
-0.00608967
0.0433574
0.0230909
-0.0358804
0.00813979
-0.0200221
-0.010192
0.070402
0.0387509
0.0152601
-0.0304949
-0.0301189
-0.0201004
0.0343573
-0.0564927
-0.0464874
-0.0325593
-0.0172583
-0.0601701
-0.0225421
0.0879753
-0.108226
0.031592
-0.0278007
-0.00987079
0.0202012
-0.0138583
-0.031374
0.0418737
0.0340287
0.0516903
-0.0564915
-0.0120259
-0.0661254
-0.0712809
-0.053308
0.0124805
-0.0224647
0.0200566
0.0160264
0.00239614
-0.00137272
0.00155777
0.00450604
0.0315729
0.00991179
-0.0332944
0.00581584
-0.00310104
-0.00774792
0.0203032
0.00595498
-0.0187386
-0.0191919
-0.0109588
0.014488
0.0328281
-0.0332135
-0.00770728
-0.0198805
-0.012978
0.0345066
0.022892
0.00210457
-0.0276187
0.00331582
-0.0119098
-0.00745253
0.00522015
0.0348544
-0.033871
-0.0316215
0.0273825
-0.0404373
0.0484803
-0.00702294
-0.041061
0.0195149
0.00264927
0.0184355
-0.0228335
0.00695526
0.0277195
-0.00250784
-0.0190278
0.0349858
0.0379755
0.0234955
-0.00157885
-0.0252453
-0.0185018
-0.0069359
-0.0324876
-0.00654208
-0.0331191
-0.00598689
0.0306431
-0.0297221
0.0202668
0.0225764
0.00565394
0.0244458
-0.0457857
0.037422
0.0168901
0.0290675
-0.0319042
-0.0471988
-0.0257468
0.00487472
-0.00935995
0.00177227
-0.0284882
0.0152963
-0.0267785
-0.0578965
0.0190471
0.0398744
0.00124111
-0.0211444
-0.0203449
-0.0076162
-0.0414599
-0.0322549
-0.0334193
-0.0135483
0.032832
-0.00694552
0.00758447
0.0420813
-0.0390677
0.00431412
0.0393405
0.0354214
-0.0234341
0.0452733
-0.0314351
0.0322322
0.0509701
-0.0427625
0.00908924
-0.0369068
-0.0770259
-0.0020223
-0.00700079
-0.0464841
-0.0246592
0.038976
-0.00939445
0.00687318
-0.0380659
-0.00769271
-0.0212108
0.0287424
0.0498928
0.0201972
0.0251854
0.0258031
-0.0134581
0.0456843
0.0268314
0.0563568
0.0420927
-0.0278713
-0.00523823
0.00322865
-0.0254439
0.0333917
-0.0147788
0.0734723
0.0444804
-0.00936501
-0.0309014
0.0502557
0.0441483
-0.0327707
0.0351187
0.0106428
0.0550776
-0.0225953
-0.033294
-0.0297515
0.0573823
-0.00285779
-0.0351569
-0.0418232
-0.0670439
0.0407103
0.017111
-0.052633
-0.00693762
0.0366889
-0.0126963
-0.0461817
0.0115761
0.0626878
0.0285058
-0.0331012
-0.0115337
0.00547904
-0.0580537
0.100165
0.00275988
0.00055512
-0.0246652
0.0168378
-0.162138
0.107436
0.032374
-0.0631433
0.054133
-0.0496627
-0.0362417
-0.0142856
-0.0115566
0.0196337
-0.0177243
0.0236883
-0.00117611
0.109419
-0.00307168
-0.00435917
-0.103789
-0.0294995
-0.010797
0.0492071
-0.0385391
-0.00316934
-0.0103408
0.0190698
0.0607894
-0.0816823
-0.0313586
-0.022511
0.000901763
-0.0459239
0.0538155
0.00154429
-0.0604751
0.0265738
0.0133525
-0.0350609
-0.0182234
-0.000473478
-0.0656254
-0.0205186
-0.0262897
-0.0405287
0.0224555
0.0151101
-0.0199259
-0.0132752
-0.0104837
-0.0612339
0.0713925
-0.0126825
-0.0222518
0.0384184
0.0232913
-0.0571038
-0.028625
-0.0691567
0.0725619
-0.0259609
0.0760383
-0.0729215
0.0689782
-0.0250932
-0.00307001
-0.0108213
-0.0273195
-0.0538063
-0.0437927
-0.0143882
-0.0292885
-0.0100477
0.0366283
-0.014238
-0.0422853
0.0051442
-0.0122193
-0.0528914
0.028453
-0.0367896
-0.0364649
-0.00914354
-0.0188717
-0.0305783
0.0459687
0.0466163
-0.0164334
0.00675845
0.0013299
-0.0390941
0.00548679
-0.0235189
-0.0268029
0.00242464
-0.0181771
0.0237045
-0.0378127
0.0233482
0.0195285
0.022504
-0.0411213
-0.0218315
-0.0313664
-0.00980959
0.000947287
-0.00872723
-0.037368
0.0359705
-0.00185176
0.0517259
-0.0104628
0.0445786
0.0371034
0.0468004
-0.0345485
0.033485
-0.00467556
-0.0338482
0.0440984
0.0424982
-0.035209
0.004481
-0.00989278
-0.00455875
-0.033295
0.00752829
0.0236777
0.0120572
-0.035335
-0.0291787
-0.0278637
0.0395816
0.0130096
0.0454394
-0.0374659
-0.0230927
0.0294536
-0.041175
-0.00599322
-0.00778175
-0.00570429
-0.0341944
-0.140994
-0.0133072
0.00294717
0.0182675
-0.0745383
0.0623195
0.052785
-0.0414552
-0.077178
-0.0489831
0.0444263
0.0246137
-0.0597746
0.037087
0.0375249
0.0467416
-0.0354093
0.00314048
0.0182103
0.000901294
-0.0352629
0.0212685
0.0923468
0.0389838
-0.0094859
0.0172092
0.0177094
0.0341204
0.0273783
0.024132
-0.0522371
-0.0127102
0.0445701
-0.0046483
0.032933
-0.128049
0.0391223
0.0144402
0.0406812
-0.0443144
-0.0431379
-0.000124491
-0.0185455
0.0136892
-0.064934
-0.0285856
-0.0684118
-0.0673667
-0.00283942
0.0474693
-0.0220908
0.0368839
-0.045397
-0.0555102
-0.156208
-0.0360164
-0.0377509
-0.0224989
-0.05998
0.0192057
0.0421429
-0.0639157
0.0634045
-0.00212065
0.00597153
0.0184561
0.0312576
-0.022773
-0.056826
0.0465981
-0.000683312
0.0127964
0.0487818
-0.0112233
0.000212466
0.0249034
0.00740011
0.039152
-0.0320782
-0.0185682
0.00247522
0.0272436
-0.021966
-0.0410791
-0.0376389
0.0166509
0.00656853
0.0104349
0.0136494
0.017282
0.0565967
-0.005794
0.0026687
-0.0392767
0.00950485
0.00047143
-0.0457256
-0.00110462
0.0450443
0.00885049
0.0580702
-0.0208281
0.00923141
0.0476435
-0.0170974
-0.0220799
-0.0393193
-0.0397542
-0.0183581
0.00767215
0.0449365
-0.0127461
0.0349591
0.0143036
-0.00429059
-0.0879718
-0.00233638
-0.0256199
0.0463219
0.043752
-0.0681903
0.0144674
0.0057601
0.0183246
0.00453607
-0.0394005
-0.082526
-0.00959637
0.0339072
-0.00118159
-0.138037
-0.0375742
-0.0993718
0.0789065
0.0166991
-0.0392209
0.00124009
-0.000966734
0.0139104
-0.0182625
0.0118882
-0.0275383
-0.0272827
-0.0174147
-0.00146804
-0.0197551
-0.0275884
-0.0273663
-0.0583051
0.0142251
0.00682399
0.0200995
0.0286052
-0.0677815
0.0490766
-0.0324485
-0.0200037
0.0425868
0.0252345
-0.0188352
0.0438528
-0.0359908
-0.0299836
0.0453334
0.0159165
0.034123
0.0515675
0.0327547
0.0286407
0.0432863
0.0052418
-0.0460916
-0.022629
0.0417866
-0.0104809
0.0155153
0.0160923
0.030845
-0.0437425
-0.0261268
0.0421618
0.0244341
0.0373978
-0.0363155
-0.0304794
0.0127012
-0.0043292
-0.0430539
0.0319976
-0.0252304
0.0237661
0.0155716
-0.0250942
-0.0117376
-0.0147973
0.00805727
0.00557684
0.0345408
0.0284603
-0.0430246
0.0282351
0.00919813
-0.00742576
-0.0196867
0.0118251
-0.0250676
-0.014189
-0.0353207
0.00935521
-0.018417
-0.0393032
-0.0286443
-0.0168104
0.0103674
-0.0435968
0.0121888
-0.00540924
-0.0333953
0.0180842
-0.0366316
-0.023498
0.0364123
0.00344291
-0.0614109
-0.0121651
-0.00319828
-0.08403
-0.0169373
0.00701509
-0.0281764
-0.057905
-0.0476557
-0.0148355
-0.039844
0.0273675
0.0204589
0.0489698
-0.0559128
-0.0220004
-0.138485
-0.0984676
0.0215446
0.0279308
-0.0371005
0.0105399
-0.0273854
0.0158933
-0.0707003
-0.0234354
0.0602569
-0.00492156
-0.0221901
-0.0419964
-0.0164144
-0.047011
-0.0308375
-0.0374449
-0.025061
-0.00346083
0.00554227
-0.00712829
0.00183166
-0.00333098
0.0320559
-0.0405563
-0.0388178
-0.0599107
-0.017189
-0.0588295
0.0377975
-0.0439892
-0.0189492
-0.0300648
0.0297328
0.0300353
0.089591
-0.0756622
0.0214299
0.0572042
0.0164264
0.0625707
-0.014617
0.0925426
-0.0364979
-0.00737759
-0.0263003
-0.0237175
0.0491074
-0.0625417
0.0163666
0.0106224
-0.0177486
-0.0997531
0.0156263
-0.0549649
0.0328502
0.0551735
0.0433932
-0.0517294
-0.0552827
0.0577271
0.0418177
-0.051691
-0.00929919
-0.0402813
-0.042022
0.112582
0.0383971
-0.00320601
0.0212213
0.0301722
0.00759958
0.00867827
0.00172371
0.030877
-0.020604
0.00199719
-0.0504592
-0.0587535
-0.0186404
0.0209447
-0.00766236
0.0708579
0.0205637
0.0326982
0.0585417
-0.00836214
0.0343846
0.0600309
0.0443005
0.0668565
-0.0805612
0.064866
-0.00500686
0.0181836
0.00525688
-0.00621983
-0.0386929
-0.00966237
-0.00266017
0.0469943
0.0105642
-0.00342589
-0.0124127
0.0206973
0.00754535
-0.0347349
0.00146024
-0.00689995
0.0291599
0.0399687
-0.0146129
0.0247288
0.0104014
0.0134313
0.0103945
-0.0131329
-0.00846128
-0.0499239
0.032443
-0.0439441
0.0305557
-0.0394461
0.00840036
0.0379384
-0.022632
0.0455252
0.019252
-0.0296067
-0.0384617
0.0119995
-0.0522092
-0.0456493
-0.024629
-0.0155138
0.00782112
0.00333255
-0.0240419
0.030041
0.00863666
-0.0366505
-0.0039053
0.00920553
-0.0254415
-0.0161437
0.0317578
0.0398847
-0.0458229
-0.0165364
0.0187089
0.0326533
0.0171234
0.0433642
0.0214754
-0.0270796
-0.0450394
0.00713322
0.00055051
0.00549687
-0.04365
-0.0258476
0.0486316
-0.0400107
0.014918
0.0269024
-0.040899
-0.0304106
0.00190026
0.0638881
-0.071184
0.0326138
-0.0244054
-0.0376729
0.0227242
-0.0193905
-0.0651712
-0.0544674
-0.046217
-0.0115562
-0.0575097
-0.0166069
-0.0386105
-0.022594
-0.00549042
-0.0430931
-0.0393186
0.00355289
-0.0570164
0.023842
-0.0134215
-0.0465592
0.051523
0.00657008
-0.0301362
0.00809669
-0.0139507
0.0243675
0.0287341
0.0362556
-0.0478368
-0.0301382
0.00236755
0.0114353
-0.0151191
-0.019056
-0.0617071
0.00915409
-0.00261435
0.00763398
0.0550798
0.0344204
0.102823
-0.0300534
0.0107617
-0.0128544
-0.0780274
-0.00507411
0.0380429
-0.0221675
-0.0591383
0.0168601
0.0109056
-0.0332577
-0.00149132
0.00562154
0.0123379
0.0303705
-0.0201397
-0.00663235
0.00249942
-0.0170127
-0.0437502
-0.0247627
0.0298083
0.0046381
-0.0280075
-0.0221441
0.0151683
-0.00825188
-0.0359313
-0.00549497
-0.0419795
0.0299381
-0.0520002
-0.0436858
0.00490296
0.00529293
0.000104955
-0.0414305
-0.0224428
0.0407631
0.0402348
0.0333618
0.0450636
-0.00895687
0.00645492
-0.0280165
0.0147696
-0.0659871
0.0430365
0.0280772
0.0437214
0.0253805
0.0232358
0.0237938
-0.000445531
0.0331697
0.0106347
-0.0429601
0.0271837
-0.0145296
0.0449084
0.0174111
0.0375202
-0.0533765
-0.0060766
-0.0252008
-0.0240179
-0.0442721
0.0325967
-0.0505812
0.00921612
-0.0339688
-0.0141079
0.049562
-0.00234388
0.0361686
0.011364
0.047898
0.0609488
-0.0250407
-0.0453439
0.041232
-0.0102457
-0.00861756
-0.0524922
0.0196814
-0.0220556
0.0358565
0.00446143
0.0112842
-0.0356206
0.0071607
0.0118441
0.0126453
-0.0792536
0.0433371
-0.0410776
0.106299
0.0490114
0.0479915
0.0374605
-0.000704578
0.00515984
-0.0243373
-0.0437619
0.00560607
0.00806836
-0.0210455
0.0170277
-0.0314766
0.0292184
-0.00786344
-0.0522223
0.0142781
-0.0268156
0.00370862
-0.0417913
0.0344042
-0.00259282
0.0260356
0.0169958
0.0147219
0.00654165
0.0133001
0.0336042
0.0139236
0.000844055
-0.00353727
-0.0562729
0.0355503
0.0348812
0.0139292
0.0486943
-0.0458602
-0.010296
-0.0214756
-0.0261988
-0.0307668
0.023827
0.0423394
0.00204501
-0.00849895
-0.000498097
0.0212046
-0.0066325
0.0419453
0.0222132
0.0172879
0.0205601
0.0163483
-0.0171788
-0.0088008
0.0147704
-0.0294399
-0.0268689
-0.0147854
-0.0340214
-0.0176105
0.00527504
0.0552976
0.00461443
0.0160054
0.0270491
0.0453515
-0.00731968
0.0224214
-0.0225784
0.0128899
-0.0375382
0.0126322
0.0174411
-0.0376893
-0.0347544
0.009806
0.0276843
0.00451283
-0.0235817
-0.0358754
-0.0286177
-0.0498378
0.0460247
-0.0513446
0.0062738
0.0332533
0.0155232
0.0190911
-0.0424873
0.00262013
-0.00177737
0.0273095
0.0437537
0.0337801
-0.0219504
0.0372825
-0.0344507
0.0417612
0.0416313
-0.0306026
0.059867
-0.00116651
0.0172591
0.0251043
-0.0161054
0.0105453
0.0366606
0.0155172
-0.0275807
-0.00459152
0.0218213
-0.00208499
0.0713797
-0.0362906
0.0363009
0.0391815
-0.0339924
-0.0386117
-0.00469623
-0.048712
-0.00649273
-0.0641898
-0.0307798
-0.0180924
0.0261172
-0.0200735
-0.0135539
0.052022
-0.0139383
0.00517049
-0.0238933
-0.0432613
0.00653953
-0.0586434
-0.00701951
-0.012655
0.0440951
0.0590366
0.0182119
-0.00493917
0.0496206
0.0510128
0.0493392
-0.0271696
-0.0761807
0.0541367
0.0137643
0.0397889
-0.0366948
0.0294107
0.0012139
0.00309112
-0.037527
-0.00215855
0.0252057
-0.00940152
-0.00539304
0.0437052
0.0187793
-0.0475188
-0.0753849
-0.0507305
-0.0127167
0.0547528
-0.0294445
0.036269
-0.0260985
0.129595
-0.00506211
-0.0223737
-3.15363e-05
-0.0218222
0.0467678
0.0391532
-0.0524672
-0.0125452
-0.0256822
0.0356162
-0.0173477
0.00452906
0.0292146
0.0271894
0.0289137
0.0303038
0.0341944
-0.0181911
0.00108811
-0.0201222
-0.0248607
0.0191601
-0.0210757
0.0258684
-0.0293987
-0.0178831
-0.0236347
0.00860991
-0.0255546
0.0293979
-0.0142422
-0.0478053
0.0482684
-0.0055858
0.0102445
0.0292809
-0.0370286
-0.00874229
-0.046733
-0.0174035
-0.00948801
0.0304223
0.00193554
0.0102038
-0.0212631
-0.0100873
0.0174206
0.0387612
0.0411407
0.0209165
-0.0446477
0.0217684
0.0412158
-0.0192907
0.041754
-0.0159021
0.0277699
-0.0057792
0.0409672
0.0484468
-0.0176157
-0.0388696
0.0248685
0.0106321
-0.022115
0.00937594
-0.0282976
-0.0307092
0.0272456
-0.0205117
-0.019149
-0.0245672
-0.00851365
-0.00127816
0.00721511
0.00806149
0.0278194
-0.0251102
0.000391565
0.0254462
-0.0253741
-0.035441
0.0273128
0.0323361
-0.010169
0.00163877
-0.0143457
0.0435588
0.0406531
-0.0183938
0.0398845
-0.0376002
-0.0117526
0.0452753
0.0462655
0.00624614
-0.0425955
-0.0117655
0.0314352
0.00108169
-0.0532834
0.063564
-0.0177297
-0.0419254
0.00960196
0.0103232
-0.00421861
-0.0622936
-0.0222091
0.0332969
-0.0268301
0.0473969
0.00836034
-0.150733
-0.016606
0.0284349
-0.0154685
0.016284
0.0489553
-0.00218012
-0.056366
-0.0560246
0.0252169
0.0255302
-0.00253479
0.135562
0.144964
0.00820477
-0.0341421
-0.0478133
-0.00481306
-0.0760906
0.0047399
-0.0475255
-0.0302905
0.0456424
-0.0352709
0.00653435
-0.018213
0.0955792
0.00921013
-0.0229221
0.0247083
0.0133591
-0.0805865
-0.0217916
-0.0299072
0.0526862
-0.24581
0.00307044
-0.0201584
-0.00934515
-0.0164962
-0.0823364
-0.0225389
-0.0883035
-0.0105762
0.016199
-0.126988
-0.106433
-0.0398239
-0.0550466
-0.0256214
0.0336008
0.0307046
-0.0633619
-0.0949878
-0.0484047
-0.0126064
-0.0546091
-0.0370325
-0.0584172
-0.0625056
-0.0104928
-0.0231066
0.080751
0.0220749
-0.0450049
0.0283178
-0.0110575
0.0213646
0.00830708
0.0286995
-0.0695048
0.0144277
0.0362135
0.0183283
-0.0524694
0.0424955
-0.0101278
0.00965778
0.0350433
0.00486918
-0.0303253
-0.0496377
-0.0182544
0.063922
0.0352008
0.0152767
-0.0211026
0.0533459
0.0591871
-0.0468381
-0.0127034
0.00413507
0.00234569
-0.0174042
0.0222249
0.0333887
0.0419031
-0.0203117
-0.0302472
-0.0653143
0.0437182
-0.0352371
0.0115754
0.0274153
0.0336682
-0.0298296
0.021296
-0.0434199
-0.0270881
0.0412079
0.0269132
0.00983767
-0.0358312
0.0149487
-0.00829538
-0.00702532
0.0300275
0.00913914
0.0310469
-0.00944818
-0.0898157
0.0291942
0.00704947
0.031089
0.02847
-0.00102004
-0.125108
0.0197194
0.016732
0.0170236
-0.0325566
-0.0171188
0.00368896
-0.0285793
-0.0385679
-0.01198
0.00152901
-0.0467441
0.0269163
0.0412644
-0.0505083
0.0288633
-0.0417862
0.00835286
-0.0112667
-0.0252782
0.000673929
0.0490312
-0.0264689
-0.0183197
-0.0243328
0.0145772
-0.013101
-0.0134829
0.0207458
-0.0468396
0.0190151
-0.04359
-0.0220185
0.0391149
-0.0128444
-0.0351237
0.0366803
0.0399755
0.0385723
0.034855
-0.0200504
-0.0488146
-0.0221418
0.0178895
-0.0424373
-0.000725929
-0.0135767
0.0325507
0.0409134
0.0161226
0.0610248
0.00330433
-0.0273885
-0.0703095
-0.0415716
-0.00446507
-0.0162148
-0.01412
-0.0362437
-0.0126346
-0.0406643
-0.00477909
-0.0289403
-0.0171343
-0.000116358
0.00207691
-0.0105091
0.0345805
0.00590072
0.039113
-0.0146055
0.0145803
0.0241479
0.0478062
-0.0167768
0.0465884
-0.016458
0.00325605
0.0159854
-0.0192288
-0.0191458
0.0269117
-0.0428777
-0.00576806
-0.0199334
0.00605878
-0.034291
-0.0416133
0.00677466
0.0457187
-0.0768639
-0.0300432
-0.040899
0.0406741
0.0568586
-0.0317732
-0.00367114
-0.0470258
-0.00920037
-0.0821376
-0.077291
-0.0398778
-0.0433192
-0.0227016
-0.0481987
-0.0674568
-0.00987098
0.022412
0.0338157
-0.0395442
0.0298662
-0.00138477
-0.0938321
-0.0030864
0.0458297
0.0325135
0.00763458
-0.0589575
-0.0122063
-0.0704924
-0.000856398
-0.0275974
-0.0275507
0.013682
0.0678581
-0.0373433
0.0148677
-0.0346809
0.0141994
0.0579895
0.013757
-0.00235025
0.0421867
0.0368057
-0.0270174
-0.00369792
0.0144679
0.0730348
-0.0432083
-0.0534182
0.0379221
-0.0302041
-0.0694965
0.0912418
0.0239234
-0.0456992
-0.0346284
-0.0059151
0.0223775
0.0817783
-0.0878285
0.0551326
0.0343975
-0.0713016
0.038681
0.0504595
0.0550488
-0.0228541
0.003768
-0.0275993
-0.0203914
0.0117976
-0.0749322
-0.0524703
0.0134904
0.0407102
-0.117365
0.0521401
0.0631581
-0.00903442
0.00864474
0.0384417
0.01373
-0.0347967
0.0717149
-0.0560166
-0.0528288
0.0207828
0.00933255
-0.0716269
0.0742465
0.0345375
-0.0406107
-0.0257996
0.00214951
-0.0258699
0.0282587
-0.0113246
0.0075656
-0.0436585
0.0149468
0.0298632
0.076133
0.0688434
0.0798637
0.0160545
0.0165727
-0.00930939
-0.069629
-0.0839714
0.0586187
0.00505035
0.0188352
-0.000263317
0.0708392
-0.0804471
-0.00456987
-0.000965442
0.0676236
-0.0118107
-0.0423857
0.0227291
0.0209425
-0.0414669
0.0782446
0.00908396
0.0233178
0.0362367
0.0247296
0.0104939
0.0143176
0.0283787
0.0181819
-0.00653644
0.0292963
0.00995683
0.0207548
0.0345529
0.0044753
-0.0206087
0.00924398
-0.0162157
0.010364
-0.00877727
-0.0452132
-0.0207881
-0.0221785
0.0115872
-0.0124305
-0.0474333
-0.0265372
-0.0388315
0.0165124
0.0336837
0.00481654
-0.0221037
0.0382342
-0.0131643
-0.026541
-0.00264539
-0.0373781
-0.0314703
-0.0463488
-0.0392385
-0.0329076
0.0239083
-0.0182596
0.0242671
-0.0354581
-0.00688596
0.0134211
0.0422119
0.00632031
-0.00804528
0.0195618
0.0401244
-0.0274124
0.00792145
0.023755
-0.0140715
0.0474848
-0.0302262
0.0432343
0.014844
0.00111351
0.0037258
0.0062752
-0.0322778
0.0284183
-0.0153149
-0.0126795
0.00516673
0.0856264
-0.0738628
0.00912856
0.0470799
-0.00734457
0.0420488
0.0174433
0.0629467
0.0438341
-0.0217486
-0.0508035
0.00784589
0.0340408
-0.00173748
0.0104605
0.0371742
0.0188684
0.0568977
0.00529031
0.264339
0.0409743
0.0990449
-0.0513984
-0.059576
0.00940443
-0.0151448
-0.0479338
-0.0209168
-0.0317806
0.0336282
-0.00816293
0.0260035
0.0227858
-0.0414011
0.050561
-0.047084
0.0779854
-0.020529
0.0645336
0.0468153
0.022848
-0.0135224
-0.167296
-0.114946
-0.0529807
-0.00804534
0.0989978
-0.0505776
0.0714942
-0.0434906
-0.00381837
0.0267348
-0.040852
0.0322486
-0.00308921
0.0775187
-0.0669801
-0.0515044
-0.0154239
-0.0757947
-0.0612366
-0.0764647
-0.0193988
0.00302637
0.0521474
0.0380332
0.0232377
0.0130244
-0.0287273
-0.0602884
-0.0271361
0.0322318
0.0805705
0.0364335
0.0349792
-0.00155706
0.0249844
0.00879957
0.0381077
0.0206827
-0.0216364
-0.00189234
-0.0326005
0.0246652
-0.020738
-0.00927245
0.0444504
0.0084669
0.00931755
0.0331108
0.0101445
0.136351
-0.00668347
0.0084587
0.0322329
-0.0413991
0.0694279
-0.00715097
-0.00453285
0.0243339
-0.0400569
0.0451119
0.0775824
-0.0433665
0.0156835
-0.0109711
0.102536
0.0553504
0.0123478
-1.3231e-05
0.0161701
0.0549635
-0.029509
-6.48456e-05
-0.0412041
0.00631289
0.0177962
0.0156738
0.032592
-0.0121705
0.0106235
-0.0486673
0.0252668
0.0076265
-0.0128112
0.023785
-0.0404042
0.0199582
0.0482905
0.0555756
-0.041623
0.0200848
-0.0324201
-0.0182809
-0.00937811
-0.00042383
0.0444014
-0.00793368
-0.0611696
-0.0416675
-0.0943488
-0.0707769
-0.00154493
-0.0442927
-0.0310838
-0.00621195
-0.00699301
-0.0042433
0.0256577
-0.00409064
-0.0423975
-0.0449717
0.0262498
0.0369298
-0.0139013
0.0579113
-0.0314814
0.0592546
-0.0126959
0.0163489
-0.0547184
-0.0413054
0.0071983
0.0460328
0.00581303
0.0318758
-0.0424579
-0.0172693
-0.0112608
-0.0407505
-0.00620574
0.00382255
0.0508241
0.0250809
0.012239
-0.0334199
-0.0447115
0.0153276
-0.0382507
-0.0373567
0.0449731
-0.0428449
0.0488069
0.0237181
-0.042504
-0.0240083
-0.0301819
0.0230668
0.00274328
0.0283516
-0.0335974
0.00399715
-0.0114231
0.0179103
-0.00704812
0.0171673
-0.0441043
-0.0221766
0.000606039
0.0327322
-0.0248081
-0.0372014
0.0154168
-0.0452501
-0.022033
-0.0285263
-0.0465902
0.0391243
0.0458386
0.0186711
0.0018447
-0.00542158
-0.00306894
-0.00611
0.0170553
0.043086
-0.00316274
0.0154001
-0.0166553
0.0434176
0.00171419
-0.0403551
-0.0132468
-0.0544476
0.024925
0.0207978
0.0667262
-0.0198925
0.0274455
-0.0381079
-0.0243339
-0.042748
-0.0345801
-0.0535493
-0.0380594
-0.0571314
0.0444928
0.0758576
-0.0635551
-0.0223058
0.0458031
-0.00859256
0.042936
0.00941779
0.0412463
-0.0486883
0.0625539
0.0310767
0.0254331
-0.0331898
-0.0469404
-0.0075384
0.0242413
-0.0178656
0.0564241
-5.22843e-05
0.0175672
-0.057449
-0.0331907
0.0453359
-0.0430721
0.0502259
0.0817263
-0.0133285
0.0112294
-0.0186388
-0.0150319
-0.0178441
-0.00247443
-0.00974361
-0.00471371
-0.0068765
0.0424186
0.0557326
-0.00258151
-0.00732151
0.00900153
0.0346674
0.0255753
-0.0334835
0.0354981
0.0180124
-0.032339
0.0155694
0.0473053
-0.0258823
-0.0473497
0.0238617
-0.0698685
-0.0538912
0.0353114
-0.0307753
-0.0229788
0.0278158
0.0589176
0.0488345
-0.00440453
0.0273623
-0.0411936
0.0362387
-0.0169058
0.0330983
-0.0680727
0.0152067
-0.00435807
0.0169003
-0.0204782
0.0391048
-0.0608164
-0.00968842
0.00180183
0.0226565
0.0237711
-0.0748889
-0.0593624
0.0106455
0.0321422
-0.0279345
0.0127948
0.0343062
0.0122178
-0.0412148
-0.013664
-0.0462358
0.0419189
-0.0394144
0.0529582
0.0727393
-0.0514887
0.0480606
0.00524506
0.014646
-0.0243692
0.0154318
0.0143536
-0.00117023
-0.0408616
-0.0398137
-0.0523785
0.0378049
0.0686248
-0.015253
-0.0271541
0.0193265
-0.0327514
0.0482165
-0.0199645
0.0335786
-0.0137431
0.0283743
0.00109906
0.0247459
-0.0380897
0.00934115
-0.0291796
0.0553285
0.0481706
-0.0111148
0.0393837
-0.033703
0.0172266
-0.0384872
-0.0402572
-0.0265968
-0.0219661
-0.0411913
-0.0180482
-0.00270728
-0.0160053
-0.0403913
0.0400081
0.0232984
-0.0400741
-0.0381993
-0.00242236
0.0133301
-0.0395466
-0.0404397
-0.0698896
-0.0335976
0.00137489
-0.0233036
0.00979349
-0.0321781
-0.0347007
-0.00875093
0.00985242
0.0479626
-0.0445316
0.0267004
-0.0145091
0.0193016
-0.0353428
0.0215473
-0.00978532
-0.0220242
-0.00125154
-0.00705739
-0.00925061
-0.0354799
-0.0317407
0.0256068
-0.0412157
0.0141158
0.0378277
-0.0217193
-0.0419605
0.00236295
-0.00933592
0.0246004
0.0517235
0.0363485
-0.0160383
0.0485453
0.0539258
0.090112
-0.00832435
-0.00901251
-0.0295769
-0.048603
-0.0129016
0.0120535
0.0701351
-0.0329286
0.00722701
0.0324553
-0.0663769
-0.0307113
-0.0443314
-0.00944951
-0.0505987
0.0692376
-0.0892682
0.00627994
-0.459905
-0.297273
-0.299785
0.0336882
0.0688707
0.043712
0.0587061
-0.150387
-0.0559964
-0.0789565
-0.175662
-0.146526
-0.0482805
-0.156931
-0.0186508
0.00342256
0.102356
-0.140678
-0.0464527
-0.254763
-0.0382619
-0.0394789
-0.123357
0.354872
0.203905
0.0503729
-0.0392985
-0.116357
-0.0145489
-0.0339817
0.0596283
-0.016588
-0.0241543
0.0432556
0.0762409
-0.0224752
-0.00435524
0.158385
-0.00915177
-0.0313945
0.0773827
-0.0199502
-0.143708
0.0218191
-0.0433059
0.0350564
0.043824
0.251425
-0.0387576
-0.122064
0.00287396
-0.163761
0.28648
-0.0195755
0.0441114
-0.00142588
-0.0553786
-0.043504
0.0330591
-0.00714901
-0.0811291
-0.200356
-0.187135
-0.0640343
0.0999862
-0.0600704
-0.00277967
0.00405633
-0.0230344
0.065548
0.169184
-0.120765
-0.0205154
-0.0150905
-0.111216
-0.0936289
-0.0169393
-0.0691221
0.0262793
-0.0143922
0.0140716
0.0430628
-0.0911446
0.250915
-0.0271781
-0.0136702
-0.0234126
-0.105809
-0.0190691
-0.11761
0.148923
-0.031375
-0.0748327
0.000406426
0.00695145
0.000725395
-0.0448602
-0.0600814
-0.00397262
-0.0317618
0.0301881
-0.00620432
-0.0283355
-0.0692514
0.0381059
-0.0649521
0.00176063
-0.0416655
-0.070195
0.0258272
-0.02709
-0.0134445
-0.0146986
0.0424225
0.159753
0.0290084
0.0141055
-0.0370535
-0.157131
0.0619146
-0.0902493
0.148664
-0.0753519
0.00847375
0.0653121
6.05814e-05
0.0156373
0.0189955
-0.112406
-0.0277381
-0.0127373
0.0218416
0.0140615
0.0241348
0.00519421
-0.0436268
0.0263259
0.0319923
-0.0567634
0.00851874
-0.0213028
0.0130287
0.0390402
-0.0177101
-0.0272277
0.0377967
-0.025407
0.0228884
0.0228516
-0.0355796
-0.0109874
0.039887
0.130193
0.0540649
-0.0943646
0.0183008
-0.0223406
-0.031771
-0.0257739
-0.0344955
0.00114468
0.00385558
-0.0170799
0.0339474
-0.0444534
0.0111657
-0.0401146
0.0275585
-0.0336086
0.00766117
-0.043257
0.0265617
-0.01197
0.0248257
-0.0598389
0.0655118
-0.014564
-0.0224811
-0.00738443
0.0265406
0.0420268
0.0154907
0.0455784
0.0640369
-0.0733346
-0.064927
-0.0115874
0.0490249
-0.0270517
-0.0439324
0.00553477
-0.00141023
0.0266523
0.0133999
0.0446205
0.112009
0.049005
-0.00959161
-0.0661047
-0.00809659
0.00597945
0.000353477
0.0133659
0.00658382
-0.214748
-0.0502928
-0.0173572
0.0207937
0.0490992
-0.0215702
-0.0369839
-0.0323284
0.0801238
-0.06427
0.059126
0.166999
0.135547
0.133404
0.0174456
-0.0148293
0.0640036
0.0376153
-0.0433151
0.059548
-0.0632127
-0.0398215
0.141935
0.0873641
0.00322188
0.0184609
0.0479714
0.0255837
-0.0650264
-0.0659599
0.00553312
0.0689461
0.0459905
-0.0967256
-0.000386284
0.214787
0.0351104
-0.0200882
-0.0717897
-0.0652155
0.0181368
-0.0877808
-0.00466985
-0.112945
-0.0352001
0.000193449
0.00743775
-0.0588052
0.0335533
0.0227141
-0.0447908
-0.0377009
0.00164093
-0.109128
-0.0610308
-0.0255521
0.0152452
-0.0471303
-0.0297661
-0.274976
-0.569342
-0.110667
-0.217939
0.0118025
-0.0147645
0.24348
0.263623
0.0179214
-0.020896
0.0529024
-0.0184288
0.0407578
0.306509
-0.204664
0.0728482
0.0228
0.190261
-0.152112
0.0412456
0.0706255
-0.03729
0.0269239
-0.0505215
0.227815
0.122498
0.261332
0.139205
0.0553393
-0.0755051
-0.103019
-0.112765
0.18936
-0.0250287
-0.0869064
-0.031641
0.110975
0.0522686
-0.0805675
-0.0483831
0.0401069
-0.334611
-0.0223699
-0.274187
-0.0527124
0.230627
0.207228
-0.0151132
-0.0312392
-0.0111033
0.0492478
0.119914
0.0481058
0.104733
0.0473875
0.0562735
0.115582
-0.00542251
0.0421193
-0.0223784
-0.00268848
0.0312367
-0.044278
0.0198692
-0.032816
-0.0829209
0.0390426
0.0339294
0.0137956
-0.0280324
-0.00273765
0.0335349
0.00631433
0.00934454
0.0195746
-0.0253002
-0.029986
0.030314
0.0353438
0.0455308
0.0526912
0.0184867
0.0201525
0.0401925
-0.0209529
-0.0300508
-0.00775022
-0.0131278
-0.0091562
0.0427312
0.0456298
-0.0246575
0.0244268
-0.0431916
-0.0287586
0.0596209
0.119247
0.00119525
0.00321337
-0.0196983
0.0590471
7.60542e-05
0.000158595
-0.0390228
-0.000406267
-0.0346211
0.056215
0.0308365
-0.0254428
-0.0311504
0.0452235
-0.0220837
0.00323429
-0.0319807
0.00824446
-0.00680962
-0.0134087
0.0339879
-0.0237583
-0.0232799
0.0183123
-0.0183391
-0.00720899
0.0220285
0.0378927
0.0205524
0.0913388
0.0537632
-0.0370797
0.0114463
0.016705
-0.0117267
-0.0013775
0.0498211
-0.0187001
-0.0315607
-0.03464
-0.0328568
-0.0100524
0.0120884
-0.107008
-0.000115759
-0.0999394
0.010301
-0.0187015
0.0461433
-0.0279072
-0.0412764
-0.109193
-0.024469
-0.0247917
0.0701621
-0.971254
-0.44646
0.347055
0.0127511
0.0545016
-0.630508
-0.350876
-0.16739
-0.132201
-0.055735
-0.228447
-0.205818
-0.108472
-0.150067
0.0381147
0.0373246
0.126184
-0.373206
-0.308269
-0.245279
-0.0663663
0.0037914
-0.0973521
0.474955
0.104034
0.383648
-0.128739
-0.418492
0.29307
-0.0305281
0.166981
0.001805
-0.103324
0.182273
0.120196
-0.010006
-0.0486498
0.249374
-0.0312257
-0.0568418
0.628509
0.18703
-0.142134
0.0413214
0.0722525
-0.00103906
-0.11733
-0.578299
-0.0575006
0.727052
-0.0201302
0.274544
-0.231743
0.0360492
0.0308568
-0.0213657
0.0857963
-0.2279
0.0767064
-0.183217
0.0934445
0.104327
0.162183
-0.0808969
0.00485608
-0.1575
-0.11056
-0.00706872
-0.0387647
0.224884
-0.142416
0.517881
-0.092743
0.00677583
-0.0156649
0.121969
0.141146
-0.44014
-0.31558
-0.00628883
0.0054062
-0.0123285
-0.0547004
-0.585876
-0.0466186
-0.0439566
-0.0288346
-0.19008
-0.0346569
-0.0707956
0.200244
-0.0481714
-0.0746587
-0.0196641
-0.031301
-0.000208662
-0.0097325
-0.184482
-0.0421278
-0.0131199
0.0361857
-0.00717941
-0.0465167
-0.0612913
-0.00744625
-0.19454
-0.0753253
-0.0243232
0.0727636
0.197668
0.0907258
-0.0402959
-0.0818033
-0.0111479
0.259483
-0.0168906
-0.0346149
0.0348204
0.101361
0.388191
-0.0115921
0.0382615
0.0991338
-0.0389415
0.0236502
0.000403758
-0.0251203
0.121772
0.049341
-0.0284275
-0.039948
0.0327149
-0.00469492
0.100452
0.129975
-0.00856128
-0.0365176
0.0563654
-0.0557485
-0.00854521
0.0175476
-0.0388111
-0.0086199
-0.0478943
-0.00237872
-0.00501923
0.0288777
0.0320208
0.00807765
0.0237783
0.029968
-0.0234633
0.111631
-0.0634145
-0.00346859
-0.013306
0.00561954
-0.0049225
0.0218566
-0.0394099
-0.00462873
0.0135375
-0.0411054
-0.0206466
-0.013242
-0.00997244
-0.0241007
-0.102665
-0.0924813
-0.0345223
-0.00945024
-0.0192412
0.0801793
-0.0303597
-0.0928317
0.0413065
0.0240069
0.0286416
0.0137346
0.0182981
0.0256799
0.0100817
-0.0363575
-0.0979072
0.129529
0.0283936
-0.0363083
0.023454
-0.0105592
-0.0100786
0.028642
0.0430711
-0.0175867
0.0316224
0.0430697
0.118157
-0.0451994
-0.0455742
-0.065645
0.0193087
-0.0690199
-0.058227
0.274452
0.0672641
-0.382813
0.0172415
-0.0162127
0.124928
0.0527822
-0.0329295
0.043687
0.236746
0.285969
0.287556
-0.117022
0.00476253
-0.0502667
-0.113538
-0.0559922
-0.0470237
-0.0134805
-0.00250572
-0.000301255
-0.0625105
0.0408831
-0.0221901
0.147406
-0.0238872
-0.0915191
0.0914354
0.0138028
0.0692342
-0.108815
-0.0741126
-0.153651
0.0869259
-0.00278611
-0.0800274
0.0921402
-0.16271
0.0389015
0.00206602
0.0351729
-0.303384
-0.170445
-0.179029
0.0142451
-0.0463524
0.00878409
-0.110549
-0.0920689
-0.00830952
0.103194
-0.0504592
-0.0632967
-0.0653138
-0.15683
-0.209541
-0.28652
-0.142668
0.0174211
-0.139547
-0.0632264
0.190003
0.355368
-0.0494459
-0.072376
-0.00327299
-0.0915693
0.57221
0.0744159
0.0330511
-0.00763319
0.292348
-0.0281204
-0.00684342
-0.161562
0.0577085
-0.113488
-0.0968728
-0.175805
-0.105156
0.173487
0.416043
0.0463377
0.192631
-0.201033
-0.156485
-0.384063
-0.176976
-0.125786
0.0310058
-0.246102
-0.237165
-0.212167
-0.304438
-0.100055
-0.0435362
0.0579347
0.0483489
-0.255907
0.242253
-0.0153194
0.0301079
-0.261394
-0.0819172
0.0245912
-0.0186637
-0.316527
-0.130583
-0.106581
-0.0118246
0.0469333
-0.0422267
-0.139142
0.0336888
0.0171583
0.0290175
0.0383457
0.142946
0.107179
0.10563
-0.00512232
-0.0218992
0.0799411
0.0341686
0.0108503
-0.0361668
-0.178818
-0.0102225
-0.0317289
-0.0413824
-0.0581633
0.0363363
-0.0484577
-0.0448945
-0.0344665
0.032684
-0.0757408
-0.0137552
0.0371092
0.0440559
-0.0248869
-0.029512
-0.0523593
-0.00237519
0.0119382
-0.054808
0.0155998
-0.036937
-0.0105163
0.0100824
0.0358739
0.0206451
-0.00677416
0.000919114
0.0109631
0.0253764
0.0531138
0.137408
0.0189065
0.0089591
-0.0335583
-0.0153318
0.038785
0.0408315
-0.0287127
0.0461314
0.031889
0.0631838
-0.00955126
-0.0151199
-0.00471043
0.01053
0.0377743
0.0130495
0.024866
-0.0437371
-0.00465185
-0.0366603
-0.0303976
-0.0259994
0.00256401
0.00269621
-0.0485367
-0.00599038
-0.0228236
-0.0685487
-0.0921261
-0.209
-0.0319498
-0.0113676
-0.0242355
0.0396684
-0.0187145
-0.0499994
-0.0461519
0.204435
-0.138648
-0.00104968
-0.0267018
0.00209693
0.00599474
-0.158
0.0109148
-0.0247685
-0.0218676
0.0351886
0.0064448
0.0460303
0.000835646
-0.0244363
-0.0484413
-0.0586063
0.0538747
-0.308652
-0.0545136
-0.129703
-0.0197425
-0.0139995
0.0283909
0.0140134
-0.0498194
-0.0116167
-0.0197419
0.00943293
-0.0295552
0.0206986
-0.0314706
-0.0168786
-0.0256396
0.0401915
-0.0222572
-0.00549721
0.0184107
-0.057146
-0.0285626
-0.140841
0.177506
0.137706
0.0125205
-0.0296205
-0.146667
0.0180097
-0.0845493
0.0502069
0.00255859
0.0155695
0.101444
0.0791847
-0.0101993
-0.0406362
0.0872492
0.00189467
0.00571805
0.0843182
-0.0666403
-0.00559404
0.0110911
0.0598411
-0.0360238
-0.127132
0.0170301
-0.0204506
-0.0534148
-0.0109335
0.0232403
0.0196421
-0.0668865
-0.044928
-0.0048107
0.00886128
-0.0446295
-0.0257625
0.00713249
0.0355043
0.0268176
0.0155116
0.0140248
0.0181286
0.00196563
-0.0299198
0.0148207
-0.0269828
0.0771662
0.00632092
-0.0244114
-0.134575
0.0169628
-0.033442
0.0368275
0.0540879
-0.0866445
0.00503288
0.0512245
0.012112
-0.0533448
-0.0201856
-0.0838217
0.0154466
-0.0278836
0.0402226
0.00105212
0.00431141
0.0234094
0.0332831
-0.0317965
-0.0122127
-0.0525551
0.00532347
0.0264761
0.0109123
-0.0238852
0.0180017
-0.0150481
0.0353351
-0.0389718
0.00787875
-0.0387502
-0.032586
-0.0491274
-0.0460862
0.056537
-0.00772715
0.0187486
-0.0220469
-0.0169053
0.0227168
0.0189634
0.000440267
0.0279826
0.0347101
-0.0260702
0.0720701
0.0319007
0.0435481
-0.0456794
0.057242
0.0353512
0.0467297
-0.0279177
0.0187955
-0.0149106
-0.0271371
-0.00742456
-0.0337477
0.0417505
-0.0277983
0.000661979
0.0151241
0.0419566
0.00488673
0.0176379
0.0299445
0.00966136
0.0241204
-0.0449403
0.0355153
0.000875483
0.028048
0.0387548
-0.0205705
-0.00982435
0.00245654
-0.00128184
0.028516
-0.0219038
-0.0422148
0.064843
0.046782
0.0286667
-0.00326754
-0.0147596
0.0150374
-0.0378446
0.014263
0.0259028
-0.0191964
0.045695
0.00832166
0.0166328
0.0258581
-0.037885
0.00927055
0.0401186
-0.0388038
-0.00936799
0.0375882
-0.00215656
0.0368017
-0.0169833
-0.0355686
0.0153035
-0.0232354
-0.0422511
-0.0368411
-0.0269628
0.0220954
-0.0403916
-0.0129588
-0.0364713
-0.0423621
-0.0141454
0.0207522
0.0125021
0.0161563
0.0356835
0.0171068
0.0243837
0.0190784
-0.0107141
-0.0363656
-0.0209892
-0.00501969
0.0486127
0.0299535
0.00942061
0.0634847
-0.00702975
-0.0756678
-0.0181372
-0.0196855
-0.0167325
-0.0184427
0.0260517
0.0258425
-0.0420703
0.0446767
-0.0601186
-0.0723919
0.0126688
-0.00519822
-0.00199371
-0.0257638
0.00217552
0.0275956
-0.0106023
0.0219713
0.0367083
0.0441026
0.00777122
0.0144952
0.0165867
0.0261822
-0.00783263
-0.0143681
-0.0119642
0.0379828
-0.0808306
-0.0339142
0.0103819
0.0139503
-0.0190832
-0.0094737
-0.0176725
-0.04204
-0.0232849
-0.0480778
-0.0400777
0.00960919
-0.0137191
-0.0721432
-0.055401
-0.0639523
-0.0196362
-0.0153086
-0.0473061
-0.00701478
0.0160306
-0.0582676
0.00694288
-0.101606
-0.0806874
-0.0412904
-0.0242343
-0.0154175
-0.0316784
0.0371109
0.100978
-0.124439
-0.00124609
0.125286
-0.0369199
0.0667365
0.00121274
0.0306968
-0.0443476
-0.0103162
0.0428429
-0.00997018
0.095403
0.0337705
0.125451
0.0620836
-0.0297133
-0.00688951
0.0224481
-1.64498e-05
0.0824243
0.0432747
0.0698187
-0.0540699
-0.0986102
0.0622424
-0.0164091
-0.0587718
-0.0201293
-0.0563033
-0.050403
0.0872273
0.057975
-0.0014131
0.00827111
-0.028927
-0.0142466
0.0134177
-0.00989519
-0.0260418
-0.0178453
-0.0379927
-0.0284711
0.0835294
0.0116149
-0.0153633
0.0108146
0.0393014
0.0120134
0.0325823
0.00497521
0.0378694
0.0266492
0.0369841
0.0525629
0.0988768
0.0176282
0.00154487
-0.0711805
-0.0231192
0.00261038
0.0163496
0.02556
-0.0204576
0.0111895
-0.0325551
0.0438312
0.03631
-0.0258867
-0.0317088
-0.0440306
-0.0248399
-0.018215
0.0367209
0.02454
-0.0194803
-0.0356407
-0.0473696
0.0173149
0.00837628
-0.0389376
-0.0432181
-0.0264279
-0.0357526
0.009521
-0.0340674
-0.0118374
-0.00370441
-0.0226723
-0.014578
-0.0184048
0.015176
-0.00169593
-0.0307354
0.00263592
0.0220401
0.0511242
-0.0481552
0.0453541
-0.00112955
0.0198881
-0.0101455
0.0180422
0.0328469
0.0239437
-0.00101421
-0.038668
0.0539418
-0.0435716
0.0386021
0.00294248
-0.0271751
-0.0185226
-0.0135941
-0.0412041
0.00712365
-0.00283845
0.0425851
0.0509992
-0.0133053
0.026311
-0.0338636
0.0327041
0.0442174
0.0196335
0.00698119
-0.00422587
0.0113394
-0.0411642
0.0260953
0.0338824
-0.00140841
0.0340032
-0.00242215
-0.000532061
-0.0588399
-0.0107759
-0.0273829
-0.0110359
0.0435417
-0.0830887
-0.0146241
0.00275542
-0.00503844
-0.0202514
-0.0456032
-0.018709
0.0352647
-0.0435927
-0.0631508
-0.0539373
0.0124019
-0.304113
-0.12463
-0.219803
0.0299767
0.064614
0.00148359
0.0232459
-0.0718619
-0.0253571
-0.0367249
-0.116517
-0.111834
-0.0450398
-0.093506
-0.00399747
0.0172646
0.0466483
0.0195143
0.0146344
0.0227397
-0.0230545
-0.00971426
0.0176002
0.205285
0.115226
-0.018989
-0.0299151
-0.0358679
-0.00962744
-0.0540142
0.0198621
-0.0406018
-0.0179277
0.0447188
-0.0291991
-0.0908418
-0.0735773
0.0542693
0.0108173
-0.00544655
0.0458779
0.0294053
-0.10053
0.0179772
0.0341927
-0.0155953
-0.0673819
0.0365395
-0.044117
0.00516237
-0.0244558
-0.0903634
0.045591
-0.0317226
0.0304046
-0.017073
0.0682024
-0.060318
-0.0508849
0.00180087
0.0292455
0.0117736
0.0137211
0.0770392
0.0318035
0.0230407
-0.0373926
0.0145619
-0.0477556
0.0394414
-0.0250951
-0.127557
-0.0948202
-4.73981e-05
0.0332254
-0.0252753
-0.0248991
-0.119939
-0.0628569
-0.0415523
-0.0291205
0.00390823
-0.0398053
-0.0227367
0.00844556
-0.0164944
0.00467071
0.0244803
-0.0518078
0.00928785
0.113411
-0.0333574
-0.0177055
-0.0645505
0.0299965
-0.0262944
0.0319854
-0.0461867
-0.0204956
0.0486978
0.0257436
-0.0392198
-0.000258094
-0.0148349
-0.0404851
-0.0142257
-0.0304734
0.0490035
0.0543604
0.0329182
-0.0293901
0.0299336
0.00486585
0.0473219
0.0357126
-0.0175003
0.0431897
0.011265
-0.0892025
0.03012
-0.064701
0.0391883
0.0241688
0.0626423
0.0374186
0.0268181
0.0415575
-0.0116659
0.025671
-0.00111102
-0.0318895
-0.0403942
0.0121391
0.0185637
0.00469215
0.00651761
0.0421292
-0.0440142
0.0143607
-0.0467621
-0.00654582
0.0217912
-0.0139992
0.0194404
-0.00916803
0.00186155
-0.0488617
-0.0321561
-0.00849388
-0.0158692
0.011194
-0.0219906
0.0984548
-0.052594
0.00433145
0.00353317
-0.0118791
-0.0283677
0.0191594
-0.00289721
0.00734416
0.0453487
0.0139446
0.00910498
0.0119183
0.0359101
-0.0351057
0.0439247
-0.00463951
0.0105088
-0.00510997
0.0368622
-0.00516521
-0.0356828
-0.0559119
-0.00852849
0.00695634
-0.00639202
0.0407574
-0.0042607
-0.0248198
0.0429291
0.0403385
-0.0183031
-0.0560013
0.0165071
0.0357384
0.00136458
-0.0213122
0.0238698
0.0286074
-0.0488213
0.00171551
-0.0432069
0.0177341
-0.0277118
0.0138686
0.0450111
-0.0384958
-0.0395222
0.016514
-0.0298486
-0.0522283
-0.0248926
0.00429842
-0.041832
-0.0227686
-0.0649995
-0.00891831
-0.0199731
-0.0111201
0.0667698
0.100497
0.0539443
0.059011
0.00152153
0.0110984
-0.0162043
-0.0255249
-0.0135604
-0.0139949
-0.020804
0.0297191
0.0466191
-0.0428531
0.0741074
0.0339494
-0.0707509
0.011588
0.0194732
-0.012134
-0.0245443
0.052913
-0.0630418
0.00707565
0.00322275
-0.00820613
-0.0277217
0.0732137
-0.0167016
0.0226468
0.00792393
-0.0200465
-0.0646239
0.0424269
-0.016581
0.0800783
0.00662435
0.0358413
0.0244423
-0.056383
-0.053093
-0.0117214
0.0221891
0.007876
-0.0206632
0.0245797
-0.0538689
0.05087
-0.0086729
0.0607586
-0.000471534
0.000356614
-0.132344
0.0274756
-0.01449
0.0021023
-0.0252148
-0.0387008
0.0700386
-0.0681703
0.0296289
0.0403603
0.0540492
0.055506
0.0713336
-0.0188557
0.0104105
0.0046343
0.064945
0.0830405
-0.0900662
-0.0924526
0.0168876
-0.0648771
6.20476e-06
0.00848382
0.0602625
0.0529846
0.245401
0.141866
-0.0448538
-0.0656279
-0.0985615
-0.0368561
0.0155511
-0.0763839
0.0579514
-0.00664449
-0.02836
-0.0906092
-0.0329544
-0.046812
-0.0242921
-0.0797061
-0.000252324
-0.0385912
-0.0148232
-0.056487
-0.0529558
0.03571
0.0183208
-0.0278351
0.0674126
0.0129894
0.0356991
0.051535
0.0153246
0.0367566
0.0120131
-0.0722619
-0.0881791
-0.0532032
0.0377491
0.044969
-0.0242544
0.041658
-0.0383839
-0.0176126
0.00813301
-0.00528974
0.0444385
0.000524275
-0.0294294
-0.027011
0.037931
-0.0398578
-0.0132766
0.00552794
0.00883881
-0.0226978
-0.0108833
-0.0429406
0.00442063
-0.0368684
0.01416
0.0397545
-0.043212
0.00323342
0.0164164
1.16878e-05
0.042908
-0.0074905
0.00940381
-0.0115068
-0.00208021
-0.0250003
-0.0201435
-0.00150822
0.0596454
-0.0433655
0.0190376
0.0158102
0.0166561
-0.0361101
-0.0271612
0.011558
-0.0161728
-0.0327313
-0.0332115
0.0317891
-0.0226764
-0.00865499
-0.0462937
0.0297269
0.0112111
0.0239241
-0.0206713
0.0350472
-0.00963413
0.00932201
0.030026
0.00761271
-0.0415901
0.0285752
-0.0471643
-0.0178606
0.00434487
0.0855744
0.004807
-0.0204849
0.0570499
-0.032738
-0.0142962
-0.0174392
-0.0395239
0.0106492
0.0461913
-0.0680667
-0.0231005
-0.0304636
-0.0233533
0.0312111
-0.0420312
0.0739337
-0.0240045
0.0301909
0.0200997
0.0167723
0.0262012
0.0197514
-0.0109906
-0.0271166
0.0345867
-0.00294508
-0.0818607
-0.0592043
-0.0736355
0.0179794
-0.0187045
-0.0223005
-0.0248893
-0.0397421
0.0274944
0.0467388
0.00691447
0.0183071
0.00532103
-0.0203447
-0.0487526
-0.0106549
0.0433867
0.0293179
-0.0229209
-0.0236858
0.0457868
0.0644423
-0.00552151
0.122725
-0.0156133
-0.0115506
-0.0316599
0.0138317
0.0821767
0.0181712
0.0624078
0.0502653
0.0128657
0.0306676
0.015307
-0.00597474
0.0189265
0.0070692
0.0157096
0.0132877
0.0699748
0.00488171
0.025261
-0.0487121
-0.0498966
0.0161909
0.00686587
-0.00711109
-0.0148182
0.041053
0.0295157
0.0346495
-0.0664971
-0.0135353
-0.0292555
-0.00684678
-0.0425685
0.0405302
-0.013244
0.0233166
0.0317669
-0.0136688
0.0232092
0.0389416
0.0164899
-0.00613617
-0.0455467
-0.0184474
-0.0529206
-0.00721335
-0.024553
-0.0742233
0.0040187
-0.0182569
-0.036645
0.0142535
0.0411986
0.0303986
-0.0558
0.0519968
-0.0446586
0.0125837
0.0294384
-0.0806934
-0.0212774
0.00965349
0.0429466
0.048001
-0.0553424
0.0151309
0.0417435
-0.0192959
0.0126759
0.00136867
0.0164894
0.0465605
-0.0406715
0.036449
0.00722903
0.00948602
-0.00224294
0.0365159
0.0125469
0.0187681
-0.00592042
0.01481
-0.0308984
0.00630178
-0.0133079
-0.0341595
0.0331887
0.0131999
-0.0352256
-0.0356345
0.074513
-0.00166969
-0.0253771
0.0355756
0.0292385
-0.0101575
0.0331653
0.0333735
0.0316462
0.0482345
-0.00466062
-0.031887
-0.0148285
0.0115204
0.0225117
-0.026738
-0.0176294
0.0358209
0.0125725
-0.0229114
-0.0343342
-0.0452527
0.0344674
0.0126431
-0.0358186
-0.0427399
0.00582755
0.0749569
0.0319693
-0.0282018
-0.0488724
-0.0411648
-0.00528753
0.00865142
0.0358138
-0.027153
-0.0104641
0.0309107
-0.035193
0.0441958
-0.0540198
-0.0515207
-0.00269269
-0.0438161
0.00384759
-0.0265389
-0.00141097
0.0301093
0.0266532
-0.00283559
-0.024118
0.0110893
-0.00352238
-0.0427289
-0.0162245
-0.0423797
-0.0159444
-0.023815
-0.0306433
-0.0148432
0.0195412
-0.00297717
-0.0335006
0.0235789
0.038103
-0.0157188
-0.039688
-0.0180818
-0.000250241
0.0369147
-0.0415238
0.0329954
-0.00207961
0.0401063
0.0381122
-0.0378008
-0.00541341
0.0486461
0.0362522
-0.00849683
-0.0474155
0.00547473
0.0242001
0.0130503
0.0378374
-0.0550431
-0.0219892
-0.0236997
0.0167433
0.049965
0.0116405
-0.00901553
0.0268007
-0.0670912
-0.0229042
-0.0191133
-0.0225862
0.0711217
-0.0109529
0.0141389
0.0381756
0.00386211
-0.0489606
-0.0408588
0.0270649
-0.000752743
0.0488893
-0.0165272
0.00058331
0.0523402
-0.00207408
0.0597821
0.0228689
0.0154199
-0.00632876
0.0203501
0.0245855
0.0115834
0.0255131
0.013837
0.00101365
-0.00433311
-0.00452806
0.0368128
0.0722101
0.010273
0.011997
-0.031364
-0.0300732
-0.0359698
-0.0241571
-0.0208213
-0.0110556
-0.0113606
0.0359476
-0.0288438
0.0174639
-0.030682
0.025746
-0.0272684
-0.0291951
-0.0255479
0.0369317
-0.0589769
-0.0119629
0.0365141
-0.0444037
-0.0304728
-0.00727047
0.0183485
0.0807296
-0.0613383
-0.0121506
0.0109578
-0.0376684
0.0779356
-0.0486718
-0.0265749
0.0230926
0.0385264
-0.0203425
0.0119788
0.046196
0.0247199
0.00492412
0.0209631
0.0123564
-0.0592365
0.0187812
-0.0365449
-0.0614996
0.00821821
-0.00962639
0.10729
-0.0582151
0.0579244
0.0777385
0.0334587
-0.0453049
0.00625242
-0.0513136
0.00232733
0.00736635
-0.0100647
0.0375471
-0.03169
-0.055021
-0.00140508
-0.0313333
-0.0479561
-0.0408123
-0.0133695
-0.00250379
0.0461726
-0.0102884
-0.0363178
-0.0630106
0.0115628
-0.0568827
0.0444431
-0.0333091
-0.0149435
-0.0451264
-0.0514147
0.0119153
0.0385814
-0.0134938
-0.0262672
-0.0515998
-0.0550076
-0.0302532
0.0226073
-0.0376506
0.0431709
0.0137527
-0.000839262
0.0205499
0.0435024
0.0159752
-0.0433988
-0.00298272
-0.010433
0.0432945
-0.0384261
-0.0403845
0.0100404
0.00700534
0.03296
0.0451325
0.00365998
-0.0451676
-0.0455467
0.0197181
0.00999525
0.0113963
0.0338754
0.000365348
0.0453344
-0.0269626
0.0339025
0.0230152
-0.0306571
-0.0476521
-0.0443378
-0.00292253
-0.0375966
0.0359669
-0.0364313
-0.00159442
0.00195865
0.0318432
0.00830348
0.0208053
0.016199
0.00917771
-0.0361594
-0.0132373
-0.00364148
0.0383101
0.0192943
0.0129437
-0.0441348
-0.0456927
0.0183779
-0.0336895
-0.0143578
0.0181045
0.037112
0.0161937
0.0211063
-0.00314915
0.0184093
-0.0326698
-0.0413511
0.0207312
-0.0586845
0.0418306
0.0113328
0.00486251
-0.0383203
0.0123012
0.0203496
-0.00495816
0.0615488
0.0157069
-0.0321728
-0.0298801
-0.0481626
0.0176091
0.464284
-0.0154223
0.0499006
-0.0537223
0.0750559
-0.124754
-0.00741216
0.086811
0.131974
-0.016893
-0.0397329
0.0298313
-0.591761
-0.470003
0.310823
-0.00153043
0.30543
0.163172
0.0712125
-0.15647
-0.01113
-0.117068
0.065553
0.129099
0.139154
0.0369061
-0.197064
0.039188
-0.0173475
-0.0427668
-0.0577691
0.0747723
-0.0699531
0.00471871
-0.118999
1.12051
0.364458
0.221585
-0.0330829
0.128077
0.123585
-0.310694
0.165435
0.052379
-0.00356155
0.0874697
0.14153
0.0462024
0.0388386
0.0198341
0.0517692
-0.0844669
0.322638
0.19015
0.126842
0.0115145
-0.0873465
0.0347592
0.0664772
0.254329
0.0428073
-0.0608297
-0.0145035
0.0929287
0.046759
-0.0214305
0.00804414
0.0272996
0.236313
-0.272258
0.0322492
-0.180076
0.14666
0.160675
0.214021
-0.0655759
-0.100043
-0.0927778
0.00126587
-0.00582335
0.0244488
0.19391
-0.13667
-0.0686934
-0.290549
0.0609513
-0.0393036
0.0217215
0.068542
0.0865191
0.171755
-0.0931691
0.0398853
0.00870515
-0.0173247
-0.0319356
-0.039505
-0.0324262
0.0347696
0.122256
-0.136618
0.0887763
-0.228948
-0.00478998
-0.0825042
0.0832774
-0.0205313
-0.0173303
0.122305
-0.0184857
-0.000606627
0.0133755
0.0129732
0.0292524
-0.0717139
-0.0547051
0.0154226
-0.00574322
0.0373771
0.08467
0.124793
0.190293
0.0232163
0.035826
0.0296319
-0.014305
0.24939
0.0110227
0.0459041
0.0219858
-0.0926258
0.289192
0.0633527
0.0683699
0.0774539
-0.0306002
0.0387972
0.0192018
0.0276703
0.00115971
0.0216835
-0.021149
-0.0304066
-0.0171687
0.0415348
0.00247757
0.0233346
0.0315769
0.0887102
0.0584323
0.0223659
0.0394322
-0.00280778
-0.0399194
-0.0278883
0.0719384
-0.00958894
0.0111121
0.0120869
0.00560549
0.0291925
-0.0275008
0.0179393
-0.0129174
-0.116412
-0.0232874
0.022018
0.0216677
0.0428071
-0.0313204
0.0312152
-0.0437511
0.0476109
-0.025858
-0.0310264
-0.0221312
-0.0279411
-0.000429888
-0.028261
0.00483373
-0.00456795
0.114972
-0.038414
-0.0168097
0.0837296
-0.0231564
0.0345085
0.0489907
-0.0379819
0.000311411
-0.0467758
0.024253
0.0472601
0.0210566
-0.0143726
-0.0191039
0.0342378
-0.00024675
-0.0366522
-0.0215038
-0.0367972
-0.0204394
-0.00457893
0.0200254
-0.00943613
-0.0101629
-0.0485296
-0.0413391
-0.0286102
-0.00786553
-0.00121391
0.00522155
0.0139871
0.151381
0.0812595
-0.00690385
0.285628
0.0207573
0.0964833
-0.113224
0.188933
-0.0157441
-0.0314216
-0.00354735
0.184123
0.179493
0.000156475
-0.125344
0.171321
-0.103408
0.0299953
0.0872817
0.0438043
0.0110641
0.0416986
0.0315947
0.0221847
-0.226279
0.222608
0.151936
-0.0304139
-0.0621007
0.012707
-0.00488782
0.00830885
0.105055
0.0143967
0.117253
-0.01036
-0.00771631
0.0217408
0.0521313
0.00421
0.0259737
-0.0510508
-0.224349
-0.0502946
0.0969579
0.114202
0.0852499
0.129558
0.216391
-0.0277834
-0.018242
0.0238437
0.00612005
0.0442756
0.0177498
0.057506
-0.0756085
0.0987524
0.199688
0.0409964
-0.0502555
-0.0323353
-0.16679
-0.170136
0.0783144
-0.249463
-0.0390199
0.0334665
-0.279297
-0.302394
0.0344119
-0.0272715
0.140556
0.339435
0.0625453
0.184258
0.456774
0.048064
0.000125254
0.00180703
-0.00651644
-0.115116
-0.0529097
0.0235498
-0.0531247
-0.176099
0.111705
-0.0102493
0.181483
-0.00410693
0.141643
-0.0352893
-0.0862585
-0.0822536
0.481133
0.0120352
-0.358703
0.0624439
0.0192355
0.141854
0.03735
-0.0490659
0.0255786
-0.200706
-0.109053
-0.133113
0.121573
0.293525
0.281764
0.154227
-0.28939
0.0686117
-0.0435396
-0.0531786
-0.0517026
-0.017952
-0.0143933
0.173622
-0.0731317
-0.332862
-0.24344
-0.137806
-0.00334165
0.0744772
0.0419342
-0.0376295
0.0368142
-0.270056
-0.0129672
-0.045924
-0.0159916
0.0294568
-0.0188506
0.0110162
0.0442421
-0.00761891
0.0410069
-0.00113966
-0.0156137
-0.00283335
0.0408166
0.0413456
-0.0404434
0.0198839
0.00744391
0.0012475
-0.0283902
0.0468397
-0.0269181
-0.0153144
-0.039904
0.0411086
0.0440728
0.027183
0.00158238
0.0391357
-0.0272359
0.00780554
0.118303
-0.0253467
-0.0209561
0.0476208
-0.0199803
0.0468353
0.0258205
0.0265017
0.00187321
-0.0292876
-0.0166483
-0.0125694
-0.0331585
0.00879475
-0.0176368
-0.0372519
-0.0234507
0.0216995
0.0413017
0.0381206
-0.000434749
-0.0151556
-0.0234577
0.0306327
0.0419023
0.017471
0.0209383
0.00380154
0.0281335
0.0131266
0.0124966
0.0583275
-0.0606094
0.00385868
-0.00106749
-0.0356521
-0.0212377
-0.362297
0.12303
-0.0660545
-0.0116169
-0.0230687
0.00997749
0.0343571
-0.052942
-0.0203178
0.00259058
0.0237019
-0.00423102
-0.0599652
-0.00427709
-0.0416597
-0.0248384
-0.0657096
-0.013792
0.0249166
-0.226711
-0.121678
-0.0830462
0.0174179
0.0552669
-0.0271765
-0.0139741
-0.106589
0.0393944
-0.0181276
-0.0924143
-0.0825114
-0.0318154
-0.0314318
-0.0485915
-0.00320525
0.0386468
-0.0656019
-0.0188314
0.0222347
-0.0513789
-0.04464
-0.146436
0.260901
0.196969
0.0198703
-0.013118
-0.0893331
0.0513199
-0.111489
0.0625616
0.00839899
-0.0306635
0.0262544
0.0951936
0.00500241
-0.00526927
0.0237554
0.0218231
-0.0147473
0.114446
0.00220656
-0.0114202
0.0428132
0.0253647
-0.0436219
-0.0989539
0.0720639
0.01471
-0.0758724
-0.0296656
0.0571609
-0.000557291
-0.0352557
-0.0296291
0.0396405
0.037032
-0.00924824
0.00286358
0.064609
0.0195726
-0.0440118
0.0584159
0.0323534
0.0326259
0.0338141
0.00489967
0.0409253
-0.0147516
0.083076
-0.0450502
-0.0910988
-0.121333
0.00465849
-0.0198425
0.0441491
-0.0174086
-0.0513236
-0.0010772
-0.00856759
0.0385924
-0.0348896
0.0374042
0.0604453
-0.0244961
0.0427386
-0.015346
0.0528692
-0.00730286
0.0205777
-0.0286191
0.00379326
-0.0468215
0.0205187
-0.00229747
-0.0269868
-0.0163014
-0.0317947
0.00862151
-0.0442878
-0.0350013
0.0366822
0.0070656
-0.0495816
0.0188083
0.00372768
-0.00458868
-0.0135982
0.0603965
-0.0796492
-0.0136416
-0.0217616
0.0356362
0.0029372
-0.0299011
-0.0361857
-0.0179122
0.00958327
0.0429513
0.0607056
0.0541094
-0.0735374
-0.0439578
0.0166767
0.0420609
0.0365716
0.0379834
-0.0360453
0.0313576
-0.0377365
-0.00120087
0.0431839
0.00738785
0.0511878
-0.018287
-0.0324988
0.0120404
-0.0492722
-0.0179785
0.0433353
-0.0113201
-0.0220986
-0.0222498
0.021449
-0.0368737
-0.00626019
0.037985
-0.0106724
0.0270824
0.0327008
-0.0490542
0.0377912
-0.025171
0.0177364
0.0293428
-0.0319189
0.00781046
-0.0328955
0.00420938
-0.0287791
0.000486433
0.0144234
0.0197378
0.0311488
0.0193232
0.0117386
0.0280651
-0.0126206
0.046675
0.026163
-0.0365303
0.00665453
-0.00825775
0.0152263
0.000978229
-0.0367362
-0.0451526
-0.0353197
0.00937496
-0.0291735
-0.00641812
0.0268816
0.0456771
-0.0271744
0.0166869
0.0366593
0.031601
0.0413012
0.0102769
0.0346531
0.0172259
-0.0304087
-0.0155822
0.0148135
0.00877814
0.0229637
-0.0369225
-0.0329536
0.0247339
0.0036099
-0.0150985
0.0506906
0.0498114
0.0379483
0.00172645
-0.0524826
-0.0175361
0.0340289
0.00753538
0.0430908
0.00489704
-0.00708962
0.102524
-0.0428115
-0.0419743
0.0498179
-0.000334862
0.0434026
-0.00922119
0.0480776
0.0238265
-0.0543948
0.00477893
-0.0149948
0.00943387
-0.0321361
0.0375392
-0.04407
0.0203717
0.00626774
-0.00132744
0.0367233
-0.0422156
0.0195508
-0.0330774
0.0233188
0.039831
-0.0163768
-0.0274787
0.0387545
-0.0473165
0.0441127
0.00154706
-0.0700682
-0.00689139
-0.00441945
-0.0494969
-0.0915662
-0.00626324
-0.0050569
0.00108247
0.015356
-0.0250837
0.0337257
-0.0179378
-0.0150139
0.00158087
-0.0542202
-0.0292605
0.0162701
-0.0490777
-0.0238485
-0.0319374
0.0805821
-0.0370071
-0.0523529
0.0692466
0.00310259
0.0615154
-0.0270525
0.0909096
0.0127404
-0.0232748
-0.0207163
0.0398645
0.0698603
0.0324117
0.055357
0.0597757
-0.0223928
-0.157717
-0.0778924
-0.0421133
0.0939842
0.0430465
-0.00656373
-0.0397449
-0.0401843
0.0344164
-0.089158
-0.079076
0.0131661
-0.040453
0.041558
0.00435065
0.013234
0.0381208
-0.0530169
-0.0132249
0.00169571
0.0490804
-0.0184335
-0.0485441
-0.0207988
-0.00743152
0.0211306
0.10452
0.0290703
-0.0418278
0.00183581
-0.0522196
0.0278244
0.0125518
0.0709773
0.0275592
-0.0381911
0.0255694
0.0435733
-6.63131e-06
-0.0143786
-0.0312868
-0.0427024
-0.0330205
0.0702614
0.071829
0.00217408
-0.0211505
0.00379382
-0.0990805
-0.0289932
0.00315387
0.048202
0.0350355
-0.0325176
0.0324005
0.0463215
0.0264048
-0.00718923
0.0088461
0.0338728
-0.0231454
-0.00752307
0.019744
-0.00721603
-0.00635201
-0.0163013
-0.0297407
0.0194362
-0.0356307
-0.00757396
-0.031251
0.0214883
0.0302361
-0.0324359
-0.0273894
-0.0208496
0.0430863
0.0175339
0.0339714
0.075259
-0.0293094
0.0398597
0.00655537
0.00754841
-0.00722615
0.0392899
0.0461013
-0.0199541
0.000856608
-0.00619172
-0.00215592
-0.0452727
0.0108345
0.0459584
0.0439869
0.0115343
0.00149957
0.0456595
0.00128146
-0.0485377
0.0121139
-0.0120013
-0.00711743
-0.0284496
-0.0156271
-0.0143253
-0.000133782
-0.00192782
0.00523715
-0.00136507
0.0412805
-0.0647481
0.0238465
-0.0287501
0.0186679
-0.0490607
-0.0798066
0.0681951
-0.0295042
-0.0199518
0.000961051
0.048007
0.027587
0.0688202
0.00533346
0.0300153
0.00848509
-0.0561013
-0.0802568
-0.00967359
0.0139812
0.0153455
0.0167207
-0.0219937
0.0202207
-0.23641
-0.182019
-0.26892
0.00512101
0.0748284
0.0687063
0.0579705
-0.0532013
0.0481971
-0.0517602
-0.0414473
-0.00660395
-0.0432735
-0.0516446
0.0614861
0.0120338
0.053355
-0.053029
-0.0512556
-0.0609151
-0.0221606
0.00621822
0.0109641
0.135374
0.131778
0.0827118
0.0359288
-0.116197
0.0661102
-0.0208933
0.057335
-0.0806012
-0.0212013
0.0523382
-0.0347361
-0.051863
0.0330202
0.102313
-0.0355241
-0.00449542
0.1538
0.0203584
0.0819658
0.00431912
0.120938
0.0387403
0.0405224
0.0387374
0.0232071
0.016656
-0.0281686
-0.0819677
0.0142639
-0.139985
0.0291501
0.0360382
-0.044578
-0.0351793
-0.0104167
0.0695545
-0.0641262
0.0244075
-0.0506882
0.0279456
0.0475817
0.0081807
-0.00351488
-0.0323438
-0.0451378
0.0394992
-0.00674579
-0.173733
0.00702197
0.0686782
-0.018847
-0.0926455
-0.0854734
0.0218183
0.0269031
0.025077
0.0368337
0.0147707
0.00170882
0.0662754
0.0259515
-0.0385849
-0.00748626
-0.0341169
-0.040545
0.00926981
0.0125762
-0.0157615
0.0109888
-0.0118849
0.0110806
-0.0391886
-0.03316
0.0387737
0.0155198
0.0335247
0.0358874
-0.0317903
-0.0297927
0.0186593
0.0355972
0.00911452
-0.0306621
-0.0449051
-0.0958549
0.0193709
-0.017334
0.00874038
-0.0602873
-0.000694168
0.111117
0.0223159
-0.0176754
0.0485958
0.108812
0.100276
0.0483476
0.0883786
-0.0301876
0.000137033
0.0111379
0.0387047
-0.0455026
0.0318509
-0.0168396
-0.0471778
-0.0318896
-0.0474725
0.0207314
0.0188412
0.0368931
0.00675493
-0.0404243
-0.00813066
0.0208875
0.0259023
0.0274544
0.0722519
-0.0266386
0.00529394
-0.0300152
-0.00550817
-0.0125943
-0.0172054
-0.0454575
0.0403927
0.00551456
0.0240495
0.0287805
0.0116418
0.0158288
0.00425843
0.0187516
-0.0140681
-0.00327054
-0.0296161
-0.0454203
0.00338107
0.0120014
-0.0157887
-0.00911918
-0.0272136
0.0397919
0.0661797
-0.0234897
0.000975857
0.0105996
-0.0421557
-0.0279211
0.00925996
-0.00675527
0.0757118
0.0362939
0.0311386
0.034444
0.00330098
0.0181855
-0.0129134
0.000748477
0.0186651
0.0142385
-0.00771121
0.0305054
-0.00737917
-0.0109979
0.0405476
0.0481537
-0.0138482
-0.0197598
-0.0133815
0.0340896
0.062471
-0.0470371
-0.00244245
-0.0365052
-0.0134532
-0.0589632
0.0391449
-0.00645373
-0.0384754
0.182991
-0.0259157
0.0385284
-0.0298225
-0.0338031
-0.0362772
-0.00296689
-0.0494358
0.04553
-0.0379222
0.0488255
0.0961399
0.0671751
0.0683111
0.0328321
-0.0378472
0.00914446
-0.0193094
-0.0429062
-0.0501338
-0.0707766
-0.009188
0.103901
0.16403
0.00820824
-0.0552626
0.0644714
0.0663999
-0.0196115
-0.0408834
0.0197235
0.0683775
0.0210409
-0.0260288
-0.00648296
0.102549
-0.0267004
-0.0335966
-0.0774571
-0.121296
-0.0231493
-0.113901
-0.0289244
-0.0102718
0.00599314
0.0240384
-0.02844
0.0126461
0.0152155
-0.0308296
-0.0177168
0.0652612
-0.015949
-0.0785449
-0.0561149
2.95841e-06
0.0319308
-0.0403276
0.00590083
-0.169949
0.184276
-0.0433406
0.01798
0.053702
0.0416702
-0.0163762
0.0945246
0.0224907
-0.0160361
-0.0434223
-0.0338029
-0.0553407
0.0193991
-0.0517165
-0.00822742
0.0367919
0.0917793
0.0121057
0.0156473
-0.0385648
-0.0110176
0.000559927
-0.00200703
0.135487
-0.0623268
0.158362
0.109987
0.0479955
0.054876
-0.0340442
-0.0972207
-0.00289003
0.0150349
0.12245
0.0362962
0.00119259
0.0363794
0.0411039
0.0475226
0.0269191
0.228837
0.0569552
0.152994
-0.0784631
-0.0908874
-0.0457981
-0.0740858
-0.0137497
-0.0219082
0.0865539
0.0322757
0.0464917
0.0141479
0.0135925
-0.0909327
0.12236
-0.0954762
-0.0518807
-0.0342125
-0.0570755
-0.0138774
-0.0420453
-0.0467656
-0.00624596
-0.0933163
0.0189549
-0.0137108
-0.035828
-0.029356
0.0272391
0.0064711
0.042841
0.0234391
-0.00982197
-0.0386563
0.023894
0.000265847
0.0298727
0.00464381
0.0110893
-0.0326969
-0.00616259
0.0438257
0.0152133
0.00350723
0.0287805
-0.0405678
-0.0262834
-0.0298987
-0.0394423
0.036264
-0.00644758
0.0205778
-0.0459695
0.0152402
0.0574507
0.0131548
0.00048821
-0.0321891
-0.019392
-0.0309311
0.00746171
-0.0190522
-0.0188113
0.0171279
-0.0156391
-0.0174495
0.0396226
0.0448807
0.00412866
0.0123291
-0.0156374
0.0207223
-0.0374656
-0.0154324
0.0463514
-0.0197994
0.0343084
0.0259796
-0.015636
0.012975
0.00477088
0.045994
-0.0196283
0.00742772
0.0497663
0.0265004
-0.00395621
-0.0291278
-0.0347374
-0.0384934
-0.0676214
-0.0196514
0.051208
-0.0453114
0.0444631
0.00916594
-0.0327791
0.0320109
-0.0258408
0.0583336
-0.00343897
0.0537247
0.0195112
-0.0142042
0.015733
0.0444156
-0.0510164
-0.0143154
0.00295129
-0.0471322
0.0466225
0.0623577
0.00416479
0.00764355
-0.0614461
-0.0578309
-0.0646211
0.0262295
-0.0345755
-0.000792111
0.0362751
0.00166098
-0.0295188
-0.00624733
-0.040113
-0.0204343
-0.0381645
0.0588195
0.0577206
-0.0515514
0.0522999
0.0174085
0.0100373
-0.0849203
-0.127049
-0.0238279
-0.0350999
0.0908414
-0.048522
-0.00143832
0.010113
-0.00217036
-0.00756941
0.0341402
-0.0303261
0.0283901
0.0254744
-0.0573916
-0.0121938
0.0115667
-0.0442392
-0.00272999
-0.0632386
0.030425
-0.0332983
-0.045923
0.0763321
-0.00151157
0.0275391
-0.000574546
0.0209754
-0.0298998
-0.0609516
-0.00578866
0.0282851
0.0247228
0.0194324
0.0515134
-0.0184153
-0.0425287
-0.0242092
-0.0482493
0.0100847
0.0724934
0.00262754
0.00499266
-0.0257769
0.034496
-0.0452156
-0.0285212
-0.0157462
0.0305579
0.0277375
-0.015762
-0.0162463
-0.0377548
-0.00198914
0.0434429
-0.0282861
0.0158065
0.0402925
-0.0469047
0.0408313
-0.0987874
0.0138237
-0.0225921
-0.0463702
0.0364764
0.0223521
0.0266046
0.0142124
0.0577291
-0.0470972
0.0118632
-0.00603469
-0.0349404
-0.00311054
0.00682123
-0.0133075
0.0165462
0.0320547
-0.00308776
0.0246861
0.0884639
0.0397695
-0.0347476
-0.0266126
0.0397146
-0.0143018
-0.0156712
-0.0255355
-0.0252612
-0.0160361
-0.0353853
-0.0040986
0.021209
-0.0297901
-0.0396238
-0.049545
-0.0757649
-0.0553061
0.0242764
0.0589885
0.0148206
0.00326352
0.0196719
-0.0240962
0.0163558
0.0654173
-0.00255685
-0.021388
0.00977976
-0.0336092
0.0165183
0.0185827
0.017049
0.0250231
0.0427581
0.0075904
-0.0441817
0.0413766
0.00607954
-0.0457155
0.0324987
-0.0169495
0.0101747
-0.0112323
-0.0160308
0.015969
0.00372416
-0.0236866
-0.0183376
0.0194205
0.00295817
0.0317528
-0.0250537
0.00143538
0.0433121
-0.0397805
-0.0171943
-0.00582231
-0.0370204
-0.0029471
0.0276411
0.0120182
-0.0212375
0.0201051
0.029437
0.00822338
0.0267381
-0.0435892
0.000451518
0.00189579
-0.0146872
-0.0377511
0.0302781
-0.0453396
0.00619183
-0.0259173
0.00137367
0.0117192
0.0307352
-0.00350932
-0.0407457
0.0545156
0.0171235
0.00440588
-0.0186552
-0.00640164
0.0322752
-0.000882352
0.037712
-0.0139387
0.0267162
0.0280236
-0.00494577
0.00982297
0.0192629
-0.0243653
0.0159824
0.0191158
-0.0105556
-0.0142536
0.00108327
-0.00335922
-0.0360241
-0.051236
-0.0231603
-0.0134561
-0.0163435
0.0472648
0.0242956
-0.042132
0.0338974
0.0594945
-0.0246034
0.0132183
-0.0495584
-0.0425939
0.00985141
0.0286108
0.0432164
-0.0272543
0.0249454
0.00591221
0.0147832
-0.0169268
0.0162549
0.0377426
0.0342045
-0.029686
-0.00703976
0.0278233
0.071926
-0.00936374
-0.0597498
-0.0334743
0.0498114
0.00376925
-0.0236641
-0.0385914
-0.0422868
0.0187867
0.0584089
-0.00828421
0.0143387
0.0217447
0.0899886
0.0396146
-0.0289211
0.0634595
0.0450319
-0.0143119
-0.0418433
-0.0500696
-0.00982953
0.015639
-0.0256594
0.0212564
0.0390489
-0.028985
0.0207768
0.0605786
-0.0284435
0.105035
-0.0364638
-0.0584905
-0.0491282
0.00544663
0.0260182
-0.0316082
0.027856
0.0397931
0.0291619
0.0457646
-0.0156267
0.0481474
0.00387122
0.0202963
-0.0032083
0.0457649
0.0248749
0.0082259
-0.0499921
-0.00517944
-0.0545476
-0.0257438
0.0725507
-0.059736
0.13666
0.0505803
-0.0467069
-0.0174552
-0.0258451
-0.0578446
-0.0298586
0.0187838
0.0456618
-0.047508
0.00594986
0.0326655
-0.00902902
0.0128569
-0.038622
-0.0796987
-0.0307682
-0.0440957
0.00281335
-0.0442183
-0.028105
0.0378656
0.0161275
-0.0246962
-0.0256823
0.0113357
-0.0223852
0.019149
0.034435
-0.0342188
-0.022041
-0.044187
0.00375958
0.0146851
0.00794921
0.0224871
-0.0393415
0.00609877
0.0126506
0.0415144
0.0240194
-0.042466
-0.0159607
0.00991369
-0.00110805
0.0102644
0.0369429
-0.0111058
-0.0360914
0.00641816
0.0312287
-0.0335844
0.0423886
0.0176756
0.0266001
0.0111665
-0.0346675
0.00814312
-0.0110561
0.0287689
0.0454272
-0.0102783
0.0105024
0.0038264
-0.02814
-0.0354956
0.0284411
-0.0287101
-0.0118519
-0.0424805
-0.0418948
-0.0418686
-0.0344911
0.0206443
0.00364607
-0.0465619
0.023555
0.0122653
-0.0148118
0.0332485
-0.030951
-0.00813034
0.0333906
0.028409
-0.0118352
-0.0422317
-0.0367983
0.0367224
0.0383633
0.0426916
-0.0370044
0.0302849
-0.00412093
-0.0114897
0.0159037
-0.0109058
-0.00240228
-0.02988
-0.00928882
0.00984614
-0.0235457
-0.0445234
0.0118207
0.00795218
-0.0383446
0.0374979
0.0360886
-0.0195465
0.00981922
0.00893642
-0.0309022
0.0196925
0.0405492
-0.0359395
-0.0792532
0.0455704
0.0505262
0.0333218
-0.0405585
-0.0629147
0.0380614
-0.0336288
-0.0294028
-0.00285246
0.0112918
-0.0298515
-0.124372
-0.0317184
-0.0654751
-0.0136106
0.0918342
0.0290047
0.0280218
-0.0397954
-0.016808
0.046043
-0.0608381
0.0275548
0.0445327
0.039849
-0.0892722
-0.0268304
0.0127295
0.0194768
-0.0524017
-0.0249077
0.0375407
0.0472043
0.0262655
0.154856
0.0764893
0.0533658
-0.0337053
-0.0575976
0.0425599
-0.0491628
0.0339142
-0.0223571
0.0292021
0.0665511
0.0419676
-0.0100249
-0.0432212
-0.00150036
-0.0306499
-0.0217057
0.0541891
0.0718274
-0.0550995
0.0164353
-0.0175324
-0.0451812
0.0394915
0.0461652
-0.00583366
-0.0367987
-0.0407078
-0.0612797
-0.0289842
0.0128574
-0.0384525
-0.0125931
-0.0714625
-0.0317432
0.0266661
-0.0296539
-0.0285584
0.0339129
0.0593919
-0.00738134
0.079955
-0.0313044
0.0223308
0.0504071
-0.00908793
0.0617177
0.032301
-0.0372019
-0.0885553
-0.0715133
-0.00319638
-0.0421246
0.00465772
0.00515744
-0.00316673
0.0297312
-0.0124875
0.0389553
0.00898685
-0.0612586
0.0360358
-0.0205645
-0.0151156
0.0338785
-0.0468227
-0.00263612
-0.0120513
-0.0168534
-0.00899874
0.000167688
0.0352247
0.0132071
-0.0343462
-0.0448238
-0.0322203
0.00768373
0.0317547
-0.0217163
-0.00315384
-0.00203489
-0.048658
-0.0359975
0.059564
0.018225
0.0289475
-0.0207921
-0.00483161
-0.0033212
0.0213084
-0.00854802
0.0795753
0.0165529
0.0336801
-0.0395319
-0.0268071
0.0447589
-0.054569
-0.0860555
0.0152509
0.0721375
0.0214128
0.00274825
-0.00796863
-0.0430321
0.0191753
-0.0424606
0.0125334
-0.00208404
0.0348592
0.0444332
0.0643851
0.0415441
0.0564885
0.0108097
0.0249491
-0.0478468
0.0299281
-0.00775438
0.0353865
-0.0277571
-0.0301318
0.0021242
-0.0115798
0.0372742
-0.0249325
0.00882862
-0.031715
0.023737
-0.0199861
-0.00165658
0.0407788
0.000804561
-0.0257028
-0.0452405
-0.00253819
-0.0150296
-0.0183093
-0.0298848
-0.0134741
-0.0123842
0.0149861
0.0392084
-0.000283861
0.0434233
-0.00890921
-0.0302995
0.00376171
0.00677793
-0.0142497
-0.0420076
-0.0227172
0.00167492
-0.00240392
-0.0407143
-0.0103366
0.0453994
-0.0259037
-0.0207362
0.00824693
-0.039709
-0.0630239
-0.00869951
0.0471613
0.0424262
-0.0419512
0.0270384
0.0366115
0.0436106
0.0170357
0.0129572
-0.000169787
0.00559125
0.000619588
-0.00141955
0.0115249
-0.0459475
0.0157821
-0.0356889
-0.00574027
0.000530731
-0.0296648
0.0326083
0.00340855
0.0267818
-0.0662201
0.0137228
-0.0217624
-0.00585498
0.0105253
-0.0099753
0.0692173
-0.0569505
0.0544086
0.0375746
0.0371777
0.0220982
0.0227701
0.0103105
0.0298044
0.048485
0.00158007
0.024691
0.0631224
-0.00892596
0.0211717
0.00683463
0.0280325
0.0297578
-0.00311714
0.0104355
-0.00954655
-0.0393785
0.0274142
-0.0367123
0.0180656
0.00443115
0.0107215
-0.0445197
0.0106217
-0.00395335
-0.00506092
-0.0604265
-0.0316405
-0.0376658
-0.0190455
-0.0175441
-0.0474226
-0.0097627
-0.0115103
-0.0015658
0.037325
-0.0224073
0.025794
-0.027355
-0.0369841
-0.0205692
-0.0169522
0.0282829
0.0298464
-0.0265662
0.0622419
-0.00297465
0.0119553
0.0366966
0.0197559
0.0489879
-0.033461
-0.012263
-0.022667
0.0321051
-0.0260163
0.0572199
0.04909
-0.0140284
0.0430053
-0.0528777
-0.0197927
-0.0745653
-0.00883758
0.0249205
-0.057101
-0.0592943
-0.0155296
0.089998
-0.0164015
-0.00963135
-0.0399591
0.0650584
-0.0272002
-0.0229809
-0.059768
-0.0148811
-0.0100736
-0.0351247
0.0154709
-0.0255886
0.0115936
-0.0471746
0.0366118
-0.0389266
0.039507
0.0242988
0.00753645
0.0170708
-0.057112
-0.0269504
-0.0097956
0.0180405
0.0129331
0.00652101
0.0358325
-0.0469998
-0.0261782
-0.0188307
0.0113289
0.0547947
-0.0701733
0.0398462
-0.0646445
0.0567646
-0.00728854
-0.029833
-0.0128325
0.00895564
-0.076227
0.00825379
0.0327668
0.0390815
-0.0470907
-0.0141413
0.0325228
0.0257312
0.0244852
0.0316849
0.00770647
0.0439765
0.0468837
-0.0373577
-0.00961102
-0.00838627
-0.00335486
-0.0311871
0.00247006
-0.0227801
0.0175478
0.0120017
-0.0154253
-0.0102386
0.0118787
0.0241062
-0.0330243
-0.0339798
0.0323073
0.0400985
-0.0158265
-0.0119111
-0.0294871
-0.0238709
-0.0432923
0.0289752
0.0252304
0.00553818
-0.0363004
0.0115052
-0.0201825
0.0368701
-0.0319475
-0.0318478
-0.00507309
-0.0326178
-0.00825097
-0.0432954
-0.0335652
0.0332305
0.0111976
0.0348279
0.0467436
0.0306602
-0.0231481
0.0309101
-0.0313921
-0.040507
-0.0473035
0.0207861
0.0106267
-0.0418453
-0.0221952
-0.00978112
-0.0279639
-0.0315396
0.0123561
0.0420712
-0.0845434
-0.0162576
-0.0272365
-0.0158562
-0.0202619
0.0321123
-0.00736524
-0.0401077
0.0107028
0.0241511
0.0205754
-0.003639
-0.0137048
0.0149733
-0.00755016
0.0447373
-0.0377467
-0.0440613
0.0371034
-0.0659979
-0.0149631
-0.0538268
0.0405881
-0.0315238
0.0254916
0.0321246
0.0286337
0.0124426
0.0338812
0.0368558
0.0332621
-0.0408318
-0.0422817
0.0470191
-0.043638
0.0185329
0.0471265
0.025764
-0.0631245
-0.0029755
0.00599392
0.0230886
-0.0642906
0.0203002
0.0444177
-0.0235041
-0.000582056
0.0210563
0.0559026
-0.003637
-0.0056926
-0.0307232
-0.0247384
-0.0269157
-0.0154935
0.00640507
0.0206234
-0.00424948
-0.0272626
-0.0303763
-0.00565254
0.0467377
-0.0343562
0.0535532
-0.0226879
-0.0468382
0.0256388
0.0125075
0.0382563
0.0181117
-0.0463645
-0.0604726
-0.0522206
0.0258694
0.0325987
-0.0513468
-0.0309222
-0.0311054
0.0158847
-0.0607714
-0.0140903
0.0112821
0.0284534
0.0479468
0.0208685
-0.0414099
-0.0123591
0.00471023
0.0535408
-7.26216e-05
-0.0634937
-0.0403195
0.0439326
-0.0329822
0.00364404
-0.0220857
-0.0335277
0.00676451
0.00644895
-0.00548529
0.0204437
-0.0264325
0.0528553
-0.0109761
0.0419184
0.0167998
-0.0210463
0.0448689
-0.054367
0.0192102
-0.0535738
0.00872747
0.00153215
-0.0329683
-0.0272189
-0.0469636
0.0363875
-0.0127789
0.00245585
-0.0218165
0.00298741
0.036028
0.00287773
-0.0246844
0.00219829
0.033165
0.0145256
0.00490251
0.0123695
0.0443742
0.00389251
-0.0250139
-0.0413574
-0.0338615
0.0450151
0.00753374
0.0383741
-0.0368284
0.0518447
0.01943
0.0111187
0.00268376
0.0172579
-0.0154328
-0.0187983
-0.0109802
-0.00990049
0.00112989
0.0102544
0.00845081
-0.0325871
0.0344748
-0.0363436
-0.056577
0.0348454
0.0341958
0.0382534
-0.00234871
-0.00270912
0.00662626
-0.0198636
0.0197217
-0.0083037
0.0317788
0.021765
0.00316055
-0.0204071
-0.0373123
0.0457557
-0.0282066
0.00435068
-0.0114549
0.0144981
0.0332227
-0.0233893
0.0110679
0.0443942
-0.00946767
-0.0373205
0.009545
0.00931569
0.0186593
-0.029862
0.020283
0.0331934
0.00969082
-0.0247392
-0.038061
-0.0240126
0.0142253
-0.0177197
0.0265546
0.0233459
-0.0203968
0.0112886
-0.0170046
0.0310424
-0.0385203
-0.0239233
-0.0123169
-0.0283401
-0.0146835
0.0076582
0.0526029
-0.0584635
-0.00934561
0.0408977
-0.00775997
0.0338905
0.0060293
-0.0483633
0.0330812
-0.0426549
0.0344491
0.0183796
-0.0472929
-0.021837
0.00732811
0.027866
0.0415324
-0.012968
0.0518744
0.0255769
-0.010959
0.0420711
-0.0444149
-0.00915106
0.045741
0.0487274
0.00996117
-0.00889616
0.0438408
0.0306504
-0.00425174
0.0367349
0.0252653
-0.040467
0.0168558
-0.0619446
-0.0393768
0.0131318
-0.00866458
-0.0425077
-0.00366013
-0.0149802
0.00510117
-0.0195958
-0.0523309
-0.0309334
0.0301521
0.0181832
-0.00881418
-0.0106461
-0.00919367
0.0275128
0.0158628
-0.0210389
-0.00355419
0.00652665
-0.0230556
-0.0278536
0.031422
0.000496227
-0.0489215
0.00942309
0.0103849
0.0151747
-0.0174818
0.0339844
0.00221223
0.0246799
0.0121618
-0.0428207
-0.00486953
0.0138713
0.0349782
-0.0338174
-0.0285707
-0.0030732
0.0330802
-0.0364167
-0.0335673
0.113503
-0.109348
-0.0409661
-0.000831689
-0.00709309
-0.0216869
0.00804129
-0.00939295
0.0103011
0.0349124
0.00341384
-0.0845379
-0.0176174
-0.0133544
0.0781878
0.0182691
0.00732564
-0.0279507
0.0402164
0.045035
0.0183243
-0.0125083
0.0511028
-0.053119
0.00132606
0.0226707
0.0724117
0.0518624
0.0481362
-0.0223743
0.0366879
0.0395393
0.0205612
0.00931629
-0.0444158
0.000876983
0.0238306
-0.0520422
-0.0107736
-0.0108281
-0.00981085
0.0674159
-0.00481416
0.0573342
0.0164244
-0.0191637
0.0548806
0.0428826
0.00759462
-0.0369548
0.00106929
0.058541
-0.00581017
0.0106746
-0.0383062
0.0135668
0.0238522
-0.0278437
0.0171701
-0.0555296
0.0328555
0.0136674
-0.0420222
0.0259789
-0.00568651
0.00272665
0.0441554
-0.0452717
-0.00306027
-0.0038403
-0.0332796
-0.0203375
0.00696589
-0.0186618
0.00639837
-0.041343
-0.036802
0.0449466
-0.0439033
0.0120404
0.0467669
0.0467529
0.0260149
-0.0450142
0.00209063
-0.028942
-0.0418447
0.0184177
-0.0149601
-0.00735228
0.0278817
0.00812829
-0.00183863
-0.0215597
0.0461195
0.0377058
0.00889823
0.00708098
0.0136417
0.0445964
-0.0372333
-0.0370177
-0.040903
0.0244466
-0.0170116
-0.0302672
-0.0400055
0.0205206
-0.0015842
-0.00279668
-0.0263912
-0.0134513
-0.0377026
-0.0109523
-0.0421045
0.0178939
-0.0360547
0.00620219
-0.0239825
-0.0487398
0.0370144
0.0143959
-0.0320532
-0.00766455
0.0440818
-0.048957
0.0540474
0.0303658
0.00271219
-0.0161875
-0.0411518
-0.025553
-0.0190138
0.0754775
0.0168228
-0.00770432
0.00630818
0.0250067
0.0307976
-0.00987469
-0.145147
-0.0479797
-0.0296057
-0.0347106
0.0327362
0.0386428
0.0337002
0.0481955
-0.0405778
-0.0162122
0.0413581
0.00998699
-0.143004
-0.0526103
-0.008704
-0.0266469
0.00821596
-0.0795437
-0.0262665
-0.0404777
0.0146143
0.00164864
0.0272676
-0.00366309
-0.00872657
-0.0182578
-0.031005
-0.00171384
-0.0357521
0.0227173
0.00989169
0.0232995
0.0125181
0.0432719
-0.0523115
0.0730238
0.0510388
0.030911
0.0304629
-0.0853688
-0.00108055
-0.130646
0.0329767
0.00599091
-0.0606433
-0.0266472
-0.0402368
-0.0503697
-0.00335833
0.10641
0.0213115
-0.0488637
0.0893601
-0.022921
-0.0230869
0.00447022
0.0219805
0.0206173
0.00928211
-0.0462187
0.0454211
-0.0688484
-0.0298443
-0.0237758
-0.00509468
0.0190891
0.00743585
0.0280685
-0.0188136
-0.0125975
-0.0146202
-0.0478751
0.0504817
0.0296648
0.00737578
0.0417894
-0.00680816
-0.00300769
0.0238811
-0.00239943
0.00748024
0.0410214
0.0325382
0.0013496
-0.0892777
0.0317104
0.0232418
-0.0475334
-0.05487
0.0219386
-0.0229009
0.0434501
-0.0481768
-0.0529852
-0.0421887
-0.0359949
0.0304493
0.0487192
0.00808303
0.0387242
0.00244938
0.0184022
0.0514396
-0.0272501
-0.00316913
-0.0311454
0.0446268
-0.0295299
-0.027254
0.0013219
-0.0360325
0.0018066
0.00229281
-0.0223719
-0.0454972
0.0398483
0.00311638
-0.0039983
-0.0225533
0.0308493
-0.0215602
-0.0728556
0.0258193
0.0191527
-0.0453159
-0.0377965
-0.0909551
-0.028813
-0.0319781
-0.0220705
-0.0102474
0.00689561
-0.0494497
0.0191857
-0.0307315
0.0252011
0.0143251
-0.0436741
0.000838161
-0.0343781
0.0195061
-0.0289803
0.0287177
0.00220555
-0.0279501
0.0402474
0.0074414
-0.0460557
-0.0409621
-0.008701
-0.00864965
0.0102053
-0.0473114
0.0577437
-0.00425992
0.0339801
0.01441
0.0102108
0.0265104
0.0335904
0.0100319
0.0429358
-0.0103913
-0.0266728
-0.0206596
-0.0203841
-0.0353631
-0.00903374
0.00632539
-0.020883
-0.0434497
-0.0122251
-0.0117739
-0.0423199
-0.00123031
-0.0310578
-0.0183694
-0.00505013
0.00902452
-0.0288721
-0.0277913
0.00919012
0.040472
0.0387112
-0.0366389
0.00772569
0.0196848
-0.000525124
0.0252645
0.00159314
-0.025967
-0.00293425
-0.0235378
0.0134175
-0.0343934
0.019506
-0.0387691
-0.00410532
0.00493011
0.0350429
-0.0355581
-0.00641338
0.0488602
0.0283558
-0.0391489
0.0450812
-0.0232486
0.0227098
-0.0018331
0.0463927
-0.0329982
0.0144377
0.0349473
-0.0248047
-0.0370048
0.0271842
-0.00873731
-0.0192981
0.0152724
-0.0316952
-0.0453751
-0.0012638
0.041081
0.00953083
0.00727886
0.040029
0.00710643
-0.0136847
0.0437242
-0.0558807
-0.0558635
0.0207848
-0.0113927
-0.0522068
0.0452524
-0.0286326
-0.014321
-0.0514085
-0.0114892
-0.0122446
0.0253209
-0.0447558
0.0444383
-0.0360025
-0.0166234
0.0257679
0.0112194
-0.0131826
0.0341594
0.0064752
0.0382019
-0.0874093
-0.0478646
-0.0303222
0.0203425
-0.0462622
-0.0431521
-0.0498593
-0.0505917
-0.00306908
-0.0461142
-0.0413889
0.001738
-0.0174478
-0.0209407
-0.0293201
-0.029974
0.0400148
-0.0705945
-0.00773944
-0.0949412
0.0124306
-0.00962833
-0.0589466
0.0420864
-0.0757932
0.022178
0.00287452
0.0722915
-0.0246731
-0.0184933
-0.0116286
-0.0419369
0.011647
-0.030645
0.0469122
0.0363569
-0.00942162
-0.00219782
0.0216235
0.0526402
-0.00522507
-0.00198448
-0.0638629
0.0217299
0.00212113
-0.00794009
0.0435898
0.0209718
-0.0410542
-0.0141875
0.031386
-0.0275446
0.012017
-0.0291923
-0.00450103
0.0283109
-0.00777511
0.0104343
0.0515831
0.0451418
-0.00074359
0.0417754
0.0380861
0.010807
0.00165089
-0.0473118
-0.0657391
-0.0456644
-0.044861
-0.0124271
-0.0245423
-0.0357691
-0.0276224
-0.0180558
-0.0281438
-0.0301412
0.00198849
0.0519762
-0.0129836
0.0328312
0.0314013
0.0213236
0.0173261
0.0507325
0.0204256
0.0258067
-0.0475371
-0.020861
-0.0448453
0.00964511
-0.00343458
-0.0422232
0.0436458
0.0018536
-0.0258104
-0.00877243
-0.00319667
-0.00175685
-0.0252452
-0.0166093
-0.00380081
0.0154662
0.0475048
-0.00971665
0.0356414
-0.0466542
0.0346216
0.0141602
-0.00954409
0.0262849
0.0233712
-0.0381223
-0.0370609
0.0251222
0.00862808
-0.0434553
-0.0149996
-0.0421512
0.0444658
-0.00895433
0.0628773
0.032557
-0.00199472
-0.0441385
-0.00348938
-0.0215137
0.0215703
-0.0391184
-0.0409732
0.0339637
-0.00783099
0.0431785
0.0335997
-0.0319325
-0.00290425
-0.0309099
-0.0419906
0.0450552
-0.00287663
-0.0342796
0.0207476
-0.0403442
-0.0186737
0.0353545
0.0259409
-0.00839521
0.0395687
0.0353798
0.0283324
0.0695585
-0.0550258
0.0113683
0.0266237
0.0238242
0.00996226
0.0338307
0.0281082
-0.0789975
-0.0511603
-0.00274111
-0.0302023
0.0197703
0.0368543
-0.0214134
-0.08888
0.0252251
0.0124934
0.0248831
-0.0189447
0.0206513
0.0468772
-0.0328023
0.0123298
-0.0348491
0.0341457
-0.0256505
-0.115506
0.0285555
-0.102335
0.0302894
-0.0512547
0.0284287
-0.00594549
0.0476566
-0.00552875
0.0135425
-0.0108324
0.00589937
-0.0274436
0.047589
0.0260873
0.0118365
0.0289166
0.0364274
-0.0481085
0.0165817
0.0287598
-0.0116792
0.0512898
-0.0119072
0.0915708
0.0329046
-0.00950256
-0.0465448
-0.0119887
-0.0235378
0.0346376
-0.0365381
0.0118663
-0.022792
-0.0135886
-0.0453859
0.00205142
-0.0202865
0.0190072
0.0519476
0.000796801
-0.0453984
-0.0298952
0.0276707
0.0402558
-0.0302924
-0.0420757
0.037901
0.0249021
0.031738
0.0532611
-0.0415612
-0.0597871
0.0127043
0.0406024
0.0376446
-0.0425196
-0.0394563
-0.0740529
0.0506139
0.0479806
-0.0446794
0.00374888
0.0664947
-0.019861
-0.0404655
0.0101724
0.0124366
-0.0175138
0.00120822
-0.0263839
0.0100693
-0.0596626
0.0133174
0.0400365
-0.00400029
0.0121985
-0.0328713
0.0240023
-0.00394778
-0.0481437
0.0337119
-0.0317955
-0.0124414
0.0350696
0.00595043
-0.0204041
-0.0334936
0.0251576
-0.0185021
0.00885692
0.0240181
0.0313225
-0.0405048
-0.0136763
-0.0343771
0.0208024
0.0457036
-0.00406245
0.00160741
-0.0464845
-0.0438661
0.0307553
-0.0373944
0.0124035
-0.0170494
0.0280099
-0.0527653
0.00287469
-0.00999623
0.00217973
0.0411639
-0.0269679
0.028475
-0.0168367
0.0304674
0.0469823
-0.0139304
-0.00252575
0.0523824
-0.0270099
0.0276245
-0.0225877
-0.00629408
-0.00329496
-0.0171413
0.041486
0.00637544
-0.0702916
-0.0159993
-0.00582032
0.043621
-0.0460466
0.0387798
-0.0466076
-0.0387351
-0.0491366
-0.0400153
-0.0190141
-0.0301239
-0.0420835
0.0257336
0.0254833
-0.0378591
-0.0126355
0.00288855
0.0119443
-0.0436459
0.0452844
-0.0102936
-0.0284949
0.0211734
-0.0394101
-0.0173035
0.0383773
0.03906
0.0199091
-0.000689269
-0.0338782
0.00995965
-0.01178
0.0413963
0.0301851
-0.0433507
-0.00636807
0.0187424
0.00307159
-0.0280389
-0.00698809
-0.0382681
0.00465973
0.0473472
0.0255766
0.00460257
0.0204474
-0.0351845
-0.0361771
0.0472694
-0.0175913
-0.0215372
-0.0331537
-0.0336325
0.0312793
-0.0560992
0.0173849
0.0223651
0.0476317
-0.039323
-0.0332945
0.0240219
0.0415409
0.00999332
-0.0110052
0.025671
-0.0358602
-0.0195436
-0.00559953
0.02754
0.0042907
-0.00429027
0.0306772
-0.0261046
-0.0186476
-0.0522762
-0.000753728
-0.0285909
-0.0205357
-0.0233802
0.0354602
-0.0013512
-0.00875866
-0.0274443
0.0415892
-0.0589306
0.0086402
-0.0463782
-0.0163203
0.0149702
-0.01668
0.0200506
0.0584855
-0.002864
-0.0208147
-0.00266007
-0.0399849
-0.0218384
0.0134603
-0.0456681
-0.0171456
-0.025375
-0.0103777
0.0104372
-0.0409069
0.00711676
0.043529
-0.00468933
-0.0156739
0.0360507
0.0123021
-0.0149939
0.00234176
-0.00511776
-0.0464243
-0.0676099
-0.0325804
-0.0168285
0.0133045
0.0489244
-0.0303249
0.0175549
0.039435
-0.0130065
0.0298153
0.0435161
0.0119497
0.0333595
-0.0173938
-0.0534202
-0.0594756
-0.0226169
0.0113192
-0.0154983
-0.0278379
0.0945636
-0.0428959
-0.0229067
0.0222284
-0.0417223
0.0501355
0.0155648
0.0332421
0.0363682
-0.013726
-0.0211789
-0.0616687
0.0166443
-0.0679048
0.0594126
-0.0374759
0.0286267
-0.0527751
0.0185629
-0.0150135
-0.0447005
-0.0165566
0.0853629
0.0448548
-0.0308533
0.0276852
0.107306
-0.0479027
-0.00748365
-0.017845
-0.0125773
0.0781413
0.0370366
-0.0593667
0.00585612
-0.00466708
0.00247797
-0.0168095
-0.0410851
0.0433108
0.026787
0.0133452
-0.0499806
0.0231747
-0.0174795
-0.0286956
0.0495041
0.00322777
-0.0476351
-0.0354171
-0.0310172
0.0267209
-0.0497589
-0.00674798
-0.0253341
0.0194368
0.0153744
0.0476542
-0.00980213
0.00956524
0.0392872
0.011945
0.0484399
-0.0106797
-0.0383415
0.00656595
-0.0477496
0.0280728
-0.0406334
-0.0428981
0.0448651
-0.00230807
0.00870567
0.0455806
0.0275784
0.036904
-0.0242452
-0.000868498
-0.0267483
0.0220392
-0.0182941
0.0220819
-0.019731
-0.030053
-0.0163205
0.0422498
0.0227864
-0.0266132
-0.0175465
0.0343925
0.034757
0.00113543
0.043718
0.00813065
0.0457833
-0.01508
-0.0370417
-0.0192913
0.0141346
0.00361707
-0.000372718
-0.0411547
-0.0465052
-0.00940713
0.0457279
-0.0249432
0.0328178
-0.00728723
-0.0460943
0.0338295
-0.0238995
-0.0158054
0.0142679
0.0445603
-0.0479682
-0.021103
-0.0317059
0.0238989
0.0463672
0.0180648
-0.00899897
0.000118826
0.028555
-0.00313216
0.0207633
-0.0216346
-0.0245234
-0.0371961
-0.00692135
-0.0356768
-0.0236062
-0.0217713
-0.059514
-0.00200381
0.0134343
0.0133814
-0.0231851
-0.0112234
-0.00644729
0.0369692
-0.086023
-0.0323957
0.0246693
0.0118569
0.00408831
0.0081005
-0.00389985
-0.0147155
0.0125439
0.000186982
-0.0358992
-0.0257714
-0.0214154
0.0778117
-0.0292736
0.0570584
0.0158127
-0.00492699
0.0155267
0.0413267
-0.0119004
0.0271691
0.00697857
0.032292
0.0458518
0.00226646
0.0336549
-0.0372162
0.000372034
-0.0146016
-0.0110624
-0.064245
-0.0431738
0.0472193
-0.0181286
-0.0155686
-0.0473319
0.030887
-0.0182884
-0.00614402
-0.039346
-0.089706
-0.0194933
-0.0486486
-0.0434661
0.0248692
-0.0610553
-0.034062
-0.0356136
0.0233265
-0.0361842
0.0338491
0.031638
-0.0278553
-0.0642834
-0.0116317
0.0238106
0.00674957
0.0345226
-0.0103815
0.0451494
-0.0288765
0.0197768
0.0171817
0.0252669
-0.0386685
-0.0481769
0.0360981
-0.0376465
0.042038
-0.0386082
-0.0290555
0.0127801
-0.00286429
0.0473395
0.0431379
-0.0294051
0.0250686
0.0308705
-0.0500571
0.0502798
0.0185951
0.0537921
0.00792084
-0.0508013
0.0011431
-0.051132
0.0378424
-0.0228421
-0.0719907
-0.003019
-0.0421328
0.0296573
-0.0336382
0.0523944
-0.0451907
-0.000671816
0.0115596
-0.011845
-0.0021623
0.031946
0.00614272
0.0402886
-0.00305882
0.0255588
-0.00087658
-0.022212
0.0217108
0.0390992
-0.00324099
-0.0345495
0.0401543
-0.0298885
0.0156742
-0.0160298
-0.0281846
-0.0112261
0.03975
0.0150784
-0.0243678
-0.0447223
-0.109138
0.0453387
0.029584
-0.00453396
0.0214131
-0.0665511
-0.0305759
0.00730793
-0.0419193
-0.011134
0.076596
-0.00733669
0.0603336
0.0326066
-0.036393
-0.0194749
-0.016547
-0.0247363
0.0133071
0.0402767
-0.0469959
-0.00722119
-0.0148971
-0.0450741
-0.0355369
-0.0391085
0.0335399
0.0297861
-0.0247658
0.0114803
0.033963
-0.0062923
0.0492045
0.0252212
0.0342924
0.0533043
0.0259216
0.0281792
0.00923555
-0.0406651
0.0454371
-0.0322855
-0.02389
-0.00534028
0.059846
0.0338553
-0.0303756
-0.0354762
-0.00838642
-0.038355
-0.0314108
-0.00403109
-0.0128537
0.0350631
0.0185464
-0.017614
-0.0170412
0.0394033
0.0280608
-0.00560349
-0.0230843
-0.0209944
0.0287777
-0.0261952
0.0353168
0.00572748
0.00264648
-0.00727892
-0.0271914
-0.00224616
0.0132124
-0.0298903
0.0389796
-0.0211077
0.00181994
0.0379424
-0.0318043
-0.00585597
0.0289583
0.0246832
-0.0209656
-0.00491507
0.0285054
-0.0157086
0.0164682
-0.0228307
0.0407575
0.0458445
0.0301765
0.0190195
-0.0194022
0.040987
0.0385319
0.0101836
-0.0432527
0.00443569
-0.0555778
-0.0451476
0.0218097
-0.0145296
-0.0172982
0.0220594
0.0161507
-0.0206315
0.0532526
-0.0521513
-0.0212779
-0.0164005
-0.0387429
-0.0246227
0.0401306
-0.0035943
0.0323065
0.0426656
-0.0157824
0.0164299
0.00551766
-0.000755273
-0.00625532
-0.00861953
-0.0327004
0.0255868
-0.0250754
0.0394028
0.0216016
0.0137039
-0.0247913
-0.011154
-0.03943
0.00761278
-0.0107531
0.0401692
0.0309906
-0.0470515
-0.0480484
-0.0225514
-0.00735656
-0.052907
-0.0442898
0.0111862
0.0167405
0.0116652
0.0508829
0.0230177
0.0167286
0.0339627
-0.0164012
-0.0089558
0.0115864
-0.105478
0.0314944
-0.0289674
0.00122809
-0.0144099
-0.0439529
0.0481857
0.0300598
0.0188902
0.00559092
-0.0306074
-0.000853281
0.0275942
0.0152984
0.00513722
0.0391776
0.0355906
0.0330866
0.00980426
-0.00974487
0.0352869
-0.00890138
-0.0277493
-0.00967589
-0.0358704
0.0355471
-0.0212098
-0.0279525
0.0262085
0.0359173
-0.0534302
-0.00590448
0.0100478
0.00381581
0.0301157
-0.0261248
0.0406713
0.000880281
-0.0162397
0.0248576
-0.0308694
0.013673
0.0156008
0.0142843
-0.0284068
0.0020824
-0.000801802
-0.0100233
-0.0610693
-0.0579932
-0.0500935
0.0197356
-0.0597692
-0.0384568
0.0366953
-0.0122211
-0.04845
-0.047361
-0.00190558
-0.0347848
0.0518837
-0.0328099
0.0398457
-0.025729
0.00460568
0.027756
0.0409549
-0.025276
-0.0483496
0.0418376
0.0350697
-0.00730316
-0.00905283
-0.0187791
-0.00611385
0.020025
0.0289781
-0.0428117
-0.0318608
0.0230535
-0.0379653
0.00728382
-0.00770603
0.0150624
0.0431784
0.0333746
0.00708072
0.0372632
0.020844
0.0370649
0.00967439
0.0116743
0.0385088
0.00126325
0.0434142
-0.0296617
0.039979
-0.042052
0.0192926
-0.0162878
-0.0176751
0.0059145
-0.00925041
-0.0362295
-0.0474601
0.040764
0.0274666
0.0141274
0.00240439
0.0417353
0.0252144
-0.0424579
-0.0446675
0.0041002
-0.0226578
-0.0127015
-0.0411203
0.0444697
0.04859
0.013447
0.0100508
0.00116662
0.0361514
-0.0362797
0.0263365
-0.0104007
0.0443529
0.00251899
0.0299288
0.0258855
0.0502951
0.0159339
-0.0211421
0.0083441
-0.0219569
-0.0356567
0.0448326
-0.00953211
0.00611609
-0.0269663
-0.00447508
-0.00645996
-0.0310464
0.0450725
-0.0420577
0.176618
0.035375
0.015388
-0.0410938
0.019078
-0.0238423
-0.0375352
0.0461695
0.0416615
0.0409558
0.00791257
-0.0212931
-0.167599
-0.128571
-0.0426942
0.0216826
0.0989182
-0.069369
0.0107401
-0.0572288
0.0649226
-0.041418
-0.0635294
0.0250774
0.0101091
-0.0365804
-0.107969
-0.0161523
4.33248e-05
-0.0585203
-0.0277049
0.0693483
0.000264749
0.0189587
-0.140066
0.236081
0.0607565
0.0959196
-0.0599084
-0.0353769
0.0942886
-0.0542232
0.147249
0.0274459
0.0557628
0.133891
0.101449
0.106752
0.0551152
-0.0337244
-0.00188687
-0.0698383
0.0664182
0.0831035
-0.00576602
0.00346375
0.065332
0.00180229
0.0413416
0.118469
-0.0155457
0.0512909
-0.00262135
-0.0265908
0.037145
-0.0404083
0.0389576
0.0474479
0.080319
-0.0706915
0.028245
0.0611404
0.0402026
0.00343334
-0.051404
-0.0314166
0.0552179
0.00552686
-0.00265352
0.0173045
-0.00203625
0.060645
-0.0746082
-0.00800672
-0.0947029
-0.0540094
0.0546758
0.00663163
-0.0311785
-0.00652648
-0.0388458
0.0398967
-0.0222145
0.0386622
-0.0600812
-0.0885589
-0.0143485
-0.0480923
-0.0148175
-0.022363
-0.0435603
0.0295012
-0.0150575
-0.00827746
-0.0277974
-0.0485407
-0.013498
-0.0204986
-0.00899682
-0.0316254
0.0094206
0.00856213
0.0408619
0.0481977
-0.0576783
0.0120552
0.0234532
-0.0193275
-0.038814
0.0150533
0.092187
0.0692393
0.0274225
0.0221513
-0.0460513
0.0220055
0.136523
0.0185243
0.0394907
0.0312828
0.0860548
0.00501755
-0.0203138
-0.0317962
0.0522648
0.0403121
-0.0228953
0.00236494
0.0286018
-0.00296776
0.00810865
0.0167196
-0.00438523
-0.0311081
0.0144617
0.0152192
-0.012368
-0.0190203
0.00359291
0.0590755
0.0216384
0.00399072
0.0419256
0.00324805
0.00520878
0.000257506
0.0261286
-0.0174402
-0.0320193
-0.0320861
-0.0134043
-0.0364821
0.043591
-0.030139
0.0156832
-0.0222162
-0.0255878
-0.0299161
0.0345767
-0.0282179
0.0384405
-0.0261972
-0.0146348
-0.0466581
-0.0278584
0.0481964
0.0106005
-0.0113013
-0.00808814
0.0682133
0.0383543
0.00474786
0.0434539
-0.0247957
-0.00762321
-0.0298343
0.0512865
-0.0212099
-0.0388234
0.0464473
0.0015931
-0.0292497
0.0400165
0.00322095
0.0241263
-0.0320829
-0.0131861
-0.00911925
-0.0012504
0.0172858
0.0352399
0.0287767
0.012531
-0.0132844
0.00985732
-0.0085715
-0.0350357
0.0190799
0.0368176
-0.00569302
-0.0474377
0.0436854
-0.0136868
-0.0312849
0.0305498
0.0230627
0.0501695
-0.0344916
0.0352608
-0.0691694
-0.0577846
0.0147334
-0.0133252
0.0265532
0.0365547
0.0529827
0.0651136
0.0528559
0.0624376
0.046055
0.0107074
-0.0191613
0.0581762
0.0326614
1.81367e-05
0.0189305
-0.060763
-0.0243082
0.0909327
0.075023
-0.0266183
0.000788252
-0.036482
-0.0129965
-0.00559321
0.0238574
0.00273205
0.0646024
0.00453106
-0.0468986
-0.00923462
-0.00873453
0.0232691
0.0441576
-0.0317144
-0.0635821
0.0164766
-0.00980853
0.0390286
0.0105672
0.0216226
0.0100168
-0.0595828
-0.0542397
0.0328829
0.0153866
0.0130388
0.0641624
-0.0141301
-0.0422145
-0.0456128
-0.000893297
0.0121039
-0.0559918
0.0162166
-0.012397
-0.0579458
0.0242751
0.0555904
0.0158222
-0.00857771
0.0097519
-0.0105441
0.0261984
-0.0131101
0.0962414
0.00876465
0.0505237
0.0166012
-0.0191107
-0.0290949
0.0316579
0.0177664
-0.0540841
-0.0265079
0.0439723
-0.0243998
0.0147854
0.00112217
0.0552607
-0.0177607
-0.012202
-0.0194167
-0.0537575
0.0503981
0.0135416
-0.00167101
-0.0446221
0.0225521
-0.00310231
0.0124897
0.0462314
-0.074283
-0.0259046
-0.019081
-0.0479127
-0.0304308
-0.0354201
-0.000212233
-0.0335002
-0.0120318
-0.0332344
-0.0612094
0.00824353
-0.0142154
-0.0103132
-0.0237177
-0.0246719
0.0330459
-0.0601597
-0.0707588
0.035765
-0.00335532
0.0384587
-0.0451996
0.0513258
0.0388617
0.0213759
0.0422537
0.0445411
-0.0615885
0.0153837
0.0381724
-0.0323448
0.0119732
-0.00235686
0.0321523
0.0248998
0.00708193
0.00519414
-0.00919784
-0.0514878
-0.0014161
-0.000843955
-0.0312063
-0.0200735
-0.0182736
-0.0446612
0.0480772
0.0302279
0.0389944
-0.0346385
0.0444619
0.0355163
0.0478198
-0.00633449
-0.02363
-0.0252132
-0.027266
0.0097385
0.0517738
0.0686078
-0.0430229
-0.024854
-0.0225269
0.0514544
0.0209851
0.00391662
-0.0241205
0.000541309
0.0418856
0.0393014
0.0310166
-0.040812
0.022295
0.0143378
0.0526326
0.0449057
0.0446076
-0.0180375
-0.0307857
-0.0388322
0.0253608
0.0296431
0.00575192
0.0149209
0.0144289
0.0425906
-0.0195996
0.00596343
-0.0105498
0.0174575
0.0736161
-0.0440038
-0.00858899
-0.0314625
-0.0205966
-0.00640037
-0.100579
0.0664648
-0.0238193
0.0355271
0.0291428
-0.0377981
0.0413797
0.187973
-0.07294
-0.00365079
0.0214421
0.0624166
0.00144633
0.0381017
0.0214386
0.0300964
0.0230889
-0.000409728
-0.00973179
0.219091
0.00738066
0.0860785
-0.0348789
-0.0336151
0.0459269
0.0129024
0.00711582
-0.0243867
-0.0220854
0.0282995
0.00873475
-0.00109181
0.0474206
-0.012298
-0.0234691
0.00966653
0.0215248
0.0513676
-0.00196205
-0.0191839
0.00073898
0.00937708
-0.072967
-0.111007
0.0408355
-0.0521088
0.114059
-0.0267425
0.0828387
-0.0287559
-0.0111829
0.016131
0.074378
0.0217216
0.0930285
0.0547902
-0.0103533
0.0027552
0.0384768
0.0254396
0.0288425
-0.00213097
0.047314
-0.0560566
0.0155311
0.119732
-0.0125371
0.0275885
0.0578976
-0.0180654
0.0336017
0.0932057
0.0883134
-0.0404641
0.0362408
0.00994909
0.0665612
0.0734451
-0.0240125
-0.045373
-0.019848
-0.0620553
-0.0568524
0.0175801
-0.031549
-0.00153458
-0.00569386
-0.0123973
0.0136574
0.00179061
0.00811546
0.103557
0.023908
-0.0157667
-0.057401
-0.0469382
0.0361343
0.0430351
-0.0347699
0.00459625
0.0238508
0.0450348
0.0228944
0.0282148
-0.00409679
-0.0489575
-0.00767665
-0.00911529
0.0245306
0.0635757
0.00415259
0.0141116
0.0119448
-0.00785557
0.00565102
0.0129691
-0.0273747
0.0175991
-0.000227554
-0.000285245
0.00812319
0.0230786
0.109359
-0.0113255
0.00220827
-0.010804
-0.0135556
0.0675041
-0.0886266
-0.0274364
-0.00819058
0.0170766
0.0337285
0.0792411
-0.0272176
-0.00799384
-0.000164276
-0.0225659
-0.0221251
-0.0475925
-0.107079
0.0439863
-0.0177144
0.00474666
0.0146377
-0.039804
0.0233928
0.0282406
-0.00583122
0.00744547
-0.026489
-0.00480595
0.0278015
-0.00423886
0.00875176
0.000500486
-0.0249869
0.0368737
0.0200489
0.04796
0.0309582
0.0278971
-0.00703556
0.0360026
-0.0411237
-0.0171584
-0.036858
-0.0125955
-0.00243404
0.0486062
-0.0131851
-0.0179992
-0.00606429
0.0230759
-0.0324945
0.0386735
-0.0100371
-0.0119334
-0.00159857
0.0464168
0.00630553
0.0060565
-0.0437383
0.0143612
-0.0377465
0.0328792
-0.00241314
-0.0232217
-0.0265928
0.01058
0.0179322
-0.00955153
0.0231523
0.0436579
-0.0194247
0.00449797
0.0346143
-0.0251629
-0.0186932
0.0300494
0.0330355
-0.0171304
-0.0121623
-0.0350024
0.00423333
0.0157341
0.0201008
0.00530492
0.0339206
0.0206511
0.00204997
0.0133822
0.0219914
-0.00670585
-0.0214895
-0.0187037
-0.0316427
0.0292689
-0.00538234
0.0197659
0.00515556
-0.0671171
0.048796
0.0104003
0.0304497
-0.0172371
-0.0382011
0.000344021
0.0231169
0.0240685
0.0305551
-0.111555
0.0314219
0.0388245
0.00948523
0.0489342
0.0447845
0.0630754
-0.0285431
0.0277439
-0.000131427
-0.0106273
0.0701132
0.000629087
0.0207378
-0.0215925
0.00278858
0.0258403
-0.0120156
0.0215668
-0.0145742
0.0303384
0.0581614
-0.0506479
-0.0101233
-0.00381612
0.0163862
0.0059698
0.0378606
-0.0397565
-0.0258395
0.0469126
0.00734942
0.00131521
0.0197874
-0.0260641
-0.00729376
0.0484569
-0.00210706
0.0261252
-0.0244982
0.0432908
0.00438152
-0.00623937
-0.0306921
0.0820374
-0.0257678
0.0340563
-0.0177869
-0.0251425
0.0260425
-0.00959941
-0.154135
0.0513494
-0.0133981
-0.0715173
-0.0268467
-0.0303093
0.0660997
-0.0609314
0.0460121
-0.0257509
-0.0573157
0.0889223
-0.0641405
0.0850142
-0.0468924
-0.0317043
0.0415664
0.0721763
-0.0455151
-0.0161574
-0.0126424
5.74421e-05
0.00879878
-0.0174573
0.0530458
-0.00827272
-0.0641779
0.0334494
-0.0106318
-0.0146949
0.0906922
-0.0294355
-0.0553213
0.0668871
0.0184045
0.0272467
0.0167606
0.0520119
0.11481
-0.00563664
-0.0236227
0.000347285
0.0402555
-0.0594609
0.0502704
-0.00472387
-0.0485919
0.00217771
0.0101267
0.00105823
0.0389714
-0.0210661
0.028281
0.0120225
0.0560406
-0.0256327
0.0827646
-0.0384424
0.0553541
0.0264032
-0.0579178
-0.00640399
0.0088997
-0.0401541
0.0223376
-0.00095227
-0.013907
0.00450246
-0.0184978
-0.0285674
-0.0293674
0.0427563
0.0127818
0.0419834
0.048156
-0.0259845
-0.0161943
-0.0229324
-0.04411
-0.000555133
0.0456971
0.0277495
-0.00683988
-0.0288142
-0.047858
-0.00421776
-0.00789199
0.00215441
0.0380759
-0.0437236
0.0236572
-0.00292522
-0.037454
-0.0308477
0.0225128
0.0187903
0.02096
-0.0248366
0.0278598
0.0356134
-0.00380132
-0.0261203
-0.0213693
0.0429772
0.0492095
-0.00209045
0.021735
-0.00209004
0.037195
0.0175632
0.0208621
-0.0221146
0.0101441
-0.0419762
-0.0447181
-0.0169822
-0.0390957
0.0345181
0.0281944
0.00857616
-0.00793574
-0.0127981
-0.0373614
-0.00639752
0.0247768
0.0408175
0.0142046
0.0412187
-0.0523289
0.0223262
0.014315
0.0196998
0.0054892
-0.0688405
-0.030651
0.0402802
0.0119993
-0.0383289
0.0179907
0.0364069
0.119347
0.0676257
-0.0117905
-0.0337402
0.0476593
-0.0356669
0.0383559
0.0631648
0.0126604
0.0281048
0.0401681
-0.00182005
-0.0994132
-0.0416731
-0.0160358
-0.0231231
0.0601106
-0.0126577
-0.00424914
0.0294383
0.00543798
-0.0040724
-0.0169447
-0.0270721
0.0109297
0.00729521
-0.0498373
0.0227994
0.0523318
-0.0515927
-0.00294548
-0.0465737
-0.03254
0.0518806
-0.0267431
0.159111
-0.074166
0.111675
-0.00670146
0.0172893
0.10395
0.0241349
0.0506769
0.0551354
-0.02077
0.0573093
0.0830292
-0.00389358
0.0583688
-0.0460983
0.0469923
-0.0585325
0.060875
0.0293531
0.0827055
0.0199309
0.0288257
0.0489181
0.0276867
0.0644993
-0.02179
0.0736013
0.0308821
-0.0533909
0.0117558
0.0349676
0.017958
0.0232434
-0.0280264
-0.0561765
-0.0163581
0.048911
0.000277817
0.0129361
0.016394
-0.0584009
0.0539302
-0.0225153
-0.0356848
0.033193
-0.0151943
0.0292789
-0.0106425
0.00296038
-0.045456
-0.0876104
0.0271839
-0.0591136
0.0130964
0.0416007
0.000778909
0.0338712
-0.0478149
-0.0297064
0.00358115
-0.00849241
-0.042596
0.0125282
0.0406772
-0.00195157
-0.0523076
-0.0280386
0.0501755
-0.0496562
-0.0346925
-0.00217833
-0.0128369
-0.00241047
0.00756724
-0.0528677
0.0209423
0.0122567
0.047385
0.00751408
-0.0232521
-0.0503395
-0.00438211
0.0204747
-0.000103967
0.00190198
0.0805083
0.0266628
-0.0260814
-0.0172337
0.0215802
0.0437584
0.123052
0.0478383
0.00820045
-0.0115773
0.0214505
0.0392909
0.0209389
0.0686407
0.0433639
5.26612e-05
0.00167903
0.000185119
-0.00032899
0.0153562
0.00874507
-0.0241129
-0.036698
0.000559458
0.0182799
-0.0602792
0.0583199
0.0182456
0.0557319
0.0418834
0.00693474
0.0291746
0.0317365
0.0368804
0.0139933
-0.0249568
0.0180421
0.0454495
-0.0451794
-0.0188602
0.0442761
0.0186486
0.00369076
-0.00802877
0.00655205
-0.0559098
-0.0382911
0.00601728
-0.0125324
0.0391509
-0.000161462
0.0183969
0.034158
0.0470246
-0.0231525
-0.0474335
-0.0570535
-0.035256
0.000638806
0.0419271
0.0120625
0.0336617
-0.014256
0.0343567
-0.018532
0.0486382
0.0437025
0.0290666
-0.0435084
0.0150121
0.040322
0.0267607
0.0428807
-0.0415901
0.0116217
0.00229762
0.0343779
0.0231821
-0.0250696
0.0209307
-0.0330824
-0.00925243
-0.0289084
0.000553883
0.0121024
-0.0163519
-0.0348878
0.00582442
-0.003959
-0.00711442
-0.0024535
-0.0383271
-0.0148144
-0.0101733
0.00594442
0.0197371
0.0708946
0.0396192
0.0294571
-0.0521389
-0.0588418
-0.0211999
-0.00340414
0.0903642
0.0508948
0.0885958
0.0195695
-0.0198665
-0.0119773
0.0252635
-0.00671859
0.0263097
0.0251617
-0.000233065
-0.0280697
-0.0111856
-0.000856329
0.0290126
-0.0030922
0.0206
-0.0182692
-0.0396927
0.0221924
0.0396362
0.0820344
0.00515087
-0.014756
-0.0257437
-0.0228778
0.0138305
-0.0692784
0.0663124
0.0403199
0.0352975
-0.0293695
-0.0718715
0.0268548
-0.000268208
0.0507336
-0.0519719
-0.016763
-0.0044435
-0.0104842
0.00890125
-0.0348026
0.00412768
0.0269382
0.0439761
-0.0229861
-0.0299294
-0.0804554
0.00713929
0.0448787
0.031117
0.0425088
-0.0685727
-0.0356738
-0.0163639
-0.00715168
0.048718
-0.00280601
-0.00455179
-0.0124803
-0.00137346
-0.0313815
0.014958
0.0130886
0.0409616
-0.081174
0.00226309
0.00131126
-0.020582
-0.0175431
-0.0103291
-0.0412086
-0.027335
0.0138114
0.0330739
-0.00611704
0.0199843
-0.0539144
0.0454546
0.0217535
0.0360355
0.0131067
0.0124285
-0.0150213
-0.0134579
0.0271405
-0.0105254
-0.00786087
-0.0521589
-0.0748388
-0.0570809
0.0340045
-0.00736318
-0.00614403
-0.0195307
-0.0334819
0.0247949
-0.0245962
-0.0259891
-9.44062e-05
0.0588336
-0.025871
-0.0203821
-0.045731
-0.02179
-0.025969
-0.00146022
-0.0554924
-0.036068
0.0072973
0.00637929
-0.000542755
-0.0400881
0.00408845
-0.0477688
-0.0325805
-0.0319592
-0.00632106
-0.0395556
0.0213222
0.0238491
-0.0223747
0.0302809
0.0247119
-0.0415482
0.0262361
0.0108357
-0.00437849
0.0446328
-0.000447935
0.0122084
0.0264717
0.0260635
0.0303226
-0.017992
-0.0244023
0.0208617
-0.0400795
-0.0338779
0.0417419
0.0224195
-0.0112163
-0.030604
-0.0089996
-0.0361445
-0.0104916
0.00590669
-0.0286502
0.00619506
0.0172134
-0.0423392
0.0458049
-0.011881
0.00978659
-0.0065195
-0.0349855
0.0157087
0.0268522
-0.0235038
0.0426059
-0.00878057
0.0180718
0.0393738
0.0370005
0.0324973
-0.026946
0.0333543
-0.0207115
0.0344917
0.0227344
-0.0122142
-0.0427139
-0.0467237
-0.0132615
-0.0160789
0.0475023
0.0309853
0.0131488
-0.0586828
0.0533701
0.00196938
0.00989008
0.024661
0.0353573
-0.0351151
-0.0319755
0.0674044
-0.00432408
0.0199744
0.0439078
0.0391149
0.0251405
-0.0499307
0.0213969
-0.00890801
-0.0506696
0.00198039
-0.00197098
0.0276807
0.020321
-0.00946994
0.0226617
-0.0140406
-0.00829781
-0.11812
-0.0507604
-0.00618577
-2.56126e-05
0.0301166
-0.0568286
0.0207417
0.035576
-0.0335505
-0.0242742
0.00223624
-0.0391015
-0.047101
0.00590559
-0.0198192
-0.00332588
0.0370933
-0.0816651
-0.0680772
-0.0818062
-0.0374773
0.0275218
-0.0608571
0.105925
0.0802909
0.0845923
0.032899
-0.0454614
-0.0749414
-0.105235
0.00195506
-0.00710811
-0.0547362
0.00762427
-0.03931
0.019283
-0.0396004
0.0902767
0.0488552
-0.0285169
0.117074
0.0323927
-0.00362276
-0.0158277
0.0310596
0.00408615
-0.0197705
-0.0285181
-0.0163738
-0.0245928
0.0443675
-0.0203659
-0.00847779
0.0392357
0.0224438
0.00191696
0.0064459
-0.0518076
-0.0292775
0.0303023
0.0479093
-0.0274221
-0.012678
0.0134381
0.00466164
0.0249058
-0.00932874
-0.0283415
0.0284902
-0.0290156
0.0369761
0.0239589
-0.0838016
0.0375445
0.00274244
0.0150021
-0.0495495
-0.0492147
-0.0259842
0.0452077
-0.012481
-0.0421581
0.00341861
0.0392065
0.00809225
-0.0324853
-0.0221081
-0.00760482
-0.00708459
0.00622489
-0.0392988
-0.0233764
-0.0401416
-0.0541318
-0.0369969
-0.0198797
-0.0362101
-0.0279579
0.00283771
-0.00434145
-0.0161035
0.000762612
0.0392809
-0.0505898
-0.021703
-0.0339296
0.0289277
-0.0065734
-0.0586029
-0.0901485
0.0175413
-0.00387387
0.0341619
-0.0162371
0.0535937
-0.0440723
0.0271689
0.0400299
-0.0736092
0.0876308
-0.020384
0.0418741
-0.0225392
0.00544884
0.0533182
0.0216357
0.0443798
0.0312179
-0.0514668
-0.033921
-0.012016
0.0174922
0.0088823
-0.0158355
0.00443659
-0.00651464
0.00317841
-0.0258876
-0.0221539
-0.00528453
-0.0442645
-0.0207787
0.00880955
-0.0238634
0.00333005
-0.00566212
0.00998315
-0.0428074
-0.00115589
-0.0461551
-0.0307355
-0.00301196
0.0242387
0.0456628
0.0299572
0.0149057
-0.0279392
0.00289213
-0.0197554
-0.0118442
-0.0111471
0.0248862
-0.0283741
-0.0418248
0.0399974
-0.0421913
0.0227894
0.0342852
-0.024046
0.0316562
0.000691874
0.00621828
-0.0370969
-0.00829669
0.0437464
0.0277505
0.0220094
0.00370048
0.0138598
0.0104711
0.016019
-0.0287069
0.0381742
0.0449294
-0.0307091
0.0330321
0.0217629
-0.010605
-0.0103697
0.000666201
0.0298932
-0.0300668
-0.0396329
-0.0297398
0.0239904
0.0350931
-0.0236326
-0.0165696
-0.0119237
0.0425525
0.0317975
0.0222482
0.0441179
-0.0391696
-0.0258917
0.000631258
0.0223191
0.050891
0.07501
-0.0373782
0.0435015
0.0250792
0.0437689
-0.0356433
0.0126981
0.0439612
0.00807645
-0.0300585
-0.0461027
0.0629
-0.0239612
-0.0334823
0.0409711
-0.0532952
-0.03772
0.023638
0.0790723
0.0137986
-0.0229515
-0.00582631
-0.0388841
-0.0409168
0.0093677
0.022729
0.00949234
0.0348798
-0.0333243
0.00324385
-0.0238835
-0.00568831
0.0338781
0.0133182
-0.0303024
-0.0926825
0.0128073
-0.0874164
-0.0646297
-0.0124477
-0.0482509
-0.060461
0.00722794
0.00247283
-0.0150628
-0.0275607
-0.0353175
3.30672e-05
0.0319211
0.0479896
-0.0605799
-0.00771688
0.0581448
-0.0524039
-0.0661055
-0.021303
-0.00243998
-0.0392955
0.0673351
0.00330454
0.00941313
0.0343514
0.0690182
-0.0434141
-0.00381132
0.0224324
0.00198161
0.0123076
-0.0379776
0.00954245
0.0203348
-0.0226081
-0.104593
-0.0169754
0.0540838
-0.000208914
-0.0264331
0.000416057
0.0217464
-0.0110382
-0.0256781
0.00945022
-0.0524798
0.00712317
-0.0366648
0.0458403
0.0666221
-0.0264883
0.0728777
0.0137971
-0.0104519
0.0040276
-0.0298076
-0.0674059
-0.0477424
0.0488454
0.00675758
-0.0613373
-0.0452968
-0.0232178
0.0123656
-0.000983608
-0.0157188
-0.0143056
0.00995612
0.0272147
0.00393614
0.0234909
0.0440068
-0.042152
0.0350439
0.0298309
0.0295074
0.0242742
0.0587176
0.0454708
-0.0101229
0.029272
0.0175513
-0.0257258
-0.067175
0.0282638
-0.0404847
0.0312041
0.0336219
-0.0467303
0.041178
-0.0224404
0.00569195
0.0320658
-0.0185176
0.015268
0.0261928
-0.0378987
-0.0442275
0.00674731
-0.00823309
0.0448374
0.00770509
0.0221985
0.0219672
-0.0236189
-0.0456938
-0.0400352
0.032326
-0.030359
0.0287963
0.0172399
0.0467846
-0.0290959
0.0348862
-0.0254369
0.0270319
-0.0183723
-0.0404867
-0.0355527
0.00225662
0.0453959
0.0333468
0.020849
-0.0129039
0.00245938
-0.0389795
0.0239453
-0.0304195
0.0389861
0.0501501
0.0109142
-0.0276291
-0.040651
0.0357695
0.0461917
0.0328013
-0.0166597
-0.0113738
-0.00220642
-0.0104252
-0.0168156
-0.0158143
0.00934718
-0.00979387
0.0253373
-0.000627343
0.0244846
0.0391478
0.0472765
0.027264
-0.0489045
0.0216124
-0.0291998
-0.00236509
0.0353994
-0.0281579
-0.00164643
-0.0487155
-0.186027
0.0529064
-0.0136726
0.0355489
-0.000880273
-0.00246501
-0.0211732
-0.0430007
-0.0466391
-0.0230413
0.0470523
-0.0379348
-0.138955
0.0314681
-0.0273584
0.0510296
-0.0788772
-0.0313543
0.0119969
0.0136579
0.0195376
-0.000322249
0.043774
0.0080348
0.026273
0.0422214
0.115834
0.0261488
-0.0204836
0.00143799
-0.0668104
-0.013412
0.0623769
-0.0647175
0.0804225
-0.101673
-0.0511226
-0.0590786
0.0717577
-0.0465029
-0.0355491
0.0171748
-0.00163118
-0.0411498
-0.0349275
-0.0363061
-0.0218483
-0.0148053
0.00347182
-0.0120655
0.0193384
0.0185795
-0.0767142
-0.0351271
-0.0718609
0.0189892
-0.0112038
-0.00355803
-0.0595983
0.0135816
0.0110102
0.042298
0.0247636
-0.0195957
-0.0315377
0.0146628
-0.0400176
-0.0180781
-0.0140805
0.0298901
-0.0894699
-0.0120068
-0.0589167
-0.0499557
0.0184303
0.13618
0.0101052
-0.000714056
-0.0352293
0.0036837
0.0475112
0.0128403
-0.0153713
0.0518852
-0.0658744
0.0237726
0.0338646
0.0685066
0.0718644
-0.00740421
0.0139453
-0.0472511
-0.0392089
-0.0543302
-0.00992317
-0.0696155
-0.0409697
0.00928171
-0.0427284
-0.0202525
0.0943359
0.0353794
0.0921292
0.0364585
0.0109802
-0.0274279
-0.00406852
0.0458593
-0.0182347
-0.00620717
0.0270845
-0.00610491
0.0255522
0.0486411
0.0304594
-0.0661912
0.0342146
-0.0196804
-0.00556919
-0.0303812
-0.00210881
0.0880448
0.0243316
0.0303247
0.0201556
-0.0145894
-0.047279
0.015764
0.0368513
-0.0429821
-0.00758371
-0.00610983
0.00697518
0.0554732
0.0242713
-0.0499691
-0.0296957
0.0275877
-0.00911177
0.0328503
-0.038299
-0.0041363
0.0366235
-0.0443866
-0.0299158
-0.00325662
-0.0742773
-0.00668138
-0.0144951
-0.00494708
-0.0426213
-0.0419899
0.00493631
0.0101075
0.00666831
-0.0171736
-0.0146793
0.0441949
-0.045863
0.0446785
0.0193583
-0.00840107
-0.000261922
-0.0229656
0.0692039
0.0169299
-0.0124137
-0.0441206
0.0209311
-0.0304452
-0.0453921
-0.019189
0.00519298
-0.0241742
-0.03292
0.0258317
0.0548863
0.0256063
-0.0489269
-0.0518913
0.0174254
-0.0402054
0.00482978
0.0114106
0.0576891
-0.0222858
-0.0463014
-0.0509489
0.00670502
-0.00649819
-0.0306932
-0.0223007
0.0407729
-0.0139972
0.0395402
0.0323275
0.0275942
0.0458645
0.00289972
0.0481141
-0.0183708
0.0149512
-0.0397039
-0.047768
-0.00986456
-0.0414044
0.00218161
-0.0440191
-0.00270863
-0.0431617
0.00910322
0.00172906
0.0363484
0.0397875
-0.0422373
-0.0138639
0.000275706
0.00923537
-0.0337749
0.0209615
-0.00220705
-0.047057
0.0257217
0.0434292
0.0380268
0.0293812
-0.0303916
-0.0174618
-0.0499965
-0.0298862
-0.0542895
-0.0418283
-0.0214734
-0.0461484
-0.0316426
0.0141009
0.00571693
-0.00916259
0.00801655
0.0187987
-0.0561447
-0.0108166
-0.0411567
-0.0225786
0.00810989
-0.00908098
0.0368453
-0.027914
-0.00355696
-0.0308325
0.0264983
0.00533179
-0.0212861
-0.0448687
-0.0315556
-0.0343428
0.0176803
-0.0719209
0.0527625
-0.025747
-0.0441456
-0.00654634
-0.0108829
0.0231841
0.022363
-0.0130223
-0.0288225
0.0155459
-0.0401826
0.0625066
-0.0869189
0.0175892
0.00158176
-0.00240497
-0.0231872
0.116273
-0.0145193
-0.0200432
0.0397182
-0.043617
0.0628045
0.043021
-0.0525776
-0.019507
0.0180399
0.0181795
-0.0628705
0.088083
-0.0729063
0.0057734
0.0491361
0.0203548
-0.0663729
0.0647646
-0.00675151
0.0501391
0.0318028
0.0348455
-0.0135836
-0.071067
0.0094564
0.112567
0.0019548
0.0140798
-0.0374005
-0.0846559
0.10417
0.0514836
0.00874373
0.0279167
-0.0293593
0.027762
-0.0631781
-0.00563427
0.0332126
-0.0294807
-0.0542613
-0.0474233
0.0380136
0.00394552
0.0340563
0.0642513
0.0690279
-0.00917815
-0.0377231
-0.034364
-0.0141892
-0.0223917
0.0331597
0.0263976
0.0917794
0.000218324
0.104247
-0.0267704
0.0134756
0.0287095
0.0546301
-0.0479169
-0.0114467
-0.0333453
0.00827165
0.0412838
0.0359384
0.0178195
-0.032504
0.0041985
0.0456565
0.0444815
0.0377439
-0.0346408
-0.0360332
6.94312e-05
0.0332296
0.0273586
0.0347058
0.0184445
0.0234037
-0.0359668
0.0445404
-0.00747411
-0.0342812
0.000609345
0.0155074
-0.0165827
0.0447714
-0.0462945
0.0402349
0.00934542
0.0137421
0.0355938
0.0420852
-0.0158055
-0.0105931
0.04575
0.000118004
0.00495082
0.018523
-0.0176188
-0.0471221
0.00290378
0.0314821
0.00432405
-0.0407402
0.00986318
0.0221016
0.0334388
0.0332606
-0.011953
-0.0427194
-0.0337149
-0.00815161
0.0112584
-0.0331235
0.0172538
-0.0306272
-0.0425461
0.0176893
-0.0335031
-0.0358834
-0.00209529
0.0249691
-0.017883
-0.0122749
0.0679474
0.036267
-0.0387761
0.0347963
-0.0517557
-0.0141169
0.022035
0.0295035
0.0331961
0.0469217
0.00300903
-0.013369
-0.0102097
-0.0178239
0.00221629
-0.0358804
-0.0059482
-0.0333834
0.0423977
-0.0388175
0.0139608
-0.0297883
0.0393176
0.00846226
0.0585314
0.00524862
0.0165977
-0.0276686
0.0223378
0.0268157
0.034603
-0.0574958
0.0420853
-0.0190748
-0.00638774
0.0386877
-0.00495276
0.0366692
-0.0150263
-0.0401402
-0.000113284
-0.0412622
-0.0529541
0.0671436
-0.0196599
-0.0181361
0.0147409
0.0104287
0.0599249
-0.085424
0.0563094
-0.0307123
-0.0412607
0.00909675
-0.087868
-0.0363819
0.05592
0.0259673
-0.00751693
0.00729481
0.0330729
0.01018
-0.0436699
-0.00162951
-0.0162922
-0.0340098
0.0119768
-0.0236048
0.0241737
0.00586942
0.0540546
-0.0382615
0.0463276
-0.0437853
0.029466
-0.00226359
-0.00781171
-0.0230387
-0.0298282
-0.044483
-0.0237197
-0.0295481
0.0498074
-0.0187252
0.0592015
0.0132143
-0.0104822
-0.0814093
0.007969
-0.0389358
0.0546061
0.0102311
0.0129714
-0.0312026
-0.00134632
0.00814757
0.034127
0.0367603
0.0172215
-0.0512916
-0.0497667
0.0127301
-0.0373171
-0.0169457
0.0327325
0.033839
0.0240102
0.0363678
-0.0182994
-0.0446298
0.0394714
0.0403353
0.0160076
0.0359228
0.00757711
-0.000953706
-0.00685695
0.015863
-0.0179406
-0.0449657
0.0419153
0.0373494
0.00236232
0.00311846
-0.0240979
0.01876
0.0105133
-0.0615986
-0.0223099
-0.0354681
0.0288804
-0.0363276
-0.0241006
-0.0282452
-0.0468909
0.00664519
0.0130645
-0.0263475
-0.00656743
-0.0408332
-0.0137423
0.0161555
-0.0159978
0.00827695
-0.00580063
-0.0594997
-0.0495789
0.00320691
0.0102655
0.0432991
-0.0388234
-0.0235295
0.0161727
-0.0326697
-0.00206804
-0.0374457
-0.0473916
0.0303406
0.0513046
0.0372146
0.0521486
0.00960343
-0.0293415
-0.0355897
0.0398314
-0.0470207
-0.0191238
-0.016439
0.0378279
-0.0117154
0.0237523
0.0197668
0.0188072
0.0401178
-0.0294651
-0.0271322
-0.011755
-0.0378608
0.0249954
0.0468593
0.0465925
-0.0359011
0.0129471
0.0372917
-0.0326842
-0.019474
-0.00298899
-0.025035
-0.0235005
-0.0480636
0.0116448
0.0128156
-0.0143834
-0.0532826
-0.0167586
0.0319461
-0.0462341
0.0105529
0.0218784
-0.015482
0.00811182
0.0313989
0.00192278
0.0455393
-0.0022559
0.0259466
-0.0421033
-0.000805782
-0.0410742
0.0280336
0.0303611
0.0144137
-0.00888785
0.0381128
-0.0463622
-0.034339
-0.0332428
-0.0407631
0.035219
-0.0404333
0.005
-0.0450551
0.0416108
-0.0268777
-0.0153081
0.0315668
-0.00907488
0.00867587
-0.0244598
-0.0286295
-0.0224296
0.0197432
-0.00318607
-0.0489095
-0.00100332
-0.072933
0.0304464
-0.0960232
0.0331001
0.0109361
-0.0108347
0.0531396
0.0825753
-0.0151564
0.0513183
0.0150679
0.0148365
-0.0144474
0.0257617
0.0570407
-0.00642253
0.00944407
0.000319716
0.03246
0.00364374
0.039971
-0.0133214
0.0499288
-0.0145755
-0.0430463
0.0112794
-0.0290817
-0.0459125
-0.0422602
-0.0111849
-0.0195317
0.0159333
-0.0506903
0.0401291
0.0260905
-0.00379028
-0.0457836
-0.0142019
-0.0380829
0.00768616
0.028602
0.0135576
0.00290057
0.0416208
0.0121248
0.0194626
-0.00824666
0.0985758
0.0157603
0.03951
-0.0495371
-0.0352358
-0.083124
0.00539227
0.0391263
-0.00716378
0.000889179
0.00487702
-0.0771777
-0.0142954
0.031265
0.0107993
-0.00863142
0.0367223
-0.0262931
-0.00894937
-0.0639099
-0.0574994
-0.034246
-0.0324124
-0.0037779
-0.0185503
-0.0255698
-0.0621742
0.0269947
0.0323081
-0.00266093
-0.010518
-0.0594237
-0.062341
0.0439005
0.0184086
0.0209609
-0.00156749
0.00289376
-0.00423267
-0.00186625
-0.00517541
-0.0382351
0.0522333
-0.0262917
-0.0192539
-0.0480097
0.0136682
-0.0137562
0.0267277
0.0404236
0.0598394
0.00510015
-0.0063556
0.0598164
0.0324649
-0.0122656
0.0357715
0.0270943
0.0301307
0.0126962
0.0139208
0.0392096
-0.0191958
0.0446229
-0.0349316
0.0129701
0.00909378
-0.0194159
-0.0109018
0.0019763
0.00171403
0.042812
0.0211787
0.0319406
0.0232173
0.0215017
0.0489594
0.00634626
-0.00915021
-0.0166529
-0.0020121
-0.041391
-0.0157924
-0.00379255
0.00518879
-0.0441697
0.0240663
0.0253517
0.0387456
0.0291806
-0.0138341
0.0488155
-0.011671
-0.00424594
-0.00920081
-0.0375909
0.0195592
-0.038595
-0.0445874
-0.040263
0.0217816
-0.00817911
-0.0453902
0.0247587
-0.018872
0.0286905
0.0350569
-0.0153436
-0.0149738
0.0296119
0.0469397
0.0421996
-0.0208343
0.0231105
-0.0084131
-0.0379333
-0.0177302
0.0025452
-0.0158325
0.0190544
-0.00912045
-0.0438476
0.0122465
0.0477019
-0.0303297
-0.0370535
-0.00801887
0.0350962
0.0398772
-0.0240622
0.0296709
-0.00980182
-0.0259891
-0.0131345
-0.0182346
-0.0233217
0.0470003
0.0460219
0.021394
0.00994254
0.0173658
0.0217946
-0.0307959
0.0205819
-0.00966002
0.0826469
0.134302
0.03996
-0.0591941
0.0431033
0.0968387
-0.0221056
-0.0938061
0.039358
0.0526162
0.00886471
-0.0454225
0.732585
0.410254
-0.0963035
0.0865151
-0.0510451
0.0245408
0.024744
0.0209399
-0.0869439
-0.0210656
-0.139703
-0.125214
-0.150665
-0.109617
0.0422838
-0.0233092
-0.136131
0.213291
0.168896
-0.174217
0.00897833
-0.0495927
-0.0161827
-0.491762
-0.299157
0.0419749
0.0414378
0.111101
0.0826392
0.130014
0.00934003
0.101418
0.0430753
0.0505611
0.0113562
0.0760475
0.000699752
-0.0840687
-0.00430215
0.0408737
-0.147419
-0.00375071
-0.0882508
-0.0360665
-0.0383387
0.0175712
-0.00729277
-0.544001
0.0482803
-0.0240865
0.0243955
0.105212
0.0121023
0.321232
-0.0365211
-0.0211433
-0.310348
0.25981
0.155379
0.121982
-0.163323
-0.105369
-0.251442
0.0079159
-0.154862
-0.0121321
-0.00434131
-0.0152922
-0.0174587
-0.108774
0.140326
0.0692414
0.166211
-0.125328
0.0898535
0.0944573
-0.008465
-0.0739601
0.0183647
-0.0884214
0.0458156
-0.0707556
0.107631
0.34629
-0.0091074
-0.0320994
0.0478354
-0.138198
0.215734
-0.0781828
0.284743
-0.133648
-0.0544791
0.00888011
0.0337761
-0.0430856
-0.074158
-0.0550655
-0.0334395
-0.0158933
-0.0211177
0.0221405
0.0111274
0.150003
-0.0143791
-0.0278686
0.00770905
-0.0257026
0.0697906
-0.248156
0.0442481
-0.0230138
0.0401027
-0.0125527
0.359846
0.0244653
0.0298422
0.00168503
-0.109418
-0.261879
0.0196113
-0.0918581
0.0864685
-0.0271536
-0.0933216
0.0176589
0.0433894
0.0296777
0.175682
0.0441602
-0.0253563
-0.026055
0.013778
0.0015432
-0.0792192
0.0479415
0.0651396
-0.0217236
0.0729186
0.0134301
-0.0215878
-0.0693262
-0.0343757
-0.0569472
0.079065
-0.0128075
-0.0169703
-0.047984
-0.0316258
-0.0335546
-0.0413655
-0.0364663
0.132547
-0.099887
-0.00105964
-0.0397078
0.0239026
0.0284326
0.042236
0.00824717
-0.021999
-0.0342617
0.00391661
0.0461679
0.0259443
0.00100949
-0.0181065
-0.110396
0.0397861
-0.0403595
0.004266
-0.0442642
0.055036
0.0438955
0.032786
-0.0597422
0.0179553
0.033453
-0.0457945
0.047427
0.00201749
-0.013556
-0.0140389
0.0291074
0.0971338
-0.0306766
0.0584504
0.0441397
-0.0390156
0.0362398
-0.0248849
-0.047211
0.0307448
-0.000771096
-0.0245523
-0.0275876
0.0218446
-0.0356281
0.119273
0.0372966
0.00963263
-0.0820204
0.00541365
-0.00906848
-0.103925
-0.0517996
-0.140638
0.110666
0.0645974
-0.0131172
0.012036
0.180341
-0.2005
-0.00358846
0.0948803
0.0322389
0.00676407
-0.0019193
0.0571162
-0.109754
-0.0169741
0.0513823
0.0267263
0.0501929
0.0328541
0.106528
-0.0208394
-0.0132023
0.106878
-0.0789467
-0.0872806
-0.0457047
0.11195
-0.0292967
-0.0184511
-0.167244
0.01565
0.114138
-0.000695523
0.300418
0.0452034
0.0216112
0.135499
0.207999
0.162283
-0.0137285
-0.112155
-0.00877566
0.106618
-0.152862
0.118816
0.0135362
-0.031135
-0.0526668
-0.0306085
0.0102478
0.0513832
0.134795
-0.00991159
-0.0813664
-0.105142
0.0573092
0.0476982
-0.213582
-0.0347747
0.0330782
-0.514101
0.0324482
-0.141236
0.461118
0.101716
0.0427842
0.0104687
0.342891
-0.284249
-0.0504348
-0.195694
0.0192465
0.0874545
0.242517
0.149057
0.128614
0.0457344
0.165572
0.0657085
0.0211547
0.126937
0.0309127
0.161558
0.121031
0.238993
-0.107125
-0.176466
-0.0133734
0.183139
-0.119429
0.0965166
-0.298922
-0.0592487
-0.00241633
0.483751
0.166105
-0.0486699
-0.00477272
-0.00324358
0.0273317
-0.171557
0.318154
0.0459038
0.0400173
-0.0389656
-0.106865
-0.0319794
-0.0747246
-0.032749
0.112481
0.0112492
0.0490515
0.148334
0.153022
-0.452016
-0.205326
0.0761948
0.0625162
-0.0137426
0.0207652
-0.0447809
-0.0322437
0.168141
-0.0121733
0.0208101
0.014859
0.000370088
0.0282339
-0.0342209
0.0288145
0.0763723
0.0313296
-0.00508729
-0.0348865
-0.00657157
0.0439555
0.0405039
0.0148427
0.0471328
-0.0184545
-0.00114677
0.00752909
0.0231009
0.035897
0.0162021
-0.0158239
0.0277113
0.0130365
0.0412727
0.027277
-0.0327331
-0.0298191
0.00147413
-0.121845
0.000955212
0.00268385
-0.0409227
-0.0272971
-0.034985
-0.0378965
-0.0149743
-0.0218621
0.0442255
-0.0173651
-0.0318291
0.00927274
0.0374953
-0.0148292
-0.010435
0.0215403
0.0111217
0.0304807
0.0333266
-0.0226647
0.0327209
-0.0230742
-0.0479619
0.030932
-0.00635549
-0.00928474
0.0199748
-0.0295892
0.00495352
0.127156
-0.0559077
0.0625118
0.0405888
-0.0454681
0.0103734
0.0415782
-0.106018
0.181295
-0.0332321
0.034203
0.0324594
0.043876
-0.0150238
-0.0621799
0.0719141
0.0266478
0.0195763
0.0190215
0.0377488
-0.0199393
-0.0653754
0.0554533
0.0332675
0.05871
0.01204
0.144892
0.051582
0.0484459
0.0137542
-0.0963582
0.00353686
-0.0189089
0.0328363
-0.0401039
0.0258321
-0.0274304
-0.0338172
-0.0601269
-0.0438313
-0.0122802
0.00994077
0.0291956
0.00816387
0.0635699
0.0387105
0.0206226
-0.020064
0.106384
-0.206454
-0.0878607
-0.0682044
-0.00318178
0.0950072
0.0362557
0.076316
-0.0273726
0.0163367
0.0398948
-0.0331227
0.0269809
-0.0236888
0.0611353
-0.0935892
-0.0356513
0.0472892
-0.116082
0.0104195
0.0260879
0.00739487
-0.0268696
0.0385324
-0.0121818
0.0633091
-0.0300279
0.0419962
0.013104
0.0422499
-0.0696731
-0.0310919
-0.0299334
0.0419337
0.0508694
0.00307573
-0.0733488
0.0193955
-0.0183898
0.0243519
0.0387208
0.0444282
0.0140419
0.057598
0.0156841
0.0386
0.0370621
-0.00822224
0.0330256
0.0288575
0.0213308
0.0205238
-0.0174466
0.0159592
0.0720036
0.0264779
0.0407269
-0.0521742
0.0452253
-0.011035
-0.0142677
0.0294997
0.0128626
0.0201194
0.0201692
-0.0349252
0.043916
0.00359462
0.0501434
-0.00778706
-0.0380001
-0.00595225
-0.0286175
0.0246738
-0.0360309
-0.0495138
-0.0169917
0.0335814
0.0251046
-0.00690023
0.0345644
-0.0101932
-0.0365927
0.0365916
-0.0540521
0.023879
0.0199472
0.0432335
-0.00839099
-0.00961562
-0.0343167
0.00282413
0.0321984
-0.0430488
0.0184101
0.00268456
0.0147686
-0.0658515
0.051808
-0.0695218
-0.0168474
0.0410627
-0.00448556
0.0446032
-0.0349086
-0.0274815
-0.0124526
-0.0450378
-0.0286314
-0.0369957
-0.035094
0.01144
-0.0469829
0.0324974
-0.0063293
0.0091142
0.00686366
0.0431819
-0.0490287
-0.0141814
-0.0468848
0.0558279
-0.00202851
0.00403567
-0.0390908
-0.0160992
0.0248025
-0.0415572
-0.0337565
-0.0261964
-0.0076782
-0.0295218
0.0292065
-0.0223433
-0.0133367
0.00125674
-0.0402168
0.0207397
0.0448292
-0.0252379
0.0108329
0.0123911
-0.0150106
0.00793258
-0.0229437
-0.00747668
0.0278357
-0.0525992
0.048091
0.0490049
0.0595872
0.0387753
0.0177531
-0.0328032
0.0334176
-0.0465768
0.0386973
-0.0255455
0.0303099
0.0130422
0.017813
-0.0063865
0.00602542
-0.0318333
0.0248256
0.035032
-0.00777785
-0.0297799
0.0129438
0.0267461
-0.0352169
-0.00363782
0.00694381
-0.00383996
-0.048515
0.00267091
0.0057061
0.0413666
-0.0122836
-0.0023925
-0.0476176
0.0481131
-0.036084
-0.0129387
0.0179498
-0.00329479
0.0315216
0.0414726
-0.012508
0.0156372
-0.0836776
0.0234535
-0.0257676
0.0118725
0.0357421
-0.0545311
-0.00425976
-0.000667482
-0.00224922
-0.0155385
-0.0308454
0.0494746
0.0591797
0.00630635
-0.0777307
-0.0165902
0.0255649
-0.0180343
-0.0523611
0.0355012
0.00745897
0.00541156
0.0138943
-0.0654821
0.0282023
-0.0271193
-0.00641287
-0.0347125
0.0353954
-0.0237515
-0.00551704
0.0637034
0.00956791
-0.00810603
0.0120887
-0.0219629
0.0529829
-0.0164749
-0.011099
0.00915557
0.0190233
0.0461613
0.00142659
-0.00355605
0.0331199
-0.0263903
-0.00387024
0.0364664
0.0451745
-0.0253852
0.000149705
0.0820198
-0.0875884
-0.0038632
0.0300177
-0.00864058
-0.0202307
0.0167786
0.0250105
0.0488999
-0.0170662
0.00267987
-0.0376984
0.0480442
0.00705156
0.0506245
0.0447573
0.055769
-0.00774637
0.027905
0.0189098
-0.0150957
0.0496098
0.0225813
-0.0392344
0.0409987
-0.000323943
-0.0123551
0.0284567
-0.00943702
-0.0199554
0.00802267
-0.0712185
-0.0300102
-0.00146879
-0.0327018
-0.0447362
-0.00260222
-0.0193521
0.00531014
-0.0452684
-0.033452
-0.0270196
0.0448985
0.0365055
0.00477727
0.0562249
0.00317266
0.0715957
-0.0676893
0.00210549
-0.00985837
0.0326703
-0.06486
0.00262899
-0.0127769
0.0211412
0.0103716
-0.0478799
-0.0315114
-0.0014119
0.0191785
0.00395273
0.0405775
0.04722
0.0432001
0.0798327
-0.0134946
0.0158981
-0.0490728
-0.0270375
0.0453466
-0.0210815
0.0308105
0.0141467
-0.00208628
0.0296215
-0.00313325
-0.0272816
0.0298791
0.0149945
0.0169696
-0.0366969
0.0349543
-0.0377083
-0.0429511
-0.0405892
-0.0241377
0.0195027
0.0144915
-0.00124456
-0.0481436
-0.0167622
0.0318348
0.0149388
0.00680537
-0.0213569
0.0155871
0.0225544
0.00306139
-0.0473356
-0.00752163
0.0284304
-0.0214331
-0.00341125
-0.0234232
-0.0338454
0.0351252
0.0334105
0.0174672
0.005202
-0.00271664
-0.0330178
-0.0491491
-0.0325139
0.0198466
0.0406775
-0.014003
0.0297054
-0.0167513
-0.0442163
0.0214954
-0.03639
0.0115774
0.027029
0.0241877
-0.0246001
0.060253
-0.0554529
0.0242999
0.0269998
0.034442
0.0282955
0.0437676
0.0681219
-0.02652
-0.0116236
0.0485555
0.043983
-0.0427288
0.0161071
0.090765
-0.0214969
0.0173388
-0.0194169
0.0197957
-0.0115968
0.0367107
-0.011853
0.0551803
0.0256421
-0.0375318
-0.00483862
0.0789069
-0.0316373
0.0340654
-0.0138634
0.00182793
0.019872
-0.0346228
-0.0151617
-0.0311821
-0.0125082
-0.0415971
0.00651336
0.000208528
0.0161689
-0.0258214
-0.0436554
0.0358273
-0.0114335
-0.0553554
0.0247149
0.00308432
-0.0526608
-0.0733937
-0.0801944
0.000494718
0.0141098
-0.0284162
-0.0103405
0.0117697
-0.0254046
-0.043448
0.0148675
0.0309908
-0.0520951
0.0291944
0.0185182
-0.0332457
0.0182697
0.00367938
-0.00218183
-0.0389974
0.00813889
-0.0126427
-0.0392384
0.0530005
0.00354451
-0.046678
0.0519068
0.0172792
0.0490882
-0.00704672
0.0418563
0.0312711
0.0645433
-0.0485317
-0.00659235
0.0336103
-0.00149998
-0.01547
0.0401271
-0.0179553
-0.0487061
0.0196715
-0.0429297
0.00553293
-0.0301159
-0.0274775
-0.0257728
0.0451815
0.000271007
-0.0296599
0.0242333
-0.0556717
-0.0281656
0.0410863
0.0620488
0.00128897
-0.0592316
-0.0364068
0.00747369
-0.0370194
-0.0271785
0.0295946
0.0355011
-0.0293177
-0.0313325
-0.0197748
-0.00715876
0.0150305
-0.0397176
0.00591584
-0.00253251
0.00714862
0.0308506
0.0421156
0.0110117
0.0278133
-0.0397159
0.0114062
0.00822989
-0.0217283
-0.0369854
-0.0431438
-0.0100168
-0.0226626
0.0394472
-0.0362219
0.0269136
9.62574e-05
-0.0505159
0.0046621
-0.00428709
0.0116064
0.0327499
0.0732883
0.0260346
0.0463109
0.000170138
-0.0265886
-0.0396829
0.0311658
0.0284448
0.0232674
0.0149411
0.0096899
0.00354717
-0.0145166
-0.00895979
-0.0402157
-0.00646396
0.0157961
0.0412401
0.0137678
0.0274392
0.0133032
-0.0295659
-0.0443798
-0.0149997
-0.0402927
-0.00214488
-0.0139479
-0.0338168
-0.0313177
0.0258711
-0.0430006
0.0101088
0.00388438
0.0166759
0.0224576
0.0140184
-0.0150384
-0.0106858
0.0304352
-0.0141059
0.0402887
0.0343404
-0.0270785
0.0448172
0.000946942
0.0406486
-0.0406656
-0.0287637
-0.017156
0.0135361
-0.046476
-0.0490839
-0.0354691
0.0237905
-0.00777109
-0.0255714
0.0448739
0.010449
0.0577888
0.0154805
0.0432551
-0.0459496
0.0323445
0.0150104
0.0204466
0.0214334
0.0163279
-0.0215509
-0.0223476
-0.00722503
-0.0516505
-0.0556458
0.00875819
0.0129265
0.0110908
-0.0423656
0.0300344
-0.0443967
-0.00867657
-0.0161784
0.0131728
-0.00345435
-0.00965995
0.0487372
0.0383358
0.0405234
-0.0497092
-0.0342927
0.030938
0.00152533
0.0369229
0.0464679
-0.0135233
0.0200731
0.0454029
-0.0365517
-0.0184163
-0.0407635
0.0260543
-0.0196009
-0.0483283
0.0490753
-0.048287
-0.0335815
0.045813
-0.047864
-0.0156707
0.0459781
0.0117747
0.0144913
0.00181291
-0.0349246
-0.0271808
0.0657723
0.0111902
-0.0468082
-0.0264389
0.0247571
-0.00328578
0.0239391
-0.0682902
0.0644388
-0.0344718
0.0303104
-0.0406401
0.0516823
0.0106811
-0.0153006
0.0278114
0.0162573
0.022493
0.0164596
-0.0309766
-0.0530975
-0.00640372
0.0288522
-0.00569016
0.0596441
-0.00781572
-0.0492194
-0.0246436
-0.00540687
0.0229564
0.0136365
-0.0245721
-0.0533028
0.0286277
-0.0686138
-0.00571759
0.0292838
-0.053294
0.039605
0.00819955
-0.00375433
0.022781
0.0101813
0.0532655
-0.019984
-0.0151374
0.0412951
0.00532961
-0.0060703
-0.0670995
0.04712
0.0269801
-0.0619398
-0.0367846
0.0278394
0.00895987
0.02229
0.0409351
0.0533816
-0.037891
-0.0325691
0.0699344
-0.107767
-0.0191361
-0.0242516
-0.00449149
0.059507
0.0595129
0.00174251
0.0308025
-0.00573298
-0.0207355
0.0518801
-0.0191268
-0.00357907
0.0235185
0.0154561
0.0309001
-0.0386319
0.00776714
-0.0112869
0.0506133
-0.00268203
-0.00524537
-0.0459262
-0.00703293
-0.0529663
-0.0602939
0.05547
0.0384373
0.0290065
0.045212
-0.0612156
-0.00919305
-0.0157434
-0.0311458
0.0487962
-0.0237069
-0.011223
-0.000436679
0.002721
0.0228686
-0.00306128
0.00920304
-0.0144525
-0.0226454
-0.00981965
-0.00459842
-0.00530981
0.0340502
0.0172624
0.0081637
-0.0259366
0.0163163
0.00176144
0.00121088
0.00215989
0.0217575
0.0145369
-0.00942144
-0.040954
-0.0217265
-0.0010118
0.0106744
0.0202062
-0.0226911
-0.0362867
-0.0389622
-0.00807644
0.0267719
-0.0425072
-0.0463431
0.0102675
0.0483054
-0.0429513
0.0212422
0.0338936
0.0477969
0.0153281
-0.0195637
0.00914531
-0.00338404
-0.0453598
0.0355429
0.00822716
0.0227758
-0.0466631
0.0118243
-0.0136044
-0.00618383
0.00142203
0.0351157
-0.00632695
0.0487566
-0.0373342
0.00951492
0.0332798
-0.0164631
-0.00652673
-0.0489493
-0.0400495
-0.0126455
-0.0197313
0.00262496
-0.0506987
0.0537136
-0.0241412
0.0459344
0.0416614
-0.020715
-0.0167874
-0.0255249
0.0169168
-0.0471002
-0.0212141
0.0345613
-0.0516966
-0.0179927
0.00915814
-0.0212073
-0.00311622
-0.0219901
-0.0109722
0.00659346
0.00687354
0.0147151
-0.0318548
0.0145514
-0.120179
-0.0483833
-0.103302
0.0511628
-0.0146221
0.0338395
-0.017856
-0.0193465
-0.0554862
0.0409494
0.0219976
-0.034321
0.00605137
0.040925
-0.0118454
-0.000390942
0.0466484
0.0498316
-0.0188601
-0.0043393
-0.0196663
0.0102128
0.110362
-0.0224198
0.0730592
0.0433426
0.0274072
0.00363932
0.000324273
-0.0305214
0.0543959
0.0242799
-0.0541383
-0.0478869
-0.0214504
-0.0374903
-0.0560063
0.0036038
0.0389707
-0.0433673
-0.00900001
-0.0462517
-0.0365641
0.0322166
-0.00459665
-0.0220826
0.02509
0.00586517
0.0486229
-0.0671103
-0.0101895
-0.0241598
-0.00183361
-0.0391675
0.0152362
0.0326395
-0.0354738
0.0274576
-0.0337976
-0.00567882
-0.0254415
-0.0616586
0.0492933
0.0557857
0.0642723
-0.0175798
0.0373506
-0.0199214
-0.0539688
-0.00215652
0.0136576
-0.0537541
0.0357565
-0.0346777
0.00147664
-0.0278531
0.0182562
-0.011435
0.00690098
0.0194459
0.0447895
-0.0464275
-0.019221
-0.00239754
-0.0412323
-0.0283211
-0.0249312
0.0326542
-0.00332763
-0.0217521
-0.0220558
0.051157
-0.00303664
-0.00863734
-0.0392337
-0.0335157
0.0381736
-0.0468199
-0.00495075
-0.0162526
-0.0440476
0.0209929
-0.0306505
-0.0371725
0.0386872
-0.059623
-0.0252832
0.00062858
-0.0195772
0.0335207
-0.053089
0.0428451
0.0230851
-0.0275658
-0.00905729
0.0291151
-0.0231917
0.0469811
-0.00173843
-0.0381359
0.0237009
0.0662839
-0.0149163
0.0216444
-0.0185374
0.0333345
0.0270158
0.0145175
0.0171849
0.036084
-0.00598814
-0.0406944
-0.00626996
-0.0160931
-0.016343
0.0433929
0.00338034
0.00814488
0.0101704
0.0259897
-0.0100391
0.041345
0.0480472
-0.0488964
-0.0173619
-0.0265845
2.87076e-05
-0.0108139
0.048356
-0.00634364
0.00912693
0.0358442
0.0392194
-0.0335621
0.00706246
-0.0396513
0.0324966
-0.0145901
0.0184837
0.0376839
-0.0466337
-0.0278527
-0.0268858
-0.0442941
-0.0336523
0.00290727
0.0438495
-0.00774514
-0.0319281
0.0395759
0.0252077
-0.0209149
-0.0586649
0.0382778
0.0213467
-0.0402185
0.0147656
0.0472359
0.0130719
-0.0103995
-0.0360584
0.036582
-0.0488799
-0.0158155
0.0176751
-0.0256581
0.016056
-0.0434258
0.0489598
-0.0251854
0.0304468
0.0380006
-0.00348035
0.037966
0.0445974
0.0212872
0.0169472
-0.0158579
0.00410601
0.00419373
-0.0521245
-0.0355491
-0.0125564
-0.0149842
0.016175
-0.0291776
0.0110431
-0.0246702
-0.035105
-0.0380254
0.0432042
0.00683203
0.0276822
-0.005183
-0.0549699
-0.0584085
0.0031619
-0.00245281
-0.0609637
-0.017901
-0.037807
0.0346722
0.0448548
0.00644198
-0.0304849
-0.0115205
0.0102795
-0.0283736
-0.0283273
-0.0303258
0.0324453
-0.0394272
0.0123259
-0.000693311
0.00968267
-0.00463678
-0.0357028
-0.00120975
0.0273702
-0.0628403
-0.0032879
-0.0261647
0.00990878
-0.0618447
-0.0240055
0.0309188
-0.0155279
-0.0291478
-0.0268915
-0.0013115
0.0391895
-0.0145018
-0.0451295
-0.0409326
-0.035757
-0.0491205
-0.0606628
0.00248944
-0.0401529
0.0877449
-0.00542535
0.046246
-0.0039358
0.0573861
0.00964206
0.0296299
0.00561064
0.0539815
-0.0384855
0.010015
-0.0468173
-0.00761664
0.0453226
0.022481
-0.03726
0.0293618
-0.00982786
0.0521087
-0.008081
0.0441184
0.0357133
0.00198454
-0.0590327
0.00473019
-0.0439883
0.0509541
-0.0370388
-0.0589139
-0.0479236
0.0377454
0.0515561
-0.00632366
0.0484913
-0.0178059
0.0400786
0.0530617
0.0236571
-0.0304446
-0.00162082
0.00621077
-0.0101578
0.0414784
-0.00828957
0.0181035
-0.0215813
0.0154424
0.0455609
-0.0728335
-0.0199879
0.042798
-0.00563504
0.0365592
0.00210591
0.0433638
-0.0229697
-0.0270958
-0.025206
0.0456835
-0.00987212
0.0586009
-0.0428777
-0.0527274
-0.047805
0.00807227
-0.0505897
0.0120117
0.00723748
-0.0319159
-0.0229535
0.016884
-0.0489516
0.0145308
-0.0303087
-0.040889
0.0287052
0.0177635
0.0268653
-0.0228752
-0.0281618
-0.0303448
-0.0303289
0.0433713
-0.00417936
-0.0360746
0.0460831
0.0463075
-0.0483492
-0.0187592
0.0208671
0.00234347
-0.0130761
0.0456654
-0.0423121
-0.0453608
0.0318156
-0.0161333
-0.042753
-0.00205645
0.00955309
0.0255474
0.0450216
-0.0109689
-0.0177545
-0.0337695
-0.00698284
0.0315601
0.0019103
0.0456019
-0.0319754
-0.0227311
-0.0072209
-0.0102018
-0.0286866
0.0276532
0.0332161
0.0369731
-0.0425214
-0.0161013
0.0181756
0.0221194
-0.0225117
-0.0352298
-0.0350588
0.0231484
-0.00988777
0.0103812
-0.0254389
-0.0389995
-0.0186932
0.0278889
-0.0361119
0.0531357
0.00381525
0.00490734
0.0113953
-0.0124684
-0.00568516
-0.0204193
0.0440466
0.0198047
0.0372232
-0.0339878
-0.0318534
0.1375
-0.0377505
0.0222228
0.0218004
0.00141726
-0.0173997
-0.00698843
-0.0295381
-0.00818438
0.023003
-0.0467081
-0.00645762
-0.0656363
-0.12489
-0.0785116
0.00440481
0.085251
-0.00490112
0.00381295
-0.0787572
0.0116741
-0.00896263
-0.0538229
0.0185791
0.0133577
0.0148909
-0.0807486
0.0209655
0.0520876
-0.0873547
-0.0115132
0.0189108
0.0164656
0.0276793
-0.123707
0.237913
0.0413035
0.127529
-0.0491517
0.0136513
0.0452847
0.00160288
0.027429
0.0345693
0.000129723
0.0082032
0.0621027
0.0404753
0.0167813
0.0206698
-0.0401235
-0.0141227
0.0403758
0.0185425
0.0631396
0.0532469
-0.025862
0.0361929
-0.00097001
0.0421853
0.0739952
-0.0802132
-0.000673441
-0.0504799
0.0540897
0.00952167
-0.0422054
-0.0121706
-0.00419322
-0.00825305
0.0580473
0.0142183
-0.0167602
-0.00737143
-0.0191025
-0.0417877
0.0629176
-0.0316803
-0.00977948
0.0173379
-0.0425027
0.0366524
-0.0474312
-0.00106115
-0.0747566
-0.00576715
0.0166233
0.0170249
-0.0513183
0.0201447
-0.00972453
0.0487276
0.0246599
0.030084
-0.0300032
-0.0199595
0.0113887
-0.030765
-0.00457762
0.0359155
-0.0895929
0.0239835
0.0392245
-0.0477065
-0.00530702
-0.00265367
0.0112803
-0.0302637
-0.0144071
-0.00128997
0.028042
0.0465486
-7.80055e-05
-0.0214426
-0.0550066
-0.00280773
0.00132414
-0.0360061
0.051986
-0.0194512
0.0831469
0.0220799
-0.0575283
-0.0221311
0.0277242
-0.00606441
0.0676213
-0.025657
0.0118088
-0.0345793
0.0821871
0.0546279
0.0397085
-0.0407304
0.00838111
-0.00736098
-0.0250234
-0.0473008
0.000515058
0.0430392
-0.021969
0.0111038
-0.0426207
-0.0152888
-0.0490712
-0.0219025
-0.0270557
-0.019183
0.00900019
-0.0321907
0.0389087
0.0215399
0.0406271
0.0206182
0.0176038
0.000535896
-0.00190927
0.0248603
0.0154418
-0.0303349
0.0353086
-0.0135683
0.0464161
0.00423948
-0.042935
0.0181864
-0.0247827
0.0441796
-0.00123612
0.030944
-0.0239848
0.0435817
-0.0252764
-0.0341159
-0.00224443
-0.0396912
0.00772822
-0.0131001
-0.0483835
0.0526955
0.0242722
-0.0273628
-0.0385029
0.0352329
0.028782
-0.014457
0.00748383
0.0242732
0.00228385
-0.0234735
0.0283776
-0.0164606
-0.0279998
0.0237393
-0.0424634
0.0352012
0.0196427
0.00917717
-0.0415584
-0.00983612
-0.0410895
0.0428211
0.0272154
0.0231955
0.0411364
-0.0251966
-0.0207061
-0.021232
-0.0291756
-0.041024
0.0267742
-0.0175589
0.0128153
-0.024874
-0.0364768
-0.0120155
-0.0111411
-0.0199741
0.0196599
0.0170423
0.0153903
-0.0242433
-0.0325876
-0.0262198
0.0635202
-0.0337181
0.0544207
0.0452733
-0.0138285
0.0404443
0.0321932
-0.00603795
0.0264327
0.0296767
0.0222117
0.0114054
0.0106912
0.0360876
0.0137693
0.0231281
0.024444
-0.031379
-0.0308096
0.0581151
0.00488689
0.0736853
0.0116933
0.017139
0.0163637
-0.0593252
0.0215933
-0.00454156
0.0265444
-0.0127475
-0.00833265
-0.0532567
-0.0192639
-0.00853542
-0.00623955
-0.0605026
0.0216597
-0.0697571
-0.061631
-0.0569838
-0.0212568
0.0209548
0.0322107
-0.0433783
0.0109639
0.0209046
-0.0568221
0.000595869
0.00544267
-0.0317733
-0.0303927
-0.0281425
0.0206917
-0.0863106
0.014267
0.0506119
-0.0208539
-0.0165242
0.0317599
-0.0215672
0.0410117
-0.0229763
0.00101466
-0.0442455
-0.0351535
0.0213425
-0.0369082
-0.0177941
-0.0216827
0.00175805
-0.0259134
0.0563861
-0.0181931
-0.0154968
0.0082397
-0.00545338
-0.0340472
-0.0953486
-0.0368814
-0.034846
-0.0230302
0.0584855
-0.0281558
0.00670532
-0.0159459
-0.00501939
-0.0326252
0.00396478
0.00313176
0.021167
0.0490512
0.0143396
0.0592481
0.0324124
0.00345484
0.0493563
-0.0727929
-0.0346869
-0.0638468
0.0142193
0.0578598
-0.0160355
-0.0198628
-0.0172339
-0.00648206
0.0351462
-0.00729042
0.000541801
-0.0243232
0.0600988
-0.0412575
-0.0379973
-0.00116008
-0.00117283
-0.0248317
-0.0249056
-0.0536049
0.0158637
0.0215005
0.0224034
-0.021556
0.0387813
-0.0446549
0.00371754
0.00217831
-0.0358557
0.0122371
-0.040207
0.0423386
0.0207246
-0.039601
-0.00667335
0.0449482
0.0383248
0.0150223
0.00181536
-0.0450101
0.0133105
-0.0434662
0.000916954
-0.0194861
0.0179077
-0.0441193
-0.0116461
0.0192559
-0.0349476
0.0414005
-0.0117078
0.0342102
0.0430244
0.00179063
-0.027212
0.0285631
-0.0443041
-0.0324555
0.040525
0.0311259
0.00510957
-0.023662
0.0461736
0.0175406
-0.0129981
-0.0111405
-0.00100668
0.00784531
0.0483976
-0.0118531
0.0490487
0.0403439
0.0391727
0.0149567
-0.00929309
0.0111884
-0.0458517
0.000240633
-0.0351352
0.00806129
0.0238378
-0.0277098
-0.0109254
-0.00601517
-0.0341146
0.0130943
0.0212826
-0.0372385
0.0166718
-0.0399506
-0.000898807
-0.0429175
0.0149869
-0.0331895
0.371411
0.133415
0.140395
-0.0839417
0.0374522
0.162048
-0.00651052
-0.193976
0.132314
0.0746692
0.123146
0.0188142
0.160836
0.082274
0.748507
-0.0833456
-0.018906
0.040154
-0.192898
0.163517
0.0237387
0.115916
0.343144
0.341293
0.197368
0.189953
0.102413
0.0134424
-0.0969425
-0.0130171
-0.102326
0.318092
0.0423125
0.0939045
0.180962
-0.233195
-0.193533
-0.146151
0.173902
0.218908
-0.0440055
0.057019
-0.178271
-0.100966
0.0711869
-0.369331
-0.256208
-0.258755
-0.0996701
-0.00619098
-0.0502003
0.105355
0.0219438
0.0293506
0.140459
-0.0190875
-0.118449
-0.0197149
0.0253166
-0.109508
-0.0202446
-0.18365
0.00867962
0.216877
0.188857
0.0517269
0.00278397
0.0415985
0.116705
-0.0496275
0.00949824
-0.0166759
0.0867874
0.100263
0.181576
0.123524
-0.00198843
0.0276646
0.0769534
0.0396173
-0.00980187
-0.129493
-0.0728218
0.491322
0.269236
0.0173932
0.00396793
0.0830822
0.0582606
0.0467989
-0.339353
0.0237217
0.0208829
-0.028959
0.155811
0.0437764
-0.00631655
0.0210494
-0.0313674
0.333886
-0.0101623
0.097977
-0.00272132
0.0995355
-0.0192125
0.0931919
-0.0343094
-0.0398378
0.0411935
-0.00935092
0.0142158
-0.0142424
0.0328324
-0.0484669
0.0602255
0.0254718
0.0225214
0.0290213
-0.0184838
-0.0209181
-0.0836658
-0.30855
0.0466473
0.0368421
0.0723627
-0.0928891
0.1434
0.0114405
-0.0152903
0.0120201
0.101016
0.0297953
0.126957
0.157144
-0.0436903
-0.0953402
-0.102993
-0.00645203
-0.0204747
-0.0039581
0.0838564
-0.041573
0.0296065
-0.0159163
-0.00976723
-0.0745899
-0.0295724
0.0257378
-0.014938
-0.0903477
0.0476096
0.00969859
0.0037741
-0.0568412
-0.0246098
-0.0196603
0.0958917
0.0140142
0.0423306
0.0298349
0.0463598
-0.0374873
0.044309
-0.0345623
-0.0322185
-0.0172374
-0.0807897
0.0456095
0.0431788
-0.0483917
-0.0302789
-0.0256944
-0.0324068
-0.00789304
0.0373903
-0.0267933
0.0638726
0.03198
0.0137421
-0.0345256
0.0218861
-0.0306199
-0.0201789
-0.00687594
0.0189808
-0.0214811
-0.0119657
-0.13945
-0.0283345
-0.016907
0.0281132
-0.0279018
0.0490281
-0.0426049
-0.0235529
0.109391
-0.0288718
-0.0228916
-0.0604677
-0.0202888
-0.00363013
-0.000581898
-0.0267454
0.0298924
0.0360687
0.0402223
-0.036923
-0.00735558
0.019096
0.0425091
0.0339109
-0.0446339
-0.00798701
-0.0190006
0.113456
0.0524186
0.167761
0.0419426
-0.0812226
0.0140724
0.114411
0.0267139
-0.0348131
-0.0384421
-0.0490578
-0.0332273
-0.0612468
-0.00712312
-0.181071
0.0169292
0.0093801
-0.0363382
-0.0152412
0.0836471
0.139387
-0.0390456
0.0693458
0.0551268
-0.0876094
-0.0620154
0.0243869
-0.0883193
-0.0473244
-0.0419452
0.0523299
-0.121167
0.0729389
0.174722
-0.00327598
0.0542114
0.0139367
-0.0775079
0.0250691
0.0162421
0.0193881
0.0451814
0.041102
-0.134796
0.0477396
0.034866
0.0144539
0.109047
0.0740745
0.0422461
0.0278508
-0.0459393
0.0651193
-0.050688
0.114748
0.189433
0.141939
0.0116162
0.000721404
0.0176642
0.0822701
0.262497
-0.125343
0.180491
0.350655
0.0324209
-0.0791514
-0.255999
0.314792
0.0174915
-0.0352794
0.186371
0.120381
0.241039
-0.442302
-0.35119
-0.113948
-0.40615
-0.127097
0.213215
0.162856
0.00935478
0.0191902
0.135136
0.121021
-0.460795
-0.136476
-0.380799
-0.0561385
0.104775
0.122261
0.0845118
-0.0533048
0.137425
-0.0842598
0.152739
-0.0569861
-0.166755
0.275997
0.206394
0.0418235
-0.000444478
0.236616
0.0122486
0.192365
0.379925
-0.340112
-0.213041
-0.105152
0.0910305
-0.0506412
0.0185121
-0.069125
0.0707637
-0.0778333
0.0187395
0.225265
-0.108335
0.337234
0.0964818
-0.0554444
-0.0125145
-0.147932
-0.0321046
-0.0465323
0.0401594
0.140414
0.0345761
0.0418531
-0.00682899
-0.0017253
-0.0294011
0.0111381
0.0141169
-0.00710793
-0.0467798
-0.0107871
0.0206987
0.00051388
-0.0431967
0.0186145
0.0089711
0.0532965
0.0445842
0.0396556
0.0367836
-0.039302
0.0384413
0.0261115
-0.0477293
0.0196505
-0.0518624
-0.008349
0.00546276
-0.0333755
0.0366235
-0.00280792
-0.127633
-0.0227409
0.000831047
-0.0248379
-0.0381099
-0.00948537
-0.0301754
-0.0170418
-0.0313121
-0.000150917
0.00554515
0.00485397
-0.0273338
0.00672122
0.0100341
-0.0499563
-0.00684461
0.0031388
0.0208414
0.04489
0.0324792
0.0320423
0.0198759
-0.0192568
0.0305457
0.019897
-0.0413142
0.0297445
-0.0252791
-0.180251
-0.0322812
0.0204459
0.0444958
-0.0330226
0.0348421
0.0396696
-0.00187371
0.137594
0.00545846
-0.0350538
-0.0428055
0.0100356
0.00522242
0.0158361
0.285218
-0.0705261
0.0424233
-0.00399466
-0.0215905
-0.0147694
0.0292735
-0.0046447
0.0855312
0.0425049
-0.104465
0.0788537
-0.375133
-0.265731
-0.0762842
-0.119696
0.203813
0.0952064
0.0981977
-0.0366508
0.0392858
-0.051917
-0.171324
-0.116718
-0.0665532
-0.0909592
-0.0217165
0.0316534
0.00746984
-0.119486
-0.031876
0.051556
-0.0204757
0.0942324
-0.127774
0.292531
0.170681
0.160248
-0.0453665
-0.0121564
-0.0124479
-0.111867
0.12609
0.0247296
-0.0365498
0.26984
0.243376
0.163948
0.116688
0.141216
-0.00288126
-0.0227843
0.148656
0.0494015
0.00396647
0.0552808
-0.251729
-0.00318378
0.122082
0.0350161
0.052748
-0.219704
-0.00244518
-0.0467706
0.0662203
-0.0740771
-0.0318497
-0.0334615
0.0887822
-0.101807
0.0042448
-0.0312352
0.0314311
-0.00554455
-0.00482283
-0.140006
-0.0268961
-0.00602414
-0.0404002
0.014072
-0.0132052
0.103094
0.000894113
-0.074049
0.00669672
0.016307
-0.0467536
-0.042295
-0.102953
0.0333536
0.0819782
0.015083
0.0374283
-0.0397419
-0.0498148
0.145202
-0.0218868
-0.00494044
0.0277727
-0.00287711
-0.0689494
0.0331631
0.0200139
-0.0214514
-0.0406326
-0.0513416
-0.0284339
-0.0244975
0.0506978
0.00776733
-0.0102692
0.0488773
0.0185071
-0.028582
0.00616874
-0.0580348
-0.0376598
-0.0416387
-0.0168082
-0.048836
0.0112408
-0.040645
-0.00823673
-0.0278344
-0.0285473
0.0413166
0.00770624
-0.00191771
0.00940448
0.00175022
0.0186804
0.112176
-0.0576627
-0.0120422
0.0613108
0.00476224
0.00473116
0.0300544
0.015158
-0.052369
0.049143
-0.00408502
0.0157526
-0.045847
0.00172992
0.0849036
0.0411787
-0.0151594
0.0185338
0.0420805
0.0622227
0.0109625
-0.033371
-0.0358738
0.0357975
-0.0353743
-0.00856833
0.0194562
-0.0316674
0.0385039
0.0357903
0.00891289
0.0478863
0.00228706
0.0115997
-0.0138139
0.0548217
-0.0262582
-0.0119423
0.0193071
0.0428658
0.0215662
-0.0046312
-0.000538863
0.0250983
-0.0236715
-0.0277821
-0.0385029
0.0299883
0.0341465
0.0465017
-0.0268273
-0.00764996
-0.0470844
-0.0352005
-0.0436372
0.0265028
0.0303919
-0.000382606
0.0149953
-0.00717251
-0.0179985
0.0305496
0.037948
-0.0468003
0.00811812
0.0142526
-0.0357613
-0.0221208
-0.0333112
0.00570237
0.0164611
-0.0152368
0.0249083
-0.0310893
-0.0176704
-0.00187068
0.0760043
-0.0049796
-0.0405607
-0.0377635
0.00711001
0.025322
-0.0441285
-0.0265884
-0.0406009
0.114696
0.0099384
0.0735011
0.0886741
-0.0172203
0.023033
0.0303842
-0.0102809
0.139394
0.0778605
0.0645896
0.0861301
0.110671
0.0945077
0.0785231
-0.0380332
0.000936711
0.000274624
0.0130094
0.00727258
0.0169981
-0.0443082
0.0951148
0.0989537
0.0640263
-0.0467162
0.0834219
0.0180372
0.0466669
0.0532958
0.0266733
0.237249
0.0321784
-0.0715439
-0.0439774
0.103605
0.0314948
-0.0235983
0.0112474
-0.076883
0.0159978
-0.0185856
-0.0486068
-0.00968566
0.00994041
-0.0668522
0.0233603
-0.0450515
0.0684468
-0.0175352
-0.00891769
-0.0437322
-0.0440963
-0.111034
-0.0724071
0.000493642
-0.031541
0.0196074
-0.0302725
-0.431622
-0.0675632
-0.0672435
-0.142015
0.00553381
0.0138348
-0.222211
0.121236
0.00269851
0.0389576
0.13417
0.0336173
0.05448
-0.0205301
0.0871523
0.0107083
-0.0304746
0.0754114
-0.010668
-0.0378427
0.0332683
-0.0173878
-0.0577001
-0.0483018
0.0388434
-0.0346751
0.00472761
-0.107171
-0.0128879
-0.0573889
-0.00402351
-0.0864136
-0.0254573
0.00503023
0.10411
-0.0150662
-0.0077871
0.0707954
-0.0198117
0.0328452
-0.0482622
-0.0582919
0.0236446
-0.0323137
-0.0096299
-0.14841
-0.0874639
-0.138862
0.0167906
0.00334277
0.0762362
-0.060048
-0.00323856
-0.0286237
0.0168081
-0.0684109
0.057644
0.0781402
0.0365917
-0.00605888
-0.0437632
0.0108383
-0.0246887
0.00208805
-0.0185585
-0.0936747
-0.0314923
-0.0292103
-0.0162168
0.00309267
0.000630985
-0.0470479
-0.027005
-0.0394512
-0.00239047
0.00483684
0.028902
0.0359584
0.0473091
-0.0480117
-0.0359613
-0.0486962
0.037291
-0.0435344
-0.0343722
0.0466124
0.0166497
-0.00317393
-0.0473527
0.0294951
0.00104703
0.0353703
0.026023
-0.0263399
0.0487851
0.0247597
0.0784794
0.033283
-0.0312118
-0.0483772
-0.00890719
-0.0275108
-0.0454093
0.0396415
-0.0223496
-0.000868094
0.0595648
0.00522012
0.0380439
0.0342094
0.0208211
0.0238121
0.0153632
0.0377676
-0.026509
0.00395273
-0.0108764
0.0346831
-0.0124644
0.00333731
-0.0403749
-0.0112524
-0.00889461
0.00554381
0.0306835
-0.00730298
0.0828354
0.0511098
-0.0530743
-0.0196535
0.0253822
0.0303775
-0.0333654
-0.122139
0.0513029
-0.0302802
0.0230441
-0.018093
-0.0147592
-0.0419544
0.0651335
-0.0370233
-0.000461613
-0.0139257
-0.0145876
0.00645623
0.0424098
-0.0229966
0.0400929
0.0250348
0.0101529
-0.024302
-0.0537204
-0.0810362
-0.0507255
-0.038689
0.120464
0.0964359
0.0188312
-0.109578
-0.00386904
-0.014183
-0.0459127
-0.0414908
0.0238214
0.0145449
-0.0181846
0.0165839
0.0125301
-0.0586886
0.00638712
-0.0108721
0.0238718
0.0337934
0.0131438
0.232848
0.150056
-8.15267e-05
0.0630027
-0.0103233
-0.0272063
-0.0169184
0.0282664
-0.0215454
-0.0302127
0.0481032
0.0761667
-0.0124743
-0.0517716
-0.0327506
-0.00384318
-0.0157436
0.00866855
-0.0199384
0.0658507
0.0435734
0.0525994
0.0396648
0.0833725
0.0435744
0.0382382
-0.0869656
0.0170165
-0.00617911
0.0270275
-0.0349339
-0.0378359
-0.0407578
-0.0539857
-0.0203351
0.0310353
0.00865299
0.0688344
-0.0191151
0.0745437
-0.0868646
0.0742709
-0.054145
-0.0220341
0.0415296
0.00591321
-0.0247271
0.0381245
-0.030283
0.00562012
-0.0333146
0.0126082
-0.00721955
-0.0736092
0.0952509
-0.0139015
0.0378344
0.0331688
0.0271751
-0.00157158
0.057578
0.000917249
0.0342517
0.028948
0.0543124
-0.0219795
-0.0200219
-0.0865605
-0.0520964
-0.0292774
-0.050257
-0.0161569
0.00698362
-0.0173277
-0.00284637
0.0409856
-0.0218229
0.0475751
-0.0451732
-0.0285299
-0.0208911
0.0175202
0.0155388
0.00363029
-0.0289759
0.0282923
0.0828537
-0.0243899
-0.00704439
-0.0363188
0.00921646
-0.109238
0.0224001
-0.0271216
0.00335205
0.0592204
0.0763992
0.0194388
0.00239808
-0.0275809
-0.00475976
-0.0179207
-0.0142206
-0.0287771
0.0397719
-0.0306876
0.0405431
-0.0418113
-0.011633
0.0449777
0.0336573
0.0498103
0.0135754
0.0430301
-0.07584
0.0293122
-0.0194736
0.00185684
0.0455865
0.0348419
-0.0463825
-0.0386723
0.0413751
0.0247145
0.0267166
-0.00229144
0.0195943
-0.0312051
-0.0397089
-0.0294638
-0.0444309
0.0273554
0.00659272
-0.0298588
0.00480997
0.0248481
0.0350205
0.0418343
0.00968525
-0.0317765
0.0162894
-0.0321342
0.0323687
-0.00486528
-0.0011588
0.00465272
0.0426395
0.0334996
-0.0216353
-0.0818114
-0.0459627
0.0201713
0.0308543
0.010229
-0.0436676
0.0124051
-0.0146076
-0.0284089
-0.0388651
-0.0287274
-0.0335858
-0.00485394
0.030879
-0.00838129
-0.0215148
-0.0468807
-0.0252788
0.0293554
0.00653667
-0.0450724
-0.00983253
-0.0208278
0.00360809
-0.0394515
-0.0303702
-0.0190742
-0.0367361
-0.0287944
0.0673328
0.0271939
-0.0155318
0.0176838
-0.0237857
0.0775632
-0.00213906
0.0540258
-0.0288129
0.0394728
-0.0226316
0.0135913
-0.0213471
0.08752
-0.0149055
-0.0085082
0.0109943
0.0865719
-0.0337827
0.054085
-0.0135477
-0.00226556
-0.0136595
-0.0237459
0.0342526
0.0349342
0.0541297
0.0256553
0.0410083
0.0376081
0.000239697
0.0123317
-0.0221351
0.0419528
0.027058
-0.00270409
-0.0112211
0.00316634
-0.0394798
-0.0334811
0.00801263
-0.034211
-0.0878908
-0.0400345
0.0474326
0.00704791
-0.0232643
-0.00325644
0.060471
-0.0487118
-0.00244226
-0.0256528
0.0432965
0.0458528
-0.0154638
0.0675516
-0.0480072
0.118794
-0.00860459
0.0332588
0.0464968
-0.0688113
-0.00974013
-0.0337945
-0.00712947
-0.0430182
0.017917
-0.0599994
-0.0368968
-0.0223109
0.0332505
0.0374419
-0.0588002
0.0470315
-0.0334858
0.107259
0.0495321
-0.0115496
-0.102052
0.0260409
-0.0570606
-0.0458838
0.00532188
0.019052
-0.00599865
-0.0164398
0.0228854
-0.0318285
-0.0265481
-0.0549236
-0.0283545
-0.0263149
0.0537265
-0.0820626
-0.0415674
0.0158611
0.0114424
-0.0346589
0.00500559
0.0715903
0.0252431
-0.033295
-0.0144274
0.0549976
0.0259932
0.0457623
0.0224108
-0.00889353
-0.00530348
-0.0258779
0.0417886
-0.0344663
0.0713575
0.0492882
0.0212648
0.0348207
0.0148697
-0.0940164
0.042162
0.0604113
0.0744888
0.0182674
0.019658
-0.0432109
0.0250621
0.0423449
0.020188
-0.0159944
0.0385172
0.0058139
-0.0295868
-0.00144772
-0.0438953
-0.0301537
-0.041995
-0.00565722
-0.0420986
0.0351675
-0.03461
-0.0118193
-0.00576702
-0.0243065
-0.0306692
0.0352164
-0.0465134
-0.0013873
-0.0454899
-0.0170391
0.010441
-0.0223479
0.0031449
-0.00585833
0.0229432
-0.0199078
-0.00179883
0.0249405
-0.021511
-0.0252742
0.0174921
0.0334386
-0.0294306
0.00530105
-0.0166515
-0.0336264
0.0170083
0.0467605
-0.0202864
-0.038136
0.037766
-0.007837
0.0503284
0.0487842
-0.0346958
-0.024912
-0.0411075
0.0259409
-0.0263554
-0.012524
0.0107438
0.00753054
0.00919594
-0.0332574
0.0359126
-0.0315634
-0.0181791
-0.0267534
0.0143719
-0.0393369
0.0342013
-0.00402314
0.0254029
-0.0250316
-0.0203623
-0.0244254
0.00804734
-0.0264715
0.0210294
-0.020673
-0.0388462
0.0472874
-0.0146624
0.0201877
0.0997796
0.0147008
0.0199033
0.0235842
-0.00605518
-0.0163295
0.032325
-0.058878
0.0622439
0.0149474
0.0459202
0.0133653
0.217542
0.00743363
0.135987
-0.0205207
-0.0176877
0.00258438
-0.0712896
0.054174
0.0285984
0.0302409
0.0600444
0.0403725
0.0143622
0.00412305
-0.0195953
0.0405135
0.0397623
0.00446504
-0.0594849
0.0400115
-0.0586113
-0.0188853
-0.105628
-0.10904
-0.0191719
0.0476176
-0.00241069
0.0371419
0.013095
0.0359423
-0.069984
0.0399243
0.0776111
0.00419845
-0.0487393
0.0374603
0.0761229
-0.00518185
-0.0404193
-0.0450375
0.00672783
0.0229097
0.134227
-0.044394
0.0882899
-0.0265676
-0.0211907
-0.0266471
7.19082e-05
0.0176402
-0.008784
0.0123283
0.00731762
-0.00668117
-0.0342562
-0.018713
0.0111495
0.055471
0.0110922
-0.0524101
0.031358
0.00570847
-0.0632281
0.00384893
0.0209628
0.0120419
0.0206955
0.0430695
0.0431165
-0.0132607
-0.0677449
0.06866
0.0230767
-0.0117858
0.0498617
-0.0111309
0.00291016
0.0198433
-0.00588851
-0.0498291
0.0296123
-0.0273983
0.0264374
0.107739
-0.00197854
0.0106375
0.0461724
0.0310102
0.04377
-0.0298666
0.0188711
0.00175662
0.050101
0.0504605
0.0419327
0.0169169
-0.0478366
-0.00725405
-0.015317
-0.0472296
-0.0153501
0.0482944
-0.0471205
-0.0754494
0.0455853
-0.0133866
-0.0195609
0.0416076
-0.0574674
-0.0053937
-0.0331034
-0.00482051
0.0484681
-0.00588244
0.0148251
-0.0296485
0.0314671
0.0228282
0.0335852
-0.0436654
0.022496
-0.0937837
-0.0493502
0.00258419
-0.0405595
-0.0458485
0.0150786
-0.0164902
0.0226427
0.0422727
-0.0297946
-0.0377241
-0.0423534
0.00233764
0.032781
0.0447189
0.0241769
0.0580345
0.0423087
0.0289568
0.00908894
-0.0330616
0.0344618
-0.0121316
-0.00958779
-0.0414578
0.0134735
0.0245704
-0.000892793
-0.0269031
-0.010258
-0.0177093
-0.0137122
-0.0428952
0.0230395
0.00559057
0.0347285
0.0340937
0.0266209
0.0375506
0.0124613
0.0365662
-0.00556475
0.0315106
0.0325938
-0.0129242
0.0469527
0.00233645
-0.0313919
0.0366806
0.0420322
-0.00761945
0.0450009
0.0236231
0.0305874
-0.0350615
-0.0364645
0.0290688
0.0320849
0.0171453
0.0486465
0.0302621
-0.00877464
-0.0454958
-0.0240933
-0.0102165
-0.0448389
-0.0292315
0.00982372
-0.0150156
0.0323719
-0.0198368
-0.00289576
0.00809061
-0.0395373
-0.0170295
0.0262892
0.00925106
-0.0415993
0.0169736
0.0195447
-0.0120033
0.0363941
-0.0479277
0.0497472
0.00796933
0.020831
-0.00820208
0.0324009
-0.00889107
-0.0200005
-0.0302304
-0.0237514
-0.0525052
-0.00659545
-0.00119111
-0.00251452
0.0609495
0.00604793
-0.0683092
-0.0449917
0.00831995
0.0380694
0.0411981
-0.00476343
-0.0775222
-0.0446474
0.0693083
0.0120306
0.0289248
0.00390188
0.00937629
0.00211758
-0.0694679
-0.0110925
0.123381
0.0109195
-0.022651
-0.0549136
0.0734936
-0.00695068
0.0450728
0.0362629
0.00306783
0.0385488
0.0806609
0.0114866
-0.0415184
-0.0308803
-0.0433218
-0.0462001
-0.00303213
0.050521
-0.0379905
0.0418121
0.00875553
-0.027725
0.128521
-0.0173276
-0.0612016
-0.0332775
0.0316371
0.00371517
-0.020991
-0.0829829
0.0646409
0.0555776
0.0301706
0.0206874
-0.0700833
0.127104
0.0249444
-0.0218367
-0.0447001
0.0203928
0.0134934
-0.0692528
-0.00480001
-0.0445476
-0.0428328
-0.0306294
0.0221314
0.024623
0.0421462
0.031297
0.0433143
0.00688788
-0.00620417
0.0139522
-0.206424
-0.117378
-0.0176583
0.0209685
-0.000387455
-0.00244527
0.041512
0.041647
-0.0509447
0.013444
0.0561371
0.0130352
0.0254928
0.0437376
0.0193205
0.0219549
-0.0115085
-0.00689802
-0.0287612
0.10424
0.00284196
-0.00523048
-0.00856403
-0.0401679
-0.0384847
-0.06307
0.0099479
-0.0284889
0.00643251
-0.0379499
-0.074409
0.06103
0.033529
0.0258422
-0.0351793
0.0315971
-0.0113763
0.0226942
-0.0461715
0.0220444
-0.00497218
-0.0169238
-0.0434793
0.0364371
0.0304524
0.0269534
-0.0117434
-0.00751136
0.008919
0.01435
-0.0153721
0.0396103
0.0449678
0.0268659
0.0225096
-0.00641761
0.00767039
0.0227825
-0.0247501
-0.0383608
0.0125198
-0.0168532
0.0358268
0.0456535
0.000233352
-0.0365139
-0.00802146
0.0468596
0.034337
-0.0156484
-0.0582081
-0.0194606
0.0154054
0.022582
-0.00109478
-0.03195
0.0462609
-0.00873464
0.0429903
-0.00503997
0.0313493
-0.00187135
-0.0278397
0.00875551
0.0188148
-0.0415345
0.0146575
-0.0185178
-0.0165367
0.0393296
-0.0384283
-0.0418524
-0.00820202
0.0287656
-0.00799956
0.000495519
0.017279
-0.0282594
-0.00721058
-0.0569772
0.00845859
0.0261067
-0.0728141
0.0256405
-0.039969
0.0270587
0.0120009
0.0195476
-0.024139
-0.0137937
0.0417067
0.0146651
-0.00399699
-0.0424314
-0.0393219
0.0256953
0.0386201
-0.0234776
0.0505072
-0.00333544
0.0340347
0.00665626
-0.00551576
-0.011748
-0.0514425
-0.0104166
-0.27032
-0.0832074
-0.124039
0.0431455
0.0942276
-0.0431814
0.0210074
-0.0380375
-0.0374926
0.00392751
0.0143585
-0.0240431
-0.0369771
0.00774666
-0.032303
0.0317793
0.0201338
-0.070815
0.0177849
-0.0558179
-0.0333378
0.0184632
0.0105122
0.183918
0.0778559
0.0416579
0.00456279
-0.0492856
0.0281012
-0.0783996
0.0470408
0.00559588
-0.0529427
0.0579911
0.0342173
0.0117643
-0.0775768
0.100482
0.0239089
0.014787
0.0323192
-0.00480558
0.128497
-0.00720064
0.0241236
-0.0433885
0.0474975
0.0270664
-0.023375
-0.0780469
-0.00334108
-0.032011
0.00370307
-0.0757604
-0.0202342
-0.0445282
-0.0232368
0.0173586
0.0111541
0.0367645
0.0144291
0.00966638
-0.00395632
0.0362536
0.058561
-0.0456459
0.0235215
-0.00541898
-0.0275387
0.0428591
-0.00342568
-0.0796359
-0.0288349
-0.0799125
-0.0462526
0.00281085
0.0161807
0.0346268
-0.0200934
-0.0088907
-0.00345081
-0.0240973
0.00875925
-0.140319
-0.0197178
0.00300416
0.0477242
-0.0458494
0.000924188
-0.0550586
-0.0625483
0.0111707
-0.0431748
-0.0282769
-0.0249498
0.00862444
-0.00394259
0.0346434
0.0392634
-0.00179649
-0.00121732
0.00920087
-0.0552171
0.00766514
-0.0116213
-0.0279178
0.0300074
0.0178204
0.0292203
0.0155715
-0.00640283
-0.045499
0.0241121
0.0440406
0.0387497
-0.0385623
0.0121542
0.0331232
0.0282383
0.0423932
0.05504
-0.00861516
0.00568667
0.0165503
-0.0224827
0.0174633
0.0453334
0.0248029
-0.0360452
0.0269491
-0.0464749
0.0384173
0.047749
0.0649726
-0.00563005
-0.0207104
0.00678384
0.0193685
0.000492487
0.00257112
0.00618331
0.0407015
-0.0451859
0.03798
0.0156586
-0.0477392
0.0487112
0.00642182
-0.00991575
-0.0127098
0.0257212
0.0044871
-0.0292141
0.00745861
-0.0608684
-0.0145817
0.0453051
0.0485686
0.0364126
0.0125018
0.0423902
-0.00558986
-0.0366759
-0.0269035
0.0264076
-0.0393268
-0.0383141
-0.02628
0.0333903
0.0148914
-0.0446815
-0.00707421
-0.0331431
-0.0131521
-0.0178167
0.0562417
0.011541
0.0267922
0.0336161
-0.0461561
-0.0263533
-0.028322
0.0204226
-0.0070155
0.0441581
0.0008008
0.0430121
-0.0183461
0.0190985
-0.0207927
-0.0340948
0.00913939
-0.0055511
-0.036046
-0.0381096
0.0187618
0.0106808
-0.00632716
0.0273282
0.0066057
-0.0158183
0.0491816
-0.0973686
-0.000827732
-0.00781213
-0.00919165
0.0573103
-0.0701118
-0.067598
0.0409424
0.0392943
0.0458181
0.043829
0.0277932
0.0538411
0.0289533
0.0371532
0.0388261
0.0346515
0.0393754
0.019826
-0.00124826
-0.0147718
-0.0423599
-0.00724177
0.0648676
0.0696915
-0.0323066
-0.0140582
0.0250786
-0.00128685
-0.0142131
0.0247422
0.0111619
0.0323821
-0.05287
0.0136437
0.0263539
0.0253842
-0.0235364
-0.0474616
0.0239805
-0.0144608
-0.0359164
-0.0684405
-0.0518879
0.0533225
0.0325644
0.0045472
-0.00944745
-0.0307602
-0.0393819
0.042666
0.0227337
-0.0191359
0.0353612
-0.00537212
-0.0482107
-0.0234009
-0.0269348
0.0108704
0.0387548
0.0177868
0.00940948
0.0459998
0.0194453
0.00861185
-0.0383452
-0.0170675
-0.0289673
0.0119044
0.00362141
-0.00449966
0.0569839
-0.0105578
0.0278374
0.00154362
0.0173421
0.0457345
0.0293313
0.0409804
-0.0625383
-0.00853527
-0.00820672
0.0102114
-0.0210368
-0.0527329
0.0669592
-0.0329136
0.0901411
0.086891
-0.0126442
0.0139909
-0.0224452
-0.0205628
-0.0310706
-0.0140652
0.0288672
0.0296533
0.0522281
-0.00896578
0.0302542
-0.0407827
-0.0357986
-0.00780039
-0.0297965
-0.0428055
0.0437698
-0.0516944
-2.25139e-05
-0.0082591
0.00859216
-0.024939
0.0118398
-0.0118804
0.0326558
0.0362349
0.0261674
-0.013828
0.0273967
-0.0509107
0.0404434
0.0102932
0.0491694
-0.0176985
-0.0220931
-0.0347089
0.00295792
-0.00805671
-0.0398577
0.0336939
-0.0231392
-0.023313
-0.0368365
-0.0252286
0.0138226
-0.012472
0.0392256
0.0444776
-0.0342882
0.0198896
-0.0175749
-0.0147985
0.0480693
-0.0272811
0.0150879
-0.0429902
0.0319896
-0.032272
-0.0369748
-0.0391605
0.0265417
0.0302048
0.0101747
-0.0447555
-0.00781053
-0.0160028
-0.0202672
-0.014644
0.0667465
0.0168177
-0.037914
-0.0356431
0.00107304
-0.0414138
0.0401125
0.0380428
0.0419602
0.00873919
-0.0234679
-0.0173205
-0.0126687
0.0371239
0.0119902
0.0157269
0.046388
-0.0222189
0.0468868
0.0402689
-0.0408715
0.00128728
0.0119102
-0.0439143
0.00333473
-0.0241961
0.0192911
-0.00810807
-0.0436366
0.0717369
-0.0354496
-0.0310865
-0.00328909
-0.0485034
0.0248259
0.0183614
-0.00989786
-0.0591777
0.0306755
-0.00478667
0.0224101
0.0396732
0.0168774
0.0334043
0.356793
-0.0125512
0.037736
0.0636572
0.0262621
0.0323307
0.00404941
0.0181477
0.0356768
0.0122818
0.0956506
-0.0525062
-0.576144
-0.0484292
0.387657
0.213924
-0.249675
0.20362
0.100201
-0.0577941
-0.216651
-0.091994
0.129697
0.225876
0.083412
-0.0816529
0.412021
0.0323089
-0.212215
0.289558
0.192148
-0.06141
0.0083704
0.0729699
0.065389
0.243039
-0.0852879
-0.0461173
0.0441859
0.344958
0.136336
0.128343
0.02814
0.0564972
0.20134
-0.137213
-0.0189477
-0.0665125
0.115433
-0.00730093
0.0255794
0.126521
-0.347102
-0.180169
-0.363324
-0.00749159
-0.158311
0.011373
-0.0150477
0.0047457
-0.0333177
-0.258638
0.0159058
0.222357
-0.082889
-0.09657
-9.2379e-05
0.039997
-0.132126
0.239977
-0.211478
-0.0527709
-0.0439602
-0.148484
0.0423126
0.0129734
-0.295501
0.0234
0.0483586
0.0215004
-0.0554945
-0.112454
0.0306962
0.510569
0.204863
0.334878
-0.104993
0.0925088
0.327519
0.144356
-0.0620936
-0.129457
-0.00356657
0.0122132
0.0409647
0.183063
-0.0183354
-0.0218816
0.00192857
0.0447605
0.313922
-0.00453612
0.0741481
-0.230328
-0.0943195
-0.0645502
0.0476975
-0.0212982
-0.0652304
-0.0144086
-0.039449
0.0370787
-0.041221
0.0317003
0.217299
0.0655085
0.0429541
0.0371851
-0.0229738
0.12292
-0.0603787
-0.0222592
0.101007
-0.0138066
0.0352425
-0.124191
0.276434
0.0079996
-0.0470071
-0.0248011
0.148483
-0.311198
-0.187898
0.0110117
0.0614117
0.0603517
0.00291266
0.0392903
0.0323277
0.047375
0.0118097
-0.035146
-0.0121838
-0.0411575
-0.0263878
0.0471855
0.00153931
-0.0285941
0.00978584
-0.0152344
-0.0526251
-0.0388441
-0.0202257
-0.0747151
0.00623993
0.0208843
0.0522521
-0.0251031
0.0475457
0.0451457
-0.00648367
-0.0235824
0.00362758
-0.0422034
0.0800033
-0.28731
-0.17393
-0.148878
0.0117921
0.00560733
0.0039006
0.0347151
-0.0296349
-0.0208433
0.0468545
-0.029866
0.150709
-0.0168583
-0.0169574
-0.0971483
0.0145937
0.0692946
0.0328736
0.0184339
0.0508995
4.94166e-05
-0.0586674
-0.111985
-0.030469
0.00473685
-0.0247869
0.0125291
0.0119829
-0.0421324
-0.039597
0.0781835
0.0764721
0.0372145
-0.0175935
-0.025965
0.0108376
0.0128533
-0.0268507
-0.00873748
0.0267761
0.025165
-0.00715281
-0.035335
-0.0355155
0.0186309
0.084927
-0.0307727
-0.0178505
-0.108815
-0.115596
-0.158592
0.22422
-0.0631255
-0.116271
-0.0662427
0.0352551
0.016551
0.0307723
-0.132931
-0.374406
-0.0814751
-0.156263
0.0693856
-0.0340037
-0.100938
0.0396794
-0.0380558
0.00658481
0.0278907
0.0334915
-0.0782909
0.0410836
-0.141322
-0.176416
0.208651
0.163148
-0.215017
-0.00301622
-0.0231349
0.0299965
0.138773
0.0444138
0.394329
0.0557855
0.0543493
-0.0393809
0.0595251
0.00139115
-0.0153256
-0.0664541
0.290299
-0.134349
0.127281
-0.161546
0.054258
0.116731
0.111247
0.169958
-0.00812945
-0.0154599
0.0182125
-0.0365849
0.0127988
0.0500047
-0.0131627
0.0604224
0.0291496
0.0773991
0.0242491
0.200743
0.000238198
-0.207782
0.298127
0.882544
-0.0154958
-0.187152
0.134432
0.410846
-0.0267456
-0.0119258
0.213405
-0.241887
0.28071
-0.00292552
-0.27342
-0.0154607
-0.0825877
0.37781
0.247793
0.144843
0.0616304
0.0410966
0.110454
0.151953
-0.0507769
-0.231989
0.337857
-0.0897462
0.327682
-0.0806792
-0.431493
0.0626977
0.10083
-0.196545
0.381629
-0.0558802
-0.154613
0.487686
0.232206
-0.00708574
0.0421001
-0.468454
0.0600419
-0.00165205
0.343657
-0.110168
-0.213976
-0.144565
0.0501414
-0.172912
0.0160817
-0.0176419
-0.032588
-0.0275135
-0.032796
0.424486
0.00756659
0.253073
0.139544
-0.0661772
0.00862983
-0.119613
-0.00666347
0.00772743
-0.0375225
0.0599879
0.0249999
0.0298326
-0.036362
-0.0295856
-0.0274675
0.0380038
-0.0410599
0.04232
-0.01883
-0.0137524
0.040294
0.0441639
-0.000573079
-0.0388989
-0.0643498
-0.0210356
0.0343496
0.00230997
0.00433153
0.000760573
-0.0622698
-0.0152184
-0.0167355
0.0443164
-0.0355406
-0.0225044
-0.0332166
-0.044103
0.0215007
-0.074061
-0.0607491
-0.0439055
0.0388222
0.0114594
0.0288151
-0.0356459
-0.0418313
-0.0458637
0.01717
0.0181563
0.00986126
-0.00388719
-0.0118903
-0.0044791
0.021131
-0.0649228
-0.00619808
0.0249116
-0.0191109
0.0485715
0.0482873
0.0481695
-0.0402561
-0.012674
-0.0147656
-0.0534572
0.00746936
0.00059696
-0.10852
0.129428
-0.0536473
0.068732
0.0782194
-0.044737
-0.0114191
0.0323953
-0.00580704
0.0397566
0.0598917
0.0365246
0.0108116
0.0097478
-0.0140091
0.0075199
0.110447
0.0174275
-0.049756
0.038404
-0.0218525
-0.0131681
-0.0235267
0.0430373
0.0478596
0.024695
-0.00223236
-0.0286694
-0.16952
-0.0436762
-0.0509728
0.0102696
-0.0280727
-0.048969
0.0131702
-0.0789552
0.0245345
0.0121583
0.0377231
-0.00577006
0.0425115
-0.0145743
-0.0424449
-0.0431149
-0.0197666
0.0104281
0.0123627
0.0217923
-0.0695856
0.0677357
-0.0821538
0.23025
-0.00145274
0.0716555
-0.00272924
0.00446902
0.0108552
-0.0630765
0.120644
0.0308095
-0.0219616
0.00271629
0.0236678
-0.0602584
-0.0312454
0.0488312
-0.0426859
-0.0207974
-0.0108294
0.00171749
0.0611844
0.0389305
-0.000706219
-0.026764
0.0137974
0.057288
0.0190079
-0.00610792
0.0353822
0.00807162
-0.00849378
-0.00537659
-0.00727877
0.029841
0.00177334
0.0243621
0.0112477
-0.00080712
0.04691
-0.00224592
0.00676031
-0.0774191
0.0789804
0.0325425
-0.0507121
0.0408191
0.040934
0.0486345
-0.043616
-0.0290641
0.00405077
-0.0765528
0.0533156
-0.0552802
-0.0594409
-0.043889
0.0376667
0.0479242
0.0400946
-0.0384595
0.0404607
-0.0194746
-0.0185809
-0.0158366
-0.0108875
0.0134522
-0.0210746
0.0148559
0.000129636
-0.029832
-0.0317745
-0.0667412
-0.0303318
-0.0340374
-0.0179872
-0.00137007
0.0170426
0.0459941
0.0224621
-0.0369795
0.00829129
0.0919174
-0.0323131
0.0193972
-0.0193159
0.0367669
0.0988751
0.0202967
-0.00537956
-0.0457612
0.000874845
0.00796504
0.0495121
-0.0201907
0.0185623
-0.0213791
0.00394716
0.00140434
0.0167631
0.0265833
0.020714
0.0744877
-0.00578687
0.0279181
-0.0130771
0.0481629
0.0233386
-0.0173341
-0.00200158
-0.0149455
-0.0194303
0.0157002
0.00563017
0.0424625
0.0645775
-0.0201007
-0.0237742
-0.0385935
0.041998
0.017137
0.00684592
0.0484456
-0.0370908
0.0488504
0.0422385
-0.0241121
-0.0246849
0.0346169
-0.0341043
0.0161141
0.0309054
-0.0438321
0.016537
-0.0624067
0.00916908
-0.0490522
-0.0146373
-0.026348
-0.0129805
0.0176439
0.0342768
-0.00693944
0.0220512
-0.0140282
0.0472168
0.00785059
-0.0421694
0.0508763
-0.0454591
0.00708217
-0.0109565
-0.00938749
0.0280629
0.0127608
-0.0206794
0.045219
0.0294838
-0.0153553
-0.00857432
-0.0383359
-0.0188742
-0.0296646
0.0377728
0.0512682
0.0202364
0.0214886
-0.0369588
-0.0467267
-0.0454008
-0.024216
0.0180301
-0.0256254
-0.0408576
0.0180932
0.00710536
-0.0269887
0.0359599
-0.0205647
-0.0508897
0.0284865
0.0180411
0.0399097
-0.0097995
0.0397088
0.0175273
-0.0287654
-0.0797993
-0.0381952
0.0264182
0.0113277
-0.0234657
-0.050055
0.0274835
0.0268811
0.0375234
0.0296748
-0.00834222
0.0715125
-0.0268624
0.0246734
-0.0483211
-0.00289792
0.0112417
0.048493
0.0328074
-0.0347881
-0.0193306
-0.000878925
-0.0207886
-0.0130275
0.0105038
0.0158711
-0.0293452
-0.020261
-0.0139841
-0.0635371
0.0168818
-0.0372945
-0.0384507
0.00548416
0.0502245
-0.00356275
0.0459817
-0.0426487
0.0223311
0.0243249
0.0625948
0.0158225
-0.0270005
-0.005994
-0.0286549
0.0391607
0.0089326
-0.0529291
0.0616782
-0.0279159
0.038204
0.0178093
0.0425558
-0.0363996
0.0157194
0.0064111
-0.0236858
-0.057263
0.0774676
0.0383544
-0.0182551
0.0368897
-0.0737954
0.0452474
-0.023327
0.0885066
-0.0271132
0.00715946
0.00626385
-0.0188851
0.0171051
0.0659706
0.117628
-0.0945342
0.0478661
0.072489
-0.00259695
-0.0064589
-0.00787402
0.0596827
-0.072743
-0.0207021
0.0750697
0.0115045
-0.0140769
0.0587317
-0.137232
-0.0281603
0.0135638
-0.0242647
0.0204591
0.0380572
0.0272012
-0.0120935
0.0346726
-0.0440345
-0.000155066
0.00913519
-0.0647695
-0.0471409
-0.089085
0.026004
0.0102934
0.0054882
-0.0178209
0.00269312
-0.0692931
-0.0320177
-0.036622
-0.0107254
-0.029297
0.00917882
0.0303871
-0.0395504
-0.0349524
-0.0634299
-0.020032
0.0037114
0.0153468
-0.0481791
-0.0466872
-0.0480047
-0.00640636
-0.0234646
0.0170026
0.0445222
0.037862
-0.0451957
0.00588242
-0.0099117
0.0287286
0.0393773
-0.0026905
-0.0479737
0.0232468
0.00868079
0.0364742
0.0350997
0.0304511
0.0439673
-0.00733033
-0.0419406
0.0111452
-0.0384626
0.0300128
0.035634
-0.0144344
-0.0101552
0.00881189
0.0451976
0.0279774
0.0396139
-0.0333921
-0.0100192
-0.0286781
-0.00945224
-0.0258146
0.00959409
-0.0136116
-0.0459579
0.022737
0.0496017
0.0422591
0.02743
0.0476914
-0.00652602
0.0211089
0.0461384
0.027169
-0.017673
-0.0465122
-0.0161953
-0.0445926
0.0232893
-0.0169055
-0.0250832
0.0147864
-0.00062157
-0.0240458
0.0398558
0.0363446
-0.0159955
0.0591343
-0.0272486
-0.00686436
0.0359213
-0.00473655
0.0496295
-0.00859102
0.0290603
-0.0555474
-0.0346919
-0.0406619
-0.0024707
0.0408197
-0.231392
-0.169345
-0.0897968
0.0213092
-0.0322575
0.165879
-0.0104165
0.0523185
-0.0814515
0.0104066
0.147628
-0.1051
0.314309
0.498035
0.198644
-0.169171
-0.0934694
0.207637
0.151983
0.200092
0.0731511
0.110404
0.354143
0.254074
0.197797
0.281243
0.256006
-0.0414768
-0.134337
0.0546942
-0.0890377
-0.121004
0.0186063
-0.113211
0.156285
-0.986403
-0.35762
-1.34765
0.314671
0.0911753
-0.147295
0.292193
0.0352064
-0.108469
-0.159766
-0.370613
-0.283088
-0.39218
-0.263546
0.0676225
-0.0241546
0.0501029
0.0830925
0.136505
-0.869
0.0214443
0.0800237
-0.0169463
-0.154014
0.068017
-0.0628133
0.28299
-0.00648579
0.02791
0.0548879
0.314793
-0.00421907
0.0149615
-0.0842696
-0.0105096
-0.124659
0.0740217
-0.0684083
0.0860463
-0.0756633
0.0557434
0.0914833
0.054367
-0.0760734
-0.0269869
0.108891
-0.147574
0.0399894
-0.166785
0.0320113
-0.0237465
0.0334177
0.100186
-0.140573
0.00652328
0.239561
0.035045
-0.0186199
-0.0744033
0.0642346
0.267274
0.00929447
-0.0478859
0.0281442
-0.17532
0.0458621
-0.0981048
-0.0197825
0.163065
0.00826429
-0.0150501
-0.0203919
0.0339091
-0.00973988
0.0671019
0.0184259
-0.0104654
0.0291067
-0.00137681
0.103772
-0.0278083
0.0163392
-0.0107009
0.0502106
-0.0218517
0.152467
0.43711
0.0869949
-0.0285593
0.0630195
-0.073978
-0.370776
0.00278536
0.00311921
0.00842353
-0.566525
0.0518758
-0.42165
0.383243
-0.0743329
-0.0850296
-0.140972
-0.0229405
0.031793
0.00856454
0.0612809
-0.0216649
0.00910541
-0.0188596
-0.00693194
-0.0797046
-0.0307556
-0.0083964
0.0103153
-0.100133
-0.0507479
-0.0144083
0.0373074
0.0399728
-0.0263067
-0.0232961
0.101807
0.0404204
-0.040722
-0.0399809
0.0196528
0.0131725
-0.0102795
-0.0155
-0.0719475
-0.004652
0.0320926
-0.0922551
-0.0109963
-0.0185038
0.0464888
0.021711
-0.0121562
0.00426
0.0376513
0.0368909
0.0445996
-0.018205
-0.027611
-0.058173
0.0814945
-0.0184101
0.010209
-0.0377478
0.0413498
-0.038941
6.1779e-05
-0.0966685
0.0400113
-0.00748932
-0.0121017
-0.012223
-0.015689
0.0159189
0.0417892
0.0302995
-0.0637542
0.023239
0.0212583
-0.00519187
-0.0424295
-0.031763
0.0100464
0.0294879
0.0109279
-0.0218348
0.0321372
-0.174523
-0.000620718
0.0134863
0.058011
-0.0100486
-0.0623823
-0.0638944
0.0649927
-0.0309157
0.152657
-0.00812941
0.0331394
0.131524
-0.0310395
0.0397845
-0.0406516
-0.0215797
-0.0634123
-0.102678
0.250404
0.0199292
0.038322
0.00828601
-0.103672
-0.0270179
-0.0270151
0.0745749
0.0281673
0.0638712
0.0810529
0.155059
-0.305272
-0.243578
-0.101033
0.0428628
-0.0471754
-0.141497
0.0387348
-0.125009
-0.011397
0.0418359
-0.0122517
-0.012013
-0.063256
-0.238762
0.0217779
-0.0266095
0.0740949
0.0968497
0.106015
-0.199999
0.249619
0.183032
0.174756
0.0773601
0.0640924
0.0747498
-0.126287
-0.196507
-0.0714445
-0.115677
-0.161931
0.159613
0.31561
0.0364062
-0.0376954
0.00110164
0.0803723
0.00946185
0.090468
-0.0119445
-0.0306811
0.0921791
0.0396612
0.0770507
-0.0678797
0.0150243
-0.0307329
-0.451942
-0.0965452
-0.308705
-0.23855
-0.0248512
-0.0164584
0.0586698
-0.234214
-0.025902
0.0669725
-0.0986375
0.0173351
-0.0333331
0.157015
-0.157966
0.488408
-0.412888
-0.132878
-0.186138
-0.106929
0.267311
-0.282416
0.448787
-0.0292532
-0.243452
-0.0601294
0.0940643
0.125001
-0.0643452
0.0468941
0.0417628
0.0725529
-0.150999
-0.0141479
0.0250353
0.399861
0.343109
0.241662
0.168291
-0.0488496
-0.0841337
0.0519349
0.190031
-0.00532663
-0.032694
0.286993
-0.223496
0.0729531
0.143611
-0.0118161
0.0267579
-0.102613
0.0393078
-0.014061
0.0656653
0.251406
-0.0269998
-0.0435683
0.0390136
0.0588105
-0.0465496
-0.0353347
-0.0453537
0.0520395
0.0014043
0.016923
0.0655417
0.0447998
-0.0369863
0.0188946
-0.000187702
0.0539873
0.0482275
-0.00946907
0.0345547
-0.0389787
0.0194536
0.0825032
-0.000341459
-0.000863719
-0.0102256
-0.0377754
0.0237857
-0.0244341
-0.00673741
-0.0100015
-0.175134
0.00346289
0.0322929
-0.0103163
-0.0584447
-0.0367583
0.0196626
0.0137236
-0.0466213
0.00938022
-0.0657175
-0.0444374
-0.0302605
-0.0274584
0.0360525
-0.0468448
-0.0484347
0.000520134
0.012063
-0.0327671
-0.0461286
0.0032234
-0.0781818
-0.00153195
0.00586726
-0.0279746
-0.00633435
0.00506879
-0.0149823
0.104231
0.0665489
-0.0934793
0.0886368
-0.0341922
-0.0166459
0.033328
0.074796
0.450478
-0.156873
-0.0613938
-0.0271988
0.0125038
-0.0315809
-0.00769392
-0.0876757
-0.0275763
0.032952
-0.0402717
-0.0287636
-0.0135252
-0.0152208
-0.00733976
-0.00985081
-0.0115061
0.013686
-0.0276187
-0.170853
-0.00253467
-0.00682761
0.0453221
-0.0176159
-0.0436191
-0.0148216
0.0412416
0.0163392
0.00550865
0.0170761
-0.0278482
0.0524249
0.0441012
0.00404689
0.00895328
-0.0218639
-0.0531199
0.00506237
-0.0303725
-0.00339227
-0.00525254
0.0794006
0.0690065
0.101845
0.00120965
0.0632506
-0.038833
0.0433413
-0.0156053
0.0503803
-0.0242816
-0.0464467
-0.0144091
0.0208114
-0.0510909
-0.0253819
0.0530861
-0.0190765
0.00267406
0.0100346
0.0445102
-0.0109997
0.0155747
-0.0412048
0.00529516
-0.0555083
0.0156545
-0.00833388
0.00841169
0.0369522
0.00329402
-0.0212082
0.00634812
0.0469632
0.0459399
-0.0415435
-0.0633599
-0.0421021
-0.0389089
-0.0312346
-0.0354999
0.0338818
0.0933095
0.0104667
0.000842995
-0.0100105
-0.00486641
-7.83314e-05
0.0306128
0.00754602
-0.0330479
-0.0210143
0.0330209
0.0157343
0.0615914
0.0496228
-0.0226641
0.0170629
0.00544631
0.031652
-0.0201542
0.0261657
-0.024903
-0.0129229
-0.013213
0.0475021
0.03494
-0.00375839
-0.0464071
0.0288381
-0.0312525
-0.015987
0.00249503
-0.0292135
0.0198074
-0.0149328
-0.0139991
0.0194323
0.0151957
-0.00455903
0.0185285
0.0203806
-0.00358574
0.00395929
0.00519269
-0.0390834
-0.038063
-0.0172244
0.0477492
-0.0246891
0.0125174
-0.0073458
0.0434834
-0.00857346
0.00287631
0.010735
0.000462793
-0.032333
0.111479
-0.0390707
0.00348848
-0.0283679
0.0558674
0.00278559
0.00595493
-0.0443183
-0.0170411
-0.0575307
0.0352132
-0.0488139
-0.00127182
-0.029554
-0.00812531
-0.028851
-0.048707
0.0118892
-0.0216351
-0.0259415
-0.0120639
0.0470235
-0.0244256
-0.0246989
-0.0274753
-0.0114925
-0.0359113
-0.0173047
-0.00512717
0.0254451
-0.001048
0.0101515
0.031812
-0.0184094
-0.0180452
0.0239066
0.01835
0.020397
0.0138025
-0.0378426
0.00467545
0.0483719
0.030234
0.00533589
0.00975328
0.0399396
0.0239443
0.0463695
-0.00784624
0.0200449
-0.0102375
-0.0305733
0.0360151
0.00612493
0.0379357
0.0218697
-0.0237134
-0.0364244
0.0362869
0.0308086
0.0180089
0.0177579
0.0102948
-0.0419778
0.00532936
0.0392939
0.00418422
-0.0374656
0.0250702
-0.0273465
0.0456517
0.000392063
-0.0196967
-0.00460071
-0.0368877
-0.0415938
0.0138407
-0.0332336
0.0347686
-0.0511277
-0.0366627
-0.025851
-0.0277972
-0.0303008
-0.0306011
-0.0595787
0.00547676
0.0207617
-0.0240938
-0.0138304
-0.0427516
-0.0467729
-0.00695783
0.0877881
-0.00987415
-0.0128804
0.0282995
0.031622
-0.0199971
-0.0110564
0.0143522
-0.0167881
0.00350389
-0.0298631
-0.0221564
-0.0222524
0.0111773
0.012039
-0.049645
-0.037591
0.01802
-0.030175
0.0465638
0.0199769
0.0703576
0.0305009
-0.034297
0.0323573
-0.0335979
0.00728599
0.0264296
0.0367189
0.00754909
-0.0395359
-0.0272351
-0.060311
-0.0282807
-0.0122774
-0.00582957
-0.0282767
-0.0488168
0.0195517
-0.0442991
0.0418896
-0.00371548
0.0196518
-0.0489043
-0.0304981
-0.0509063
0.00850379
-0.00625675
0.0161731
0.00264207
0.0197289
0.0773743
-0.0102858
0.0500301
0.0146769
-0.0199915
-0.0408237
0.0291294
-0.0282324
-0.0128503
0.0364019
-0.0161815
0.00644157
0.0588589
-0.018706
0.0364468
0.00170362
-0.0194329
-0.0256717
-0.0233858
-0.0544205
0.0523936
0.0232624
0.0637813
-0.00124111
-0.00363915
0.0561486
0.0803511
0.0102277
0.00721652
0.047312
0.0176048
0.0294252
0.00826471
-0.0125376
-0.0433518
0.0247
-0.05675
-0.0635947
-0.0109659
-0.0388355
0.0304303
0.0347731
0.00520486
0.0276473
0.0355514
-0.0529284
0.0520332
-0.00594407
-0.00954765
0.0525957
0.0531229
0.0175064
-0.0203714
-0.0454322
-0.0327796
0.00140533
0.0514257
-0.0197794
-0.0367416
-0.011397
-0.0139285
0.00203665
-0.0217744
0.0405581
0.0381636
-0.0213596
0.0166013
0.0128873
0.0457818
0.0362575
0.0123967
0.047522
-0.0210426
-0.0219789
0.03257
-0.00101874
-0.0268871
-0.0423716
0.0280252
0.0129474
0.0304765
0.00160278
0.0234674
-0.0498181
-0.0291622
0.0482081
0.0342763
0.00609422
0.0444687
-0.0271646
-0.0157642
-0.0182394
-0.025424
0.0356266
-0.026272
0.0334172
0.0353433
-0.024073
0.00818093
-0.0263933
0.0285795
-0.0178231
-0.00463715
0.00274542
0.0308856
0.0135552
0.0334587
0.0211043
-0.0175718
0.0181867
0.0404506
-0.00200111
-0.001788
-0.0374467
-0.0257036
-0.036688
0.0268477
-0.0311615
-0.0312882
0.00321156
-0.021466
0.00477348
0.00444838
0.015972
0.0189912
-0.0197597
0.0338528
-0.0121806
0.000969676
-0.0332876
-0.0347014
0.0101249
-0.0555585
-0.0479868
0.00908204
-0.00294476
-0.0354156
-0.0270526
0.0484051
-0.0135677
-0.209094
0.00318306
0.0185178
0.00313116
-0.036726
0.0105036
-0.0361313
-0.0130815
-0.0764771
-0.0740463
0.0134228
-0.0323876
-0.028451
0.0328764
-0.0229303
0.01422
0.0311715
0.03602
0.0486797
0.0168702
0.0384661
-0.0282274
0.00892336
0.0119076
-0.0239999
0.0318419
0.00964728
-0.0147721
0.0116214
-0.0523668
-0.0240205
-0.0287541
0.0295355
0.0269888
0.0301727
-0.0352559
0.0171131
-0.0697726
0.0353997
-0.0527833
-0.0369165
-0.0979655
-0.0080905
-0.00736774
0.0014089
0.00777675
-0.0539128
-0.0096545
-0.00308466
0.0295424
-0.0306149
0.0230451
0.0294024
-0.000807238
0.0182156
-0.0432642
0.0708466
0.0273259
-0.0492687
0.00175623
-0.028682
-0.0185913
0.0435027
-0.0602181
-0.0273455
-0.0287312
0.0483258
-0.00323779
-0.0184138
-0.0574086
-0.0140169
-0.0176145
0.0210599
0.00956891
-0.0103497
0.126514
0.00878791
0.0224413
0.0230189
-0.0476237
0.0235341
-0.0365655
-0.0117728
0.0217582
-0.125216
0.0397036
-0.0738977
0.0540382
0.0394374
-0.00240923
0.0247695
-0.0130164
-0.0108085
-0.0415558
0.0276388
-0.0418338
-0.0110127
-0.033086
-0.0142566
0.0201248
0.0531608
-0.0667726
-0.0416088
0.00802713
0.00490988
0.0250412
0.00951356
-0.0170304
0.0330966
-0.0406397
-0.0248452
-0.00251896
0.0136797
0.038651
0.00347946
-0.0310626
0.0141581
0.00326027
-0.0237964
-0.0125904
-0.0366942
-0.00677306
-0.0406782
0.035441
0.0189316
-0.00267389
0.00259327
-0.00390316
0.0283167
-0.010631
-0.0030028
0.0712811
0.0163499
0.0479181
0.046729
0.0247398
-0.0118722
0.0221502
-0.00488931
0.0249905
-0.0384017
-0.0276286
-0.0328088
-0.0181104
0.045293
0.0194763
-0.00146185
0.0324205
0.0462963
0.00604736
-0.0468397
0.0347317
0.0237702
0.00669875
0.0411212
-0.0175883
-0.0506325
-0.0241291
0.00635513
0.0476022
0.045146
-0.00147189
0.000387822
0.0186448
0.043672
0.0108797
0.0190455
-0.0447546
0.0403762
-0.0301969
0.0070477
0.0249772
-0.0221609
-0.0197645
0.00427271
0.00068519
-0.0112632
0.0440399
0.0192538
-0.0554434
0.0297975
-0.028194
0.0102405
0.00435098
-0.0385466
0.0173766
0.0393844
0.0186842
0.00294277
0.00118611
0.00108934
-0.017755
0.0269701
-0.0014205
0.0465743
-0.00267236
-0.0166419
0.00877439
0.0245678
-0.0156802
0.0340859
-0.0293856
-0.0448652
0.0132627
0.0325841
0.0487809
-0.0409282
0.0295916
-0.0462949
0.0217576
-0.00363129
0.0411631
-0.054452
-0.0428896
-0.0466031
0.0532669
-0.0591575
0.0426202
0.0420504
-0.0429899
-0.031522
0.0166709
0.0437825
0.0430036
0.0574918
0.0436558
0.0238903
0.00479854
-0.0386454
0.0094178
-0.0329308
-4.95781e-05
-0.028555
0.0328012
0.0627261
-0.00139866
-0.0467783
-0.0130247
-0.0273856
0.0219712
-0.0223513
0.0140426
0.0326294
0.00365052
-0.0302299
0.0133731
-0.0101229
-0.0675673
-0.0414786
-0.0171837
0.0697576
-0.0187013
-0.028107
0.0426029
0.013125
-0.00878958
-0.062588
-0.0377158
-0.00957364
-0.0151083
-0.0713759
-0.000907256
-0.0278131
0.0369958
-0.0339483
0.00160269
-0.054186
-0.013511
-0.0431143
-0.0159791
-0.000959439
-0.04576
0.0405571
-0.0244952
-0.0456171
0.0466461
0.0117249
-0.0351447
0.0211035
0.0302384
0.0429596
0.0168368
0.0475461
0.0115246
0.0032644
-0.0191701
0.0236828
-0.0247709
-0.0160997
0.0604586
0.0524408
6.95295e-05
-0.134432
-0.035674
-0.0509101
0.0163838
-0.0179409
0.00379632
-0.0233407
-0.0195203
-0.0157109
0.110396
-0.0511515
0.013333
-0.0386741
-0.0650697
0.0575661
-0.00206187
-0.0048483
0.00789271
-0.0148725
-0.0413771
0.0111378
-0.00239405
-0.0219005
-0.0390648
0.0404939
-0.0724555
-0.00137854
-0.0135205
-0.00898145
-0.0262629
0.0535172
0.0400354
0.0356259
0.0173303
-0.0144307
-0.0613673
-0.010126
0.0236765
0.0439838
0.0359221
-0.0179842
0.0076222
-0.0280199
0.0243418
-0.000279593
0.0352826
-0.0341574
0.0395923
-0.00547779
0.0142572
-0.0415624
-0.0134513
0.0252536
0.0112415
0.0247397
0.0304073
-0.0249584
-0.0189496
0.00194078
0.0153554
0.0260078
-0.0373456
0.0195938
0.0300686
0.0264712
-0.0364289
0.0356906
0.0330677
-0.0174505
-0.00923842
0.0351314
-0.0159426
-0.0348096
-0.0481748
-0.00915715
0.0115907
-0.0323826
0.0289205
-0.0429772
-0.0302122
0.0322697
0.0236168
-0.0431475
0.0147023
-0.0400812
0.0226882
-0.00829084
-0.000495064
-0.0135882
-0.0388961
0.0228555
0.00630699
0.045431
-0.00229417
-0.0399415
0.0323014
0.0283641
0.0294474
-0.0401872
-0.037132
0.00588455
0.00590936
0.0399981
0.00874743
-0.0187267
-0.0198491
0.0378425
-0.0499397
0.0582591
-0.0199262
0.029789
-0.0280541
0.0232391
-0.0390699
0.0415592
-0.0194746
-0.0567358
-0.0477908
0.00218589
0.0396801
-0.0111535
-0.028331
0.000169208
0.114147
0.0126677
-0.0326356
0.00795466
0.0610894
0.00595146
0.0227986
-0.00639341
-0.0209821
-0.0408823
-0.0369759
-0.00771687
-0.0724415
-0.179862
-0.122294
-0.0190902
-0.00425531
-0.0208648
-0.0490648
-0.0277577
0.0176219
0.0196462
-0.0627734
-0.0506068
0.00401828
0.0244388
-0.0810801
-0.000621091
0.0149107
0.0332756
0.0720523
-0.0121472
-0.0234769
0.0322783
-0.139866
0.119202
0.0337312
0.1567
-0.0361604
-0.00325505
0.11975
0.000288369
0.101411
0.0386411
0.0327977
0.0330362
0.0197059
0.0391736
-0.0278962
0.00289316
0.0226282
-0.0072555
0.0503263
0.0719899
0.0990215
-0.00727673
-0.02535
0.00597369
-0.0650812
0.0715349
0.0370792
-0.0158626
-0.0276053
-0.00386809
0.043441
0.0226507
0.0106666
0.01346
-0.0206841
-0.0572315
0.0146028
-0.0469472
-0.0487554
-0.0393894
-0.00772114
-0.0123116
-0.00266669
0.00607844
0.0142412
-0.01812
-0.0134441
0.0425422
-0.0828513
-0.0398794
0.00855798
-0.0856363
-0.0123217
-0.00691259
-0.00743244
-0.0300552
0.0213539
0.0411269
0.0456627
-0.0279584
-0.0143264
-0.044512
-0.0261072
-0.00760124
-0.00868906
-0.012278
-0.0541419
-0.0234387
0.0316008
0.00620739
-0.0531023
-0.0328449
-0.0289202
0.0374976
-0.0192594
-0.021024
0.0462305
0.0366845
0.0372247
-0.0170563
-0.0203928
0.093177
0.0364288
-0.0527406
0.0398427
0.0474374
0.0249028
-0.00798174
-0.0411736
-0.018045
-0.00308213
0.0437965
0.0785108
-0.0420626
0.00876749
-0.0128091
0.119492
0.00484814
0.0521327
0.0106334
0.0203861
-0.027766
-0.0117099
-0.00105854
0.00673175
0.0124959
0.0174569
0.0134005
-0.0163337
0.0220899
0.0204458
0.0344152
-0.0417576
0.0322989
0.0104074
-0.0177593
-0.0475546
-0.010744
0.0333908
0.0327314
-0.0138905
-0.0361176
-0.0182665
0.0292269
-0.0191775
-0.0307825
0.0288115
0.0051463
-0.0349008
-0.0130149
0.0298489
0.037227
0.0160415
0.0412427
-0.0247713
-0.00428704
-0.00496964
-0.00400272
-0.0421716
0.0223631
0.0476399
-0.0247523
-0.00210395
0.0129665
0.0150462
-0.03914
-0.0378007
0.0189883
0.0399497
0.0133139
0.0391952
0.048789
-0.00262337
-0.0017316
-0.0482172
-0.0333763
-0.0127553
-0.0417984
-0.0241649
-0.0391604
-0.0131621
-0.0439732
0.0348804
-0.0411434
0.00941285
-0.00106462
-0.0281574
-0.0196675
0.0438017
-0.0157188
-0.00552255
0.0125879
-0.0479032
0.0287979
-0.00831505
-0.0146556
-0.0405586
-0.0333553
0.0223036
-0.0481892
0.037085
0.0123387
-0.0376517
0.00553949
-0.0103715
-0.0396323
-0.0683099
0.0317798
-0.0185741
-0.0125156
0.0295204
-0.0297056
-0.0186432
-0.0140371
0.0239041
0.016541
0.0252844
0.0213239
-0.0131872
-0.00394526
-0.0245619
0.0377753
-0.0308385
0.00457176
0.0420619
0.0844506
0.0775611
0.0294076
0.0388203
-0.0167671
0.0316288
-0.0631421
-0.075341
0.0504223
0.00105682
-0.0431923
0.0108982
0.0582756
0.0337695
-0.00387679
-0.011913
0.0346232
-0.0380831
0.0541663
-0.0377156
0.0149717
-0.0231083
-0.0445364
0.0377138
0.0275901
0.00162054
-0.01765
0.0516753
0.0311873
-0.0192419
-0.00144135
-0.137672
-0.0113389
-0.0467249
0.0359229
-0.000473484
0.0678764
-0.0475171
-0.0249242
0.0368216
0.0134115
0.0442816
0.0537377
0.0112945
0.0132941
0.0332012
0.0440029
0.069898
0.0443388
-0.0535876
0.0778284
0.0331667
0.0180393
0.0106927
-0.0173059
0.0649927
0.0810901
-0.00160509
-0.0150207
-0.057879
0.0129471
0.0511402
-0.0995511
0.0679395
0.0257259
-0.0155979
-0.0153815
-0.0945721
-0.0148095
0.0432187
-0.0110768
0.0335535
-0.0504181
-0.0233772
0.0114386
0.0228298
0.00553118
-0.0452918
0.0153621
-0.041627
0.0153908
-0.0264501
-0.0594229
-0.0478338
-0.0808438
0.0423906
0.0117185
-0.000296963
-0.00904504
0.0294732
0.0228468
0.0296013
-0.0171521
0.00124487
-0.0296966
-0.0354106
0.041773
-0.00300217
0.0276892
-0.0332163
-0.0433327
-0.0679886
-0.0433403
0.0259187
-0.0256264
0.0142373
-0.0154671
0.00758771
-0.0337784
-0.0302838
-0.0182129
-0.0257829
0.01615
0.0365377
-0.00985927
0.0351511
-0.0088648
0.0314555
-0.0504577
0.0297592
-0.027704
-0.0339112
0.00502322
0.0202803
-0.0063134
-0.0149232
0.0158344
0.000205651
0.0130529
0.0312765
0.0474497
0.0109517
0.0701352
-0.00195714
-0.0193741
-0.00753589
-0.0404563
0.0419615
0.0150131
-0.0251223
0.0362754
0.0340668
-0.0324487
-0.00552857
0.0395201
-0.00826129
-0.0270225
-0.0135507
-0.0176754
0.0140946
-0.0266588
-0.0465252
-0.000205571
-0.0112933
0.0262003
0.0172702
0.0148963
-0.0366077
-0.0413773
-0.035265
-0.0138431
-0.0471995
-0.0313949
-0.0275432
-0.0636447
0.0421905
0.0178135
-0.0259006
-0.0129737
-0.0852974
0.0699735
-0.00704309
0.00842502
-0.0350541
-0.00150588
-0.0274047
-0.179718
0.15784
-0.0348537
0.0376782
-0.0287503
-0.00757624
-0.0542143
-0.0205828
-0.0506062
0.230997
0.0303821
0.0147837
-0.00118409
0.171271
0.151894
-0.0494443
-0.15721
-0.0339351
-0.135815
0.0848142
-0.0417734
-0.00390679
-0.0396797
-0.0646288
-0.0720232
-0.0638345
0.326128
0.0456654
-0.00574027
0.128634
0.19597
-0.0767042
0.00335069
-0.0430072
-0.107141
-1.40597
-0.379301
0.248638
-0.187196
0.0269798
0.00121022
-0.147451
-0.108844
0.0403752
0.128761
0.117907
0.113153
0.198131
0.0571705
-0.219308
-0.00521176
0.0308172
-0.0680017
-0.062834
0.155714
0.0125142
0.0313753
0.0304268
-0.0894378
-0.293278
0.00328708
0.924776
-0.0421496
-0.0491549
-0.0475984
-0.0381091
-0.022112
0.0355949
-0.0500508
0.103548
-0.00105643
0.114361
-0.28234
-0.144665
-0.113158
0.0389889
0.00623393
-0.0463137
0.0175831
-0.0437342
-0.0750887
0.0209209
0.0713982
0.0709764
0.0688042
0.0690866
-0.0545612
-0.0433268
0.0454098
-0.148783
-0.0631822
0.00204875
-0.0106837
-0.00118783
0.0475744
-0.0328014
-0.0374613
0.0310822
-0.0271742
0.0802331
0.214503
0.0199924
0.265574
-0.17797
-0.00290175
-0.0963171
0.0311346
-0.0063445
-0.0390901
0.012929
-0.0188356
0.0277308
0.0321379
0.029735
0.0486299
-0.0401581
0.0171638
0.0332645
-0.0200898
-0.0268317
0.169544
0.0441431
-0.089074
-0.0260973
0.0566426
-0.0186861
-0.33637
0.0447842
-0.00499117
0.00214286
0.204704
-0.0725893
0.056983
-0.314329
0.144604
0.0834949
0.028634
0.0185765
-0.0466388
0.0772807
0.0448723
-0.026049
-0.00877378
-0.0242193
-0.0453758
-0.0519119
-0.0855341
-0.037696
-0.127258
0.0106194
0.0492262
0.0144773
0.0258206
-0.0668294
-0.0447527
0.0470255
0.0135069
-0.0253919
-0.019828
-0.0351633
0.0106194
-0.0474625
0.0400939
0.00944953
0.182527
-0.131225
-0.0147968
-0.0520787
-0.00387183
0.0313562
0.0359934
0.0374246
0.0478059
-0.0430282
-0.0368651
-0.023167
0.0879635
0.00115649
0.0299395
-0.00460002
-0.0408847
-0.0155917
-0.00992618
0.0193832
-0.0568736
-0.0300123
-0.0066585
-0.0538615
-0.0432982
0.0121994
-0.0215503
0.0294637
-0.00853693
-0.0188592
0.0343056
-0.062445
0.0682819
0.045936
0.108187
0.0137851
-0.0197972
0.0334531
0.034488
0.017148
-0.0106507
-0.029897
0.0205758
-0.0230629
0.0306044
0.0340588
-0.0522933
0.00644118
-0.00999446
-0.0699318
-0.146617
-0.0619522
0.0707174
0.0485546
-0.142429
-0.0101071
-0.0802239
-0.00395332
0.00101685
0.0677977
-0.292054
-0.0189577
-0.0975321
-0.014527
-0.0635685
-0.00449426
0.00729525
-0.0736574
-0.0323003
0.00173621
-0.0857493
-0.0155463
-0.0202918
-0.107435
-0.012181
0.0846708
0.198003
-0.158164
-0.0352161
-0.0398668
0.0394408
-0.17448
-0.0355098
0.263912
0.0302762
0.0888995
-0.185205
-0.123017
0.02282
-0.0219236
0.115208
0.193184
0.155581
-0.14333
-0.223855
-0.0578388
-0.0793836
0.174789
0.0614519
0.052051
0.0106424
-0.0112414
-0.0489945
0.0605394
-0.190857
0.0930603
0.270331
0.0226314
-0.00342762
-0.00385836
0.0362469
-0.286886
0.421672
-0.0947555
0.0593368
-0.0972202
-0.0880786
-0.00422962
-0.033794
0.0387279
-0.0030705
0.458951
0.0249677
0.493916
-0.252089
-0.305673
-0.159861
-0.032871
-0.011439
-0.12427
0.0534436
-0.0477608
0.037602
0.0263791
-0.0367476
0.0152733
-0.180919
0.0507472
-0.196396
-0.0348031
-0.0561454
-0.104705
-0.186992
-0.276382
0.0895152
-0.558279
-0.0431129
0.0307862
-0.135565
-0.0832762
0.0316118
0.0430468
0.0674974
-0.0717759
0.0104071
-0.0210113
0.130168
0.0286698
0.0414753
0.0243929
-0.0416767
-0.108002
-0.0112209
-0.0565056
0.0425358
-0.0284356
-0.277095
-0.00861605
0.0883249
0.193396
0.0470027
0.00185573
-0.081884
0.00128434
0.0263019
0.0295204
0.299129
0.0417672
0.00172204
0.0100385
-0.00762405
0.0389785
0.0488434
-0.0376872
0.101932
0.0438983
-0.00450378
-0.0343754
0.0135022
-0.00637182
0.0317754
0.0471322
0.0235725
-0.0320219
0.0381908
0.0265284
0.0411419
-0.017662
0.0123085
0.0201839
0.0250445
0.0410116
0.02561
0.0453793
0.0436999
0.0422378
0.00575724
-0.0214547
-0.0160923
-0.0134081
-0.0399008
-0.0162857
-0.0415393
-0.00206871
-0.0247423
-0.0235943
0.00370498
0.0312067
0.0120145
-0.0212358
-0.0141141
-0.00434274
0.0262076
-0.0384156
0.0158709
0.0359826
0.0501321
0.0453884
0.0186864
-0.0274871
0.00712187
0.0108148
0.0281537
0.0309386
0.0157946
-0.0731003
-0.0117827
0.0334498
-0.00286227
0.0316658
-0.00252054
0.0402711
-0.0427412
0.155879
-0.239243
-0.0967892
0.0966274
0.0165517
0.0145722
-0.0265023
-0.00901003
0.0627591
0.0448434
-0.00393593
0.0234918
-0.0156681
-0.0162592
-0.046284
0.0209089
-0.0443057
0.0536964
-0.0577708
0.0270932
-0.0312452
-0.150329
-0.0117126
-0.0228399
0.135285
0.0740041
0.00133067
-0.11745
0.0384817
-0.0290885
-0.0444237
-0.0630989
0.0429828
0.050099
-0.0186199
-0.0480272
-0.00224881
-0.150481
-0.118939
0.0535456
0.0246268
-0.0173781
0.0119413
0.230968
0.10742
-0.0360506
0.0114915
-0.0786624
0.0154318
-0.00267231
0.0123512
0.00619294
-0.03885
0.0280902
0.0530117
-0.0260316
-0.00213325
0.0297863
0.0248527
-0.0502367
0.0928418
0.0963984
-0.0759541
0.0398837
0.0894951
-0.0435003
0.075716
-0.00317294
0.0102362
-0.0203821
-0.0628014
-0.00672534
0.0730821
-0.0285804
-0.0152343
-0.0340265
-0.0328356
-0.0173314
-0.0124071
0.000150588
0.0408927
0.0660407
0.0920802
-0.0669062
0.0474002
-0.0327601
0.0244945
0.0247045
-0.0327175
-0.0338168
0.0684577
-0.143764
-0.0874592
0.0338821
-0.0223498
-0.0816697
-0.0281304
0.0224135
0.0129947
0.0482322
-0.0385779
-0.0343136
-0.0462549
0.0640786
0.0131742
-0.00979848
0.0373079
0.0577677
-0.0700845
0.0057164
-0.118447
-0.0804548
-0.0341749
-0.0471977
0.0430609
-0.0412655
-0.0509261
0.0449242
-0.0326189
0.0255277
-0.0242785
0.040001
0.022241
-0.0369534
-0.00479421
0.0316298
-0.00409528
0.0357885
-0.035799
-0.0682443
0.0124612
0.0100315
-0.0058254
0.0495107
-0.00255077
0.0139628
0.0168042
-0.0236243
0.0255081
0.0913838
-0.0227195
0.00434281
-0.020226
0.0222741
0.025298
0.0343469
-0.00588581
0.0434021
-0.0189224
-0.00499771
-0.0291184
0.039646
0.0199698
0.0503769
0.0582471
0.0286579
0.0597222
-0.041295
-0.00215705
0.00193594
-0.0210178
0.0532116
-0.0190676
-0.0439659
-0.0419351
-0.0481273
0.0488575
0.0230909
-0.000733605
0.00369593
-0.0233369
-0.0313621
-0.0566054
-0.04303
0.00594225
0.0285844
0.0423187
-0.0452765
0.0147075
-0.0198848
0.0262829
0.012982
0.035379
0.040562
0.0414137
0.0427751
-0.0418225
0.0573171
0.0256384
-0.00784044
-0.0429193
-0.0133915
-0.00868433
0.0018809
0.00644452
0.0448758
-0.0437741
0.00991673
-0.00935064
0.0190512
-0.0311247
-0.0294049
0.0361021
0.0281056
-0.03262
0.0417046
0.0549071
-0.00488134
0.0144716
-0.00371522
-0.0454253
0.0115412
0.0204573
-0.00665243
-0.0437322
0.0472341
-0.0176289
0.0250595
-0.0111139
-0.0439755
0.0418824
0.0382637
0.00216992
-0.0444496
-0.0109547
0.0106675
0.0428627
-0.0355431
0.0195819
-0.0369954
0.00127354
0.0450858
0.0790287
-0.0681354
0.0923036
0.0428438
-0.00542905
-0.0115809
0.0893635
-0.000159374
0.0607348
-0.0608169
0.0537872
0.045525
0.0507588
0.0598938
0.0988626
0.0437603
-0.0330163
-0.0322853
0.0162421
-0.00704293
-0.0459979
0.0432632
0.0335465
0.000653049
0.0326225
-0.0541462
-0.0640281
-0.0210414
0.0108638
0.0179765
-0.0626045
-0.0706401
-0.0544491
-0.0395318
-0.00811465
-0.0863427
0.0349072
-0.014408
-0.0534273
-0.0376642
0.05771
0.0486144
0.00975355
-0.0358756
-0.00325337
-0.048741
0.143268
0.0418298
-0.0208256
-0.0314357
-0.00649667
-0.0737592
0.0441052
-0.00586961
-0.0169472
0.0727125
0.00232719
-0.0722495
-0.0541586
0.0129789
0.00468413
0.00589831
-0.00281354
0.0135885
0.0878934
0.0253232
-0.0497473
-0.0900275
-0.10532
-0.0493396
0.0140351
-0.0149922
-0.0182734
-0.0167285
-0.0376863
-0.00482653
-0.0380223
-0.0795929
0.00855824
-0.0180726
0.0312647
0.0211993
-0.0353978
-0.0293793
0.0499446
0.0241943
-0.016245
0.0406503
-0.00229388
0.0236612
-0.00863287
0.0206785
-0.0376467
0.00449127
0.0573497
-0.0157026
-0.00779044
-0.0435289
-0.0110222
0.0520803
0.0576267
-0.00544646
0.0178401
-0.0388665
-0.0340917
0.0212127
-0.0839249
0.0519377
0.0345817
0.0260294
-0.0514915
0.0247992
0.0289395
-0.0133632
0.00410423
0.0109032
-0.0250609
0.0141201
0.00944034
0.0343794
0.044668
0.0246315
-0.043792
-0.0425464
0.00365417
0.0306991
0.0186341
0.0186911
0.0152876
0.0162026
0.024629
0.00251485
0.0265746
-0.0184222
-0.0181745
-0.0237321
0.0396335
0.0346956
0.000506709
0.0486163
0.00647415
-0.0384127
0.0189582
0.0173906
0.0410812
0.0263524
0.00251878
-0.0123987
-0.0331649
-0.0272609
0.0248333
-0.0237418
-0.0304049
0.0128883
0.0310502
0.0146664
-0.0102803
0.0401084
-0.0292649
-0.000357355
0.0503695
-0.0293672
-0.0249635
0.0449422
-0.0470106
-0.0342646
0.0226829
-0.0138003
-0.0352426
0.0512505
-0.00733251
0.0289553
-0.0393714
0.0382484
0.0196878
0.00522742
-0.00394171
0.0140286
0.0121176
0.00950358
-0.0228015
0.00342643
0.0318567
-0.0325779
0.0253008
-0.0163852
0.0258317
-0.0204776
0.0357983
0.00954634
0.00127202
0.00809879
0.00143861
0.0614401
-0.0162602
-0.0449567
-0.0512076
-0.0131804
-0.0388442
-0.0141922
0.0307296
0.00256326
0.00435609
0.0133634
-0.0253527
0.0177819
-0.0160234
0.0199106
0.0331255
-0.000293431
-0.0686799
0.0447977
-0.0522975
0.0348216
0.0427937
-0.0196692
-0.00178716
-0.0218225
-0.00523384
-0.0208939
-0.0623193
0.00842097
-0.00716872
0.0232916
0.00319429
0.117965
0.0412411
-0.000912479
0.0472723
-0.00406379
-0.0512448
-0.0522687
-0.0571109
0.026085
0.0132154
0.0306911
0.00938474
0.00570608
0.0555191
-0.0462164
-0.0366305
-0.00249523
0.0293692
0.0544924
-0.0126318
-0.0679188
0.0144198
-0.0316758
-0.0187932
0.107446
-0.0352749
-0.0125105
-0.0054386
-0.00222594
0.018169
0.0389538
0.00292924
0.0324024
-0.0457852
-0.0478309
-0.015688
-0.0216299
0.000451449
0.015651
0.0236974
-0.00549247
-0.0180625
0.0204957
0.0263223
-0.00356443
-0.0338048
-0.016142
-0.0128695
0.00117329
-0.0686895
0.0211768
-0.0291343
-0.0400362
-0.0103839
-0.0744952
0.0198783
-0.0525884
0.04717
0.03312
-0.0366539
-0.0150591
0.0579779
-0.015742
-0.0349737
0.0401842
0.0253715
0.0067415
-0.0348582
0.00364255
-0.0188964
-0.0372791
0.0112892
-0.00407603
-0.0331805
0.00439381
0.0202788
-0.030773
0.0388438
-0.0140872
-0.023864
0.0474986
-0.0279433
-0.0150025
0.00719783
-0.00647679
-0.0041013
-0.0441332
-0.0387918
-0.0379875
0.0348546
-0.000818877
-0.0160046
-0.0378563
0.0260617
0.0106352
-0.000772767
-0.0270799
0.0219356
-0.0125041
-0.0228668
0.0415015
-0.0358073
0.0267677
-0.00507684
-0.0101735
-0.0507634
-0.0371564
-0.00712617
-0.0434931
-0.0369077
-0.016843
-0.0362513
0.0489122
0.0246653
0.0410051
-0.0441758
0.0335472
-0.00376297
0.00674908
-0.0412676
-0.0383038
-0.0463146
-0.0206236
-0.0279973
-0.0360384
-0.0366746
0.0388177
0.0177109
0.0360212
-0.0270174
-0.0566736
0.0156826
0.0205342
-0.00951362
0.0228575
-0.00417239
-0.039441
0.0156391
0.0365829
-0.00712597
0.0435542
-0.00980935
-0.021327
0.0405322
0.0293868
0.0534924
-0.00785773
0.0119581
-0.0353981
-0.0118601
0.0309443
-0.0390747
-0.0282531
0.00995103
-0.0203645
-0.0168349
0.0191433
0.0346899
0.0116955
0.0352287
-0.0268686
-0.0248904
0.0301527
0.0420945
-0.0296023
-0.00133854
-0.037893
0.0293394
0.0395228
0.0467048
0.00926515
0.0191774
-0.0213616
0.0318284
0.00306201
-0.0272429
-0.00849967
-0.00452033
-0.00109305
0.0486163
-0.00710699
0.02217
-0.00100211
-0.020406
0.0369339
-0.0429728
-0.0431001
0.00698279
0.0448892
-0.0487134
0.0575658
-0.0124367
0.0686117
0.0388592
0.0317989
-0.00296688
0.0282724
0.0432279
0.0482614
-0.0424542
0.0339619
0.0505585
0.0399297
-0.00585491
0.0448934
0.0378231
0.0140548
-0.0342876
-0.00556256
0.0311082
0.0149561
-0.00973249
0.0394607
-0.0586227
-0.00816749
0.0117673
0.00759328
0.0181279
-0.0146562
0.0119194
-0.0242473
0.0172061
-0.00394348
-0.00495966
-0.0227537
-0.0403291
0.0337493
0.0423886
-0.0298933
-0.007426
0.043471
0.00283218
-0.0335393
-0.00951099
-0.0253673
-0.0375191
0.0861194
0.0471754
-0.00231447
0.010459
0.00558165
-0.0448465
0.0294632
0.0458315
-0.047498
0.0362538
-0.0658525
-0.0243347
-0.027069
0.0409978
-0.0271698
-0.0231107
0.0339163
-0.0138413
0.0564787
-0.0180199
-0.00663988
-0.0555298
-0.0200635
-0.0712176
-0.00330748
-0.0501137
-0.054549
0.00589586
0.000887493
0.050293
-0.0344593
0.0330381
0.0782092
0.0129565
0.0157832
0.0622512
-0.00208907
-0.0350995
-0.0268417
0.0241911
-0.0120734
-0.0153818
0.00757843
0.0179625
0.0118282
-0.00783624
0.0533456
-0.0220875
-0.00731831
0.0351643
0.0551802
0.0401751
0.00846938
0.000951654
0.0390872
0.034355
0.000700428
-0.0195724
0.0243547
-0.0297436
-0.0247353
0.0280507
-0.0724947
-0.0413232
0.0076883
0.0290856
-0.0188647
0.028727
-0.0290524
0.040411
0.0414941
0.00408058
0.0366505
0.0256732
-0.0135389
0.0383144
-0.0407037
0.00698025
0.0389537
0.0312555
0.0313925
0.0313795
-0.0326654
-0.035743
0.0426555
-0.0262412
-0.0389537
-0.0152924
0.0441377
0.0284752
0.0462905
0.0186383
-0.0196104
0.0133939
0.0147587
0.0157537
-0.00565283
0.0266415
-0.00172976
-0.0145703
0.0066955
-0.0457311
0.0252094
-0.00343803
-0.0342839
-0.00423602
-0.00748688
0.031253
0.000311991
0.0391767
0.00186466
-0.00855597
0.025247
0.0402559
-0.0233631
0.0366594
0.0282323
0.0171301
0.0113892
0.0381939
-0.00795134
-0.0479886
-0.0234244
-0.00428757
-0.038818
-0.00166334
-0.0205923
-0.0038379
0.0465182
0.0169553
0.027046
-0.0331472
0.0526434
-0.0080367
-0.0188804
0.0119893
0.0207162
-0.0413516
-0.0356849
-0.00721065
-0.0243662
0.0114227
-0.0312628
-0.00750237
0.00174591
0.203052
-0.0570658
-0.00498779
-0.0308056
0.039193
-0.0454345
-0.0295669
0.0220363
-0.0189158
0.0108384
-0.0292606
0.00392939
-0.117541
-0.111102
-0.0146125
0.0289727
0.00976284
-0.0920202
-0.0536368
0.0366343
0.0165179
-0.00630886
0.0094722
0.0528757
0.0440097
0.0529914
-0.0387464
0.0153909
-0.0152044
0.0688776
0.065418
-0.0303666
-0.050601
-0.010523
-0.126311
0.125387
-0.0274681
0.0864529
-0.0627472
0.00669269
0.087297
0.020307
0.074482
-0.0360373
-0.0442382
-0.0414651
0.0363932
-0.035476
-0.0528213
-0.0279379
0.0299521
-0.0200368
-0.00756545
0.0441372
0.159034
0.0370726
-0.012654
-0.00187149
-0.0450364
0.0633924
0.0254581
-0.0104752
-0.0201437
0.0187003
0.0443204
0.0176118
-0.00776453
-0.0176595
0.0329562
-0.022176
-0.00852098
-0.0430696
0.0188354
0.00473578
-0.0628351
-0.0716094
0.0559435
0.0181783
0.00440648
0.0508966
0.0370623
0.0123346
0.0134288
-0.00487527
0.0259902
-0.0868934
-0.0226356
-0.0164432
-0.0885788
0.0134988
-0.0471248
-0.0208444
0.0248422
-0.0209532
-0.0323444
-0.0513128
-4.74203e-05
0.00251812
-0.00775265
-0.0764375
-0.0369233
-0.0095095
-0.0220107
0.0332327
-0.0506099
0.000749028
0.00509481
-0.0269961
-0.0328882
-0.0266545
-0.000832874
0.0421999
-0.033753
-0.0418483
-0.029342
0.0666954
0.0430107
0.0202103
0.00587699
-0.00366107
0.0807309
-0.00265608
-0.000223877
0.0177552
0.0348889
0.0131652
0.0777806
-0.00133612
0.00242955
0.0373509
0.116166
-0.0677655
0.0864549
0.00940258
0.0272799
0.0341534
-0.000984953
0.0203664
-0.0158573
-0.0180425
0.0604288
-0.0364196
0.0360466
0.00329243
-0.00732945
-0.0222432
-0.00318764
0.0221167
-0.00898843
0.0425604
-0.0239981
0.0268765
-0.0391028
-0.0294326
-0.025508
-0.0253554
0.0524308
-0.000321547
0.0178779
0.0176863
0.0234397
-0.0381912
-0.0277631
-0.0381778
-0.0296539
0.0370208
0.0205026
-0.00480353
0.0228718
0.0216048
0.00744547
0.0175778
-0.0237876
0.0354274
0.0402026
-0.00801073
0.0271747
0.0174196
0.0489051
0.0541297
-0.0235088
-0.0200673
-0.0346292
-0.0410253
0.00846403
-0.0349117
0.0117263
-0.0161831
0.00992892
-0.0331756
-0.0127866
-0.0137721
0.0034391
-0.0342582
0.0163655
0.0276631
-0.0157017
-0.0139315
0.013702
0.0413982
-0.0171821
0.0476339
-0.0152809
-0.027716
-0.0242821
0.0328754
0.0188212
-0.0281105
-0.0233194
0.000789791
0.0265594
0.0642013
0.00836855
-0.0205762
0.0295216
0.0306831
0.0401459
0.0391723
0.0327875
-0.00162188
-0.00311138
-0.0203897
-0.000382554
-0.00720801
-0.06218
0.0331283
-9.7923e-06
0.0437211
0.0230898
-0.0296048
0.0242976
0.0569271
-0.00298335
0.00683873
-0.0277007
0.0571523
0.0295871
-0.0266218
-0.0289377
0.0581197
0.0308328
0.0017007
-0.0372885
-0.0220303
-0.0302996
0.0685578
-0.0472138
0.0757746
0.043055
0.0236476
-0.000242384
-0.0265535
-0.00214276
-0.0258144
-0.0130929
0.0537693
0.0426821
0.00829548
0.00290178
0.0465485
0.0273476
0.0228158
-0.00817476
0.0207052
-0.00431661
0.025655
0.00216618
0.0343254
0.063643
0.0313466
-0.0315121
-0.0160276
0.00375002
-0.0567436
0.0459775
-0.0137559
-0.0714593
-0.0369321
0.0175797
0.0368695
0.00254402
-0.0202672
-0.0587574
-0.0487326
0.0204237
0.00957463
-0.0326126
0.0612778
0.0157093
-0.05591
-0.0151238
0.0452034
0.0752565
-0.0650466
-0.0101368
0.0286983
0.0195663
-0.0521079
-0.0206306
0.0369742
0.0159097
-0.0537614
0.0482918
-0.0793008
-0.0369792
0.029642
-0.0722708
0.0303837
0.0180771
0.0101321
0.00737673
0.0421032
-0.0239595
-0.0167234
-0.0167804
0.0351028
-0.0116188
-0.00425729
-0.0653878
-0.0319267
-0.0428523
0.00276553
-0.0655489
-0.00552791
0.00930953
0.0500805
-0.0729141
0.0189752
0.00501843
-0.02377
0.0166251
-0.000739454
0.0365104
-0.0345825
0.0187747
-0.0419557
-0.00762603
-0.0215632
-0.0385577
0.0126618
-0.0648569
0.0423913
0.0143666
-0.0181265
0.00687042
0.00298024
-0.0384388
-0.017001
-0.012102
0.00531271
-0.0439726
0.0265783
-0.0192782
0.0437636
-0.0300375
0.0052193
0.0157972
0.0395027
0.00022626
0.0167169
0.0122649
0.0283827
-0.0231774
0.033598
0.0402448
0.00224096
0.00364126
-0.0244709
-0.0204714
0.0427537
0.0214772
-0.0212118
0.0464647
0.0475916
0.0404899
-0.0161503
0.0367085
0.0393907
0.0405464
-0.00833419
-0.0378438
0.0232688
-0.0347377
-0.0166374
-0.0166552
-0.0319029
0.0166662
0.0207561
-0.011186
0.00546538
0.0256894
-0.0140525
-0.0111962
-0.0257055
-0.011871
0.0265609
0.0348076
-0.00403046
0.00695164
0.014629
0.00262856
-0.0223044
0.0271419
-0.0217986
0.0295111
0.0158428
-0.0489069
-0.0177352
-0.0149892
0.0592054
0.0461419
-0.0257629
0.0364707
0.0185465
0.00326512
-0.202852
-0.0540962
0.0489684
0.0418793
-0.011917
0.0625372
-0.0208159
-0.0340537
-0.00857361
-0.00585952
0.0323445
-0.0313963
-0.194051
-0.0413142
-0.0489129
-0.00695013
-0.0133644
-0.0115024
0.00891944
0.0158095
0.0133742
0.0581476
0.0668601
-0.00153007
-0.0156378
-0.0248669
0.0496167
0.0326155
-0.00771437
-0.0746017
-0.0362405
0.0182123
0.0149975
-0.032445
0.024392
0.0105735
0.103912
0.00349067
0.035656
-0.0484804
-0.0108225
-0.0771177
-0.0273608
-0.0466707
0.00482595
-0.0523538
-0.0508394
-0.00057798
-0.0530796
0.0344006
-0.0189283
0.0369553
0.0393021
-0.00294195
-0.0677881
-0.001714
0.0130579
-0.00372219
-0.00491169
0.0237923
0.0162493
0.0212844
0.0537156
0.0167805
-0.015373
-0.0729655
-0.0452768
-0.0373036
0.00726881
-0.00914302
0.0302402
-0.0568885
-0.0163101
-0.0444493
0.0241947
0.0637376
-0.056317
0.020779
-0.0295589
0.00978011
-0.00179243
0.0385533
0.0268648
0.0046007
-0.0870683
0.0334187
-0.0718837
0.0599777
0.0425557
0.0362238
0.0647489
0.0421546
-0.0377777
0.0073506
-0.00392453
-0.0786415
-0.00775732
-0.0234476
-0.0338985
0.0110749
-0.0251652
-0.0208848
0.047079
0.00416442
-0.0215203
0.0438654
0.00423887
-0.0426034
0.00273023
0.0579908
0.00746952
0.0263495
-0.0402302
-0.00997469
0.0228153
-0.00725033
-0.0354834
-0.0290309
0.0106815
-0.0227578
-0.0869523
0.0267333
-0.0525739
-0.0462387
0.0168654
0.0384246
-0.0782925
-0.0332278
0.0270996
0.00694933
-0.0383169
0.0623099
-0.0190428
0.0415887
0.0661465
0.0381099
-0.0376689
-0.000396302
-0.0218389
0.000997127
-0.018574
-0.0114961
0.0361868
0.0235203
-0.00347272
-0.00873986
0.0368314
-0.000402863
-0.0530491
-0.0210863
-0.0497685
-0.00586668
0.019012
-0.00859516
-0.021398
-0.00736682
-0.0155262
-0.0334018
-0.0207905
0.0177309
-0.0244227
0.0387215
-0.0294758
-0.0264568
-0.0336443
-0.0174697
-0.00227788
-0.0343906
-0.0267914
0.019988
0.0451755
0.0225449
0.00183348
0.00399151
-0.0295263
0.0182177
-0.00604779
0.0451273
0.0112532
-0.0168002
0.0116484
-0.0138957
0.0484856
-0.0467382
7.73054e-05
0.0236199
0.0290871
0.0336051
0.0247691
0.0411566
-0.00308567
-0.0440912
-0.0285666
-0.0259333
0.0193539
0.0194716
-0.0292253
-0.0226148
0.0105284
0.0392705
-0.0209886
-0.0477825
0.00906008
-0.00833534
0.0310312
-0.0272631
-0.0154041
0.0195999
0.00484588
-0.0357259
-0.047331
-0.0474126
-0.0100373
0.0575438
0.0628706
-0.025098
-0.00896436
-0.0337547
-0.0366689
-0.0389363
0.0378733
-0.0431731
-0.0226016
-0.0200147
0.0958669
0.0493941
-0.0603758
-0.00810596
0.0283382
-0.0133298
-0.0890586
-0.0291381
0.0128254
0.0214328
-0.0149999
-0.0611822
-0.00249779
0.0405446
-0.0155895
-0.0332797
-0.0265522
-0.0232063
-0.0426846
-0.0185657
-0.0725038
0.000654798
-0.0159307
-0.00575261
0.0264528
-0.00274684
0.070495
-0.0167598
0.00765458
-0.0317865
-0.0171151
-0.00301352
-0.04714
-0.00406523
-0.0911723
-0.0141089
-0.0331379
-0.0132911
-0.0441581
0.00105482
-0.0170313
-0.024856
0.00242058
0.000811965
-0.0323831
0.0329143
0.00352596
0.025322
0.0665025
0.0330299
-0.0109696
0.023374
-0.0534142
0.016524
0.0778288
0.0168117
0.0541491
-0.00403161
-0.00559197
-0.038719
0.0374229
0.0307051
-0.0476432
0.0682248
0.0282639
0.0093629
0.0104578
-0.0335254
-0.0198881
0.0296907
-0.00509657
-0.013365
-0.0217884
-0.000127995
-0.00981032
-0.0636535
-0.0113566
0.0854829
-0.0646484
0.0569936
-0.012208
0.0150666
0.141758
0.0500343
0.0467596
0.0124393
-0.0162931
-0.0370835
0.0167523
-0.0364108
-0.0333791
0.0163722
-0.00313328
-0.0300892
0.0116951
-0.0516047
0.0134455
-0.00621901
0.0263392
-0.0431445
0.0496722
0.0550865
-0.0178599
0.0115667
0.00535999
0.024215
0.0187992
-0.0113779
0.0603404
-0.0173626
-0.0253706
0.0462578
0.037746
-0.0325898
0.0180018
0.0442939
-0.0421578
-0.04824
-0.0442322
0.0450727
-0.0453628
-0.0293917
-0.0313208
0.0155667
-0.0410837
-0.038671
0.0335191
0.0430097
-0.00370227
-0.0398947
-0.0330447
-0.027382
0.028581
-0.0337735
0.0477595
-0.0475314
0.0288618
0.00391165
0.0113555
-0.0421093
-0.0152154
0.00339081
0.0141352
-0.0303357
0.0230675
-0.0186325
-0.0170115
-0.0216546
0.0118146
0.00596671
-0.0356885
-0.0395989
-0.0292539
0.0341267
0.0379524
-0.0510993
-0.0338561
0.0214985
-0.023398
0.00422142
0.0164736
0.0029292
-0.00844638
0.0349317
0.0481705
-0.0370109
-0.0486814
0.0145564
-0.0185728
0.0310969
0.0146966
-0.0263543
0.0240105
0.0291654
0.0503158
-0.00163128
0.0561082
0.0306112
-0.0311322
-0.00982242
0.0228506
-0.0369777
-0.0169298
-0.00484215
0.0118744
0.00906425
-0.00425374
-0.0243339
-0.0472975
-0.0323152
0.0367328
0.121466
0.0800329
0.0253645
0.00300415
0.0232061
-0.00270919
0.0157823
0.0329445
-0.0581344
0.0431998
6.52409e-05
-0.0284262
0.0409484
0.0374488
0.0809069
-0.0279422
-0.0924546
-0.00885537
-0.0169298
0.0146784
-0.060633
0.0304371
0.0697703
0.00847781
-0.0226849
0.0656323
-0.0137627
0.0438206
-0.0161854
0.176055
0.100311
0.0411119
0.0396892
-0.0589784
0.038413
-0.153215
-0.214439
-0.209942
-0.085343
0.105025
0.166737
0.0957028
-0.0462014
0.0584046
0.0358207
-0.0124917
0.0160164
0.0464575
0.0328525
-0.0371263
-0.0193936
-0.0100831
-0.0959484
-0.0473385
0.161704
-0.0160844
0.16294
0.0301427
-0.109063
-0.0325116
-0.0605475
0.0906198
-0.0410178
-0.00570509
-0.0249492
0.0336456
-0.0014515
0.0345023
0.0320745
0.0518481
0.0388325
-0.0752398
0.0355311
-0.0427189
-0.00370296
-0.0180964
-0.0533543
0.0593737
0.0324315
0.0313368
0.00100027
-0.0803066
0.000938322
0.0930735
0.00630894
-0.00840098
0.0272671
0.00887286
0.0409662
-0.0172597
0.0484368
-0.0188505
-0.0136446
0.0555239
-0.00302633
2.69435e-05
-0.0325773
0.0449217
0.0373349
0.0750731
0.099313
-0.0134882
0.0155016
0.00901761
0.0117996
0.00680376
0.0137926
-0.0423734
-0.00285392
-0.0331405
-0.0305045
0.0265132
-0.0257655
0.0404167
0.00150897
0.0986715
-0.0357575
-0.0316251
-0.00522313
0.0314131
0.146459
0.121392
0.020162
0.04703
-0.00816957
-0.0570533
0.0684431
-0.00218206
-0.0150546
0.0462069
0.0530969
-0.151426
0.0751099
-0.0444362
-0.0475161
-0.00296837
0.0157626
0.0118762
-0.0311212
-0.00194357
-0.00884483
0.0274393
0.0192909
0.0320636
-0.00462549
-0.0251486
-0.0099676
0.0238463
0.0542961
0.0501753
-0.0060992
0.013346
0.0100985
-0.0523151
0.00833525
-0.0135774
-0.0162824
0.0179464
-0.00123365
0.0022342
0.0293433
-0.0131969
-0.0411468
-0.00168918
0.0450288
-0.028178
0.0161761
0.0223647
0.0389068
-0.0218795
0.0383616
0.000217974
-0.00103497
-0.00573098
-0.0195227
-0.00564149
0.0523806
-0.00508395
-0.0340371
-0.0622491
-0.0326391
0.0557301
0.0355378
-0.0333697
0.0168015
-0.000977604
0.0421566
-0.00492799
-0.0191246
-0.0313335
-0.0222424
0.0423579
-0.0238894
0.0397476
-0.046284
0.0249175
0.00794759
-0.017845
0.0116919
0.0267046
0.00689451
-0.0450516
0.0136336
-0.0181566
0.0063602
-0.0391738
-0.0252424
-0.00428864
0.0132697
-0.0388128
0.0631602
0.0266339
0.00552254
0.0148694
-0.0226294
0.0312857
-0.00583899
-0.0265495
-0.0156092
-0.00711388
-0.0245157
0.0195172
0.0102075
-0.00950383
-0.0873273
-0.0530413
0.0682252
-0.0251709
-0.0201259
0.0068784
-0.00973099
0.0237062
-0.0753239
-0.00354956
0.0174597
0.026697
0.0301005
-0.0489038
-0.119685
0.0468619
0.0497117
0.0414675
-0.0609332
0.00147117
0.00462109
0.0305772
-0.0496328
-0.0308867
-0.01169
0.0202188
0.0714125
0.0263133
-0.0260225
0.0151177
0.0209911
0.0913325
-0.0251513
0.0548234
-0.0135736
0.0193182
0.0401389
-0.0328862
0.0526552
0.0548727
0.0119152
0.016887
0.0153445
0.0434382
0.0113422
0.0740236
0.00310176
-0.0547872
-0.0103585
0.00150195
0.0425293
-0.0291483
-0.0096419
0.0233152
-0.0252855
-0.0238441
-0.0497863
-0.0610478
-0.0105517
0.0275871
-0.0115304
0.115907
0.0391051
0.0885437
-0.0584272
-0.0651561
0.00525541
-0.0393399
0.0146049
-0.0022368
0.044911
0.0374192
-0.0497506
0.0168369
0.09037
-0.0464625
-0.0217358
-0.0640267
0.0347476
-0.0558418
-0.0133849
-0.022944
-0.13413
-0.07921
-0.046496
0.0813739
-0.0302101
-0.00901892
-0.0193591
0.0246932
-0.0071792
0.00832464
-0.155104
-0.0349166
-0.114775
0.0945166
-0.0149492
-0.0628654
0.00994373
-0.109161
-0.011601
-0.0615697
0.0434917
0.0464936
0.0110268
-0.00110852
0.0233744
-0.0471268
-0.1655
-0.00753439
-0.0548509
-0.0441775
-0.0272801
0.0167541
0.00928957
0.0376075
0.103568
-0.0393296
0.0329001
-0.00568252
0.0346289
0.045937
-0.0369452
-0.0221351
-0.0216014
0.0127322
0.004511
0.0329821
0.0502171
-0.0244012
0.0385573
0.0334961
-0.000892738
-0.0241868
-0.00865622
0.0289698
0.015829
-0.0336947
-0.0137521
-0.0125598
0.0210524
-0.00705607
0.0446404
-0.0439943
-0.00698185
0.046681
-0.0457022
-0.0753792
-0.0245742
0.0241311
0.0227644
-0.0537098
0.0351384
0.0205737
-0.00184688
-0.0472372
-0.0165584
-0.0146864
-0.0602951
0.0349884
0.0052199
0.0427216
0.0255511
-0.0415816
-0.0324238
-0.00194668
0.0164056
-0.0266033
-0.0402752
-0.0263065
0.0199787
0.0400168
-0.0208263
-0.0471915
0.0194085
-0.0330152
0.00909617
-0.036802
-0.0521293
0.0143825
-0.0304532
0.00216067
-0.00169216
0.0858851
0.0502234
0.0276039
-0.00456998
-0.0190966
0.0447633
-0.0125561
-0.0154825
-0.0794025
-0.0281684
0.0525219
-0.0184486
-0.0546065
0.0262924
-0.0187012
-0.050256
0.00926469
0.0514133
0.011941
0.00463018
0.168999
0.202985
0.068536
0.0189805
-0.123368
0.0743779
0.0514138
0.0747428
-0.0506954
0.0293082
-0.00680424
-0.0468616
-0.0687919
0.0283339
0.0220299
-0.0146746
-0.0862692
0.122602
0.0571439
0.061539
0.0330598
-0.0179969
0.0102776
-0.276389
-0.0594537
-0.0977283
0.046861
0.0554078
0.00743824
0.087191
-0.0547911
0.0712918
0.0643051
-0.0430488
0.02489
0.0034238
0.042694
-0.0850573
0.0337857
0.0603688
-0.199559
-0.100036
0.00594039
0.03315
0.00539081
-0.00766003
-0.0314374
-0.0745224
-0.0165571
0.0181127
0.0646789
0.0507579
0.0346617
0.0960823
0.038327
0.0473222
-0.000602639
0.0477571
0.0228891
-0.044553
0.00234939
-0.029908
-0.0720238
-0.0134969
-0.0627399
-0.022249
-0.0370707
-0.022701
0.0306621
-0.0537334
-0.0088804
0.0217785
0.0664708
-0.0189893
0.00500127
0.0482461
0.0398291
0.0197066
0.0212673
-0.093181
0.0325613
-0.00441732
0.0327434
0.0645374
-0.0115755
-0.0167852
0.00351279
0.0161811
0.109867
0.0145221
0.0381233
0.0381755
-0.00694438
0.00487039
0.014762
0.0372249
-0.0219556
-0.00772626
0.0376308
-6.78835e-05
0.0367097
0.0415086
-0.023179
0.0589737
-0.00669547
0.0318336
-0.0107804
0.01341
0.0216778
0.0777121
0.0527475
-0.00684576
0.0337604
0.0261127
-0.0868377
0.0136922
-0.0457511
-0.0206777
0.00222003
-0.120774
-0.0559208
-0.0427289
-0.00633079
0.00628415
-0.00830111
0.0176502
-0.0469683
-0.0354182
-0.0190111
0.0351586
-0.0288111
0.011833
0.0365702
-0.0527165
-0.0549876
0.0257909
0.000953503
0.0376046
0.00232742
0.0372917
0.0308885
-0.0702754
-0.040216
0.0581396
-0.00666566
0.0447045
-0.00268133
0.023949
0.0366413
0.0135912
0.0342385
0.0486556
0.0339049
0.0285432
0.00735042
0.0106647
0.00247456
0.0211783
0.040274
0.0359515
0.0428443
0.0214909
0.0365212
0.0188656
-0.0110728
-0.00385642
0.0260704
-0.0385425
-0.0095254
0.019101
-0.00661195
0.0302365
0.0663639
0.00994537
-0.053533
-0.00609999
-0.0488995
0.0241403
-0.0400314
-0.0289524
-0.0209572
-0.014414
-0.000961782
-0.0454794
0.00148236
0.00905182
0.0249927
0.013567
0.0469074
-0.0275297
-0.0121727
-0.0318436
-0.0237465
-0.00348316
0.0226174
-0.0676853
-0.0249498
-0.029838
0.0656576
0.0557409
-0.0446793
-0.0437233
0.0221496
0.0395868
-0.0604064
-0.0381148
-0.0654438
0.0179268
0.00736491
0.0449136
0.00264595
-0.0699377
-0.123233
-0.0614141
-0.0959752
0.0294569
-0.00781132
-0.0387501
-0.0643263
-0.0470161
-0.0507488
0.0388483
-0.0457613
-0.00602008
0.0106829
-0.0224756
-0.0859036
-0.102141
-0.0243774
0.0279484
-0.0512485
-0.0538063
0.0587813
-0.0148584
0.0339162
-0.0412026
0.0444571
0.0309773
-0.00936016
-0.0383882
0.0119191
0.00809132
0.0563736
0.137455
0.0157824
0.0888253
0.0441928
0.084972
0.0183809
0.0735825
0.0216073
-0.00797995
-0.0125681
0.00119699
0.0283421
-0.0430614
-0.0583057
0.0761836
0.0410709
0.0452116
-0.0379113
0.0288828
-0.0154511
0.037252
-0.073811
0.0654708
-0.0158642
-0.031582
0.0691013
0.0503424
0.00168647
0.0462273
0.0192196
0.0117504
-0.0583265
0.0603773
-0.0714914
-0.0297176
-0.0278133
0.013292
0.0348098
0.0585594
0.0360526
-0.0341678
0.00811205
-0.0374429
0.04324
-0.0246199
0.058257
-0.053854
-0.0269682
-0.0233747
-0.0232882
-0.076355
-0.034941
0.0406552
-0.0256039
-0.0339581
0.00671427
-0.0735667
-0.0587936
-0.052566
0.0403347
0.00841474
-0.0227802
0.0526834
-0.0390962
0.0300509
-0.0180687
0.018264
0.00278332
-0.00353485
-0.00605651
-0.0400754
0.0662649
-0.0219639
-0.038997
-0.0577363
0.0444951
-0.030134
0.0775951
0.100895
0.0377927
-0.0169375
-0.0268772
-0.0407458
0.0364843
-0.0138264
0.0845618
-0.034113
-0.018618
0.0334945
-0.0376032
0.0347889
-0.0257355
-0.0258252
0.0477901
0.0470901
-0.0134939
0.00876647
-0.00831346
0.0324266
-0.0467037
-0.0504996
0.0327264
0.00141882
-6.41098e-05
-0.00936755
0.0253586
-0.0378628
0.0219007
0.00861607
0.00052341
0.0355661
0.0182617
0.0063102
-0.0477622
0.029138
0.00688455
-0.044081
-0.0395395
-0.0157649
0.0468221
0.0109218
0.0450003
-0.011387
-0.0180731
0.00512858
-0.0181833
-0.0241143
-0.0337265
-0.00413798
0.03332
-0.0367227
-0.0354334
-0.0217556
-0.0360521
0.00941825
-0.0126229
-0.0072701
0.00659163
-0.0270994
-0.00536919
0.0157963
-0.047649
0.0221143
-0.00711367
0.00604563
0.00144121
-0.0173214
-0.0550553
0.0502209
-0.0215629
-0.0200469
-0.0244409
0.0671703
0.0906525
-0.0874349
0.0455484
-0.0153168
0.0422131
0.0490653
0.0296956
-0.185648
0.0535461
-0.0394934
-0.0283414
0.0296572
-0.0213127
-0.0369715
-0.0385974
-0.033833
-0.0449404
-0.0101612
0.0176661
0.0262603
0.0539377
0.0280431
0.056774
-0.0810503
-0.0239841
-0.0326052
-0.0216628
-0.0206277
0.0451986
0.00704593
0.0290203
0.00611552
-0.0253848
0.0859253
0.015858
-0.0271828
0.111961
0.055581
-0.0133113
0.0084915
0.0101039
0.0711642
-0.133319
-0.0328873
-0.0830646
0.0222592
0.00699761
-0.0113271
0.0519731
-0.0743693
-0.0553116
0.00219503
-0.0159694
-0.0130556
-0.032047
-0.0200889
-0.0240463
-0.0459985
-0.0157333
-0.091461
-0.0171188
-0.0386486
-0.0476506
0.0278118
-0.0322412
-0.0291772
-0.00622222
0.0175932
-0.0112778
0.013583
0.00458362
-0.0340801
0.0365039
0.00758019
0.00511985
0.0348819
-0.0138245
-0.0445284
0.027592
-0.0305333
-0.0648099
0.0011048
0.0216327
0.0376134
0.0228368
0.0225648
0.017269
0.0152668
0.00980319
-0.0436567
0.0474324
0.0628196
-0.02405
-0.0446895
0.001069
0.105709
0.0207284
0.0820075
-0.0367177
-0.00437115
-0.0243708
0.00167464
0.00302911
-0.0213849
-0.033891
0.0343042
-0.0111736
0.0903248
0.00266968
0.0438006
0.000997663
-0.0148047
0.0458977
0.0477104
0.0416739
-0.023064
0.0228168
-0.0332925
-0.00638008
0.0247228
-0.0374876
0.0568356
0.0740233
0.0445769
-0.0269006
-0.0445712
-0.0302514
-0.0599989
-0.011717
0.00805671
0.0471781
-0.0340944
-0.0565333
-0.0491603
0.0298103
0.0122487
-0.0127199
-0.0231882
-0.08326
-0.0500799
-0.0384043
-0.0180829
0.0249088
-0.0670543
0.00107237
-0.0212583
-0.0553644
-0.017915
0.0324003
-0.0317055
0.0284231
0.00346859
-0.0400176
-0.0730972
-0.020959
-0.0551924
0.00200291
0.0236712
-0.00869438
-0.0224838
-0.0570434
0.0291657
0.000397831
0.044041
0.0212982
-0.00521779
0.00594536
0.0315641
-0.0406376
-0.0350585
0.0433648
0.0556003
0.00147991
-0.0150803
-0.00934849
0.0232779
0.0259719
0.00801994
-0.030356
0.0356492
0.0454953
0.0426625
0.00813891
0.0284981
0.0191598
-0.00347302
0.00243266
0.0297578
-0.0273038
-0.0455884
0.0212679
0.0471249
0.0236332
0.0335203
-0.00276413
0.0174349
-0.00426857
0.00624034
-0.00219849
0.0401591
0.0431642
-0.0138654
0.0159777
0.0179123
0.0475034
0.0375054
-0.00549562
0.0206679
0.0246973
0.0221647
-0.038317
0.0416709
-0.0418005
-0.0016463
-0.0426757
-0.0325118
0.0461485
-0.00440696
-0.0417725
-0.0107617
0.0131061
0.0203862
0.0373247
0.0199946
0.00564814
-0.0433325
0.0432273
0.0404403
0.0318477
-0.0311889
-0.00669033
-0.0585032
-0.00722443
-0.0197276
-0.0711573
0.0238323
-0.0763481
0.0101019
-0.0425155
0.0230394
-0.0453276
0.0203435
-0.0612112
-0.00481139
-0.024298
-0.0922891
-0.0515171
0.0337291
-0.00339023
-0.0253644
-0.0392042
-0.0397803
0.0230452
0.0330386
-0.0558484
0.0237455
-0.016212
0.0591191
-0.047783
-0.0243478
0.0356673
0.00980732
0.0140783
-0.00150196
-0.00715968
0.0651084
0.0240319
0.000691991
0.00633739
0.0296301
-0.0403095
-0.0690228
0.0111843
-0.0378926
0.0275558
-0.011362
0.00267225
0.0198852
-0.0252099
0.00209803
0.0183098
-0.0280576
0.0778415
-0.000603112
-0.00351479
0.0100792
0.0147206
-0.0350207
0.00259662
-0.018782
0.0325481
-0.035513
-0.0193399
-0.0710944
-0.00932993
0.028959
-0.0485883
-0.0287682
-0.0213287
0.029378
0.0250177
-0.0400456
0.0301575
-0.0132836
0.00757438
0.00570892
0.033706
-0.0239206
0.111304
0.0434982
-0.0142912
0.0133492
-0.0486183
-0.0201736
0.00453436
-0.0745768
-0.00401836
0.0534561
0.0179521
0.0275374
0.0156768
0.043778
0.0367567
-0.000198419
-0.030906
-0.015528
0.0199118
0.0362474
-0.0227771
0.0791027
-0.0391581
-0.0720188
0.00767078
-0.00164047
-0.0445273
0.00521401
-0.0328103
0.0253978
-0.00736041
-0.0239556
-0.0400314
-0.0428301
0.0270535
-0.0450419
-0.040247
0.0486486
-0.0281978
0.0468419
-0.0246853
0.0324548
-0.0173637
-0.0278301
-0.00832973
0.0111265
-0.0177935
-0.0308006
-0.0023203
0.0327827
-0.0326625
0.0104787
-0.00715955
-0.0461014
-0.0229789
-0.0426125
-0.0381912
-0.0229681
-0.0442413
0.0106957
-0.0339937
0.0332437
-0.0249487
0.0350745
0.0306433
-0.0445216
0.0108917
-0.0192209
-0.0362049
0.0345452
-0.0310593
-0.0460192
0.0199362
-0.014587
-0.00692896
-0.0432765
-0.0400859
0.0375953
-0.0247751
0.0207778
0.0126569
-0.0529252
0.0207664
0.0214381
0.0214685
0.0273132
-0.0159271
-0.0293423
-0.0224438
0.0290161
-0.0103286
-0.0453667
-0.0247684
0.029433
-0.0111046
-0.00739004
0.0144169
-0.0424027
0.00541764
-0.00372181
0.0185854
-0.0316789
0.0388199
-0.0161041
-0.0376155
-0.035649
-0.0324665
0.0185923
-0.0517723
0.0261038
-0.00149829
-0.0146614
0.00756937
0.0320116
0.0142769
-0.092351
-0.0294432
0.0624853
0.0046886
-0.0661871
0.0215517
0.0383764
-0.112598
0.0449076
0.102332
-0.047797
0.433977
0.432254
0.421405
-0.118856
-0.0779062
0.0738862
-0.0785901
-0.039331
-0.0579944
0.0472401
0.015366
-0.0430041
0.122073
0.144489
0.00941052
0.0110966
-0.177949
-0.0624105
-0.12124
-0.115507
0.0779004
-0.0455561
0.0823179
-0.535092
-0.166099
-0.469617
0.0996146
0.141976
-0.220163
0.119753
-0.267626
-0.0812371
-0.0706943
-0.400294
-0.377255
-0.245
-0.132102
0.0782676
-0.0659304
0.131327
-0.0642632
0.0271146
-0.0316851
0.038412
-0.0901191
0.0341627
-0.251299
-0.528957
-0.00320466
0.647529
-0.0585709
0.398849
-0.0670095
-0.260912
0.000474797
-0.0382062
0.00912016
0.029167
-0.06008
-0.00445145
0.0569675
0.0890448
0.234594
0.0313667
0.00766157
0.0610281
0.0454053
0.0356326
0.00914016
-0.188116
0.000221278
0.466287
-0.0746883
-0.0303157
0.0222414
0.0297179
-0.00121496
-0.059847
-0.0815204
0.0257293
0.0013656
-0.0804413
0.130186
0.396685
0.0275352
0.0143675
-0.0340859
-0.143484
0.143226
-0.0143046
-0.13977
-0.134385
-0.0389428
0.0625936
0.0196224
-0.043652
-0.0301831
-0.0309138
0.0232433
-0.0221527
0.0130036
-0.0429373
0.0728876
-0.0456412
0.0136648
-0.036371
0.0408939
-0.0571293
-0.379506
-0.189683
0.0205821
-0.00478675
0.042168
-0.0948395
0.119646
-0.0304061
0.032553
-0.020941
-0.0723089
-0.0873595
-0.0466416
0.0313232
-0.128657
-0.184396
-0.0205744
0.0356979
0.0157028
-0.0612811
0.0660869
0.0121521
0.037305
0.0292647
0.00476888
0.0630426
0.0160506
0.0129524
-0.0361872
-0.146869
-0.00503136
-0.0302616
0.0273099
-0.0389893
0.00501278
-0.00666626
0.123588
0.0361763
-0.0104223
-0.0291556
0.00896955
-0.028163
0.0338322
0.00839678
0.0121803
-0.0829698
-0.0761629
0.0601678
0.0227025
-0.0481668
0.0362425
-0.0121836
-0.0288944
0.0418214
-0.0151478
0.00733824
0.0269978
-0.0468863
0.00963011
-0.0563847
0.0326008
-0.0523884
-0.00304675
-0.0280809
-0.0560853
0.0324586
0.0169747
-0.0873941
0.0252327
0.00808812
0.00454601
0.0311945
0.00805272
-0.0189583
-0.0262494
0.078072
0.017706
-0.0193928
-0.0308517
-0.0354198
-0.0435868
0.0221112
-0.0224274
-0.0451815
0.0368544
0.0343596
0.0457565
0.00333998
0.0441832
-0.036054
0.00260466
-0.130369
-0.0488721
-0.0992668
-0.0668989
-0.0402444
0.103214
0.00609463
-0.0997841
-0.0592061
0.270098
-0.019706
0.0276562
-0.104637
-0.143361
0.0747342
0.013316
-0.019155
-0.0309653
0.00347245
-0.0129793
-0.104349
-0.0440345
-0.0114235
0.114625
-0.043606
0.0396563
0.10151
-0.140188
-0.0758609
0.115127
0.0325117
-0.0176473
-0.100388
-0.0104573
0.227738
-0.00243127
0.0753013
-0.000634386
-0.0376361
0.150738
0.185659
-0.0279887
0.0303044
-0.154894
0.150174
-0.194343
-0.0604852
0.00202939
0.0330381
-0.00591349
0.0288796
0.0635968
0.0418269
0.0178687
0.0326999
0.014258
-0.00430986
-0.138807
0.0970595
0.272245
-0.049531
-0.0527971
0.00271013
0.0974425
-0.10809
1.12519
-0.11261
-0.685987
-0.0199366
-0.250816
0.0670623
0.313762
-0.0312087
-0.0204762
-0.356525
-0.11216
-0.386197
0.037952
0.333208
0.0460727
-0.0966422
-0.178297
0.0417179
0.0579618
0.0434482
-0.0962335
0.0774338
0.15041
-0.099432
-0.100439
-0.206609
-0.199182
-0.217041
-0.163319
-0.0135614
-0.00674041
-0.233994
-0.1546
0.165093
-0.108832
0.0373191
0.0470322
-0.032058
0.0321137
-0.0329414
-0.125031
-0.0447178
-0.00692678
0.203999
-0.00842743
0.0606578
-0.00248005
0.177253
-0.0643153
0.0127632
0.0336337
0.0359422
-0.0647258
-0.010047
0.269014
0.0223579
0.135135
0.182786
0.0113975
-0.0527039
-0.134185
-0.0338576
-0.0202445
0.00288501
0.225798
-0.0402362
0.0428199
-0.0152141
0.0276532
-0.0215924
-0.037355
-0.0206483
0.0174531
0.000694663
0.0548779
0.0452772
0.0217303
-0.0370451
0.00516018
0.0110206
-0.0129025
0.0094194
0.0299321
0.0179479
0.0257093
0.0198358
0.0690204
-0.0148368
0.00508407
0.0210151
-0.0225196
0.0447148
-0.000675495
-0.00625421
0.00095944
-0.169365
-0.00117942
-0.0241653
0.000770326
0.0140611
0.00706546
0.0356352
-0.0218846
-0.0272143
-0.0413805
-0.0314041
0.0116359
0.0167207
0.0229567
-0.050431
-0.047935
-0.0358636
0.0138395
0.0246829
0.0222428
0.0243464
0.00480376
-0.0223502
-0.0257859
0.00953077
0.0377229
0.0267042
0.0545269
0.00701116
-0.0962721
0.0405742
-0.0630373
0.067104
0.0259399
-0.00498025
-0.0162967
0.00209805
0.138895
-0.0637143
0.00201249
0.00691461
0.0337503
0.00578419
-0.023088
0.0221769
-0.0396918
-0.0167886
-0.0286083
-0.0261603
-0.0120265
0.0462599
0.0232028
-0.0258653
0.00726165
-0.0243154
0.0331162
-0.0698533
-0.0616793
0.0297414
0.01751
0.0227663
-0.0740406
0.04158
0.0403047
0.0512986
-0.00299995
0.031658
0.0485283
-0.0342436
0.00496613
-0.0610611
-0.0216247
0.0265395
0.0605624
0.0244294
-0.0181768
0.0125136
0.00385846
-0.0957681
0.073205
-0.00387963
0.0166914
-0.0224335
0.0364854
-0.0404011
-0.0984783
-0.00236734
0.000762119
-0.0101505
-0.0235499
-0.00711163
-0.00847587
0.0059614
0.0388521
0.0375203
0.00812537
0.0458138
-0.00780099
0.00259566
-0.0406057
-0.0376449
-0.00736527
-0.0189752
0.0233803
0.0102321
0.0385182
0.0194333
0.0331098
-0.0358234
0.0119925
-0.0308377
0.0283021
0.0523078
-0.0345619
0.0546024
0.0384083
0.0205285
0.0340556
-0.0363882
-0.0929703
-0.0496781
-0.0216803
0.034435
0.00189249
0.0074856
0.00721823
0.05404
0.0302699
-0.0233866
-0.0500923
0.0262366
0.00567279
0.0207282
-0.0456462
0.003605
0.0476236
0.00147793
0.0396196
0.0241442
-0.0858774
0.0253372
-0.0012523
0.0198095
0.0491614
-0.0269374
-0.00663901
-0.00256418
-0.0155729
-0.0466348
-0.0511881
0.0376828
0.00803147
0.0297522
0.01491
-0.0242418
0.036715
0.0110987
-0.0368649
-0.00884829
0.0240402
0.0296435
0.0310733
-0.0305679
0.0549394
-0.00897482
0.00653852
0.048608
-0.0294624
-0.0433104
-0.0396963
0.0566252
-0.0289616
-0.00661665
0.0171033
-0.0361788
-0.0263994
-0.00371169
0.0456408
0.0248824
0.0466946
0.0304287
-0.00469873
-0.00566118
-0.00705796
0.0606601
-0.0184947
0.0296525
0.0265331
-0.026238
0.0166943
0.0145843
-0.0011064
0.0475915
0.040094
-0.0280133
0.00250424
0.0475618
-0.00487842
-0.0456067
0.0355785
-0.0162864
0.0436229
-0.021607
0.0234551
-0.0424861
0.0339775
0.0349555
-0.00965236
0.0374339
0.0133091
0.0232655
-0.0254112
0.0148688
-0.0161617
0.0409409
0.0474541
0.00981236
0.018582
0.0131008
0.0379158
0.0281666
0.0342674
0.000218058
0.0447903
0.026896
-0.0342652
-0.00311465
0.00393207
-0.00638738
-0.0193519
0.0253578
0.0201084
-0.0211907
-0.0408832
-0.0418226
-0.0443918
-0.0324356
-0.037567
-0.0146183
-0.0168654
-0.00193486
0.0208804
-0.0195228
-0.0260466
-0.0226615
0.0247959
-0.0280087
-0.016288
-0.0407881
0.0204741
0.00898567
-0.0324691
0.0285347
0.00661783
0.0264083
-0.0452029
0.00811114
-0.0284762
-0.0645227
-0.0386569
0.00102695
-0.0362422
-0.0373542
-0.0232743
-0.0162988
-0.0367658
-0.0315923
0.0235042
0.0377956
0.018107
-0.0271134
0.0183045
0.0531822
0.0336176
0.0144442
0.0282795
0.0359895
-0.0165831
-0.0271838
0.0270926
0.0081612
0.00902947
-0.000918258
-0.0260722
0.0741009
0.0174123
-0.0364528
0.00381372
-0.00108908
0.0662332
0.0383675
-0.040333
0.0474382
-0.0397674
-0.0181481
-0.0178788
-0.00357574
-0.0151682
-0.00510842
0.0360106
-0.0260545
0.0389091
0.0175093
-0.0471193
0.0447478
0.0327913
0.00296256
0.00329384
0.0133615
0.0393399
-0.0427789
-0.0417981
0.00811912
0.0110204
-0.043261
-0.0353787
-0.0142648
0.0298472
0.0538515
-0.0482171
0.0647005
0.00747697
0.000512055
0.0354258
-0.0222255
0.048706
-0.0249478
-0.0201284
0.0198933
0.0232876
-0.0037847
0.0241006
0.0259428
-0.0465864
0.0242219
0.00599055
0.0675928
-0.0551771
-0.00481027
-0.0144958
0.0377072
-0.0328139
-0.0232033
-0.048152
0.00505169
-0.0215792
-0.00935624
0.00905891
-0.00762433
-0.0134732
-0.00638575
-0.00347984
-0.0277029
0.0207988
0.012967
0.0353146
-0.000447548
-0.0179979
0.00619591
0.00148109
-0.0182889
-0.0556341
-0.0560978
-0.0192601
-0.0209219
-0.0332731
-0.0595495
0.00785737
0.0158269
0.0484159
-0.0661254
-0.014261
-0.00299061
0.0135616
0.0614781
0.0367995
0.0304502
0.0227894
-0.0147472
0.0349629
0.000802328
0.00185172
-0.0349698
0.00610684
-0.0532626
0.0454041
0.0149168
0.0430028
-0.0498385
0.0332533
-0.0315574
-0.0336922
-0.0153678
-0.0248449
0.0405891
-0.0303141
0.0158797
-0.0176775
-0.0374455
-0.0411536
0.0193009
-0.0151948
-0.0184411
0.00808411
0.000341841
0.0247936
-0.031114
0.0355111
0.0232836
0.00516065
0.0209644
-0.0177167
0.0318714
0.00190989
-0.00383024
0.0127261
0.0216872
-0.0216232
-0.00907799
0.0329549
0.0427292
-0.0268674
-0.00311984
-0.0451849
0.0387494
-0.0353144
0.020823
-0.0291778
-0.00726062
0.0173593
-0.00373737
0.0476177
0.0158241
0.0367022
0.00495202
-0.0452971
0.0249255
0.0355999
0.0127812
0.0170557
-0.0131997
-0.00846779
-0.0124816
0.0165015
-0.0208058
-0.0211521
0.0101087
-0.0422405
0.0106522
-0.00357456
-0.0483871
0.000945859
-0.0605593
0.00052836
-0.0361333
-0.0458821
-0.0237869
-0.0438157
-0.0275852
0.0754256
-0.0324987
0.00788594
-0.0222601
0.0123722
-0.0192896
0.0483653
0.038549
0.0214216
-0.011986
0.00668878
-0.0343994
0.107273
-0.0318179
0.003132
-0.0162425
0.0565195
0.0287272
-0.00617615
-0.00672259
0.0166895
-3.30688e-05
-0.00339063
-0.0118232
-0.0202765
-0.0513019
0.032391
0.0458217
-0.00826726
0.0144664
-0.0289075
-0.0202399
0.0110655
0.027006
0.0968822
-0.0297668
0.000283013
0.0465242
-0.0547988
0.0362805
0.00886778
0.0727017
-0.0292056
-0.0208644
0.0675461
0.0149549
-0.0152051
-0.030717
-0.0125796
-0.0226982
-0.0432597
-0.0367547
0.015903
-0.0112802
0.01655
0.0180282
-0.0156198
-0.0343899
0.0481656
-0.0501788
0.0223507
-0.00890518
0.0228429
0.0326988
0.00065148
-0.00510145
-0.0203012
0.00710568
-0.0523869
-0.00611669
0.0218859
-0.061753
-0.0691554
-0.0477858
-0.017995
-0.0146532
0.0340181
-0.0248309
-0.0293876
-0.0463906
-0.0185795
-0.00175567
0.048553
-0.0174871
0.0315204
0.0444212
-0.0192462
-0.00630586
-0.0537257
0.0846199
-0.0262206
0.0686448
-0.0272082
-0.023822
-0.00485805
-0.00483231
-0.0201102
-0.0079184
0.0391149
-0.0019055
0.0114733
-0.0247061
-0.0171965
-0.0392081
0.0445684
-0.033244
-0.0313974
0.00105325
-0.0106226
0.0237086
-0.0226869
0.0334351
0.0387145
0.011284
-0.0357238
0.0321156
-0.0455525
-0.0336642
-0.0253154
-0.0445579
0.000260297
0.0215836
-0.0311133
-0.020384
-0.00110675
-0.0305514
0.0183257
0.0289623
-0.0278013
0.0230006
-0.0221999
-0.0340943
0.00834323
-0.0487328
-0.0327584
0.0215724
0.0538647
0.0214231
-0.00722394
0.0166314
0.0305313
0.0411781
-0.00597913
0.0347213
0.00197279
-0.0151089
0.0190317
0.00701664
0.013337
0.00808827
0.0374937
0.0449056
0.0440024
0.0683476
-0.0307571
-0.0239494
-0.0328856
0.0153126
-0.00946877
-0.0264677
0.048599
0.00954051
-0.0160329
0.0338044
0.051401
-0.0194176
-0.0290021
0.0319202
0.00961363
0.0372467
0.0268096
0.0240972
0.000834652
-0.00215418
-0.00148582
0.0342178
-0.00718683
0.0422296
-0.0355065
0.0302612
-0.0171486
-0.0553344
-0.0394021
-0.025125
-0.0477995
-0.0104587
0.00343664
-0.0307034
0.0329149
0.0391005
0.0299248
-0.0370166
-0.000224567
-0.0434503
-0.0256886
-0.00946293
0.0554633
0.0401079
-0.0270284
-0.0422988
-0.00699312
-0.0430943
0.0364322
0.043124
-0.0195891
0.0204672
-0.00956775
0.0303389
0.0135412
0.0390382
0.00895065
-0.0593986
-0.0379836
0.0154932
-0.0422319
-0.00694698
-0.00981658
0.00137514
-0.0339198
-0.0209101
-0.0169685
0.0398128
0.0059327
-0.0179862
-0.033538
0.0356686
0.0372074
0.02795
0.0261661
0.022468
0.0657701
-0.00778744
0.0315231
-0.00955542
-0.0119861
-0.0144121
-0.0221157
-0.0405516
0.0228846
0.0166551
0.00022567
-0.051288
0.033892
-0.0154295
-0.0133461
-0.0125005
0.0401895
0.0346585
0.036429
0.00302962
0.0312597
0.0235675
0.0374249
0.0253712
-0.0228583
0.0535001
-0.00894211
-0.0539959
-0.015877
0.0196487
-0.00879452
0.0543344
0.000771688
-0.0391377
-0.0169201
0.0370674
-0.0276987
0.0153729
0.0673547
-0.000478539
0.0397219
0.0659545
0.00793002
-0.0120976
0.0264668
-0.092375
0.0290269
0.0273117
-0.0443308
0.0432843
0.00573695
-0.0288569
0.00225673
-0.0422325
-0.025585
-0.0314313
-0.00880494
0.0187621
0.00598899
-0.0106053
0.0382686
-0.0465013
0.0192944
-0.0266109
0.0301222
-0.080813
-0.0154762
-0.00143436
-0.0337762
0.0740705
-0.0111469
0.0430816
0.0639143
-0.000162592
0.046694
0.0672027
-0.0597496
-0.0268614
0.0522949
0.0171899
0.0445304
-0.032528
0.0140351
0.0460208
-0.0160103
-0.026431
-0.00262987
-0.0262494
-0.0171496
0.0360464
0.000535203
-0.0274075
0.0415494
0.0136045
-0.0213722
-0.0169063
0.00157661
-0.00660399
0.0323538
-0.0552296
-0.108573
-0.00619704
-0.068802
-0.018541
-0.0484207
-0.0360425
0.00161965
0.0296159
0.0423656
-0.0103412
0.0317436
-0.00115526
0.0223857
0.0448262
-0.0439929
0.0365782
-0.0126578
-0.0146167
-0.012135
0.026658
-0.02696
0.0348888
0.0184773
0.0312755
-0.000367613
0.0224121
0.00344068
-0.0443785
0.0192814
0.000634117
-0.00137102
0.0256818
0.00103658
0.0127888
0.0126619
-0.0483292
0.00336508
-0.0485937
-0.0101364
0.0144692
-0.0084341
0.0382097
0.0251938
-0.0229352
-0.0463501
-0.0443409
-0.0100092
0.0020387
-0.0317121
0.00199417
-0.0471076
-0.0468591
-0.017134
0.0223325
0.0133609
0.0254373
0.0219496
0.034827
-0.0369394
0.017237
0.0472767
0.0383523
0.0479684
0.00233406
-0.0083602
0.0008541
-0.0397892
-0.0224041
-0.0299085
0.0281219
-0.0180349
-0.0194894
0.0203396
0.0308076
-0.035761
-0.0269807
-0.0408633
0.00726526
-0.0208875
0.00296296
0.0449167
-0.0351604
-0.0439319
-0.0450935
0.0135892
-0.0964192
0.0484476
-0.00817463
0.00154605
0.03363
0.0768467
-0.0315402
-0.0344575
0.052338
-0.00024206
0.0499086
-0.0394183
-0.0481828
0.123162
-0.00161478
0.0155739
-0.0261531
0.0262671
0.0258784
0.0177154
-0.0350134
0.0202248
0.0204992
0.0629914
-0.049673
0.0367639
0.0256417
-0.0250001
-0.0343323
0.0942052
0.00644905
-0.019667
0.0702347
-0.0130762
0.121712
-0.164262
-0.0069462
-0.13337
0.0543668
0.0973462
-0.0219823
0.0392893
0.0321259
0.00612526
0.0538893
-0.0299904
-0.00943171
-0.0576538
0.0391082
-0.0678718
0.0060278
0.0324103
-0.0784201
-0.0227029
-0.0747414
0.0226841
0.0234028
-0.0574766
-0.0205622
0.0294075
-0.0228487
0.0753836
0.0554721
-0.0365864
-0.0374822
0.00414205
0.00601913
-0.00279103
0.0128676
0.0773386
-0.080527
8.66655e-05
-0.0571782
-0.0429727
-0.0352406
0.053991
-0.00844663
-0.00149692
-0.0317048
-0.0164194
-0.0376864
-0.0390016
0.00375167
-0.0675054
0.0379854
0.00597153
-0.000631989
0.0392025
0.0620193
-0.00295669
0.0465472
0.0322727
-0.0129765
0.0398314
-0.00369518
-0.0466916
-0.0227141
-0.0453335
-0.032975
0.0358198
0.0841349
0.00842278
0.0197807
0.0118148
-0.0380272
0.0433065
-0.0213099
0.00298957
0.0619662
-0.023374
0.0308997
-0.0257772
0.0115466
0.0275495
0.071993
-0.0362523
0.0412442
0.0342785
0.000460596
0.0256541
-0.0166909
0.119942
-0.00646334
0.0306372
-0.0163901
-0.0372994
0.0118578
-0.00331974
0.0461785
0.0169029
-0.0931502
-0.0342515
-0.0462811
0.0388857
-0.00921807
0.0177619
-0.0354913
0.0165919
0.00548414
-0.0277413
0.0361655
-0.0123803
0.0168413
-0.0233213
-0.0407577
-0.00678578
-0.0139901
0.0392744
-0.0548475
0.00144648
0.00702974
0.025394
0.0127463
0.0212622
0.000303054
0.0383699
-0.0448433
-0.0485282
0.0472737
0.0092931
0.0368335
0.0362476
-0.0343641
0.0434961
-0.0337527
-0.0449861
-0.0338559
0.0186261
0.0394289
-0.0112849
0.0158761
-0.0169962
-0.0260535
0.038822
-0.0179546
0.00507726
0.0395771
0.0149559
0.0339985
-0.0444811
-0.0436104
0.0551828
0.0275212
0.0448657
0.0263165
-0.0411213
-0.0503227
-0.0488175
0.0122806
-0.0306
0.0412065
-0.0132421
0.0244468
-0.0167752
0.0307592
0.0407245
0.0557634
0.0586028
-0.0357026
-0.013438
0.0362852
-0.0202881
-0.0259587
-0.0408557
0.0238336
0.0297968
0.0142862
-0.0522207
0.0419863
0.0372058
-0.0351389
0.0154413
-0.0260893
-0.0493905
-0.0107096
0.0110715
-0.01393
-0.0327163
0.0194489
-0.0492325
0.0636078
-0.0256547
-0.00848202
-0.00704846
-0.0669583
0.0181687
-0.00149045
-0.0608267
-0.0643632
0.016856
-0.000361294
-0.0187611
-0.0422484
0.0359706
-0.010977
-0.00221442
0.0440964
0.0506076
-0.028521
-0.0377356
0.0442391
-0.0219429
-0.0595856
0.0279434
0.0359777
0.0558341
0.0636968
0.0107047
-0.0339446
0.0792987
0.0483195
-0.0484741
-0.00145725
-0.0263758
0.0111521
-0.0215102
-0.0741745
-0.011663
0.0667143
0.070655
-0.0267293
0.0413371
0.0115994
0.0369065
0.00301061
-0.0409784
0.00674213
0.00755328
0.0103178
0.0414002
0.109781
0.00507197
0.00141695
0.0540103
0.0627506
0.146201
-0.0437563
-0.0404602
-0.107082
-0.0381889
0.021896
0.0254297
-0.0781405
0.0169111
-0.0314224
0.0449599
-0.0441942
-0.00853562
-0.0220781
-0.0540581
0.0174291
-0.0242525
0.030996
0.049339
-0.0197714
-0.057645
0.0423129
-0.0323904
0.00669361
-0.0521163
0.0393572
0.215299
0.0819991
0.0538981
-0.0313903
-0.106068
-0.0168955
0.0321009
7.65574e-05
-0.00861688
-0.0442077
-0.0521484
-0.0586194
-0.0388538
-0.0181093
-0.0345371
-0.0473827
-0.0211597
-0.00276821
-0.015502
0.0368896
0.039371
0.0997616
0.0519929
-0.0199539
0.0221967
0.0702835
-0.023715
-0.00338084
0.015149
0.0237496
0.0310246
0.012203
-0.00854132
0.0097344
-0.00806234
-0.0479828
-0.039499
0.000749432
-0.00878291
-0.000426017
-0.047067
-0.0194137
-0.0171317
0.0262312
-0.0292736
0.0413316
0.0397332
-0.0247186
0.0391579
-0.0313593
0.0351334
-0.0212652
-0.0142366
0.0168761
0.0438226
0.0289466
-0.0276413
-0.0321297
0.016705
0.0109863
0.00810114
0.0254248
0.0387445
-0.0246962
-0.0311237
0.0468413
0.0456488
0.0365909
-0.00743153
0.00835823
-0.00419423
-0.0428679
-0.00156739
-0.0152522
0.00628653
0.000195077
0.0422024
-0.00384287
-0.0320551
-0.032393
-0.0384721
-0.0405162
0.0172232
0.0121105
-0.048182
0.0200681
0.0260841
0.0444174
-0.034978
-0.0234526
-0.00634332
-0.0255477
-0.0118596
0.00201031
-0.0458498
-0.0186629
-0.0458143
-0.0388689
-0.0513523
0.0710509
0.031764
0.0358721
0.066501
-0.0145072
-0.00547616
-0.0229379
0.0102565
0.101407
-0.0566579
0.0288667
0.00165542
0.023727
0.00480214
0.0239784
0.131506
0.0323817
0.0383616
0.0162644
0.0239128
-0.0441868
0.0155448
-0.0294536
0.0235396
-0.00187381
0.0179394
-0.0245497
-0.138513
-0.136145
-0.0712944
0.025104
0.150004
-0.0387488
-0.0295464
-0.0848262
0.0415832
0.0374304
-0.0554682
-0.0598409
-0.0237661
-0.0384053
-0.0889963
0.0187129
-0.0109198
-0.114669
-0.0577515
-0.0204343
-0.0651277
-0.0384138
-0.100946
0.231074
0.111216
0.0368972
-0.0159802
-0.0693052
0.0468762
-0.0462845
0.0615767
0.0301697
-0.0220319
0.0959356
0.0218855
0.0289616
-0.0184973
0.0595116
0.0406294
-0.0279941
0.101078
0.0975718
0.164286
0.0298882
0.0724403
0.0445817
0.0413632
-0.0108089
0.0583027
-0.000947987
-0.0479416
-0.0456817
0.022451
0.0450588
-0.0382292
-0.0329836
-0.0120929
-0.0048987
0.0443105
-0.0263067
-0.0254665
0.0271339
-0.0142216
-0.0524733
0.0698942
-0.00374674
0.0230538
-0.0223657
-0.0213721
0.0725797
-0.0296737
-0.0274325
-0.128475
-0.0199428
0.00237788
0.00371226
-0.103169
0.0132865
-0.0435481
-0.0178783
0.0162088
-0.0364111
0.0142404
-0.00578197
-0.0172234
-0.0193824
0.013175
-0.0440961
-0.0376451
0.0277911
-0.00326095
-0.0145442
-0.0233812
-0.0372966
0.00796724
-0.025532
0.00371587
-0.0449838
0.025242
-0.037493
0.0300713
-0.0476467
-0.0636552
0.0259076
-0.0303433
-0.014074
0.0296309
-0.0366688
0.0419725
-0.0020461
-0.0330583
0.00711952
-0.00499734
0.0369756
0.056823
0.0451837
0.0317874
-0.0307241
0.0960121
0.0547067
0.107919
-0.0459244
-0.029654
0.0446806
-0.0255127
0.0474988
0.0140357
0.0386034
0.0581357
-0.0267704
0.0179567
0.0426118
0.0211482
0.0483723
-0.00457714
0.0263362
0.0655392
-0.0459077
-0.0346672
-0.00347584
0.0255117
0.0591983
-0.0382581
0.0111659
0.00606735
0.0416969
-0.0410038
-0.0231275
0.0088112
0.0177376
0.0479554
-0.0155738
0.0293114
0.00667546
-0.00912089
-0.00397327
0.0470154
0.0298306
0.0236155
0.0470638
0.0047201
-0.00349193
-0.0240971
0.0480413
-0.0174847
0.00609354
-0.0458328
0.014257
0.00984107
0.0135284
-0.0219259
0.0391904
-0.033811
-0.0235954
-0.00163911
0.0522428
-0.0264261
0.0409933
-0.000653074
-0.0251026
0.00185695
-0.0273924
0.0106005
-0.0269217
-0.0163929
-0.0126518
-0.00680383
0.0250543
-0.0122347
-0.0297503
-0.021345
-0.0419129
-0.0410472
0.0245239
0.0115896
0.0593511
-0.000227188
0.00582995
-0.0521104
0.0234491
-0.0128433
0.00642953
-0.00789697
-0.00526947
-0.0553926
-0.0115994
0.0221969
-0.027222
0.0163964
-0.018146
0.0474117
0.0835143
0.0175021
0.00527455
0.0679389
-0.023725
0.0569891
0.0475591
0.0954071
0.0215868
0.00646015
0.0469793
-0.0605318
-0.0179759
0.0196732
0.0138662
0.0591547
0.071173
0.0355092
0.0366167
0.0461819
0.00108031
-0.0299591
0.011798
-0.0819856
0.0997312
0.0187437
0.0221512
-0.0627925
0.0804463
-0.0417184
-0.0429129
-0.0661096
-0.0429786
-0.0421152
0.0311652
0.0103399
0.0150502
0.0410724
-0.0414735
-0.00752393
-0.017014
0.00136575
-0.0141012
0.0151847
0.0319441
0.0355797
-0.0355921
0.0389334
-0.000434779
-0.0197714
0.0125546
-0.00729662
-0.00293984
0.0544346
-0.0799667
0.0284369
0.0294397
-0.0618124
0.0189313
0.00952277
-0.0198859
0.0328823
0.0142203
0.0973325
-0.0259735
0.0584909
0.0737267
-0.0577257
0.0102721
-0.0236272
0.00910609
0.0255677
-0.0160297
0.00599474
0.00817875
-0.015502
0.0877206
-0.0203941
-0.0343175
-0.0542058
0.0319589
-0.00523673
0.0723087
-0.0694106
0.0245185
0.075891
-0.0257817
-0.0144842
0.0148056
-0.0541036
-0.0690068
0.0343872
0.008529
-0.0447998
0.030972
0.0404068
-0.0411244
-0.0514015
-0.0327532
0.00490145
0.0146092
-0.0306406
-0.0380236
-0.0331183
0.0463857
-0.0335788
0.00187068
0.00724662
0.0388565
0.0998419
0.0401211
-0.0557862
-0.0317279
0.0131388
0.0391008
-0.0114593
0.0208853
-0.080589
-0.0362258
0.00222659
-0.00064976
-0.0368447
0.00936776
-0.0276364
0.039635
0.0246704
0.00973231
-0.0047994
-0.0291919
-0.0007185
0.0349929
-0.037075
-0.015926
0.0308325
0.0347612
0.0350909
-0.0231769
0.0390509
0.0200287
-0.0259945
-0.0359171
-0.036447
-0.00956738
-0.00719995
0.0081958
-0.0119511
-0.0274881
0.0459319
0.0329144
0.00944272
0.0155669
-0.00782985
-0.0189151
0.0444293
0.00644931
-0.0373072
-0.00684874
-0.0441324
-0.0271577
0.0482501
-0.00207821
-0.0203469
0.00700351
-0.00110873
0.0371947
-0.0293986
-0.0169504
-0.0112557
0.0367548
-0.0509647
-0.00442823
0.0115198
-0.0253241
0.0283205
-0.00193625
0.00796463
0.0554505
-0.0332836
-0.0152419
0.0179771
-0.0406991
0.0479085
0.0140888
0.00483953
-0.0412172
-0.0739517
0.0786418
0.00451552
-0.0294144
-0.0386814
0.000929174
-0.0306872
-0.130759
-0.0321875
-0.00991731
0.00340127
0.0340001
-0.0425428
0.0463844
0.0293044
-0.00864753
0.00400847
-0.0231355
0.0394364
-0.346371
-0.115692
-0.111564
-0.0148202
0.0179747
-0.0982638
-0.0457509
0.0197766
0.0502405
0.041435
-0.0259704
-0.0473565
0.0170316
0.00590994
0.01192
0.0139332
0.00481098
-0.063159
0.0126351
0.00181197
0.0142729
-0.0377289
-0.0517923
0.228825
0.150287
0.0476329
-0.0334374
-0.146774
0.0400801
-0.074976
0.0618512
-0.0636421
-0.0630391
0.0568195
0.0323278
-0.0570642
-0.0720312
0.11952
0.0449401
0.0180645
0.038146
0.00875524
0.0289669
-0.0450622
0.0646925
-0.0480946
-0.0497133
0.0267359
-0.00750301
-0.0556601
0.0138906
0.0212764
0.0247297
-0.0516471
-0.0284175
-0.0176901
0.0429943
-0.0313021
0.0231331
-0.00241008
0.00243476
-0.0240681
0.0227488
0.0361303
0.0434812
-0.0319351
0.0367077
-0.0298098
0.026541
0.0103524
-0.0249
-0.0320532
-0.077081
-0.0256453
-0.0284691
-0.0122697
0.0516048
-0.0982393
-0.0128672
0.0309585
-0.00586627
-0.0189904
-0.0512587
-0.131509
-0.0148857
0.0245161
0.0198624
0.00127584
-0.0451405
0.0200729
0.0659125
0.0108675
-0.0208681
-0.0141474
0.0322882
0.0215505
0.0048981
-0.00282936
0.0209804
0.032482
0.0424398
0.041476
0.0338243
-0.00808919
0.00242966
-0.0233147
-0.000386217
0.0196459
0.0435299
-0.053108
0.000271958
-0.0173163
-0.0138286
0.0182121
-0.0317086
-0.00424219
-0.00160262
-0.0252097
0.00673526
0.131003
0.0155527
0.00889194
0.0105466
-0.000364076
0.0359245
-0.0257678
-0.0202622
0.033478
-0.041005
-0.0462932
-0.0101419
0.00778424
0.0136134
0.0687962
-0.0284785
0.0489454
-0.0366685
-0.0166536
-0.0340472
-0.00373803
-0.043725
0.0414296
0.0368739
0.0385491
-0.026909
0.00068368
0.00878692
-0.0252536
0.00722949
-0.00851854
-0.0110164
0.00197853
-0.00524696
0.0719364
0.0341444
0.0320033
-0.00518793
-0.0406637
0.0119794
-0.00847285
0.0432966
-0.0456778
-0.0243051
0.000962521
-0.0382003
-0.0350412
0.00268283
0.0284425
-0.0263443
-0.0295768
0.0299322
0.0414485
-0.0311943
-0.0409468
0.0119849
0.0254306
0.0134066
0.00214577
-0.0155158
-0.0209112
-0.0268356
0.00921704
0.0272407
-0.0689497
-0.041788
-0.0378314
-0.00360336
0.022796
0.00178952
-0.0439875
0.0255228
-0.00362933
-0.0402985
-0.0479556
-0.0121291
-0.0150755
-0.040905
0.00862227
-0.019954
-0.0192135
-0.0603688
0.00147552
0.0775803
0.0317753
-0.00113292
-0.0079702
0.00663819
0.0318145
-0.0416714
0.00577964
-0.0285363
0.0581108
0.114802
0.00893188
0.0290156
-0.0430551
0.0246407
-0.0437399
-0.092247
0.013159
-0.0105509
0.015573
0.0283702
0.0263516
-0.0503081
0.00509818
0.0612449
-0.0656956
-0.0138616
0.0319782
-0.0469812
0.0344806
0.0152862
-0.0449591
-0.0212712
-0.0251924
0.00346491
-0.0537
0.0290221
-0.0087596
-0.0207573
-0.0290668
0.0205724
-0.0906661
-0.0535872
-0.054636
0.0192943
-0.0429914
-0.0483221
-0.0349038
0.0167283
0.0023996
0.0381191
0.00123439
-0.0148854
-0.0233325
-0.00822483
-0.109662
-0.0903011
0.0134406
0.0596821
-0.029985
-0.0112308
0.097311
-0.0247085
0.00987081
0.142417
0.0141421
0.0611307
0.0131364
0.028415
-0.0306142
-0.039062
0.0188325
-0.0100943
0.0504757
-0.0218434
0.0373996
0.0507961
-0.00240202
-0.0105692
-0.0567574
-0.0224642
0.0658634
-0.00871862
0.0702409
-0.0397844
0.0310961
-0.019949
-0.022293
-0.0492643
0.0432574
-0.036133
0.00306592
0.0112903
0.0115103
0.0417942
0.0107387
-0.0215203
-0.0432978
0.00157698
-0.0218349
-0.0118907
-0.021968
-0.0158829
-0.0181589
0.054904
-0.0136217
-0.016854
0.013013
-0.0115781
0.0086248
0.0535023
-0.0212484
-0.0320412
-0.00788722
-0.0125968
-0.0102518
0.105471
-0.0126649
0.0781926
-0.0191099
0.0394849
0.0599439
0.0188275
-0.0459134
-0.0422691
-0.0254501
-0.0581945
0.00837897
-0.0487785
-0.0361022
-0.031905
0.0396329
0.00114048
-0.0442492
-0.0430634
-0.042215
0.011212
-0.00611573
-0.0416884
-0.00709264
-0.0228674
0.0118458
0.0343854
-0.0435769
0.0492157
0.0294681
-0.0183286
-0.0167806
0.0389273
0.0467637
0.00233395
-0.00544355
-0.0142763
0.036965
-0.0300016
0.00363982
0.042701
0.0385543
0.00622709
-0.00743273
-0.0488679
0.0102417
-0.0117026
0.0214124
-0.0415292
-0.0213675
0.0425617
0.0326393
0.0400567
-0.019513
0.0365845
-0.0109429
-0.00950497
-0.0267369
-0.00203825
-0.00854991
-0.0233701
-0.0348717
0.0172901
0.0493413
-0.0184547
0.0223037
0.0227485
-0.0132927
-0.0316968
-0.013988
0.0653826
-0.00612881
0.012805
-0.034839
-0.0280764
0.041085
-0.0311667
-0.0183237
-0.0584224
-0.0104733
-0.0688584
-0.0363315
-0.0234272
0.00946542
9.30349e-05
0.125907
0.0309527
-0.0326762
-0.0428547
-0.00896655
0.0201387
-0.0493514
0.00426826
0.0896479
-0.0270196
-0.0279701
0.0295537
-0.026744
-0.0800611
-0.00548529
0.0377949
-0.0207223
-0.0954836
0.0235473
-0.033121
0.00122383
0.0589842
-0.0365278
-0.0141834
-0.0172496
-0.00890767
-0.0206104
-0.0328595
0.033436
-0.0593413
0.0610065
-0.0372296
-0.0435748
-0.0258007
-0.144986
0.129135
-0.028491
0.109546
0.00888142
0.00465115
0.101291
-0.0003184
0.11535
0.0450152
-0.0418497
0.0111518
0.0927371
0.0340972
0.00244594
-0.0107973
-0.0159857
-0.0540605
0.0591812
0.0185116
0.0251559
0.0114033
0.0619883
0.0183923
-0.0161114
0.0309892
-0.0445782
-0.0319705
-0.0495602
0.032995
0.0119757
0.05351
-0.0330244
0.0375486
0.0322264
0.0085998
-0.0294566
0.00572514
0.0480605
-0.0204951
0.00837991
-0.0656513
0.038041
0.00827513
-0.0417595
-0.0197974
0.0542953
0.0651422
-0.044935
-0.0171174
-0.0147964
-0.00432018
0.0434253
0.0394946
0.0192355
-0.0574812
-0.0236276
0.0210284
-0.00292174
0.00273514
-0.00889732
-0.093503
-0.0319507
-0.0159345
0.0191892
-0.0391434
0.027407
-0.0172643
-0.0307251
0.0120856
0.0356801
-0.0384168
-0.0374963
-0.0208371
-0.0472321
-0.0126305
-0.0131642
0.0334548
-0.0282721
-0.00636587
-0.070722
0.0663222
-0.0308381
-0.0307313
-0.0482272
0.0561517
0.0879785
-0.0417515
0.0288719
-0.0100639
0.00773865
0.00295866
0.151437
0.0018979
-0.0218946
-0.0119225
0.0174607
0.0113883
0.0236696
-0.0151878
0.00578427
-0.0237848
0.0436925
0.0328916
0.0137006
-0.0155174
0.0691468
-0.0271081
0.010795
0.0189821
-0.0366125
-0.0376662
-0.00620794
0.0132348
0.0613579
-0.00734504
0.0408318
0.0261125
-0.0154456
0.0503643
-0.0174403
-0.0185166
0.0491384
0.011105
-0.0223727
0.0407359
-0.0149479
0.0311932
-0.0088305
0.0368711
0.0353123
-0.0370305
0.0250254
-0.021437
-0.0172146
0.0478746
-0.0125421
-0.0437603
-0.0275332
-0.0278013
0.018985
-0.0304602
-0.0236431
0.047687
0.0214642
-0.0373266
-0.0364583
-0.0343797
0.0199369
-0.0454265
0.0315123
-0.0379494
-0.0178857
-0.0490457
0.011748
0.049024
-0.0291614
0.0363236
-0.0174468
0.00601584
-0.019818
-0.0344675
-0.0614527
0.0248738
0.0473996
-0.0368464
0.0192138
0.0186332
0.0101787
0.020803
0.00910294
-0.0286159
-0.00542256
-0.0394242
0.0319619
-0.0258005
0.00721901
0.036916
-0.0364066
0.0241609
0.0326015
0.0109955
-0.0504348
-0.0541681
0.03571
-0.018521
-0.0714683
0.001312
-0.0120759
0.0403181
-0.0627043
0.0376083
-0.027912
-0.00496456
0.00211584
0.0127873
-0.0147656
0.053552
0.0436985
-0.0226026
-0.0445694
0.00660329
0.0177402
-0.0122235
-0.0124293
0.0362003
0.0754656
0.0350959
-0.026756
0.0281386
0.017707
-0.0240909
-0.0390359
0.0474276
-0.00517303
-0.0071363
-0.0524606
0.0610982
0.00768233
-0.0213123
-0.0219537
0.0359307
0.0120166
-0.00353816
0.0331134
-0.0523575
0.0551338
-0.0273212
0.00495736
0.0239765
0.0521763
0.0299689
0.0520439
-0.0381444
0.011683
-0.0180318
-0.0139114
-0.0557535
0.0224292
-0.0413267
-0.00638355
0.0248701
-0.0178054
0.0258836
0.0480394
0.000260715
-0.0295046
0.0620483
0.00994528
-0.0241139
-0.0444692
0.0338822
0.0694365
0.035105
-0.0101926
-0.0143593
-0.0244761
0.033645
0.0259138
0.014193
-0.0275706
0.0384549
-0.00225272
-0.0128319
-0.0252727
0.047453
-0.00722121
-0.094645
-0.0545295
-0.0277035
-0.0368763
-0.0284279
-0.0937046
0.0195109
-0.030289
-0.0343889
0.0311187
0.0122003
-0.0692909
-0.0782164
-0.0361337
-0.036158
-0.0313781
-0.068354
0.000471165
-0.0302086
-0.0845295
-0.0404229
0.00491154
0.0465285
-0.00906954
-0.0394806
-0.0542528
0.0529271
-0.0706253
0.035044
-0.00778807
-0.0661167
0.110493
0.0239414
0.0208134
-3.40512e-05
-0.0198636
0.0459947
0.0464404
-0.0366688
-0.0210622
0.0374432
0.0220515
-0.0397679
-0.030638
0.0247993
-0.0417157
-0.0177982
0.0014281
-0.0414678
0.020808
-0.012543
0.0110589
0.0353198
0.0358474
0.0292058
0.0252942
0.0139744
-0.0293298
-0.0214433
-0.00425052
-0.0299551
0.0296086
-0.0318421
-0.0196406
0.00983575
0.0405722
0.0294172
-0.0285613
0.0320806
0.0289171
0.0645675
-0.00732195
-0.02977
0.00624919
0.000648488
-0.0459989
0.0312847
-0.0433655
-0.00812466
-0.0179446
0.0289504
-0.0280468
-0.0471116
-0.0454566
-0.0276843
0.0366372
-0.0286163
0.0133227
-0.0129003
0.0439856
0.0287201
0.0461895
-0.0464377
-0.00429897
0.00423955
0.0427074
-0.0401659
0.033519
-0.0464449
-0.0444279
-0.0494838
0.0273997
-0.0343227
0.0296016
-0.0455983
0.00591418
0.0267696
-0.0823001
0.0532679
-0.0139865
-0.00465166
0.00570838
-0.0420328
0.00326191
0.0500485
0.14153
-0.011081
0.0332228
-0.0034692
-0.144736
-0.00974827
0.0823461
-0.0345675
0.0127139
-0.0373836
0.00089036
-0.182334
-0.189016
-0.339385
0.0740531
0.177553
-0.0910296
-0.053867
-0.211818
-0.0221506
-0.115692
-0.351992
-0.364947
-0.27502
-0.239937
-0.0713965
0.024422
0.170948
-0.167277
-0.0534702
0.167099
-0.0481663
0.0701834
-0.189145
0.233901
0.243911
0.360066
-0.0585192
-0.186244
0.105941
-0.167388
0.266412
0.111298
0.0465768
0.418368
0.404585
0.302894
0.146002
0.0193951
0.022177
-0.0669666
0.260195
0.0424578
-0.21518
-0.0232415
-0.0165917
-0.00147749
0.217454
0.289529
-0.0139775
0.020494
-0.084674
-0.0837607
0.0426748
-0.192027
0.0458154
0.0122773
0.13375
-0.135344
0.0596387
-0.00923803
-0.212972
-0.14938
-0.047857
0.0174322
0.185737
-0.0567785
-0.0225425
-0.0290088
-0.0384924
0.0463833
-0.0463167
-0.359046
-0.0613053
0.024507
0.0135179
-0.0468645
-0.213485
-0.223318
-0.25815
0.0884046
0.0380374
0.036738
-0.113574
-0.00284671
0.021375
-0.0464883
0.0452281
0.184467
-0.190009
0.100492
0.0969183
-0.145084
-0.0791552
-0.04526
0.0126745
0.0326064
-0.00673509
-0.0172331
-0.0326927
-0.00212148
0.0297029
-0.00887732
-0.0710943
0.0110035
-0.037857
-0.0793484
-0.0409685
-0.112737
0.271675
-0.284862
-0.0417566
0.00691903
0.0462085
0.058628
0.39979
-0.0182251
0.0242872
0.0264175
-0.245103
0.166079
-0.111046
-0.066809
0.0419569
0.0974938
0.153893
-0.000791375
-0.0255606
0.0504978
0.00342623
0.0367366
-0.0193725
0.0456482
0.0448527
0.0397452
0.00530635
0.0103723
0.140143
-0.00144776
0.0990975
-0.0221296
-0.044362
0.030978
-0.0110057
-0.0104861
-0.0705854
-0.0126412
-0.0082957
0.0289742
0.0185821
0.0180168
0.0471942
-0.00373711
0.102145
0.008476
-0.0339455
-0.04644
0.0105459
0.00960657
0.0096893
-0.0189333
-0.0138886
-0.0351058
-0.00450984
0.0163657
-0.00978218
0.0336316
-0.0474115
0.0396348
-0.0302081
-0.115711
-0.0476841
-0.000639244
-0.0191582
0.0269764
0.0561702
0.0744595
0.0231048
-0.0221595
-0.0205991
-0.0275491
-0.00326846
-0.0440788
0.00614518
-0.0433113
-0.0647898
0.0328883
0.0579245
-0.0189806
0.00282364
0.0302231
-0.0212004
0.0409345
0.0308405
-0.0454507
0.0472527
0.077984
-0.039931
0.0353852
-0.0192587
0.0289836
0.0297737
-0.0372624
0.0109526
0.0638015
0.0166396
-0.0263203
0.0147552
0.00836206
-0.0643074
0.0184344
0.0469873
0.0167326
0.197122
0.0950292
-0.0273836
0.0393007
0.0194387
0.110718
0.0105238
0.0263109
0.00570266
-0.0351851
-0.0359706
0.0278352
-0.102324
0.0490971
0.137741
0.0915082
-0.00197697
0.103049
0.0543956
0.0932653
-0.00902295
-0.172669
0.0162931
-0.011378
-0.00907205
-0.046817
-0.131383
0.260811
-0.0352595
0.029012
-0.132984
-0.120023
-0.115433
0.149671
-0.110499
-0.144897
-0.0753121
-0.0305803
0.0169232
-0.0382189
0.0728874
0.0978428
-0.0613048
-0.0337139
0.0430481
-0.162921
-0.0491019
0.0694204
-0.0148594
0.00438039
-0.00027898
-0.0250124
0.0859131
-0.147342
0.211151
0.020527
0.0276528
-0.40632
-0.0437238
-0.0192721
-0.00194192
0.209824
0.195484
0.12949
0.0487115
0.210177
0.190534
0.00171802
0.105461
-0.269586
-0.0883883
0.0668415
0.00267705
-0.0535231
-0.0382351
0.0750041
0.012622
0.0893231
0.100913
0.071023
0.0102032
0.216651
0.266553
0.370723
0.182329
-0.436063
0.0960677
0.0202678
-0.248323
-0.235191
0.0144076
-0.032431
-0.304073
-0.11293
-0.195223
-0.128705
0.182138
0.125354
-0.0559705
-0.0319115
0.0943748
0.00371501
-0.0303921
-0.0875604
0.0705475
0.0665393
-0.0481925
0.0322456
0.0559199
-0.0251654
0.0410123
0.18823
0.114513
-0.037724
-0.0385153
-0.060534
-0.156179
-0.0490292
0.0366917
-0.0431894
-0.0510954
-0.0364747
-0.0251011
-0.042599
-0.00560742
0.0183793
-0.0796479
0.0059834
-0.00945007
-0.0183603
-0.0179336
0.0449865
-0.0568088
0.000450722
0.018989
-0.0489282
-0.0464893
0.0518364
-0.0332896
0.0306399
0.00696697
-0.011431
0.0373337
-0.0292217
0.0355801
-0.0152819
0.00319472
0.132423
0.0161437
0.0324199
0.0471675
-0.00150289
-0.0332238
-0.0244422
-0.0102966
0.023762
-0.00538983
0.0819839
0.0185275
0.0556154
0.00384284
0.0457108
0.028781
-0.00119865
-0.0313116
-0.0225766
0.00116247
0.0351786
-0.0086257
0.00964539
0.0345295
-0.0302918
-0.036245
0.000397975
-0.00712395
-0.0143004
-0.0852916
0.0618616
0.11261
-0.0410897
-0.0374157
0.0101933
-0.0130935
0.0524511
-0.24924
0.128757
-0.110319
-0.0337796
-0.00109651
0.0202344
0.049035
0.0958501
-0.0375021
-0.0167106
0.043606
-0.00781618
-0.0341487
0.0408506
-0.0305123
-0.0178745
-0.000243284
-0.00338021
0.0164545
-0.0908584
-0.0696628
-0.079985
0.0251237
0.0621548
-0.0545719
-0.0129108
-0.034507
-0.0201651
-0.00451969
0.0325738
0.00838162
0.0483096
0.00049332
-0.0797008
0.00173315
0.0645357
0.0208249
0.0546007
0.0344134
-0.0332843
-0.0064637
-0.0770265
0.13198
0.0430871
0.165807
-0.0442098
0.0167126
0.0230327
0.00416282
0.0616214
0.0370733
-0.00749665
0.0394901
0.0412071
0.00522059
-0.0386014
0.0126772
0.037013
0.0257491
0.0474085
-0.00279211
0.0603864
-0.028952
-0.00185621
-0.0420188
0.056319
0.0420523
0.0150197
-0.0342889
-0.0313632
-0.0506461
-0.0154069
-0.0442726
0.0475824
-0.00830584
-0.0246637
-0.0100806
0.00826225
-0.0346771
-0.00979113
-0.0399304
-0.0121862
-0.0361014
-0.0256456
0.00655083
-0.0225375
-0.0412923
0.0120013
0.0610328
0.00666479
0.000639924
0.0416494
-0.0160762
0.0508058
0.00465772
-0.063679
-0.00603416
-0.0689802
-0.0248255
-0.044962
0.0502113
-0.0127484
-0.0489183
0.0152293
-0.0435588
0.0466599
0.00615011
-0.0393124
-0.0217362
0.0578217
-0.0412469
-0.00179942
0.0152055
-0.0298209
-0.0474341
0.0262485
-0.0684797
0.00712374
-0.00672951
-0.034384
-0.0435397
-0.0698977
0.00250087
0.0203392
-0.00177204
-0.0327968
-0.0140434
0.00148375
0.0466787
0.00313055
0.046447
0.0043573
0.0303933
0.097962
-0.0396562
-0.0253355
0.0122628
0.0330355
0.0014573
0.00722957
0.02209
0.0416716
0.0503231
0.0446791
-0.0152012
0.0481874
-0.041158
0.0406121
0.0329224
-0.0379239
0.00512639
-0.0174597
-0.0443374
-0.0600297
0.0101893
0.0430545
-0.0347928
-0.0315424
0.0157765
0.00435213
0.0426145
-0.0419826
-0.0419299
0.014003
-0.0134873
-0.0375546
-7.92071e-05
-0.0303863
0.00620017
-0.0374859
0.0381952
-0.0246641
-0.0345995
-0.0436551
0.0209997
-0.0392467
-0.0266496
0.0436294
-0.0348135
0.00553568
-0.00144195
0.0362884
-0.0427065
0.0299543
-0.0433057
-0.00150855
0.0372307
-0.0138039
0.0227542
0.0171111
0.0244336
0.0474895
-0.00281881
0.0417058
0.0251698
0.0141482
-0.00526481
0.0204891
0.0394589
0.0190816
-0.0443875
0.0480784
-0.0405373
0.000534775
0.0227928
-0.0123083
-0.0224061
-0.00342
0.0452346
-0.0358768
0.00799196
0.0257168
0.0237
-0.00398767
-0.0131957
0.0404229
0.029007
0.00462108
0.00846864
-0.0462648
-0.0413166
0.033547
0.0257983
-0.0480611
0.012491
-0.0137963
0.0122703
-0.053205
-0.02598
-0.0157814
0.0566834
-0.0393005
0.00330335
0.0289613
0.0422025
0.0223636
0.0383391
-0.0212154
0.00278433
-0.0162278
0.00490418
-0.065858
-0.0380297
-0.0306388
0.00714585
0.0413816
-0.0175564
0.00386676
0.0222269
-0.00864292
-0.0265779
-0.00832906
0.0214009
-0.0348981
0.0582661
-0.0230623
0.0202283
-0.0424405
0.0369539
-0.0135097
-0.0244319
-0.0113339
0.00897697
0.0266849
-0.0437913
0.0124132
0.0276407
0.0350745
0.0164491
0.0321573
0.0204272
-0.0350447
0.0334292
0.00110929
-0.017051
-0.0137143
0.0139212
-0.0845239
-0.0507628
-0.0134702
-0.0335004
-0.0317509
0.00964567
0.0274572
0.0355852
-0.0102304
-0.0201109
0.0297575
0.0614307
0.0287407
0.00672704
0.0407395
0.0222482
0.00129312
0.0514216
-0.0284665
0.00277589
-0.0159476
-0.0112881
0.0771422
-0.0125085
-0.0367754
0.0668734
0.0526806
0.0301218
-0.060399
0.00185464
0.0429091
-0.0147179
0.0607356
-0.0502924
-0.00936586
-0.0130696
-0.038803
-0.00585046
0.00902611
0.00108278
-0.0395118
-0.0307544
-0.0441734
-0.0519663
0.000701813
-0.013878
-0.043949
0.0308199
0.0322993
-0.0417732
-0.0363283
0.010918
-0.0525376
-0.0472404
-0.0211216
0.0278028
-0.026695
0.0195627
-0.00518191
0.0238557
0.0180019
-0.028678
0.0284626
-0.0341282
0.0146258
0.00988463
0.00904103
0.0113807
-0.0464962
-0.000936951
-0.0524159
-0.0303266
-0.0438749
-0.0104602
-0.0161488
0.0448866
-0.032843
-0.0354652
-0.00908297
0.024191
0.0299777
-0.00490488
0.0013094
0.0078325
0.0310274
0.0317552
-0.0239631
-0.0240227
-0.0178428
-0.0296207
0.00679829
-0.0338907
0.0322432
-0.000773462
-0.0350042
0.00369231
-0.000350339
-0.034731
0.0401429
-0.0250532
-0.0407017
0.0388483
0.0160006
-0.0272936
-0.00776478
-0.0287629
-0.0404501
0.0102043
-0.0122076
0.0417907
-0.0275873
-0.00487343
0.00998675
-0.0289081
0.0312364
0.0146186
0.0403192
0.0228258
-0.047126
-0.013863
0.010282
-0.00621617
-0.0090092
0.0227333
0.0126485
0.0241321
0.015132
-0.0160375
-0.0264115
0.015047
-0.0195564
0.0287692
-0.0138986
-0.0468732
-0.0370487
-0.0259355
0.034711
-0.0330046
-0.071831
0.0192569
-0.0378543
0.00356599
0.00352296
-0.0134039
0.0373262
-0.106636
0.0282725
-0.0994103
-0.0341879
-0.00414399
0.023597
-0.0212291
-0.0413357
0.0352822
-0.0172396
0.0417275
-0.0093284
0.179007
0.21682
0.0977368
0.0419933
-0.169361
0.0010546
0.00874988
0.0396895
-0.0914492
-0.03197
0.0799623
0.0740939
-0.038739
0.0577693
0.040726
0.0261863
-0.0160543
0.0896865
0.0920197
0.00377839
0.0747292
0.0488795
0.102663
-0.355088
-0.146854
-0.21807
0.0634364
0.0917045
-0.0245094
0.0635182
-0.0312556
-0.0357223
0.0142172
-0.123454
-0.0263289
-0.0154023
-0.0470327
-0.0803358
-0.0519386
0.0529094
-0.215283
-0.0875507
-0.0230072
0.00504851
0.0861549
-0.0334738
-0.157307
-0.0251703
-0.0662933
0.070541
0.0135652
0.0492014
-0.147492
0.0625892
-0.0264975
0.015323
0.0445199
0.10114
-0.0671663
-0.0429537
-0.0487904
-0.0113974
-0.0745432
0.123098
-0.0608386
0.0151411
0.01941
-0.0153206
0.0511581
0.000784953
-0.0323067
0.0666843
0.124333
0.0425015
-0.00205087
0.0427558
0.143204
-0.00685455
0.0502604
-0.044225
-0.0383252
0.00774416
0.0502976
-0.0235787
0.0407735
-0.0409035
-0.035634
0.0649067
0.135848
0.0225203
0.058084
0.00124381
0.00327808
0.0292009
-0.0302777
0.0261828
0.0288292
0.0439846
2.59717e-05
0.0340089
-0.0392303
-0.0258301
0.0330048
0.063893
-0.0389079
-0.0155296
-0.057557
-0.0303654
-0.0502791
0.0890322
0.0378316
-0.018694
-0.01243
0.0116881
-0.0433142
-0.0266059
-0.0396276
-0.0318815
0.0041454
-0.0907476
-0.0567852
0.035114
0.0256778
-0.047226
-0.0816042
0.00477651
0.00149835
0.00756977
-0.0389547
0.0232226
-0.00861738
0.0347901
-0.0240375
-0.0187605
-0.063015
-0.00878009
-0.00232825
-0.0186712
0.0255153
-0.0383871
-0.0310155
-0.00230559
0.0450299
0.0119032
0.00553555
-0.0355366
-0.0371754
0.022489
0.0242208
0.00715348
-0.039648
0.0206155
0.0162018
-0.0496461
0.016024
0.00735672
-0.0210412
0.00464113
-0.0155321
-0.00852587
-0.0470083
-0.0211818
0.0436838
0.0348466
0.010759
-0.0209839
-0.0227955
-0.0330039
0.010496
0.0386017
0.022457
-0.00545353
0.0291326
0.0118984
0.00791406
-0.0606553
0.0335674
-0.0388273
0.0153694
0.0201809
-0.0212786
0.0372209
-0.00848433
0.00741039
0.0272569
0.0307523
-0.0399501
0.0357102
-0.0271648
-0.0183759
-0.0376448
-0.0348498
-0.0233277
0.0487755
0.041475
-0.0668844
0.0288928
-0.0122928
0.0639469
0.0187999
0.0483814
-0.00172648
-0.00738397
-0.0140971
-0.0358426
0.0226332
-0.000188546
0.0286416
0.0541102
-0.0315398
0.0330445
-0.06665
-0.147554
0.000538531
-0.0512123
0.00606344
-0.0723027
-0.0670874
-0.0123531
0.0204677
0.00489004
0.0342257
-0.0383764
0.023418
0.00952346
-0.000818942
-0.116956
-0.00988373
0.0242808
0.0389489
-0.00580133
-0.0484926
0.0237822
-0.0657113
0.0135927
-0.0973726
-0.00961672
0.0162211
0.00649621
-0.0991347
0.0253591
-0.0449072
0.0518793
0.132357
-0.000316456
-0.000700195
0.075175
0.0225633
0.0480425
0.0437346
0.0908054
0.036261
-0.0576119
0.0245525
-0.049181
0.0380103
0.0454637
0.043172
0.0727563
-0.0111989
0.0092996
0.0358899
0.0419764
0.158786
-0.0909062
0.0507946
0.0462701
-0.082265
0.012276
0.0674925
-0.0841817
0.0241363
0.0141251
0.0147256
-0.0900597
-0.0336081
-0.0297236
-0.0304287
-0.0139777
0.0721847
0.0776705
0.0382385
0.030628
0.00522971
0.00857917
0.000370928
0.0485057
0.0415148
0.00408337
0.126106
0.11351
0.0471898
0.022587
-0.102771
0.0343998
0.0373199
-0.0658165
-0.0325782
-0.0343314
-0.0144283
0.016458
0.00497637
-0.0109659
-0.0419651
0.00914597
0.0497428
0.00244391
0.0593485
0.0889474
0.0799679
0.0388665
-0.0126683
-0.0208522
-0.0686781
0.0618053
-0.0334924
-0.0203664
0.00153973
0.00882816
-0.0912512
0.00100608
-0.000549953
-0.053113
0.00252798
-0.0557615
0.0139954
0.0210195
0.0136501
0.0958884
-0.0203922
0.0209982
-0.0133497
0.0145129
0.028041
0.0358449
-0.0150714
0.0298254
-0.0230329
0.0302776
-0.0233707
-0.0309007
-0.00658974
0.0388118
0.0305305
-0.00938137
-0.00756261
-0.0190891
-0.0181397
-0.0502051
-0.0458938
0.0111147
-0.0417713
0.0120367
-0.043274
0.0443354
0.0242569
0.0285501
0.0482742
0.0112375
-0.0889452
-0.00515528
-0.0420871
0.00103598
-0.0058329
0.0259125
-0.0151264
0.043194
-0.0180038
-0.00835128
-0.0568531
0.0155226
0.0114058
0.0344794
0.00739571
-0.0198605
-0.0193359
0.00816589
0.0464218
-0.0286527
0.0350389
-0.0445119
0.00231581
0.0454592
-0.0396215
0.0410922
0.00524156
-0.0460506
-0.0497346
0.0146872
0.0269092
-0.0152974
0.0343608
-0.0144934
-0.0026748
0.00755631
0.0244602
0.100377
-0.081588
-0.007694
0.0174457
0.0157418
0.0258672
0.0447663
0.0251138
-0.0270283
0.0122087
0.00368353
0.0176144
0.0115754
-0.00626697
-0.0151253
-0.020164
-0.0195298
-0.00971031
0.0372001
-0.074365
-0.0851176
-0.0858318
0.00124602
0.0690482
-0.0508675
-0.015759
0.0664759
0.0154222
0.0489663
0.031651
0.000586229
-0.0350442
-0.042826
-0.0214746
0.0395492
-0.0359476
-0.0808472
-0.0162012
-0.00403804
0.00449548
-0.0360311
-0.071805
0.0746368
0.0827541
0.0280553
0.00818468
-0.0410894
0.0116441
-0.0415236
0.0242457
0.014253
-0.0723465
-0.0405832
0.0342974
-0.0209018
-0.0111379
0.036192
-0.02711
0.000966068
-0.0197169
0.00595802
-0.00525807
0.0413396
-0.026177
0.0372652
0.028959
0.0435016
-0.0287081
-0.00473667
-0.0288738
0.0312964
0.0453259
0.0249578
0.0313852
-0.0241875
0.00338221
-0.0433023
0.0459172
-0.0434212
-0.000170682
0.00998479
0.0559571
0.000142185
0.0355129
-0.0323616
-0.017477
-0.0166381
0.0267995
0.0360002
-0.0166918
0.00750974
-0.0568944
0.0294368
0.00092787
-0.0153089
0.0289163
0.0160874
-0.0226047
0.0279603
-0.0208047
0.0183451
0.00252118
-0.00750531
0.0156439
-0.044329
0.0103019
-0.0143362
-0.049726
-0.0256528
0.0253693
-0.0129028
-0.0179756
-0.0245026
0.0474592
0.0476738
0.0218173
-0.034026
0.0301832
0.0270611
-0.0210083
-0.0441504
0.0425767
-0.0574668
0.00196052
0.0397338
-0.00551239
0.00788789
-0.047463
-0.0450014
-0.0235276
0.0112871
-0.015115
0.0350445
-0.042851
-0.0220162
0.0359551
0.0284708
-0.0631749
0.0831066
-0.0277795
0.0869635
0.0560265
-0.00753057
0.0295094
0.0348441
-0.00505422
-0.000663367
-0.0429332
-0.0157676
-0.0475543
-0.0123056
0.015688
0.0114157
-0.0632421
0.0011248
-0.0673302
0.0235545
0.0435416
-0.0248436
-0.0439757
-0.0103376
-0.0166884
-0.00593035
0.0131206
0.0116498
0.0342641
-0.0181883
0.0205088
0.0161726
0.00388789
0.00266036
0.0306465
0.041548
0.00508797
-0.0257889
-0.0175223
-0.00693076
-0.0115093
-0.0307835
-0.0328437
0.0403944
-0.00285205
-0.0388618
-0.00927228
-0.0391336
-0.0470716
-0.0147103
0.026493
0.0411579
-0.0105461
0.0197118
-0.0432084
0.0449756
0.0202205
0.0447266
0.0266417
0.016904
0.0459753
0.0324248
0.0402262
0.0232281
0.0249352
0.00592962
-0.0350928
-0.0102844
0.0468968
-0.0277758
0.000909148
0.0342718
-0.0193725
0.0149233
0.0165513
-0.0110819
0.0446413
0.0336773
0.0435197
0.0257643
-0.0646148
0.0211248
0.00889478
0.0296742
0.0608043
-0.0345686
-0.0141844
0.0269016
0.0241953
-0.0388843
0.0499903
0.029576
0.0210695
-0.0281787
0.0959842
0.0188328
-0.00360675
0.0503884
0.0261572
-0.0132041
-0.0211016
-0.00812694
-0.00829087
0.0326013
0.0334065
-0.00781273
0.00630902
0.0589692
0.0924346
0.0570752
-0.0326681
-0.0145317
-0.0086935
0.0386072
-0.0552209
-0.0388509
0.0189982
0.0500691
0.0135302
-0.0425462
-0.0608158
0.0279764
0.0101277
0.0311271
0.000286863
-0.0453954
0.011072
-0.01989
-0.0341797
-0.0285942
-0.0345225
-0.049919
0.0168538
-0.0456598
0.0130884
0.00427791
0.0500904
-0.0360684
0.0207288
0.0126509
-0.0301428
0.0214316
0.0155545
0.0221897
-0.0239484
-0.0283962
-0.0485341
0.017955
0.0117451
-0.0176075
0.00185999
0.0187096
0.00389547
-0.0119092
0.0460869
0.00803455
-0.0240385
-0.0863391
0.0225883
0.0321358
0.0160349
-0.0357725
-0.032971
0.015482
0.020245
-0.00213891
-0.00456236
0.0591388
-0.041049
-0.029828
-0.0426835
0.0123644
-0.00402542
0.0327382
-0.0100657
0.0707692
0.104434
0.0418942
0.0394082
-0.0109914
-0.0258842
0.0154172
-0.00745319
0.00612091
-0.0191272
0.0226404
0.0498727
-0.000848749
0.0609351
-0.0722347
-0.0170294
0.0238504
-0.0548194
0.073919
0.0716088
0.0388113
-0.00505087
0.0591734
0.0206762
-0.00996618
0.00355208
0.0143493
0.0692063
0.0404791
0.00784451
0.0288362
0.0377173
-0.0445307
0.0438174
0.0195708
-0.0048448
0.0144187
-0.0128205
0.0108463
0.0267569
-0.0240119
0.0325111
0.00924528
-0.0515751
-0.0351304
0.0168986
-0.0428159
0.0285811
-0.0494425
0.00994609
-0.0286256
0.0403959
0.00733048
0.0127303
-0.0262977
0.0493903
0.00342592
0.0270222
0.0448765
0.0380102
-0.0204866
0.0458391
-0.0411385
-0.0137421
0.0440276
0.0363505
0.0171757
0.0323172
0.0132165
-0.0275626
0.0297893
0.0393039
0.0367104
-0.0477635
0.0350823
0.0069621
-0.0250224
-0.0382722
0.0251805
-0.0229104
-0.0234178
0.0386189
0.0102686
-0.0223121
-0.0030827
-0.0310097
0.0142414
-0.0342839
0.0337614
-0.0463836
-0.0139172
-0.0150994
-0.00724194
-0.0253734
0.0199173
-0.0215915
0.0425349
0.00654445
-0.0532657
0.020576
0.0443413
-0.00384206
-0.0140557
0.0382532
0.0416851
0.0115058
0.0249776
-0.0429782
0.00876749
-0.0289963
-0.103085
-0.0510327
0.0221729
0.012225
-0.0492466
-0.0435807
-0.00541795
-0.0403197
-0.0426193
0.0287042
-0.0362694
0.00802078
-0.0715905
-0.0274164
-0.0527788
0.0156348
-0.0210253
-0.00984757
0.0270982
0.0482097
0.00336789
0.00761153
0.0367569
0.00900155
0.01944
-0.0154418
0.0428736
-0.0320186
-0.0474645
0.0445215
0.0033045
0.0419687
0.0111012
0.0647881
0.0270764
-0.00249478
0.0136605
-0.0396151
0.0164101
-0.0537995
-0.0463131
-0.0238437
0.0483332
-0.0442604
0.0107133
0.0505511
0.0256176
-0.0143452
-0.00544278
0.0330444
-0.0371049
-0.0469744
-0.0369289
-0.0295112
-0.0565313
0.0103571
0.00518362
0.0451687
-0.10067
-0.0155403
0.0608459
-0.0360827
0.0240685
-0.00360759
-0.0215043
0.0309472
-0.0108989
0.00496101
-0.0329958
0.0387747
-0.00163669
0.00095654
-0.0203612
-0.0367457
-0.0381499
0.0706412
-0.0483572
0.00463577
0.0371573
0.00254586
-0.0048893
-0.00479142
0.0274444
-0.00292819
0.0288749
-0.0303832
0.022092
0.00888207
-0.0120413
-0.0489218
-0.0177933
-0.0263179
0.0391889
0.0256623
0.00792163
-0.0404307
-0.0406469
-0.0217527
0.0404426
0.0124219
0.0130699
0.0248211
8.91389e-05
-0.0300819
-0.0360039
-0.0118109
0.023371
-0.000293474
0.0616
0.0109807
-0.00160012
0.00828779
-0.0471052
-0.0355927
0.0319736
0.0619066
0.0471099
-0.00727072
-0.0488447
0.00553329
-0.0106483
-0.0330208
-0.0485978
0.0294341
-0.00057771
0.00589141
-0.0148646
0.0400353
0.0460353
-0.0128802
-0.00981304
0.0428486
-0.0166075
0.0472544
-0.0298899
0.0212129
0.0153663
-0.042646
-0.00962913
0.00835327
-0.0335977
0.0253297
0.00931936
-0.0184096
-0.00727703
0.0536898
-0.0168129
0.00402655
-0.0392759
0.0399199
-0.0513209
-0.00917516
0.00392862
-0.0352299
-0.0401594
-0.0296542
0.0497638
0.037459
-0.0164297
-0.00810024
0.0119534
-0.00133805
0.0328771
0.00267953
-0.0217378
-0.0334067
0.0220866
0.0286138
0.0435881
-0.00124395
-0.0387723
-0.0242717
0.0191091
0.044271
-0.00157418
0.0389249
-0.047453
-0.034627
-0.0199056
-0.00521789
-0.00482907
0.0538358
-0.0319554
0.0382751
-0.0142687
-0.042389
0.0184102
0.0376899
-0.0204029
-0.0152038
-0.0139349
-0.0196494
0.0290941
0.0489854
-0.0452831
0.0366908
-0.00732316
-0.0189276
-0.00687621
-0.0487677
-0.0290038
0.0385572
-0.0135212
0.044429
0.0315748
-0.0280704
-0.029961
0.0266869
0.00665526
0.00725228
-0.0151643
0.0226877
0.0184234
-0.0188757
-0.0189611
-0.0306087
-0.0253103
-0.0159116
-0.00171721
-0.00705975
0.000617766
0.0460076
-0.0141748
-0.0256054
-0.00444389
-0.0203382
0.0317013
0.0284638
-0.0519946
-0.00627479
0.00172126
0.00791905
0.0404389
-0.0170717
-0.0132957
-0.0466633
0.0339274
-0.0129865
-0.0288299
-0.0316341
-0.00428753
-0.00395344
-0.0405624
-0.0466899
0.0401677
-0.0580795
-0.0263943
0.0177313
-0.0380194
-0.0309405
0.0157164
0.00738236
-0.0299524
0.0142343
-0.045444
0.0086516
-0.0445288
-0.0367741
-0.00679198
0.0213729
-0.0267028
-0.0459153
0.0348918
0.0101331
-0.0562552
-0.000106542
0.000924139
0.0266243
0.00888883
-0.011827
-0.0134528
0.049682
0.0230213
0.000947561
0.00602792
0.0302436
-0.0390941
0.00605729
0.0701943
-0.0319825
-0.0103477
0.0434175
0.011848
0.0445881
0.0425469
0.0184502
-0.0260814
-0.0175748
-0.0211136
-0.0248809
0.0624005
-0.00895273
0.0672088
0.0426275
-0.00119541
-0.0144216
0.0030855
0.024067
-0.00809709
0.0402587
0.0151913
0.0322804
0.0203181
0.0362475
0.0522532
-0.0430779
-0.0346328
-0.000882055
0.0543416
0.0170465
0.0363401
-0.0159204
-0.00530787
0.0510137
-0.0006161
0.0236828
0.00987783
-0.0286899
-0.0150084
0.036947
0.0233923
-0.0227572
0.0344948
-0.040188
0.0351659
-0.00108081
0.0348274
0.0426263
0.0325175
0.0144814
0.0493061
0.0225028
-0.0308898
-0.0768485
-0.0249912
-0.016677
-0.0134898
-0.042274
0.00015081
0.019623
-0.0497294
0.00715919
-0.0352267
0.0450347
-0.0182402
0.00124976
-0.000739982
0.0419523
-0.036329
0.0262448
-0.0165034
0.0204129
-0.0308622
0.0449336
-0.0294713
-0.0353521
0.00374303
-0.0181488
0.0138849
0.0372403
0.0352993
0.0244176
-0.02809
-0.0293372
0.01509
-0.0230701
-0.0041608
-0.024468
0.0420032
0.0449718
0.00988407
-0.00986303
-0.00485815
-0.0412191
0.00638998
0.0330837
0.0102345
-0.0248466
0.0151916
-0.0205606
-0.0363859
0.0343525
-0.0318092
0.0105372
0.0270029
-0.0280516
0.0258528
-0.0116593
-0.0422422
-0.049735
-0.0214101
-0.0263115
-0.0331897
-0.00806117
0.0331589
0.0256054
0.0325629
0.020573
0.0320667
-0.0400658
0.0751537
-0.0510307
-0.0333135
-0.0413884
0.0502648
-0.0329095
-0.0349879
-0.0064255
-0.055448
-0.0273965
0.0142951
-0.0292594
0.0375817
0.0376508
-0.0168377
0.00284222
-2.32207e-05
0.0101911
-0.0467278
-0.0427728
0.0382921
0.00121917
-0.0130777
-0.00173299
0.0151558
0.0221655
0.0317339
-0.193418
-0.109775
-0.117901
0.0177635
0.0423367
-0.080819
-0.0172902
0.0108999
-0.0158396
-0.060137
-0.0563701
-0.0502649
-0.0449822
-0.00446485
0.0154774
0.0203781
-0.0305391
0.0319714
0.04206
-0.0146277
0.00800957
-0.0130275
-0.018693
0.197944
0.0429731
0.097076
0.0044209
-0.0477931
-0.0261928
-0.0538211
0.0374312
0.0285658
-0.0287289
0.0120296
0.0513595
-0.0486145
0.0158838
0.0931526
-0.0085623
0.025697
0.0455721
0.0070497
-0.0646655
-0.0237789
-0.0770193
-0.037538
-0.0442578
-0.00995372
-0.043005
-0.0217241
-0.0253282
-0.0562005
-0.0494773
0.0246251
0.0250913
0.0270457
0.0133538
-0.0205805
0.0401085
0.0212047
-0.020123
-0.0095455
-0.0275825
0.0197768
0.0301842
-0.00886854
-0.0217297
-0.0285888
0.00811097
0.0393852
0.000764035
-0.0685963
-0.0564474
-0.00861031
-0.0125151
-0.0389267
0.0150112
-0.0789746
-0.0824246
0.0154333
0.0401827
-0.0402716
0.0228892
-0.0401546
0.00525075
0.00793112
0.00893751
-0.0841935
-0.0418434
-0.0272952
0.0619397
0.0134261
0.0233684
-0.0388569
0.00472213
0.0185559
-0.0307444
-0.045548
-0.0212361
0.0348165
-0.0139133
-0.0338149
-0.0610743
-0.0318085
0.0463162
0.0111912
0.0250151
-0.0311697
0.0322293
0.00893767
0.00859317
-0.012217
-0.0173727
0.00642773
0.0467533
0.0186149
-0.0433004
0.0120917
-0.0567477
0.0131697
-0.00524857
0.126745
-0.0127342
0.0176577
0.0599077
-0.0186838
0.0200897
-0.0200581
-0.0233241
0.0194709
0.0228273
-0.00646508
0.00580472
-0.0243669
-0.0337811
-0.00300669
-0.0130495
0.0296801
-0.00703754
-0.0361401
-0.0464428
-0.0099152
0.0149866
-0.0385233
-0.0262837
-0.0462074
-0.0327474
-0.0388652
0.0152355
-0.00461366
-0.0399854
-0.047386
0.0325092
0.0202144
-0.0454242
-0.0621806
-0.0185308
0.0200089
-0.0193084
-0.0377812
0.0476202
0.0331334
0.00881153
-0.0479002
-0.0572188
-0.017767
-0.0307158
0.00680122
-0.0122942
-0.0352042
-0.00140054
0.0339614
0.01237
-0.00418103
-0.0413288
-0.0408472
0.00841556
0.00344441
0.0346724
0.0410355
-0.0308444
-0.0256716
0.0119575
-0.00246717
-0.0312194
0.0286961
0.0531965
-0.0160968
-0.0157005
-0.047372
0.0223106
-0.0425375
0.0301974
0.033467
-0.0271451
0.0246712
0.0420256
-0.0473879
0.0237472
0.0381842
0.0192701
-0.0300809
0.0377169
0.043158
-0.0353849
-0.025228
0.0589946
-0.0177828
0.0189588
-0.0200347
0.0167439
0.0128357
0.0321746
0.00812988
0.0286259
-0.0245427
0.0251305
0.047564
-0.0346128
-0.0141784
0.00981022
-0.0356834
0.033322
-0.0261013
-0.0341018
0.00468251
0.0280314
0.0300043
-0.00579986
0.00735813
-0.025239
0.0104044
0.0633201
-0.0104294
0.055365
0.0130216
0.0242476
-0.0441832
-0.0235655
0.0249268
0.000319482
-0.0400538
0.0567622
-0.0703425
-0.000131265
-0.0149119
-0.00237315
0.00673047
0.00628663
-0.0579888
-0.0515545
-0.0215105
0.0152085
-0.0192314
0.0370703
-0.0185743
-0.0123148
-0.0701282
-0.0200839
-0.0461437
0.0153308
-0.0499297
-0.0145889
-0.0707636
-0.00189183
-0.0724158
0.0290227
-0.0533303
-0.0284685
0.105503
-0.0246864
-0.0110137
-0.0458642
0.0687515
0.0306348
-0.0216552
-0.0880505
-0.0255868
0.0215216
0.0387021
0.0401677
-0.0551149
0.0294257
-0.0155457
0.0334853
-0.00332873
-0.0644544
-0.0303175
0.0460452
0.144648
0.058203
-0.0487458
-0.0416338
-0.0233845
-0.0434292
0.0802782
-0.0435101
0.0154389
-0.0111196
0.0531451
-0.0104979
-0.0431362
-0.0439556
-0.00271367
-0.0772354
-0.0624934
-0.0847649
-0.0518362
-0.0067763
-0.0378223
-0.0399045
0.0246364
-0.0316021
-0.0289102
-0.0288952
0.02118
-0.0375573
0.0158954
-0.0318351
0.0336902
-0.0255969
0.00822878
-0.0344198
0.0423235
0.0497417
0.0341757
-0.0390529
0.0120767
-0.0466873
0.0276049
-0.0153192
-0.0343097
0.040551
0.0237887
0.0235784
0.0350165
0.0173169
-0.0282887
0.0216946
0.0158639
-0.00184691
0.0307249
-0.0209407
-0.00151661
-0.0316833
0.010678
0.00140373
-0.00201775
0.00246762
-0.0219254
-0.00332073
-0.0147795
0.0180328
-0.0100038
-0.00340714
0.0301976
0.00959379
0.0283465
-0.0170685
-0.0141233
0.0439999
0.0415441
0.0374469
-0.0317564
-0.0196764
0.02265
-0.004751
-0.0405822
0.0264108
-0.0422451
0.0233568
0.0474806
-0.0172295
0.0104856
-0.0161914
0.0274786
-0.00788338
0.0270359
0.0343411
-0.0104402
-0.0022138
0.00252485
-0.0206074
0.0267691
-0.0452106
-0.0143503
0.0391619
0.0253457
0.0149998
-0.0482947
-0.0423197
0.00307194
0.0185917
-0.0394896
0.00348023
-0.00626104
-0.0496303
0.0165114
-0.0299122
0.0456213
-0.0118359
-0.0478576
-0.00784977
0.277062
0.117025
0.12667
-0.00408923
-0.0153351
0.0318286
-0.0311321
-0.0284669
-0.0425656
0.0684928
-0.0589807
0.000390348
-0.191803
-0.222352
-0.0683918
0.00144423
0.150191
0.00448224
0.0943009
-0.0113612
0.00969568
0.0632348
0.0557177
0.038835
0.0177623
0.0697889
-0.100079
-0.0446094
0.0361949
-0.125671
-0.017966
0.0191842
-0.063666
-0.118348
-0.0312338
0.0908683
0.0339738
0.100952
-0.0407428
0.0119686
0.148415
0.035204
0.142607
0.0105866
-0.0122373
0.184157
0.150607
0.075063
-0.00011405
0.0124271
0.0469282
0.00671308
0.20108
0.0687447
-0.0395608
-0.0343604
0.0707116
0.044453
0.0544465
0.0783795
0.0562228
-0.0239038
-0.0112928
-0.00399451
0.0829303
-0.0868073
-0.00435652
0.0177991
0.0799757
-0.049125
0.0225246
-0.0177855
-0.045121
-0.0402597
0.00739297
-0.0102868
0.0824834
-0.0584971
0.00907522
-0.0333432
0.0115487
-0.00611297
-0.012721
-0.133244
-0.0623093
-0.0611429
-0.00115935
-0.0438444
-0.0724146
0.000568896
0.0829288
0.0396925
0.0362179
-0.0067292
0.0081394
-0.0817847
0.00103151
-0.0322267
0.0138594
0.0100588
-0.0779976
-0.0249523
-0.0519144
0.0196532
-0.0203709
-0.0191204
0.0307388
-0.0180264
-0.0119258
-0.0105084
-0.0160487
0.0204605
0.0291084
0.0260963
-0.0246014
-0.00224339
-0.0193193
-0.0380744
0.0522662
-0.0127572
0.100001
-0.0384478
-0.0411204
0.0291156
-0.0109242
0.0570458
0.19127
-0.000319895
0.0441946
-0.0163259
0.00863311
0.045708
-0.0625939
0.0243426
0.0520569
0.074576
0.0274182
0.00712998
-0.0110111
-0.0271875
0.017588
-0.0176836
0.046782
0.00171681
-0.00573226
0.0311763
0.049919
0.00377918
0.0155518
-0.0365821
0.00469963
0.0104836
0.000162093
0.0125377
-0.0213049
0.0521054
0.016397
-0.0387442
0.00535056
-0.0485722
-0.0197064
-0.0180588
-0.012189
-0.0474234
0.0303912
0.0413355
0.0321254
0.0610594
-0.048763
0.0115191
0.0167508
-0.0477021
-0.0230184
-0.00743599
0.00882692
0.0404741
0.022196
0.0374308
-0.0364241
-0.0112141
-0.00692542
0.0505335
-0.0399208
-0.0360908
0.00936736
-0.0373064
0.0145379
0.00153124
-0.019179
-0.0184578
0.0163929
-0.0405852
0.0301333
0.0170037
0.0180495
-0.0478509
0.00448041
-0.00229084
-0.0202849
-0.00229053
-0.0133816
-0.0106485
-0.047816
-0.0052772
-0.0466261
-0.0264009
0.0169464
0.051592
0.0431456
-0.00452464
0.0386683
0.0242036
-0.0405003
0.0754892
-0.00289427
-0.0248852
0.139331
-0.0431613
0.0767359
-0.0406544
-0.111599
0.0458295
-0.0326671
0.0762399
0.0913885
0.0565717
0.00848091
0.0642107
0.088355
0.0488061
0.0833552
0.0648109
0.0313805
0.0204359
-0.0487819
0.0346492
0.00285091
0.0234017
0.0885657
0.0694383
-0.00835058
0.0363331
0.0699479
-0.00466935
0.0224672
0.0319682
-0.000213333
0.0552813
-0.039594
-0.0502576
0.0278341
0.126517
-0.0117885
0.0100687
-0.011956
-0.0897813
0.00320557
-0.0124357
0.0623032
-0.0688124
0.0528603
0.00562315
-0.0346564
-0.0536502
0.0340691
-0.0035818
-0.0248827
-0.0290075
0.0742835
-0.0907517
-0.0621003
0.0236108
-0.0471279
0.0278047
-0.045066
-0.0322604
0.116603
-0.038377
0.035571
0.0754589
-0.0432903
-0.0975959
0.0132185
-0.0417394
0.0278701
-0.0966616
0.0645001
-0.0833331
0.0928411
0.00697967
0.0602603
0.00760074
-0.0626796
-0.12693
-0.0652571
-0.00760866
-0.00212249
-0.0643215
-0.0635937
0.0613888
-0.0283981
0.0111522
0.00763114
0.0811273
0.00852879
0.0323234
-0.0804001
-0.0160148
0.104113
0.161544
-0.0281888
0.0500039
0.00994255
0.0782983
-0.030874
-0.000103323
0.0185519
0.0546126
-0.0129455
-0.131708
-0.182436
-0.0379972
-0.0277775
-0.0686265
0.0481003
0.015102
-0.00426971
0.00997211
0.0346991
0.05565
-0.104497
0.126736
-0.270818
-0.0947204
-0.010672
-0.00763527
0.0583462
-0.0298188
-0.0137011
0.00270944
-0.0303866
-0.0396142
0.037621
-0.0478239
0.0115667
0.0368047
-0.0376581
-0.0205808
-0.000697548
0.016188
-0.0588276
-0.0375119
0.0283017
-0.0417136
-0.0175767
-0.0140905
0.024859
-0.00730575
0.0420023
0.0324586
0.0388107
0.00118838
-0.0454506
-0.0180694
-0.0182695
-0.0402353
-0.0280809
-0.0220452
0.0431247
-0.0354848
-0.000923743
0.0921528
-0.0139645
-0.0267789
-0.0118893
-0.0206865
0.0230577
-0.0331128
-0.00719641
-0.0299721
0.0120914
0.039303
-0.00677731
-0.0446977
-0.0367152
-0.0199528
-0.00562541
0.0202004
-0.0396895
-0.0475656
0.0348824
-0.00974348
0.0061788
0.0260366
-0.0269322
-0.00736875
0.0359289
0.00129089
-0.0200572
0.0378716
-0.010993
-0.0232325
0.00213188
-0.0479544
-0.0304714
-0.00452714
0.0245729
0.0393032
-0.113956
0.127209
-0.0124384
-0.0210214
0.00716125
0.0436757
0.023455
-0.0145532
-0.0360377
-0.0316431
-0.0231276
0.00271249
0.00511618
-0.0194041
-0.0424674
-0.00223086
0.00835742
-0.0291583
0.00281813
0.26762
0.0593064
0.136593
0.00455131
-0.0344861
0.0688535
0.00967585
0.022168
0.0130681
-0.0461686
0.0311107
0.00991857
0.0245299
0.0310548
0.0857372
-0.0235743
-0.0197711
0.0449584
0.031634
0.00212301
0.0232067
-0.0284592
0.0971193
-0.201998
-0.0309159
-0.00314467
0.0313154
0.0727118
-0.134911
0.0764967
-0.103743
-0.0466764
0.00573724
-0.133203
-0.0953415
0.00701627
-0.0111229
-0.10653
-0.0315039
0.00461231
-0.089696
-0.010639
-0.0485238
0.00712096
-0.021538
0.0447727
0.0384893
0.00286649
0.0283005
0.087851
-0.0319055
-0.057303
-0.0291859
0.00283223
-0.0170578
-0.0296771
0.0177473
0.0427654
-0.0213157
0.0595103
-0.0267189
0.023329
-0.042052
-0.0193308
0.042847
0.0429156
-0.0103348
-0.0288644
0.0370456
-0.0663777
0.0723709
-0.0202795
0.0969246
0.0362177
0.0620421
-0.0121617
0.0388168
0.0214763
-0.0033802
-0.0552259
-0.00899862
-0.0209185
0.0125868
0.0997692
-0.00693688
-0.00810567
0.00177741
-0.0154568
0.00479608
-0.0168215
-0.00694127
-0.057097
-0.0336069
0.0241535
0.0216408
-0.0113495
-0.0476501
0.0656165
0.0379665
-0.0207383
-0.0199329
-0.000885697
0.0121659
-0.0506902
0.0298493
0.010554
-0.0174878
-0.049933
-0.0408765
-0.0569678
-0.0322565
0.0297711
-0.00322966
0.0111824
-0.030662
0.00869265
0.0197579
-0.0317289
-0.0775361
-0.0424934
-0.0826978
-0.0342671
-0.00648465
-0.00655472
0.0230683
-0.0208735
-0.00421818
0.0264316
0.0168405
0.0240966
-0.00653087
0.0300475
-0.000668241
-0.0288687
0.0309837
0.0118911
0.0127213
0.0196144
0.00300095
-0.0250891
-0.0264683
-0.0218443
-0.0115589
0.00776829
-0.0109342
0.0414152
0.0319601
0.0434003
0.00500239
-0.0331912
0.0233229
0.0232906
-0.00492792
-0.0209242
0.0109358
-0.0124359
-0.0481287
0.0351959
-0.0244948
0.00426134
-0.0177666
0.0100238
0.036693
0.0298946
0.0156144
0.0424778
0.0371082
0.0235388
-0.0296589
0.0102887
0.0361435
0.0335629
-0.0161076
-0.000181797
0.0472575
0.0364385
-0.0148562
-0.000600471
0.0140713
-0.0449385
0.0345313
-0.0106241
-0.0204946
0.00310248
-0.0346278
0.035982
0.0428445
-0.0221178
0.0271854
0.0411488
0.0321499
0.00588029
-0.0357733
-0.0313798
0.0213477
-0.0567449
-0.00937983
-0.0121756
0.0320863
-0.0293853
0.0235729
-0.00361026
-0.0360494
-0.0440927
0.0927629
0.0441678
-0.0537454
0.0574078
-0.00839794
-0.00286698
-0.0361915
-0.0507204
-0.015054
-0.0120052
-0.00680755
-0.00292166
0.0462798
0.0372827
0.00682309
0.0261291
-0.0377809
0.023288
0.00337773
0.000479362
-0.0159185
0.0584905
-0.0242877
-0.00605393
-0.00771473
-0.0646754
0.0400159
0.0200761
-0.0179204
0.0382142
-0.00623352
-0.0607176
0.0352194
0.0344197
-0.0106962
0.0286221
-0.0340805
0.0477698
0.0210765
0.0539007
0.0200043
-0.00349571
0.038054
0.0454282
-0.0206885
0.0453153
-0.0361436
-0.0118683
-0.00123266
-0.0542309
-0.0100603
0.00585262
0.0141016
-0.0117443
0.117239
0.00625129
0.0107405
-0.0154863
-0.0299047
0.00842595
-0.0126419
0.0388363
-0.0766293
-0.0161317
0.00123835
-0.0330029
0.0111224
-0.0175285
-0.0461603
-0.0837277
-0.0777278
-0.0463744
-0.0361604
-0.041591
-0.065981
-0.0643087
-0.0338831
0.00216776
0.00809799
-0.0808217
-0.0566442
0.016431
0.0270256
-0.0728799
0.0222501
-0.000399216
-0.0390014
-0.0386421
-0.00111696
0.00535973
0.0362115
-0.00212083
-0.033051
-0.0320958
-0.0377842
-0.0359608
0.0118824
-0.00256924
-0.028414
0.0276042
0.0497068
0.0322835
0.0293323
-0.031219
0.0587746
-0.0136396
0.018196
0.0193397
-0.0134497
-0.0348725
0.0499002
0.0364783
-0.0216347
0.0329407
0.0221422
-0.00744625
-0.0239773
0.0469016
0.0107415
0.0310856
0.0426812
0.0347424
0.0165757
0.0319694
0.109395
0.00147219
0.0083978
0.027037
0.0332379
0.0131765
0.0482387
-0.0354814
-0.0228649
-0.0301464
0.0231294
0.0408102
0.0429778
0.00347231
0.0285772
0.0126738
-0.00607913
-0.00840834
0.0264506
-0.0319661
0.0484238
-0.0010377
-0.0118609
0.0410775
-0.00749582
0.00753254
0.0415883
-0.00897287
0.00915472
-0.048612
-0.0453776
0.00777209
0.00802442
0.0216985
0.0230501
-0.0183136
-0.0124148
0.0314136
-0.00500943
0.0116798
0.00250443
-0.0395136
-0.00828752
0.00704979
0.040005
-0.0281164
-0.0501975
-0.0290861
0.00178712
-0.0334111
0.0105371
0.00651493
-0.0324303
0.0459991
0.000778747
-0.018234
-0.00418906
-0.0231373
0.0336381
-0.0227128
-0.0026381
0.0164794
-0.0293548
0.067792
-0.0554632
0.0421033
-0.0474335
0.0280623
0.0776937
-0.0201835
0.0081375
0.0377622
-0.0251658
0.0408504
0.0407606
0.119082
-0.0673027
0.0116012
-0.0285081
-0.0712366
0.000404986
-0.0416552
0.0202646
-0.0314776
0.0928478
0.0461166
-0.022395
0.308323
0.107313
0.0746745
-0.0197089
-0.0784418
0.155342
0.0612959
0.0483202
0.0103554
0.0107727
0.0836885
0.048994
0.0554783
0.0425915
0.0907763
0.0112247
-0.0878625
0.0943287
0.0682881
-0.0658102
0.0397886
0.0708852
0.120262
-0.270848
-0.108343
-0.168678
0.0281939
0.156946
-0.0581782
0.0724323
-0.0597405
0.110119
0.0942728
0.0508271
0.0267485
0.0882928
0.143427
-0.0692342
0.0142185
0.0361044
-0.0915134
-0.0413987
-0.0199741
-0.0366197
-0.15707
0.0206893
0.065396
-0.0291851
0.0347165
-0.0213069
-0.00968728
0.00971457
-0.0635865
0.0258621
0.035437
0.0279408
-0.0483013
0.0356353
-0.00130555
0.0138888
0.000513112
0.0264157
-0.0497593
0.00683401
-0.0889007
-0.0067001
0.0197147
0.036451
-0.0290449
-0.00644799
0.00674282
0.0328779
0.0851165
0.048858
-0.0107936
0.0214736
0.0108209
0.0937109
0.0610803
-0.0546391
-0.00963491
-0.0074147
0.0397004
0.24128
-0.0397789
-0.0117426
0.000326854
0.032324
0.0844182
-0.0319748
0.0261605
0.0292293
0.0248145
0.0315001
0.0080587
0.0239547
0.00127325
0.0533316
0.00514833
0.0130283
0.029101
-0.0402934
0.0370804
-0.0270454
-0.0361256
-0.0209957
-0.0239132
-0.0220955
-0.0401671
0.102095
-0.00931902
-0.0283886
0.00408428
-0.0463002
-0.00274595
-0.0282186
0.00817063
0.0472258
-0.046388
-0.121306
0.0354565
-0.0975626
-0.0110069
-0.0508751
-0.023368
-0.0458811
0.0462901
0.00168827
-0.00501949
-0.0232813
0.0168017
0.0412875
0.0057332
-0.0562495
-0.0305106
0.0313977
0.0401802
-0.00299363
0.0195181
-0.0120123
0.0475501
-0.0279877
0.0282252
-0.0356622
-0.0285921
-0.0333086
0.0450776
-0.010194
-0.0156842
0.0455968
-0.023848
-0.0220886
0.033103
0.0111807
0.0227192
0.0406611
0.00895117
-0.0035099
-0.0129417
0.00343701
0.0305035
0.0463794
-0.00481363
-0.0211072
0.056954
0.00713404
0.0452386
-0.0265308
0.0383457
0.0385216
-0.0296224
-0.0457278
0.0420995
0.0463797
0.0358202
-0.0417501
-0.00538648
-0.0397598
-0.0276777
0.0247916
0.0458945
-0.0168568
0.0047483
0.0403843
0.0430493
-0.0182189
0.0481232
0.00437684
0.0409296
0.0442355
0.0200436
0.0301941
-0.015101
0.0162217
-0.0133592
0.0326059
0.0170174
-0.00317876
0.00440276
0.0470877
0.0492369
0.0258047
-0.102638
0.0125043
0.0919958
0.0377398
-0.0341057
-0.0529154
0.00839357
0.0114289
0.0217427
-0.0281712
-0.125029
0.0175438
-0.0016176
-0.00924367
-0.00086862
0.0516127
0.0389406
-0.0517142
-0.0177509
0.0405377
0.0463453
-0.040014
0.0530771
-0.0449867
-0.0668484
-0.00889795
0.0668538
-0.0398147
-0.0389257
0.0301467
-0.0331954
0.0543845
0.0472617
0.0494118
-0.0018615
0.0227366
0.0307682
-0.0222023
-0.0031795
-0.0286297
0.0966292
0.0610513
0.0432429
0.03138
-0.000866885
-0.0219442
0.00769425
0.0119458
0.0170268
0.0487799
-0.00104403
0.04558
0.0153144
0.0474142
0.0107888
0.0657266
0.0507312
-0.0152198
-0.0151188
0.049287
-0.00106042
-0.0865622
0.0549527
0.0317526
-0.0813875
0.00269308
0.0451314
0.133787
0.0876338
-0.0301084
0.0335636
-0.0299914
-0.0370289
-0.052282
-0.0177509
-0.104136
-0.025279
0.0753369
-0.0422151
0.102276
0.00787046
0.00281481
0.0603217
-0.0363609
0.0314936
0.0803906
0.00623281
-0.0570717
-0.0318373
0.0239988
0.0315337
-0.0270456
-0.0356089
-0.012369
-0.0930861
-0.00851886
-0.00145739
-0.00699187
0.0232518
0.0466828
0.0409875
0.017646
-0.00764777
-0.0348705
-0.0548097
0.0370112
0.130895
0.024355
0.0792129
0.0296893
-0.0261973
0.00993155
0.0043962
0.0424729
-0.0637044
-0.0134305
-0.05447
-0.0734783
-0.106164
0.0280201
0.00693961
-0.0707718
-0.042628
-0.0014933
-0.0416451
0.0438083
0.0978742
0.0362569
-0.0001191
-0.00491904
-0.0338148
-0.00103232
0.00672141
-0.0215081
0.0614923
-0.0211854
0.0348193
0.0390318
0.048662
0.023991
-0.0386382
0.0414372
0.0243787
-0.016368
0.0163611
-0.0422034
-0.0152133
-0.0427675
-0.00862636
-0.0411015
-0.0333515
-0.015129
0.0428016
-0.0265182
-0.0189711
0.0275942
0.00938693
8.38613e-05
-0.0459707
0.000236175
0.00776822
0.023192
-0.0355807
-0.0359091
-0.0290447
0.0424474
0.00450241
-0.0168386
-0.0255615
0.0107937
-0.00543807
-0.0216839
-0.0482435
-0.0401129
-0.0220425
-0.0307762
0.0223299
0.00619136
0.0146378
-0.00174571
-0.0408618
0.0392468
0.0268503
-0.0334432
-0.000756396
0.0632391
-0.0525237
0.123889
0.0256977
0.00511491
0.0299221
0.0190051
-0.0337795
-0.0396487
0.116103
-0.0640534
-0.0233197
-0.00775257
-0.0207327
0.0458864
-0.00164145
0.286089
-0.0800127
0.0189883
-0.0151636
0.0456803
0.022747
-0.0310629
-0.000759421
0.0275955
-0.0104453
0.00989699
0.0291597
-0.094403
-0.0983457
-0.00526998
0.0386065
0.0070194
0.0207801
0.0310612
0.0347095
-0.00354532
-0.0460938
0.0232203
0.0105264
-0.00615982
0.0018853
-0.0167484
0.00240758
0.0655753
-0.0117908
0.0024526
0.0574014
-0.0340884
-0.00487622
-0.112301
0.122769
-0.0282659
0.206543
-0.0565485
0.0191817
0.0629462
0.0646265
0.0255598
0.0410799
-0.0116165
0.0519234
0.0380582
-0.0208456
0.018411
0.00534726
0.009198
-0.0453967
-0.0942754
0.0402127
0.0639335
0.0180545
-0.0836051
-0.0119761
0.0951748
-0.0203767
-0.0309411
-0.0681989
0.00303173
0.0242826
0.0302916
0.0189223
-0.0371737
-0.0280255
0.0120828
0.0131061
-0.0331327
0.0123633
-0.0462882
-0.0398664
-0.0193591
-0.0587515
0.041357
0.0396526
0.00832885
-0.0392943
-0.0422024
0.0246996
-0.00707245
0.0198677
0.104411
-0.0385361
0.0849908
-0.0223309
-0.111889
-0.00436579
-0.0470087
0.0163181
0.0103401
-0.0194625
-0.0148373
0.0407872
0.0303375
0.0231572
-0.026392
-0.0421606
-0.00217491
0.0299221
0.0298213
-0.0407008
0.0206554
-0.0428822
-0.00552769
-0.0422211
0.0200122
0.00496214
0.0355876
0.0473181
0.0211771
0.00420328
0.0198156
-0.0111938
0.0436376
-0.00817653
0.0293584
-0.0392087
0.025834
0.0844385
0.00431674
0.00601424
0.0473108
-0.035616
-0.0225871
0.0149149
0.0237784
-0.0227777
-0.0578999
-0.0812605
0.0526595
0.0942847
-0.0284632
-0.0402194
-0.000821171
0.0424867
0.0290068
0.0212775
-0.0127166
-0.0400741
0.0144584
0.032237
-0.0376128
-0.0230517
-0.0141939
0.0220554
-0.0214191
0.000398719
0.0476999
-0.0266738
0.0485394
-0.00638747
0.00458092
-0.0396417
-0.0273252
-0.0223715
-0.0193729
0.0363954
-0.0352146
-0.0421771
0.00572722
0.0240139
0.00438712
0.0271061
0.0184633
0.0229253
-0.0209849
0.0111454
0.0158783
-0.0360544
0.00491144
0.00615211
0.00109338
-0.0420032
0.00570773
-0.00506381
0.0206044
-0.0083909
0.0371339
-0.0319224
0.0404788
-0.0484324
-0.0404815
0.0144871
-0.0362106
0.0379319
-0.0106963
-0.0388486
0.00578522
0.04811
-0.0485811
0.0327988
0.0127697
0.0476113
-0.018815
0.00539257
0.015638
0.00335638
-0.0434335
0.045405
-0.0101772
-0.00704105
0.0334763
0.0472675
-0.0251066
-0.0263033
-0.0339207
-0.0374588
-0.0517803
0.0148667
0.0407218
0.0145661
0.0212217
0.01175
0.0583466
-0.0238286
0.0463425
-0.00237522
0.0232305
-0.00956762
0.0114049
0.00735665
-0.020564
-0.0404859
0.00173242
0.0337578
-0.0377626
0.00744469
0.0481229
0.00627216
0.0115129
-0.0203877
0.00747872
-0.0275496
-0.00477147
0.046368
0.0325279
-0.00295508
0.0274259
0.0211807
-0.0376751
-0.0141113
0.0290119
0.0517195
0.0330135
0.103936
0.0226323
-0.0418235
-0.010266
0.0515859
0.0150776
0.0412279
-0.03319
-0.0568607
0.0202171
-0.00112416
-0.00424579
0.0690363
0.0532988
0.0425404
0.0398153
0.0217394
0.0455293
-0.0267506
0.0241879
0.028285
0.0127688
-0.0304014
-0.0640277
0.0585653
0.0298506
0.000818679
0.0274673
-0.0312667
-0.0715422
0.0116658
0.000924413
0.0135571
-0.0197432
-0.0536267
0.00670146
-0.00392067
-0.0111746
0.0506768
-0.0157883
-0.0242815
-0.0835783
-0.0535494
-0.0458155
0.0012107
0.0900283
-0.0289813
-0.0399242
0.022044
0.028129
-0.00674793
-0.00978498
-0.080623
0.0084102
-0.0381833
0.0588464
-0.100564
0.021224
0.112829
-0.0227956
0.0531424
-0.0219354
-0.00940035
0.0359135
0.0402108
-0.00897127
0.00813597
-0.000817036
-0.0132711
0.0252244
0.0288597
-0.0213236
-0.0860557
-0.0244924
-0.00896559
-0.0208679
-0.0616152
-0.0139736
0.0278129
-0.0556155
-0.00786837
0.00744895
-0.0309723
0.0404681
-0.00408922
-0.00770563
0.00456236
0.0389766
0.0497492
-0.0120805
0.0471691
-0.0330523
-0.0308942
-0.0702263
0.0164421
-0.0475538
-0.00569558
-0.0257093
0.00998962
0.0243421
-0.0317076
-0.0089182
0.0481083
-0.00739641
-0.03034
0.0177649
0.009395
-0.0440281
-0.0305645
-0.0264095
0.0193391
0.0187518
0.00375196
-0.0323879
0.0398043
-0.0343742
0.0196161
-0.0342811
-0.0303584
0.0120589
0.0286613
-0.0320707
-0.0276249
-0.00426496
0.0333691
-0.00974278
0.00256699
0.0338689
0.0340804
-0.0178134
-0.0474272
-0.00430133
0.0337575
0.0479322
0.0444206
0.0220795
-0.00311318
-0.0460238
-0.0312333
-0.0207194
-0.0416595
-0.0370528
0.0393696
0.00162427
-0.0166616
0.00260718
-0.0452087
-0.0285074
0.0140029
0.0399623
-0.0247059
0.0418683
-0.00492688
0.0416103
0.0395184
-0.0435671
-0.00107725
0.046196
0.0227787
-0.000502719
-0.00109492
0.039656
0.0570071
0.00395721
0.0231264
-0.0302243
0.00453608
0.00274536
0.213509
0.0481274
-0.0613151
-0.0086864
0.0496955
-0.0862075
0.0343812
0.0332707
0.0224642
-0.0571315
-0.0912053
0.0672371
-0.403311
-0.264694
-0.0933604
0.0299338
0.232273
-0.109928
-0.000692545
-0.123707
0.0211915
-0.0219602
-0.262351
-0.284185
-0.164914
-0.180058
0.00749686
-0.0527211
0.140541
-0.386004
-0.221922
0.168997
-0.126707
0.135886
-0.207419
0.734916
0.408903
0.0892044
-0.112033
-0.0334076
0.29662
0.125037
0.13833
0.0942471
0.101473
0.355597
0.338732
0.298063
0.17607
0.0283887
-0.0152986
-0.120946
0.3092
0.0941585
-0.035027
0.0345847
-0.0404588
-0.0278715
0.0420805
0.278498
0.0135939
-0.242187
-0.0646847
0.104078
-0.0426979
-0.0818377
-0.0428948
0.00925579
0.116784
-0.1876
0.201926
0.0112774
-0.0120295
-0.0163695
-0.0309068
-0.0252372
0.257632
-0.00318089
-0.0285234
0.0230687
-0.0425457
0.123894
-0.0208219
-0.240735
-0.0623821
0.00892819
-0.0131949
-0.131938
-0.175853
-0.199285
0.0921252
0.0707015
-0.0277889
-0.00434109
0.0252649
-0.259656
-0.0136976
-0.0175982
-0.0209678
0.139154
-0.151606
0.0931292
0.127957
-0.112926
-0.0499916
-0.0436708
-0.00321207
0.0115004
-0.0172226
-0.0466458
-0.0408398
0.0204814
0.0139862
-0.00727457
-7.76857e-05
-0.114719
-0.0328085
-0.0727806
-0.019985
-0.0163796
0.0289821
0.410179
-0.0621434
0.00242369
-0.0810202
0.0109555
0.298394
0.0192228
-0.0315078
-0.00290924
-0.0152847
0.119158
-0.00219673
-0.0892686
0.138464
0.127621
0.0922839
-0.0132186
-0.0457978
0.10796
0.0852121
0.0337195
-0.00969233
0.00332712
0.0442459
0.0658709
-0.0127146
-0.0107925
0.126076
0.00493588
0.0269924
0.0203787
-0.0122535
0.124539
-0.0311883
-0.00793375
0.0265573
-0.0472083
-0.0229934
-0.00922512
0.00282598
0.0381353
-0.00975037
0.0337507
-0.00341957
-0.115204
0.0448259
-0.00131288
0.0174503
0.0299384
0.0194369
0.00243743
0.0245187
0.0315735
0.0263434
0.00887802
-0.0461551
0.0340382
-0.0080237
0.0259924
-0.0991328
-0.0762616
-0.0349551
0.0196245
0.0274734
-0.00472815
-0.0125806
-0.00146344
-0.018386
0.0391497
-0.036388
-0.0360659
0.00240787
-0.0413839
0.0333177
-0.0340563
0.0674831
0.0642615
-0.031025
0.0154114
0.0482651
-0.0262719
0.0226379
-0.0211278
-0.0147306
-0.0422248
0.03789
0.0753198
-0.0157844
0.0439789
-0.00449363
0.0361098
0.0452668
-0.0187193
0.207918
0.140737
-0.307075
-0.0427156
-0.0127695
0.0728177
0.0207674
-0.0209592
0.0328799
0.0504776
0.157724
0.0344605
0.000971539
0.00693914
0.0990282
0.0852408
0.0964623
0.0597112
0.0848779
-0.00953599
-0.0094682
0.0420882
-0.00503778
-0.0112626
0.198601
0.179048
0.0653968
0.0815139
0.0465912
0.0496436
-0.000347733
-0.0937632
-0.0883928
-0.0916548
-0.00553889
-0.0279546
-0.0914342
0.0488025
-0.0408272
0.0329619
-0.07008
-0.127819
-0.0911447
0.186462
0.115504
0.0320942
-0.0266464
0.0290856
0.0435353
-0.022385
0.00366773
0.0806098
0.0522571
-0.030043
0.125187
-0.0643871
-0.00844798
0.00912484
-0.0321076
-0.00756105
-0.0878408
-0.123858
-0.179054
-0.343782
0.294119
0.036679
-0.049114
-0.134435
-0.185533
-0.0164754
0.0414501
0.377387
0.291754
0.125941
-0.000681666
0.523573
0.198868
0.145247
-0.209662
-0.332525
-0.0324821
0.110258
0.0274325
-0.0420609
-0.0848374
-0.0234435
0.0801534
-0.0364068
-0.167552
-0.0597349
0.0224402
0.125727
-0.22319
0.0810384
0.0764092
-0.3201
0.0966448
0.00382494
0.0871834
0.000140357
0.0179558
0.023048
-0.454107
-0.108248
-0.1997
0.0116348
0.168007
0.1326
0.108345
-0.134122
-0.0817462
-0.0274212
-0.131515
-0.0404921
0.0116777
0.0519822
0.0225303
0.0114962
-0.21176
-0.0443091
-0.0896994
-0.0192566
0.0168917
0.0420007
-0.00344899
-0.0139845
-0.222195
0.0108061
-0.0305857
-0.0080195
-0.00785211
-0.0430033
-0.029516
-0.013969
-0.0137955
-0.041673
-0.0521177
-0.0465866
-0.0191818
-0.00564871
0.0174368
0.0411122
0.015714
-0.0476971
-0.00269623
-0.0526145
-0.0351534
0.0227914
-0.0611021
0.0210808
-0.0430357
0.000826094
-0.0202635
0.0101215
0.0180464
0.0344239
0.0721957
0.0863401
-0.03998
-0.00242023
-0.0421308
-0.00371711
-0.0179248
0.0127989
-0.00666579
-0.0244616
-0.0247739
0.0185071
0.0646928
0.0270845
0.0141449
0.0495122
0.0141778
0.0276598
0.00774319
-0.0367721
0.0329274
-0.0181518
0.014283
0.0434506
0.0507593
0.011037
0.0375052
0.045061
-0.00738347
-0.0187334
0.00306411
-0.0612627
0.0585868
-0.133161
0.0487748
-0.0485689
-0.0253141
-0.0456735
-0.0493021
0.206735
-0.0720441
-0.0296711
0.0448824
-0.0283906
-0.0192431
0.046894
0.0114808
0.0326721
-0.0404236
-0.019298
0.00665049
0.0311692
-0.0202276
0.0363964
-0.0361325
-0.0112138
0.0492536
0.13865
-0.0253706
-0.0139364
0.025446
0.0403913
-0.0516448
-0.0748852
-0.00169661
0.01747
0.0244019
-0.0256213
0.0293232
0.018479
-0.0399696
-0.054015
-0.0171239
0.00299551
-0.0224669
-0.0383142
-0.057374
-0.0188232
-0.0498658
-0.0903773
-0.0159648
-0.0731369
0.0260106
0.0384142
0.00804752
0.0595204
-0.0252298
-0.0231324
-0.0295177
0.0519459
-0.045319
0.000128227
0.0344034
-0.0429629
-0.0418162
-0.0100825
0.023845
0.0309091
0.0053821
0.0366631
0.00399811
-0.00582631
0.0468284
0.0299635
0.0272711
-0.0485409
0.0357542
0.0296388
0.045716
-0.0166887
-0.0325791
0.00840218
-0.00437189
-0.000797591
0.0255951
0.036318
-0.0388173
0.0401946
0.0458459
0.0394703
-0.0459914
-0.0306971
0.0432429
0.0364571
0.0559682
0.043604
-0.028032
-0.00229386
0.0312991
-0.0297928
0.00277527
0.0450661
0.0463769
-0.0297294
-0.0375097
-0.0105493
0.00807067
0.0250665
-0.00271253
0.0301518
0.052629
-0.014429
0.027217
-0.0179742
-0.0437735
-0.00526823
-0.0329999
0.0210898
0.0349569
0.0174626
0.0164198
-0.0103053
0.0278842
-0.00606964
-0.00186643
-0.0221768
0.0141862
-0.0388574
-0.0312232
0.0299833
-0.00652667
-0.00981265
0.0652757
0.0208268
0.00190554
0.0186756
-0.0801937
-0.00369964
0.00911303
-0.0279679
-0.0382923
0.105167
0.0063932
0.0320375
-0.00740744
0.0245923
-0.0163721
0.069558
-0.0249456
0.0124848
0.00273651
-0.00249154
-0.0422568
-0.0204141
0.000406325
0.0336695
-0.0393327
0.0260467
-0.0345561
0.0344018
-0.00846553
0.0275635
-0.00187431
-0.00539293
0.0583258
-0.0135047
-0.0137667
-0.014671
0.031385
0.00320194
-0.0139445
0.00823809
0.0305981
-0.0486384
-0.0443822
0.0292719
-0.0252409
0.0417044
-0.0459465
0.0304809
-0.0115949
0.0398646
0.0225618
-0.0193897
-0.026874
0.0437325
0.00254942
0.0228642
-0.00404101
0.0359309
0.0244621
0.0461572
0.0242874
-0.0196837
0.00269616
0.015705
0.0406574
0.0105231
0.02111
-0.0156555
0.0443775
-0.00175108
-0.0184339
0.00595661
-0.0271112
0.0105398
0.0366011
0.0321747
-0.00948481
-0.025138
-0.0430455
0.0258138
0.0263651
-0.045678
0.0113757
0.0463715
-0.0457171
0.0207225
-0.0271643
-0.0276971
0.00564511
-0.0118288
0.0147894
-0.00710788
-0.0142531
0.0313596
0.023246
-0.0145413
-0.0373303
0.0361102
-0.0402521
0.0241795
-0.0286943
-0.0372506
0.0390274
0.0449182
0.038889
0.0183122
0.0303726
0.0023592
0.0193339
-0.0199692
-0.00189539
0.00506572
0.0431913
-0.0296833
0.0125341
-0.0188316
0.0307484
-0.0329715
0.00804574
-0.0266926
-0.00585176
0.00189862
0.0246864
-0.0397852
0.0200123
-0.0464542
-0.014187
-0.0138879
-0.0489905
-0.0714529
0.000744924
0.0177152
-0.0176582
-0.0560169
0.0649691
0.0226605
-0.0478872
-0.0615984
-0.0240857
-0.0250103
0.0367912
-0.0414916
-0.0705824
0.0237567
-0.0359388
0.0246364
-0.00675869
0.0361333
0.0183591
-0.0196083
0.00623395
-0.0141599
0.0264762
-0.01011
-0.0790205
0.0350463
0.012049
-0.0240531
-0.019346
-0.0282898
0.04007
0.020531
-0.00864103
-0.00268707
0.0310721
0.021455
-0.0295276
-0.0143345
0.0146373
0.0192386
0.0446036
0.013538
0.0502415
-0.0416039
-0.0376487
-0.058312
0.0535411
0.0192431
-0.0315431
0.0634038
-0.00148074
0.0169599
0.00669023
0.0198823
-0.141684
-0.102092
-0.0447514
-0.000780737
0.0183573
0.0353349
-0.0203064
0.0131919
0.00185276
-0.0197169
-0.00931976
-0.0281483
-0.0169458
-0.0421426
-0.00299007
0.0141661
0.033572
-0.00421201
-0.00850946
0.0196859
0.0332437
-0.0243441
0.0125506
0.0167625
0.023525
-0.0395245
0.00750056
-0.0477339
-0.0527228
-0.00966724
-0.0425523
0.0135262
0.0169532
-0.0313051
-0.0303233
0.0476643
-0.0338722
0.00868309
0.00718673
-0.0452183
-0.0426934
0.0258427
0.00150691
-0.0217484
0.0273417
0.0484977
-0.0176907
0.0118617
0.0241782
-0.0144627
-0.025326
0.0195247
-0.00587739
0.042637
-0.00159428
-0.00885022
-0.0175275
0.0370033
0.034037
0.0435732
0.0236772
-0.0145654
0.0166767
0.00623523
-0.00952091
0.0141671
0.0368413
0.0244941
0.045638
-0.00615377
-0.00508657
0.0300068
-0.00209691
0.0208516
-0.000875819
0.0335755
-0.0418613
-0.0453614
-0.0464434
-0.0363868
0.00691846
0.0400516
0.0388009
0.0109065
0.017005
-0.0192309
0.00821929
-0.0404822
0.017062
0.024643
0.0291384
0.0487292
-0.0303118
0.00997914
0.0494494
0.0118944
0.025044
0.035717
0.0228869
-0.0661123
-0.0291105
0.0267184
-0.0478379
-0.0269503
0.0310013
-0.0175201
0.0177318
-0.0367078
0.0587573
0.0307084
0.000949151
0.0279255
0.0249961
-0.0462283
-0.0100324
-0.00767898
-0.0177881
-0.0350663
-0.0421714
0.0128046
-0.0132558
-0.0117606
0.00909142
-0.00865021
0.00799957
0.0163099
-0.0593745
-0.0395478
-0.00646753
0.00686585
-0.0426713
-0.0264571
0.0208781
-0.00379643
-0.0268063
-0.0656624
-0.0341536
0.0163807
0.000971168
-0.0255858
0.0525587
-0.0182783
0.0584347
0.0207009
-0.0186399
0.0438932
0.0198187
-0.0309486
0.0192142
0.0188692
0.00539521
-0.0196352
-0.0478669
-0.0376294
0.0722141
0.0732246
0.0526669
0.0449786
0.0376332
-0.0169801
-0.00770853
0.0250938
-0.0185018
0.0273015
0.00799162
-0.0344426
-0.0374935
-0.0216837
0.0596888
0.0376221
0.0476411
-0.0463248
-0.0931508
0.042156
0.039162
0.0140732
0.0646206
-0.0491398
-0.0203365
-0.0435209
-0.0134548
0.0227355
-0.0373024
-0.036291
-0.0535409
-0.0155807
-0.0127048
0.0247016
0.0411424
0.0885454
0.0188
-0.023567
-0.0430508
0.0356723
-0.0124067
0.0161925
-0.0528868
-0.0899872
-0.00983696
-0.052131
-0.0185359
0.00573778
0.041068
0.0617751
0.00094105
-0.0118279
-0.0133886
0.0272705
-0.0109068
-0.0566699
-0.0361651
0.0204978
0.0305283
-0.0232091
-0.0267233
-0.0430933
0.0319127
-0.0488355
0.0293218
-0.0219448
0.0201056
-0.030542
0.0611566
0.0247156
0.0281563
0.0015193
0.0201208
0.0386762
-0.0253974
0.0247256
0.0101983
-0.0383612
0.0455158
-0.0153569
0.0176343
0.112034
0.0045189
0.0204916
0.0179388
0.0362499
0.0274355
-0.0445027
-0.024153
0.0286006
0.0409524
-0.0194618
0.0195109
0.0233337
0.0312369
-0.0165591
-0.0487898
-0.0300167
-0.0249361
-0.0459088
0.00671071
-0.0236126
-0.00234616
-0.00512465
-0.0321329
-0.0345242
0.00970652
0.043245
0.0297509
0.0184649
-0.0290595
0.0442734
-0.0307456
-0.0455573
0.00577104
0.0346053
0.0255425
0.0321234
-0.00682583
-0.0106391
-0.0312675
-0.0470769
0.0384781
0.00878501
0.0275554
-0.0166685
-0.0498286
0.0379465
0.00450111
-0.0293921
0.0324861
0.0361505
-0.0264637
-0.0475607
-0.00996328
-0.0436306
0.0406346
-0.0366422
-0.0425895
-0.0444335
-0.025854
-0.0131892
-0.00597426
-0.0251636
0.0437028
-0.0369481
-0.0304882
0.00900215
-0.000525113
0.0341851
0.0310418
0.0286347
0.0261598
-0.0490767
-0.0422159
-0.049507
-0.0285377
-0.0216414
-0.0244434
0.0068974
0.0277341
0.0328473
0.000780007
-0.0441625
0.00860821
-0.00552162
0.0382992
0.0102957
0.0225365
0.0193282
0.00430832
0.0236306
-0.0491173
0.0321267
-0.0439497
-0.0117301
-0.0471356
0.0013661
0.00464278
0.0140224
0.0100995
0.00343781
0.0245168
0.0200734
-0.000868183
-0.0125212
-0.0146474
-0.0219646
-0.0184773
-0.0578888
-0.00935974
0.00793373
-0.00842469
0.00127484
0.00709553
0.0221033
-0.0535807
0.0216192
0.0170989
-0.00478291
-0.0459448
0.0143802
0.0241462
-0.00293801
0.0278134
0.0016544
0.0409386
0.00580632
0.0425839
0.0197806
0.0459353
0.0211522
-0.0443007
0.0383193
0.00187667
-0.0166323
-0.00218076
-0.0499352
-0.0156541
-0.0127151
-0.0334284
-0.0332726
0.0522998
0.0225405
-0.0389898
0.0374557
0.0224683
0.0187955
-0.0206213
-0.0132858
0.0329142
0.0055093
-0.00948762
-0.0356575
0.00234308
0.0952313
-0.0509731
-0.0257622
0.022863
-0.059361
-0.0176759
0.0148225
-0.0205305
-0.0489003
0.0222625
0.0243624
0.00916499
0.0215374
0.0199703
-0.0282485
-0.00737197
0.0200049
-0.0416558
-0.00917675
-0.07638
0.00499372
0.0149513
-0.0122357
0.00711875
-0.01809
0.0643284
0.0724779
0.0326395
-0.0204362
0.0159369
-0.017232
-0.0088623
0.0250056
-0.0116374
-0.0312774
0.00726159
-0.0578698
-0.0496579
0.0557022
-0.0360919
-0.0308562
0.00034221
0.0389044
0.0406516
0.0641963
-0.0196657
0.0207611
-0.0222427
-0.031385
-0.0744682
0.0208246
0.0624887
-0.0270088
0.0154137
-0.0283987
0.0421624
0.0203849
-0.0615118
0.0176037
-0.0238497
-0.0165249
0.00405154
0.0119028
-0.0338166
0.0445803
-0.0524915
0.00635437
0.0384524
-0.0302679
-0.046848
-0.0352608
-0.0474024
-0.037443
-0.0180779
-0.0135448
0.0346831
-0.00168617
0.0246587
0.0472178
0.0424924
0.00425503
-0.0480928
0.0315275
-0.0474441
-0.0283663
-0.00459918
-0.0207789
0.039447
-0.00220199
0.0293317
0.028683
-0.0100671
0.00117089
-0.00325643
0.0205992
0.049044
-0.0457917
-0.00718959
0.0435796
0.0112179
-0.0499309
-0.0312558
-0.0404021
-0.0433538
-0.0243194
0.00539083
-0.0323788
-0.0246312
-0.028364
-0.0231206
0.0382847
-0.0428438
0.0418509
-0.0191939
0.0444853
0.0151383
0.023353
-0.00837971
0.0467186
3.42466e-05
-0.0399974
-0.00794814
0.00940031
0.0469018
-0.0394236
0.0511825
-0.0486966
-0.0268984
-0.00415197
-0.00689179
0.0186442
0.00813828
0.0192063
0.0428219
0.0296808
0.0212623
0.0177151
-0.0275147
0.0438507
-0.046729
0.0926085
0.0015715
0.0382931
-0.0194791
0.0321149
-0.00578531
0.0252626
0.0503503
0.0248332
-0.00398622
-0.00128651
0.0431
-0.142832
-0.132028
-0.0577256
0.0211016
0.169506
0.0188175
-0.0448554
-0.0437639
0.0199907
-0.0176225
-0.0436741
-0.045922
-0.00527938
-0.0144567
-0.0311597
-0.0386155
0.00201349
-0.0755118
-0.0223342
-0.0205852
0.0314373
-0.0406511
0.0268316
0.269306
0.124247
0.101702
-0.0317856
-0.0895805
0.00975843
0.0135535
0.0646589
-0.0044562
-0.00112374
0.0393061
0.0770986
-0.0291438
0.0228613
0.00531819
-0.0165731
-0.0201865
0.03538
0.0160338
0.0104224
-0.044811
0.0614845
-0.0299184
0.0984302
-0.0180739
-0.010666
-0.0660102
-0.00470841
-0.0424896
0.0756806
-0.0403884
0.0332805
-0.0313047
-0.056175
-0.0106388
0.0229575
0.0380567
0.0193614
-0.00929981
0.0415375
-0.0206667
0.0741175
0.0344135
-0.0133648
-0.0350858
-0.054196
0.00988425
0.0672552
-0.0999586
0.00290776
0.0287101
0.0206654
-0.00453908
-0.0526339
0.0465186
-0.0776011
0.0400647
-0.00770357
-0.0436014
-0.039765
0.060142
0.0381802
-0.0289655
0.0281441
-0.00169002
-0.0902505
-0.0237062
-0.0747805
-0.055439
0.0239217
-0.000551685
0.0282865
0.0393957
-0.00267063
-0.000303626
0.0394318
0.036399
0.0430226
0.0454994
0.0158808
-0.00352858
0.0392275
-0.0170911
-0.0219108
-0.0192685
-0.0215838
-0.048367
-0.0759887
0.0146027
-0.0124982
-0.0114063
0.0277399
-0.0331864
-0.019021
-0.0301867
0.115075
0.0832047
-0.0255101
-0.0192736
0.0140164
0.0431514
0.0705661
0.00232717
0.0252835
-0.0281585
-0.0160615
0.037577
-0.0116556
0.0288913
-0.0047458
0.00580067
0.0262605
0.0240601
-0.0449193
-0.0296902
0.0108921
0.0422245
-0.00399009
0.0175748
-0.0369152
-0.0246618
0.00872616
0.0247365
-0.0448474
0.0340433
0.0358983
-0.044546
0.0360621
0.0447429
-0.0391861
-0.000803427
-0.00911548
0.0312745
-0.0131057
-0.0405523
-0.0209703
-0.0346297
-0.0103341
-0.0263566
-0.00889147
-0.0367035
-0.0348006
0.0039434
-0.00609315
0.0576888
-0.0134134
-0.0288775
0.00264213
-0.00427128
-0.00628326
0.043863
-0.0263563
-0.0179708
0.025252
0.042471
0.0487325
-0.0287817
-0.0196872
0.0137417
0.0454391
-0.0414226
-0.0563137
-0.0067128
0.0264722
-0.0138468
0.00689309
0.0256474
-0.0440598
-0.0462489
0.0006624
0.027288
-0.00463764
-0.0222426
-0.0366053
-0.0317536
-0.0604651
0.02032
0.0522014
0.0573099
0.0463791
0.000785397
-0.0320718
0.0213444
0.0221378
0.0318607
0.0173039
-0.0293819
0.0359889
0.0337115
0.0343262
-0.00130734
0.0733271
0.025841
0.0783239
0.0823394
0.0412186
0.0246627
0.00382135
-0.0473698
0.0380069
0.0228816
0.0424235
0.0775957
0.0177823
0.0296006
-0.0289569
0.035965
0.0211304
0.0234837
-0.0567463
-0.00158552
-0.0464199
-0.00615048
-0.0370851
-0.0082185
-0.0192738
0.0201551
0.0330924
-0.0260056
-0.0353209
-0.0419758
-0.0531225
-0.0574542
0.00893691
-0.0572682
-0.0559314
0.00419663
-0.0606069
-0.032134
0.030711
-0.0218254
0.0455865
-0.0147062
-0.0146514
-0.0277918
0.0816109
0.0374576
0.00250976
0.0240339
-0.0284739
-0.0681414
0.0508909
0.0350989
-0.063851
0.00437888
-0.0239191
-0.0191986
0.0149916
0.0336578
-0.0293097
-0.0298672
0.0274684
-0.0414076
0.159829
0.071854
-0.0572984
-0.0354885
-0.0655151
-0.0289136
-0.0285189
0.000229422
-0.0304922
0.00224737
-0.0214763
0.0390685
-0.0217408
-0.0460178
0.0135816
-0.0382707
0.0139976
0.0540856
0.00230991
0.0179382
-0.00767972
-0.0178024
0.0242184
0.0177026
0.0054772
0.0262988
-0.0170021
0.03673
0.0278684
0.0202294
0.106096
-0.0744421
-0.0583029
-0.0702101
-0.0031299
0.00871976
-0.0226546
0.0550263
-0.0106199
0.041486
0.0466237
0.0431557
-0.0980852
0.0651865
-0.0395485
0.00457293
-0.0309377
0.0529626
-0.0108134
0.00326367
0.0348999
-0.0430415
-0.10142
0.0415684
0.0150248
-0.0237666
0.0347481
-0.038157
0.0337412
-0.0434972
-0.0341113
-0.0153431
-0.0214652
-0.0127397
0.00884027
-0.0471803
-0.0411175
0.0354348
-0.021481
-0.00538689
0.0412601
0.0263206
0.0440279
-0.0243504
-0.0491927
-0.0322689
-0.0243839
-0.0425362
0.045579
0.00401102
-0.0170126
-0.0355317
0.011082
0.00354531
0.0502628
-0.0298832
0.0376271
0.0345712
0.0484876
0.0381376
0.0356558
-0.0242196
0.0465363
0.039134
0.00941797
0.0501543
0.0115721
0.0176686
0.00381797
-0.0376883
0.0271645
-0.023687
0.0261237
-0.00142706
0.0238432
-0.0371848
-0.0199662
0.0371212
-0.0213454
0.0221864
-0.0358696
0.05655
-0.0256816
-0.042217
0.0436214
-0.0391791
-0.0422608
-0.00144707
0.0404925
-0.0318525
-0.0617621
0.011962
0.0417134
0.0242924
0.0115457
-0.0310451
-0.00409855
0.124566
0.0403813
-0.00976372
-0.0280747
0.00794919
0.0488447
-0.0325283
0.00998529
0.0487652
-0.00678805
0.0289024
-0.0452588
0.135273
0.0698045
0.049107
0.0371299
-0.0281249
-0.0395465
-0.0281266
0.0841503
-0.020659
0.0180079
0.0381101
-0.0190412
-0.0467382
0.0315353
0.0403331
-0.0314012
-0.0328323
0.0345066
0.0908823
-0.0156736
0.0481274
0.00194642
-0.0650416
-0.1855
-0.145544
0.0125515
-0.0767809
0.0704169
0.0156569
0.0239255
0.0180253
-0.0187531
0.04331
0.0148407
0.0399863
0.0259437
0.0687197
-0.0370374
0.0437746
-0.0256379
-0.108868
-0.0183268
-0.00834845
-0.0327436
-0.0498036
0.0216698
0.0475746
0.010293
-0.0753972
-0.00863235
0.00730215
-0.05722
0.00454907
0.0943184
-0.0276937
0.0351721
0.00690449
0.0361497
0.0172986
-0.0164117
-0.0055733
-0.0246604
-0.124862
-0.00367284
-0.0219147
0.0249976
0.0120541
-0.047272
-0.0340452
-0.0410329
-0.0559709
0.152884
0.0310226
-0.0389537
-0.0124523
0.0365579
0.0129526
-0.00979408
-0.0568086
-0.0634243
-0.0146233
0.000494234
-0.0167106
0.0359178
-0.0215002
-0.000771144
-0.0257351
-0.0232154
0.0314436
-0.0422369
0.0189864
-0.0313751
0.00600935
-0.0213022
-0.00807347
0.0258545
-0.0487989
0.0165345
0.0367428
0.0489789
0.00879995
-0.0388307
0.0450237
0.0958132
-0.0343043
-0.0232496
0.0228564
-0.0397569
0.0438468
0.0409045
0.0435791
-0.0224054
0.0127899
-0.0619799
-0.000357587
-0.0114716
-0.027204
-0.0490863
-0.00492749
-0.0623126
-0.0215931
-0.0314399
0.0369463
-0.0485162
-0.0312447
0.013304
-0.0231986
0.00239504
-0.013308
-0.0312307
0.0261023
-0.0251301
0.0459907
-0.0299393
-0.0649286
0.0471216
-0.00668353
0.060331
-0.0218919
0.0108004
0.033139
-0.00195701
-0.0308034
0.010195
-0.0291281
-0.0282105
-0.000930168
-0.00316712
-0.0484942
-0.00198552
0.0459622
0.0262044
0.0328454
-0.0338172
0.0124438
-0.0334467
0.0412768
0.0187281
0.0357639
0.00374875
-0.0225775
-0.037883
0.0431934
0.0103932
-0.0153288
-0.0341894
0.00772759
-0.0332503
-0.0353501
0.0191312
0.017115
0.00950093
-0.0192924
-0.0264272
0.0439341
-0.012701
0.0273068
0.017243
0.0159534
0.0047939
-0.0143902
0.0331203
-0.0159913
0.0410159
0.0440146
-0.0399828
0.0110935
0.0194364
-0.0338749
-0.0293621
0.0107843
0.0144739
-0.000240785
0.0204585
0.0200119
0.0140081
0.0329153
-0.016353
-0.0202103
0.0382664
-0.0121988
-0.0538529
0.0297125
0.0347704
0.0115904
0.0139055
-0.0273173
-0.0526571
-0.0148357
-0.0297219
-0.0389089
-0.0368178
-0.148275
-0.00534553
-0.0317586
0.00135242
-0.012955
0.0379326
0.0442408
0.0175677
-0.0567188
-0.0172319
-0.0337423
-0.0481457
0.0261999
-0.0175641
-0.0946383
0.0655631
0.0713934
0.0115978
-0.047885
-0.0220282
-0.0134921
-0.0290048
0.01237
0.0470383
-0.0324831
0.0618694
-0.0584234
-0.0287855
0.0169194
0.0111796
0.0568184
0.0732804
-0.0340477
0.00286357
0.0451242
0.0190069
-0.000752554
0.0582208
0.0237467
-0.010112
-0.0321594
-0.0285391
-0.0283672
0.0144627
-0.04089
0.127499
-0.0482084
0.0115236
0.0178076
0.0246422
0.000327522
0.0155802
-0.0330825
-0.0341478
0.0480032
-0.0300483
0.0249289
0.0986211
-0.0239387
-0.0287113
0.040253
0.0249695
0.0138599
0.0195918
-0.114733
0.0161705
-0.0313822
0.0149204
0.0409734
0.0511356
-0.000457312
0.0277797
-0.00289767
-0.00782869
0.0225077
-0.00866884
-0.0483848
-0.0268911
0.0573507
-0.0291635
-0.0117028
0.0445896
0.0493108
-0.0241292
-0.0702777
-0.0053835
0.0193028
-0.0194799
-0.0522766
0.00236264
-0.000799154
0.0314905
-0.016267
0.0230543
-0.040551
0.0305647
0.0502615
-0.00596227
0.038678
0.00296489
-0.0738585
-0.0116851
-0.0051334
0.0647052
0.0224416
-0.0320155
0.000892212
-0.0857843
0.109182
-0.00138797
-0.0376
0.0237024
-0.0554688
-0.0095492
-0.00967767
-0.00791661
0.0160572
0.0361149
-0.0258822
-0.00456532
-0.010671
-0.0180958
-0.0127643
-0.00778205
0.019509
0.0387854
-0.0407373
0.00611968
0.0270295
-0.0156242
0.0104694
-0.0198888
-0.00550708
-0.0238096
-0.0177425
0.00447786
0.0343958
0.0443298
-0.00849413
-0.00740042
-0.0275294
-0.0244428
0.0243853
-0.0181422
-0.000497797
-0.0237824
-0.00819087
0.0156143
-0.00293591
-0.0315399
0.0350052
0.00829573
-0.0454103
0.0482378
0.0393451
-0.0497584
-0.0351838
0.0393062
0.00855876
-0.0418188
0.00568185
0.0325057
0.00709989
-0.00959676
0.00173439
0.0224995
-0.0198831
-0.0175239
-0.0139708
-0.0185579
-0.0308631
0.0310588
0.0450688
-0.0467676
-0.0132619
-0.0357256
-0.046589
-0.0413886
-0.025054
0.00136445
0.0359413
0.0352095
0.00913274
-0.0153706
-0.00208785
0.0159204
-0.00148239
0.00456573
0.0105872
0.000469331
-0.00841425
0.118854
0.0246009
0.0471931
-0.0360126
0.0744841
0.0910344
-0.0237965
0.00510849
0.0583738
-0.0600361
-0.0873936
-0.0103843
-0.451014
-0.250829
-0.0434202
0.0701637
0.283694
0.0950824
0.0129201
-0.115884
-0.0138541
-0.13618
0.103746
0.121727
0.0896506
-0.0159151
-0.316839
0.0358564
0.0699898
-0.146391
-0.102992
-0.112268
-0.0489339
0.0549746
-0.101342
0.737292
0.391033
-0.359505
0.144238
-0.218085
0.327885
0.242901
0.205756
-0.0450113
-0.0804374
0.149015
0.117539
-0.0524298
0.00687167
0.364328
-0.019446
-0.0260277
0.247658
0.0882931
0.0340809
0.0289286
0.050559
0.0476291
0.147604
0.127849
0.0717898
0.17859
-0.0523515
0.0692521
-0.012863
0.0654194
-0.0156603
0.0155612
-0.219294
-0.101076
-0.172189
0.00109109
0.152333
0.124438
0.186862
-0.0901069
-0.0388289
-0.00502897
-0.0187806
-0.0443361
0.0103782
0.116096
-0.218161
-0.413158
-0.226793
-0.0176084
-0.000151479
-0.0113061
0.0819657
0.136202
-0.0124291
-0.0153457
-0.0334596
-0.0134677
0.0469655
-0.0656647
-0.0131162
-0.0455462
-0.0401003
0.052829
-0.0991112
-0.0134862
-0.333514
0.0238606
-0.0355502
0.0410802
0.0450388
-0.0281914
0.0933505
0.0502194
0.0247914
0.0428435
-0.0137114
-0.0215514
-0.0542488
-0.188528
-0.0102356
0.0790225
0.0822556
0.0221359
0.0279252
0.456945
-0.0791108
0.0373786
-0.0162486
0.00567335
0.314111
-0.0131809
0.0232588
0.00730947
-0.0223171
0.0624282
-0.0231039
0.435586
0.055108
0.0339786
-0.13405
-0.016601
0.0164688
0.0278563
-0.0509789
0.00204996
-0.0211746
0.0258397
-0.0379768
0.0266635
0.0788247
-0.0177117
-0.017742
0.107431
-0.0603373
0.000322447
0.00140796
-0.0468494
0.00361578
0.0733212
-0.00692417
-0.0139131
-0.0365153
0.0401557
-0.0391766
-0.0365868
-0.000577437
-0.014026
-0.21849
0.0952145
-0.0352275
0.0748735
-0.00736632
-0.0222024
0.0480021
0.0196489
-0.0186464
-0.00469919
-0.0235629
-0.0405849
-0.103235
0.0298346
0.0291839
0.0455415
0.00566875
0.0457328
-0.0216255
-0.00403311
-0.00222244
0.0413793
-0.0115556
0.0915163
0.040713
0.0314921
-0.0237625
-0.00688923
0.0166255
0.0223869
-0.0216161
0.0541798
0.0335152
-0.0207118
-0.105984
0.0392571
-0.0312217
0.00941756
-0.0407612
-0.0450663
0.0450244
0.0477261
-0.0100712
0.0506335
-0.0428131
0.0403073
-0.0209323
0.00917363
0.00266079
0.147939
-0.104844
0.0756939
0.0461442
-0.00716986
0.0625644
-0.104153
0.00426152
-0.0327699
0.0225718
0.151936
0.174748
0.174627
0.10172
-0.0351354
0.153213
0.00718249
0.0781673
0.130078
0.0412261
-0.0638984
0.0222028
0.0959605
-0.0630691
0.0535335
0.168954
0.225038
0.00370648
-0.088776
0.0914095
0.042751
-0.0621382
-0.0306067
-0.0202662
-0.27579
-0.0487862
-0.0203585
0.07769
-0.035606
-0.0100604
0.0268346
-0.107676
-0.210437
-0.170125
-0.13589
0.0384774
0.0646784
0.0684193
-0.00262709
-0.051078
-0.065089
-0.0225738
0.0375975
-0.00968075
-0.0379781
-0.0193304
-0.0604922
-0.00908266
0.0228659
-0.0288282
-0.0592921
-0.112094
0.313206
0.557374
0.169934
-0.765426
0.0334245
0.0659961
0.00861092
-0.172317
0.0403184
0.0212592
-0.445174
-0.0266122
-0.165901
0.0786923
0.600328
0.17947
0.0559583
-0.135566
0.132221
-0.172955
0.0117959
-0.00406757
-0.12374
-0.04031
0.0249588
0.403545
-0.211506
-0.20745
0.169473
0.116972
-0.0257705
-0.276056
-0.207245
0.0238126
-0.411423
0.00771401
0.0607962
0.538688
0.432991
0.0014859
-0.00754383
-0.27238
0.0473586
-0.0102449
0.0401286
0.402224
0.216228
0.17675
-0.0409681
-0.00783765
-0.00158126
0.0102507
0.0196363
0.00303828
0.0736734
0.316088
0.210802
-0.0337201
0.00872205
-0.0562742
-0.0764077
0.0337944
0.0419616
-0.0457766
-0.0265926
-0.155553
0.0382067
-0.0436178
-0.00166801
-0.027376
-0.0459704
-0.0462148
0.00775655
-0.0171316
-0.0324796
-0.0446241
-0.04985
-0.0439833
-0.0146232
0.0471686
0.0503736
-0.029324
-0.053726
0.00187855
-0.0467343
-0.0112467
0.0172273
0.00561078
-0.00458327
0.0410013
0.00785471
-0.0159318
-0.0104253
0.0188179
0.0414842
0.0718558
0.0377054
0.019329
0.0230747
-0.0408471
0.011283
-0.0464417
0.0267034
-0.0269738
0.059319
-0.0189371
0.0628035
0.0318281
-0.0246404
0.0560065
0.0235329
-0.000488636
-0.0291379
-0.0428197
-0.0146225
-0.0131062
0.0459986
0.0198524
0.0153424
-0.029957
-0.0218774
0.00621764
-0.0183524
-0.0513339
0.0427735
-0.0718433
0.0097627
-0.006135
-0.0263191
-0.012755
-0.00504617
0.0212989
0.0807726
0.0679079
0.0624037
0.0931533
-0.0237764
0.0395624
0.0458954
0.0143143
-0.185634
-0.0342506
-0.0622305
0.0412089
0.0974247
0.0913629
0.0290548
-0.013702
0.059621
0.0263773
0.0863177
-0.057163
0.280441
0.128963
0.650862
0.100793
-0.195658
-0.288385
-0.201639
0.0643867
-0.045953
0.0541618
0.110798
0.127638
0.010007
0.125254
-0.0106928
-0.00808791
-0.0486412
0.131051
0.0026573
-0.272573
0.0375009
-0.14478
0.157798
-0.436317
-0.283316
-0.178613
0.105498
0.059763
0.0194235
-0.0864268
-0.00610367
0.0377328
-0.0143092
-0.136426
-0.10066
-0.0159462
-0.0815438
-0.0956067
-0.0411961
0.0861906
0.0371536
0.084774
0.073323
-0.0397243
0.260311
0.049041
-0.051126
-0.221618
-0.100512
0.501461
-0.00210665
0.140288
-0.0587427
-0.0146882
0.0397463
0.00210044
-0.0149762
0.0615957
0.112656
-0.049783
0.0557823
0.15691
0.0760938
0.0208021
0.0231402
0.0627026
0.016041
-0.0458949
-0.0369279
-0.063274
-0.0963923
0.0479539
0.1237
0.0778972
0.0111862
0.0587122
0.12927
0.0299038
-0.195652
-0.0588965
-0.0130082
0.0459339
0.0751508
-0.137187
-0.00444407
0.0249285
-0.00229363
-0.279841
0.0748478
-0.123401
-0.0663723
0.0495027
0.0429243
0.0199899
0.027276
0.0431718
-0.00764838
-0.0531524
0.0221847
0.00613987
-0.0487412
-0.0300284
0.0585601
0.00260396
-0.0230288
-0.0375422
-0.0423476
0.0592105
0.062836
-0.0578515
-0.000558329
0.0320076
-0.0119503
-0.0716121
0.177234
0.00910146
-0.0213656
-0.00648991
-0.0213823
-0.0205664
-0.011452
0.0754729
-0.0433155
-0.0497926
-0.0260017
-0.0110498
0.046962
0.0340859
0.0450973
-0.0441077
-0.00529261
-0.0302805
-0.000148948
-0.0677675
-0.0240572
0.010154
0.0225373
-0.028686
-0.0312142
-0.0178861
0.031919
-0.0641712
-0.0080662
0.0266306
0.0279848
-0.00391068
-0.0157664
-0.04581
0.0151517
-0.0341905
-0.0250232
-0.0422161
-0.0332246
-0.0531381
-0.0246655
-0.0193241
0.00346647
-0.0443133
0.0466114
-0.0403654
0.0433982
0.0160878
-0.0246601
0.0104888
0.0169214
-0.00268336
0.00450142
-0.103917
0.0296324
-0.00129364
-0.0433561
0.0467956
0.033733
-0.0334061
-0.0388972
-0.0837742
-0.0448229
0.0302903
-0.00523151
-0.0132331
-0.033365
0.0392034
-0.040655
0.00547057
0.0298611
-0.0281083
-0.00654513
0.0476788
0.00298543
0.00560632
-0.0128499
-0.0482811
-0.0332247
0.00159576
-0.0301806
0.00261694
-0.0185187
0.0400016
0.0486865
0.0126981
-0.0275217
-0.0721025
0.164666
0.044475
0.109255
-0.0168441
-0.0820832
-0.0242288
-0.097525
-0.0388041
-0.0459901
0.0463828
-0.110748
0.000253764
-0.0284485
-0.114501
-0.13395
-0.0587564
-0.0881218
0.0239464
0.0180505
0.0385518
-0.0198562
0.0267471
-0.0132693
-0.0143072
-0.198576
-0.226799
-0.0287967
-0.0190097
-0.051907
-0.0692542
0.059423
-0.0950173
0.0660607
0.035253
0.0561231
0.0419133
-0.0282361
-0.104906
0.00934484
0.00287898
-0.0280864
0.0707808
-0.0371982
-0.094795
0.0626239
0.0195729
0.0836487
-0.0264177
-0.0462659
0.0529817
-0.0133379
-0.0732659
0.0265916
-0.0345396
-0.0423734
0.0699411
0.0474574
0.000680509
0.00678044
0.0708796
0.101846
0.286784
0.399026
0.19826
-0.400496
0.019473
0.0177893
-0.155026
0.0107747
0.048854
0.034755
0.256079
-0.112485
0.096597
-0.170704
0.0589994
0.0260456
-0.089848
-0.0451376
-0.00840134
-0.00607517
-0.0102657
0.000333228
-0.0144866
0.149193
-0.114207
0.190016
-0.134959
-0.0737982
0.0621812
0.0204674
-0.0443068
0.074203
0.0699036
0.0126818
0.142008
-0.0597128
-0.0221289
0.0152253
0.219243
0.0137647
-0.0419373
0.225297
0.0323176
0.0995139
-0.0329954
-0.0769348
-0.0119424
-0.0360517
-0.128497
0.0586205
-0.00209561
0.0774401
0.05446
-0.00536811
0.019922
0.0539605
0.0120915
-0.293138
-0.117364
0.0340858
0.00998137
0.0595998
-0.028434
0.0336224
0.0352247
0.201221
-0.0233159
0.0241439
0.0362848
0.0387029
0.0337743
-0.0458574
-0.0210377
0.0393925
0.031279
-0.00774974
0.00157645
-0.0269499
0.00691743
-0.0124659
-0.0364814
0.0310483
0.0269496
-0.0230514
-0.000289532
-0.0355326
0.0108815
0.0113983
-0.0447783
-0.0210881
-0.0398123
0.0208566
-0.045018
-0.016041
0.0312424
-0.00946913
-0.0608296
-0.0278172
-0.0271121
0.0179117
-0.0601146
0.00858758
0.0217789
-0.0367147
0.0340619
0.00444009
0.00470778
0.00780529
-0.051345
-0.0319402
0.0407946
0.0316694
-0.0169843
-0.0314759
-0.0295864
0.0327032
0.03249
-0.0112716
0.0114842
0.000478991
0.0185056
0.0344501
0.00164398
-0.0380288
-0.0454085
-0.0864078
-0.0504057
-0.0578541
0.0149361
-0.00803333
0.0150069
0.023385
0.0575646
-0.034633
-0.00583823
-0.00385372
0.0438838
-0.0111586
-0.0129154
0.0241769
0.211939
0.0279302
-0.0171735
-0.0324779
-0.000810183
-0.0522843
0.00753751
-0.000232935
0.0558361
-0.00687447
0.0211618
-0.0272461
0.00570122
-0.0932017
-0.0800228
0.0125866
0.094238
0.0226027
0.0155751
-0.0590809
0.0022378
0.0188378
-0.0655224
-0.0199644
0.0182985
-0.0760318
-0.014261
0.044461
-0.00172819
-0.0127871
-0.0631526
-0.000776237
-0.0565441
0.0392266
-0.0902885
0.174829
-0.0222321
0.109891
-0.0221317
-0.0301093
0.0897526
0.0270258
0.0674056
0.0276078
0.0318947
0.0287824
0.0330771
0.0897752
0.0374406
-0.036215
0.00671528
-0.0581384
0.072498
0.0302741
0.13379
-0.00255423
-0.00220861
0.0538652
0.0270205
0.0866375
0.055639
-0.00875297
-0.0436764
-0.02677
0.0667722
-0.014118
-0.039871
-0.0453974
-0.0377762
-0.0417037
0.0638585
0.0430388
-0.0390869
0.00329494
-0.0236182
-0.0436174
0.0342882
-0.0284541
-0.0184325
0.0382446
-0.0441283
0.0553711
-0.0237717
-0.00890116
0.00958491
-0.0583143
0.00379302
-0.00834942
-0.0808065
-0.0218469
-0.0373845
0.0564184
-0.015883
-0.0158028
0.00585183
-0.0288908
0.0404636
0.0071043
-0.0366105
-0.05748
-0.0375224
0.0042378
0.0486259
-0.0213558
-0.0433815
-0.020796
0.0275135
0.00681504
-0.0392522
-0.0086451
0.0229881
0.01647
0.0147179
0.0464795
-0.0300393
-0.0184211
0.0283705
-0.0383285
0.00317262
0.0177361
0.0610315
-0.026971
-0.00923618
0.0319596
-0.0316562
0.0634145
0.126941
-0.0319151
-0.0167501
-0.0225392
0.118162
0.0112849
0.111854
-0.0357447
-0.0250059
0.0143264
-0.00952606
0.00669272
0.033462
-0.0102203
-0.030745
-0.0249603
0.00452221
0.00404377
-0.034472
-0.0290294
0.0172723
0.0439464
0.0145973
-0.0211786
0.0240755
0.0266919
0.00201356
-0.0293008
-0.0133476
0.0510438
-0.0463178
-0.000589861
-0.045084
-0.0295874
0.0310057
0.0177151
0.0424039
-0.045605
0.0134248
-0.0157585
0.0399314
-0.00401874
-0.0110872
-0.0250009
-0.0241485
0.0263496
-0.01768
-0.0359783
-0.00292152
-0.018547
-0.0033862
-0.0196569
0.0178675
-0.00922902
0.0153576
-0.0489039
0.0119244
0.0279961
-0.0209104
-0.0470728
-0.0299378
0.0678365
0.0182374
0.0405176
0.0233211
0.000777937
0.0434641
-0.00293459
-0.0334098
0.0281933
0.0210351
-0.0379114
0.0321125
0.0266585
0.0182084
0.0489821
-0.0382404
0.0459811
-0.0136594
0.0376236
0.00198549
-0.026559
-0.0469103
-0.0213894
0.0418558
0.0392562
-0.0164038
0.0265814
-0.0609072
-0.0338046
0.0747679
0.055581
-0.0341869
-0.0525318
-0.0315323
-0.0483049
-0.0449224
0.0651548
-0.00162178
0.0622481
0.0201129
0.00583331
0.0369848
0.0761386
0.0500267
0.0198943
-0.00807086
0.0141075
-0.0435173
0.0526109
-0.0237247
-0.0290444
-0.00200522
0.124075
0.0857701
-0.0470025
-0.0116392
0.0194625
0.0565615
0.065534
-0.0562879
0.081203
0.00532959
-0.0154004
-0.0744629
0.0850405
0.0403136
0.0418979
-0.0189917
0.0212176
0.0350521
-0.0308487
0.00238863
0.00436752
0.0276482
0.00322746
0.0279319
0.0365476
0.0170031
0.0157842
0.0551409
-0.0065594
0.0140471
-0.00151213
0.00808315
-0.02254
-0.0222666
-0.00566633
0.0162752
-0.0502617
-0.0649925
-0.0328297
0.0182381
-0.00654318
0.0158684
0.0282537
0.0302258
-0.0345994
0.0252827
0.0848985
0.0478952
0.0495876
-0.0453699
0.0306617
-0.0755415
0.00505575
-0.0118299
0.0107819
0.0318764
0.0208893
-0.00765957
0.0348761
-0.0159821
0.0646522
-0.0139848
0.00274965
0.00416314
-0.0506083
-0.0303404
0.0189394
-0.00511541
-0.0163386
0.0721057
-0.0165148
-0.00381041
-0.0395679
-0.105112
-0.0836028
0.033364
-0.000143419
0.0421128
0.0545305
0.0396264
-0.0223116
-0.0154459
0.0298787
-0.0540255
-0.00148012
0.0424378
-0.0219211
0.00825373
0.044352
-0.0142077
-0.0241282
-0.0119669
0.0666932
-0.0531692
0.0397102
-0.0468164
0.0440063
-0.00676919
0.00616558
0.00309852
-0.0349629
-0.0140033
-0.0326601
-0.00184576
0.0423984
0.00225963
0.0232503
-0.0266341
-0.0394503
-0.0221599
0.0174692
-0.0561672
-0.0181259
-0.0376929
-0.00655136
-0.0476753
-0.0414284
0.00758982
0.014961
-0.0289903
-0.046137
0.0353713
0.0483138
0.0435611
0.0295879
0.0446127
0.0153458
0.0143913
-0.026208
0.0474515
0.0463651
0.00850035
-0.000836283
-0.0234692
-0.0227991
-0.00482428
0.0388409
0.0257007
0.0103538
0.0330034
-0.013793
-0.0385295
0.00574615
-0.0361433
-0.0154029
-0.0190135
-0.0428142
0.0418383
-0.0154725
0.0431427
-0.00972949
-0.0357078
0.0041766
-0.0156271
0.0178574
-0.0449645
0.0407592
0.0338061
-0.0401413
-0.028657
-0.00912255
-0.0083906
-0.0325464
0.0418868
-0.046561
0.00758827
0.000997746
-0.00699077
0.0294604
-0.0577109
0.0404138
0.00445645
0.0426045
0.00611522
-0.0252068
-0.00744315
-0.129105
-0.00276101
-0.0270267
-0.0495836
0.0192433
-0.0342862
-0.0369112
-0.0292083
0.0176901
-0.0360526
-0.0798927
-0.00902846
-0.251944
-0.123716
-0.254537
0.134752
0.0332703
-0.182006
-0.0355263
-0.0866421
-0.0702893
-0.130392
-0.373033
-0.275024
-0.271271
-0.241129
-0.0308533
0.00363238
0.116071
-0.0243967
-0.0219997
-0.271983
-0.0543585
-0.0634903
-0.0707328
0.636772
0.288746
-0.0884033
-0.0145072
-0.145889
-0.0213663
-0.0415059
0.231889
-0.0135086
-0.124664
0.185877
0.171851
-0.0481695
-0.0402182
0.416638
0.017029
-0.0833216
0.0319336
-0.0547845
0.00781792
0.018444
0.0938392
-0.0376895
-0.00739308
0.294943
0.00327734
-0.0404266
-0.000205115
-0.293876
0.272616
0.115879
0.0315492
-0.0352688
-0.139871
0.0773183
-0.165709
0.0942861
0.146908
-0.0408784
-0.137529
0.0767411
0.0767813
0.0155706
-0.0282115
0.0315595
0.0216429
0.132656
0.0321237
-0.54507
-0.189689
0.0335959
-0.028324
-0.132533
-0.103771
-0.271645
-0.188774
0.0374039
-0.037073
-0.0235131
-0.0758871
0.492647
0.0452383
0.0414924
-0.0245233
-0.502271
-0.125823
-0.108613
0.148495
-0.0458175
-0.0169857
-0.059214
0.0223112
0.0153209
-0.000329843
0.00911912
0.0264048
0.0450049
0.0328747
-0.0286256
-0.02967
-0.0280737
-0.0280975
-0.00381411
-0.0107922
-0.01632
-0.22403
0.304233
-0.0430973
-0.0412411
-0.105332
0.111517
-0.113177
0.0313706
-0.00700491
-0.0263046
0.0113801
0.00618355
-0.011288
0.389179
-0.0126285
-0.00984454
0.0433973
-0.0116722
0.0476704
-0.0460836
-0.0544108
0.0249089
0.00208547
0.00958443
0.0273705
0.0707541
0.054603
-0.0221683
-0.038368
0.0144568
-0.0089542
0.0421296
0.0143227
0.0113483
0.0199205
-0.0387916
-0.0662578
0.00189773
0.00604314
-0.00461531
-0.0228522
0.015164
-0.00302734
-0.0066414
0.041757
0.0451509
0.00759791
-0.0502586
-0.0184409
-0.0331737
-0.025733
-0.00500009
0.00899538
0.0263169
-0.00423121
-0.0252806
-0.0656125
-0.00978246
-0.0480403
0.0628149
-0.0147791
0.0170668
0.0489448
-0.0252228
0.0466994
0.0152121
-0.0586544
0.105501
0.00902028
0.0328547
-0.0291894
0.0294922
0.00537453
-0.0109968
-0.0130013
-0.00828765
-0.103802
-0.00533465
-0.0904114
-0.0412762
-0.0232378
-0.0150438
-0.0246781
-0.0227382
-0.00651447
0.0169318
-0.0220513
0.0957971
-0.0176507
-0.00268968
-0.0363607
0.0486288
-0.0387494
0.0108463
-0.174175
0.0617663
-0.0127525
-0.101541
-0.0239288
0.0589274
0.0366484
-0.00799161
0.0080167
0.00450823
0.119796
-0.0707121
0.0583764
0.0164354
-0.00483254
-0.0388736
-0.0654073
-0.0366833
0.0659598
-0.00123526
-0.0346396
0.0670462
-0.106721
-0.141117
0.153334
0.189577
-0.0534481
0.0376892
-0.00476497
0.0450717
-0.0876222
-0.0649281
-0.152738
-0.117828
-0.00806612
-0.102709
0.0783376
0.183549
-0.0155435
0.0227715
-0.0575349
-0.0616849
0.0691154
-0.0675512
-0.013471
-0.0315099
-0.0117222
-0.00459923
-0.175564
-0.0589092
0.0460399
-0.0510716
-0.106685
0.0188708
0.0969418
-0.114027
-0.178307
0.0697374
0.0760833
-0.146421
-0.120815
-0.193026
-0.0697503
-0.204059
0.0823386
0.0402634
0.131948
0.0970836
0.0445011
0.00287376
0.00807485
0.103451
-0.159527
-0.135769
0.395911
-0.325309
-0.00982384
0.12653
0.207311
-0.211099
-0.0656069
-0.0150445
0.0203534
-0.0856627
-0.0892497
0.75887
0.33534
0.435301
0.159151
-0.024436
0.0062594
-0.134692
-0.229533
-0.0896137
-0.0568968
-0.162903
0.0159356
0.0514201
0.659667
0.132678
0.00594091
0.0149869
-0.317908
-0.00829112
-0.297441
-0.139226
0.152293
0.121993
0.0588251
-0.281237
0.0182657
0.124089
0.0135116
0.114763
0.100127
0.0167039
-0.0222643
0.238115
-0.380494
-0.262398
-0.0944859
-0.0604443
0.0322917
-0.0326029
-0.0162125
0.0219582
-0.224233
-0.0079304
0.00154901
0.0483357
-0.00984639
0.036609
0.0433288
-0.0241042
-0.0468371
0.0179564
0.00560768
-0.00203084
-0.0365289
-0.0402265
-0.0252245
0.0390498
0.0216848
0.00342957
0.00983603
-0.0340217
0.0424231
0.0295249
-0.0287304
0.0323134
0.0207643
-0.00925808
-0.0217671
0.0337919
-0.031894
0.0320275
0.0517689
0.109425
0.0275063
0.00388851
-0.0450216
0.0371732
-0.0457567
0.0380311
-0.0356219
0.0319055
-0.0186481
0.0191691
0.070662
0.0512882
-0.0218196
-0.0259376
0.0474054
-0.0250002
0.00792766
-0.00608577
0.0176952
-0.00610845
0.0257129
0.045894
-0.0207429
0.0228547
0.0226606
0.023692
-0.0101673
-0.107384
-0.00622995
0.144667
-0.123712
-0.071722
0.0145969
-0.0246124
0.0186105
-0.0509719
0.0906226
-0.113842
0.0475708
0.0403567
-0.0218993
-0.00799161
-0.0429204
0.148204
0.0210372
0.0284933
0.0424199
-0.017893
-0.0449529
0.0090815
-0.0297281
-0.00515732
0.062555
0.00477122
0.0273521
-0.0600879
-0.154373
-0.0379355
-0.0139846
0.105689
-0.0253017
-0.0535259
0.0184838
0.0327541
-0.00449391
0.0173095
-0.0279086
-0.024753
0.0314921
-0.0617846
0.00822008
0.0254478
-0.00730724
-0.0145899
-0.0861557
0.0172137
-0.024933
-0.0365689
0.18126
0.0368968
0.209702
-0.0436237
-0.0607408
0.0488046
-0.017866
0.0565563
-0.0360302
-0.0241593
0.0306999
0.00363693
-0.0294152
0.030477
0.0462074
-0.00519291
-0.0132406
0.0449131
0.031388
0.0466051
0.0310416
-0.0260885
-0.0357052
0.0610523
-0.00711888
0.00246955
-0.0433079
-0.0274509
-0.027788
0.0704556
-0.040084
0.00513137
-0.0433521
0.0115401
-0.00965734
0.0157329
0.0557453
-0.0281262
-0.00995369
-0.00130061
-0.107046
-0.0298751
-0.00136617
-0.00249976
-0.00966683
-0.0132232
-0.0177077
0.041088
0.0116211
0.0304522
0.014802
0.0675303
-0.0701022
-0.0641278
0.00404106
-0.0614251
0.0385466
-0.0150154
0.0214352
-0.0036298
0.0441777
0.0388824
-0.0230906
0.00317436
0.00179226
-0.00398651
-0.0425324
-0.0451832
-0.0529298
0.0242827
-0.0377193
-0.0155654
-0.020952
0.0376333
-0.016254
-0.0371509
0.0262691
-0.002057
-0.0133922
0.0143258
0.0297477
0.0162277
0.0690951
0.0231216
0.0497718
-0.0758105
0.0134104
-0.0642816
-0.0175935
-0.00972732
0.0195819
0.0315475
-0.0203615
0.0336904
-0.0198037
0.0392126
0.0458603
0.0042739
0.0857008
0.0435135
-0.0285247
0.0113807
0.0309766
-0.000234385
0.0529151
0.0471461
0.0043221
0.00501109
0.0200519
-0.0107068
0.0199095
-0.00518456
-0.0210289
-0.0681518
-0.0238853
0.0490253
0.0326582
-0.017584
0.0157019
0.00758036
0.00512318
-0.0256719
0.0394063
-0.0340397
0.0320866
0.00729898
-0.00891908
-0.0221397
0.0127099
0.00170304
0.0465119
0.0259457
0.0453721
0.00137273
-0.0424661
0.0430107
0.0122084
-0.0363504
0.0371293
0.0277234
-0.000941669
-0.0269812
-0.0204223
-0.0117001
0.0568313
-0.052241
0.0219714
0.0219889
0.0303139
-0.0477125
-0.00869102
0.0416587
0.0415466
0.0181867
0.0323199
-0.047003
-0.0401066
0.0180705
-0.0394625
-0.0267867
-0.0261645
-0.0508838
-0.0409057
-0.0340331
-0.0339639
-0.00272826
0.00300007
0.0417323
0.0158913
-0.0271829
-0.0368463
0.0387676
0.0359031
-0.0208872
0.028529
-0.069225
-0.0128488
-0.0326017
0.0285247
0.0284504
0.00425884
-0.00292695
-0.0265619
0.0284767
-0.0023752
-0.0273672
-0.0339522
0.00800743
0.00275594
0.0117432
-0.0242013
0.0292717
-0.00782589
0.0423271
0.0615655
0.0400133
-0.0130823
0.026115
0.0394722
0.00411552
0.00994525
-0.0399807
0.0696371
0.0468876
0.0275494
0.0128618
0.0188733
-0.00441394
0.0323088
0.0237898
-0.0334966
-0.0511212
0.0379016
-0.0232607
0.019137
-0.0582713
0.00295005
-0.0152621
0.0451827
-0.031793
-0.0437416
0.00317861
-0.00185809
-0.0131619
-0.0277276
-0.0421525
0.0395297
-0.0369554
0.0203569
0.0446887
-0.0572788
0.0173916
-0.00958342
-0.0362317
0.0219621
-0.0914644
-0.0513708
0.0239787
0.0147084
-0.0247407
-0.0650654
-0.0450156
0.0412983
-0.0565183
-0.00162502
-0.0449725
0.00828549
0.0637838
-0.0235895
-0.0180984
-0.0373202
0.01084
0.0214889
-0.0047151
0.069367
-0.05368
0.01327
0.0422436
0.0116913
-0.027104
0.00953231
-0.0297667
0.00297544
0.0201261
-0.0196764
0.0133555
-0.0685964
0.0308301
-0.0752483
0.0158676
0.108295
0.0607568
0.0464284
0.0229932
-0.0186403
-0.0115108
-0.0370567
-0.037058
-0.0114395
-0.0156408
0.0282515
0.0430825
0.0290582
0.0161528
-0.0613415
-0.00823709
0.0324986
-0.0482366
-0.00248898
0.0635378
-0.0289429
-0.0273574
0.0250176
0.00894391
-0.00531669
-0.0334037
-0.00784171
0.0157994
0.0190345
-0.00883774
0.0254571
-0.0296626
-0.00381213
0.0058233
0.0425325
0.0129719
0.0319055
-0.00771375
-0.0180439
0.0270716
-0.00930623
0.0426942
0.0392695
0.0405927
-0.0150263
-0.00488695
0.0214583
-0.00553613
0.0315924
0.0488593
-0.0327736
-0.0164276
-0.0384269
0.0351148
0.0109257
0.0365374
0.000211473
-0.0113819
0.0135815
0.031159
0.00998557
0.0465962
-0.033689
0.0220727
-0.0376101
0.0356447
-0.0112228
0.0247138
-0.0359354
-0.0436605
-0.0419528
-0.0220963
-0.00567128
0.0266237
0.0364965
0.0123075
0.0271945
0.0429395
0.0338062
-0.0214833
-0.0408587
-0.0264844
-0.0267941
-0.0177936
-0.0487199
0.0289736
0.0229086
0.0260301
-0.0224226
0.00832845
-0.0281316
0.0355163
-0.0387504
-0.0152744
-0.0236439
-0.0407514
-0.0230048
0.0239896
-0.0471766
-0.00774568
0.0161405
-0.0311324
-0.00897532
-0.0278669
0.065548
-0.0251538
0.0378485
0.0484227
-0.00441532
0.0389853
0.0806059
-0.0161202
-0.00041393
0.0436517
-0.0251462
-0.0540775
-0.0391279
-0.00293208
0.017317
-0.0332654
-0.0392109
0.0212818
0.0489616
-0.0853375
0.0288307
0.0184867
0.0721382
0.0141025
-0.0075371
-0.0175208
0.00712861
-0.0299485
-0.0114066
-0.0522812
0.0370861
0.0118115
-0.0245939
0.00629774
0.0524175
-0.00921594
-0.0236836
-0.0436621
0.037903
-0.00432942
-0.0332193
0.108397
0.0814769
-0.0119417
-0.0525936
0.016142
-0.0218593
0.0512292
0.0366795
0.0144647
-0.0249946
0.0380762
0.0767077
0.0601793
0.0156918
-0.0225232
0.0135109
0.0194372
0.0689219
0.0736323
0.0841668
0.0288457
0.0180366
-0.00665141
0.0906115
-0.0150891
0.0284099
-0.0382232
-0.055614
0.00605382
0.0538831
-0.02913
0.0113966
0.0291492
-0.001714
-0.0332447
0.00555884
0.00280058
-0.0453367
0.0650819
-0.00712194
-0.035369
0.0269819
0.011626
0.00933804
-0.00311183
-0.0164629
-0.00529233
0.00296213
-0.0997736
-0.0277458
0.0274272
-0.0267491
0.0200367
0.0151924
0.00246893
-0.00611585
0.0134743
0.0362075
0.0406881
-0.0573085
0.056768
-0.0145428
-0.0222313
-0.0443499
-0.0135193
-0.00530479
-0.000624505
-0.0524711
0.0182932
0.0156669
0.0130578
-0.0318268
-0.0161099
0.0360073
0.0231306
-0.00902105
0.0120706
-0.0416783
0.0306508
0.00653377
0.00389231
-0.0294741
0.0220017
-0.0213798
0.0235355
0.064867
0.00757686
-0.00756869
0.00703723
-0.0339484
0.0481599
0.0436306
0.0478259
-0.0419767
-0.0114374
0.0727348
0.046816
-0.0155342
-0.10755
-0.0582172
0.0388675
-0.0333113
0.0156438
0.0264351
-0.0156034
-0.00634588
0.0183166
-0.048998
-0.0127623
0.00684626
-0.0102638
0.0784516
0.0122129
0.0169278
-0.0329433
0.0133646
0.0414244
0.026808
0.0536954
0.0117359
-0.042481
-0.0223222
0.00658435
0.0354965
-0.0382757
0.0376996
-0.0350238
0.023492
0.0336358
-0.075316
0.0243775
0.00339302
-0.0259197
0.0221048
-0.00156772
0.0487239
0.046305
-0.0405169
-0.0365186
-0.00817131
-0.011477
0.0396329
0.0329566
0.0409107
0.0299059
0.0440966
-0.0193104
-0.0204017
-0.0420334
-0.00717053
-0.00150946
-0.036254
0.0159357
-0.00756896
-0.0123779
-0.0458811
-0.0249975
-0.0387792
-0.00869783
0.0163157
-0.018217
0.0151598
0.00721392
-0.0194814
0.0113535
0.034284
-0.00833917
-0.025645
0.0111805
-0.0269354
-0.0362251
0.0419947
0.0339312
-0.0480628
0.018539
-0.0132162
0.016437
-0.0125346
0.0141167
-0.0192432
-0.0360261
0.0141356
0.00493376
0.0620642
-0.00269935
-0.00895577
0.00674051
-0.0135844
-0.00877785
0.073225
0.0375205
0.0879254
0.0298817
0.0615436
0.0660742
0.084041
0.0373867
0.0197879
-0.0123121
0.0556536
0.0243894
0.000699956
0.0335678
0.00299894
-0.0313021
0.0499214
0.0111637
0.0559317
0.0494492
0.00308642
-0.00361406
-0.0667075
-0.0505926
-0.0513073
0.0359658
0.000285337
0.0419261
-0.0473504
0.00434407
-0.0122831
-0.0182458
-0.0288163
0.014192
0.0154806
-0.0644509
-0.0393223
0.0432474
-0.0627467
-0.00890554
-0.00426059
0.0614177
0.0034115
-0.0135705
0.0281388
0.00801559
0.0169465
-0.0371242
-0.0240618
-0.0371092
0.0333455
-0.0904362
0.0766993
-0.00668897
-0.0070388
-0.022537
-0.0823008
-0.0726836
0.0158028
0.0284837
-0.000776055
-0.0255448
0.0475954
-0.027127
0.0663748
0.00215452
-0.0368991
-0.0439087
0.0153031
-0.0313179
0.035882
-0.0245104
-0.0199453
0.00369654
-0.0271538
0.052163
0.0222153
-0.0708708
-0.0548059
0.0561468
0.0144862
0.000134358
-0.0635707
-0.0908259
0.0131678
0.0253023
-0.0469409
-0.0116009
0.0141604
0.00823159
-0.0322696
0.00492741
0.00515805
-0.0354169
-0.00110946
0.0592036
0.0160841
-0.00617675
-0.0367515
-0.0148234
0.0153705
0.00952768
-0.0255267
0.0137228
-0.000418196
0.0518739
-0.017988
0.0235118
-0.148124
0.0489442
-0.0360322
-0.0132505
-0.029891
0.0328351
0.0316476
-0.0443891
-0.0646045
0.00287825
-0.0253183
0.0232361
-0.00531533
-0.0204956
0.00387388
0.0437929
0.0337258
-0.0358028
0.0114418
-0.0208912
-0.0110582
-0.0248018
0.0454889
-0.020535
0.00194519
-0.0191229
0.0247284
-0.00516258
0.0311027
-0.00200544
0.0316804
-0.0476541
-0.0433259
0.0104247
-0.0399037
0.0282378
0.0307092
-0.0434859
0.0356273
0.0179877
-0.0252606
-0.0354089
0.00720649
0.0179221
0.0398052
-0.0338374
0.018849
-0.000748521
0.0175759
0.0158391
-0.0158951
0.029946
-0.0141257
-0.030616
-0.0455305
-0.030828
0.0353647
-0.0200971
-0.0113006
0.0228955
-0.0168745
-0.0170236
0.0106375
-0.032646
-0.0187674
0.011216
-0.00698161
0.0450548
-0.0250856
0.0107778
-0.00123853
-0.00457055
0.0133519
-0.0335826
-0.0115346
0.028324
0.00901927
0.0329294
-0.0367226
0.000153544
-0.00347234
-0.0367653
-0.0175746
0.0632282
0.034658
-0.0146696
0.038485
-0.00980244
0.0178097
-0.00665988
0.0375517
-0.0066968
-0.0411086
-0.055307
-0.0361544
-0.0625848
-0.0557755
0.0106407
0.0288203
0.000691567
0.0457306
0.0324835
-0.0460966
0.0161554
0.0341965
-0.0208969
0.00968708
0.0448825
0.0455973
0.0341146
0.0419474
0.00405853
0.0179346
0.017516
-0.0343439
0.0170959
-0.0292824
0.0653071
0.0710357
0.0405753
0.0859712
-0.044462
-0.0598386
0.00238877
0.0406343
0.00351133
-0.0501768
-0.0523209
-0.0221205
-0.0188813
-0.0428014
-0.055283
0.0256198
-0.00868299
0.0244943
-0.0640774
0.035314
-0.0241379
0.00498814
-0.00861067
0.0118974
0.0615613
-0.0103
-0.0323237
-0.00727744
-0.0145604
0.00367994
0.0191679
0.0150765
0.00144598
0.00532097
0.0240612
-0.0397668
0.00738601
0.0240219
0.0341071
-0.0071508
-0.00968181
-0.00359318
0.0676792
-0.0474301
0.0397847
-0.00617657
0.00779283
0.0525937
-0.00306035
-0.0174288
0.0453754
-0.030317
0.0156656
-0.0250698
-0.0293883
-0.058766
-0.00458283
-0.00448919
-0.0415125
0.0370904
-0.0240435
0.0693713
0.0424142
-0.0348193
-0.0365805
-0.0135013
-0.0130936
-0.0569124
0.00275928
0.0287565
0.0256759
-0.0465618
-0.0122323
0.0248765
0.0341712
-0.0143988
0.0389116
-0.0357937
-0.0177509
0.0396794
0.00805113
-0.0160432
-0.0314395
0.0501759
-0.00949806
0.0142843
-0.00757418
0.0855681
0.0296817
0.047432
0.00649661
0.00716705
-0.0467553
0.00601616
0.000263932
-0.0182812
-0.0544632
-0.0372589
-0.0101052
0.0351731
-0.00223344
-0.0273651
-0.0408166
-0.0183661
-0.032802
-0.0178913
-0.0458807
0.0486917
0.0154582
-0.039399
-0.0116406
-0.0192608
0.00359024
0.0476997
-0.0276791
-0.000752812
-0.024727
-0.0312021
0.0091523
0.036601
-0.0176485
0.00324772
-0.0507162
0.0216269
0.00595994
-0.0157062
-0.0440295
-0.047672
0.0378562
-0.0255091
-0.012206
-0.012638
0.0483268
0.00232021
0.0195916
0.0234011
0.0260991
0.0167902
0.0280587
0.0456333
0.0330276
0.0112237
0.0336171
-0.0318082
0.00796573
-0.0127317
0.0142246
0.0330988
-0.00224249
0.0269173
-0.0377947
0.0190913
0.0478984
0.0241912
-0.0142997
-0.0104948
0.0410906
0.0102839
-0.0455815
0.0307133
-0.0172466
0.059274
0.0148646
0.0264583
-0.0442135
0.0378072
0.00129773
-0.0475288
-0.0194124
0.0162721
-0.0302036
-0.0107017
0.00431504
-0.0299642
-0.0330753
0.00294777
-0.0358785
-0.0205531
0.0345356
-9.4817e-05
-0.0184971
0.0238974
0.0710203
-0.0357318
0.0253105
-0.0428735
-0.0369027
-0.0236152
0.000673476
-0.00288439
0.0687851
0.0181761
-0.00234074
0.0380303
0.0556436
-0.00930921
-0.0218639
-0.060819
0.0116235
0.00472494
0.00695033
0.0150143
-0.0191231
-0.0263624
0.0615531
0.0251656
0.0166031
-0.0363679
-0.043572
0.0161571
0.00121802
0.00287726
-0.0307029
-0.0511062
-0.0393138
-0.0404139
0.0293906
-0.016083
0.0388461
0.0460028
-0.0370995
-0.00995346
-0.0337302
-0.0560156
0.0571262
-0.0215086
0.0522617
-0.028195
-0.0305404
-0.0171328
0.0463164
0.0123937
0.0242266
-0.00181503
-0.00108362
0.0135395
0.0449989
0.0321143
0.0213566
0.00379998
-0.0149734
0.00909113
-0.0502943
-0.00535631
-0.0349325
0.0416521
-0.00769612
-0.0337633
-0.000656431
-0.00304487
-0.0362504
-0.0468226
-0.0651687
0.0161026
-0.0567973
-0.0262799
-0.0104406
-0.0271367
0.0337873
0.0568573
-0.0134407
-0.0343337
-0.0294261
-0.0205193
0.0033597
-0.0311928
0.0397704
0.0404353
0.0460455
0.0290471
-0.0318043
0.0220081
-0.0111072
-0.0144835
-0.0418872
0.00501
-0.0395093
0.00370749
-0.0101951
-0.0313896
0.000872236
-0.018783
0.0397713
0.0637855
0.0413373
-0.0517827
0.0588275
0.0247698
-0.00444513
-0.0441767
0.0265328
-0.0182979
0.0289515
-0.0117396
-0.0342179
-0.0413518
-0.0239212
0.0656697
-0.00369878
0.0106224
0.0390324
-0.0338415
0.0466607
-0.0468626
-0.0336174
0.0145612
-0.035531
0.0462685
-0.0476361
0.023454
-0.00293599
0.0311261
-0.018627
-0.00822736
0.039307
-0.0183655
0.0297283
0.0164879
-0.0335819
0.0204644
-0.00673062
0.0279058
0.0246074
-0.00458829
-0.0441328
-0.050027
0.032936
0.032359
-0.0413205
0.0266373
0.0266833
-0.000296679
-0.00753632
0.037252
-0.0362832
0.0490644
-0.0110427
0.0495368
-0.0259285
-0.0112742
-0.0134026
0.033125
-0.011176
-0.0185603
-0.0386636
0.0392385
-0.0142133
-0.00778983
-0.0230306
-0.0297213
0.0216088
-0.0453199
-0.0130437
0.00541999
-0.00787371
0.0124338
-0.00435859
-0.00900097
-0.0302731
0.0281653
0.0030671
0.0103331
0.0172166
0.0269766
0.00495744
-0.0194265
-0.0124303
-0.0263259
0.0422998
0.0156599
0.0412387
0.0121277
0.0260428
0.00876526
0.0424358
-0.0388606
-0.0182465
0.0109231
0.0236921
0.0357503
-0.0439165
-0.131932
0.0394836
0.0273369
0.0102786
0.0117252
0.0358481
-0.0438681
-0.0199882
-0.0569256
-0.0516707
0.0173743
0.0307284
-0.0705291
-0.0129208
-0.0767016
-0.0304064
-0.0236375
0.0456109
0.0104485
-0.0353564
0.0438402
-0.0302054
0.0284383
-0.0110292
-0.025715
0.047244
0.00689556
-0.0433364
-0.000849223
-0.0238117
-0.023141
-0.0319127
0.0136767
-0.0463657
0.0480239
0.0671145
0.116401
0.0395829
0.0587521
-0.10171
0.02755
-0.0144508
-0.0230716
-0.0117936
0.00708603
-0.00141721
-0.0348641
-0.019292
-0.0568432
0.00370234
0.0415331
-0.00146503
0.0250585
-0.0125172
0.0308867
0.0200201
-0.0058837
0.00783584
-0.0839853
-0.0263603
-0.0385588
-0.0526666
0.0553606
0.0310318
-0.0451012
-0.00524492
0.01279
-0.0131011
-0.0142722
-0.0525565
-0.0100194
0.0478196
-0.0321119
-0.00809761
0.00477364
-0.00849496
-0.00711026
0.00799673
-0.0264909
0.0160506
-0.00478282
-0.0172852
0.0131234
-0.0409171
-0.0705081
0.054747
-0.010107
-0.000304853
0.0560832
0.0212037
-0.00308341
0.011055
-0.0347213
0.00928103
0.00732695
-0.0378721
-0.0164736
-0.00502729
0.034595
0.0456978
0.0266607
-0.0418385
-0.0352652
-0.0168861
0.0130375
0.0441891
0.0375844
0.0479674
0.0288876
0.0144625
0.0211432
-0.0243608
-0.0481904
-0.0307244
-0.0135884
-0.0058656
0.0436439
-0.00887039
-0.0346823
0.0415648
-0.0486185
0.0283248
-0.00704111
0.00339835
0.043127
-0.00748468
0.00761815
0.00677935
-0.0485437
0.0243753
0.00224789
0.0250328
0.0393463
0.00991707
0.0338206
0.00600691
-0.0420529
-0.0342626
-0.00447874
-0.0284471
-0.0658001
-0.0346649
0.0407085
-0.0133987
-0.0194233
0.0463205
0.0200199
0.00357148
0.0273032
0.00939611
0.0361194
0.01771
0.0377125
0.0201402
0.00971588
0.0213057
0.0111432
-0.0319302
0.0443351
-0.0362382
-0.0443282
-0.0434988
-0.0345135
0.0010398
0.0272122
0.0310623
0.0395538
0.0168609
-0.0105359
-0.0293515
-0.0147057
0.00127532
-0.0283071
-0.0442195
0.0422084
0.0228401
0.00635676
0.00147156
0.0484962
-0.0370827
-0.032558
-0.0220096
-0.0232093
-0.00174334
0.00304133
0.0307632
-0.0190452
-0.0126003
-0.0326878
0.0252199
-0.0448801
0.00915124
-0.0248454
0.0345145
0.00656183
-0.00990405
-0.0237295
0.0318483
0.000315845
0.0250543
0.021761
-0.0153975
-0.0418314
0.0466299
0.0158636
0.0177667
-0.0397696
0.0421382
0.0383054
-0.0461864
0.0167692
-0.0267959
-0.0165421
-0.015263
0.0454856
-0.0446877
0.0428827
0.039331
0.040759
0.000191238
0.00840586
0.0026683
0.00500939
-0.0128088
0.0625692
0.00178893
-0.0181802
-0.0246383
0.0539318
-0.00657565
-0.052686
0.00578905
0.049775
-0.0162077
0.0490568
-0.0272119
0.0483182
-0.0442676
0.0807778
-0.0114838
-0.047251
-0.028644
0.0485976
0.0464336
-0.00794087
-0.0750007
-0.0284201
-0.0266335
-0.0534329
0.0119293
-0.00229139
0.0200255
0.00756608
0.0224971
-0.00192892
-0.0244802
-0.00722682
-0.0267394
-0.0534763
-0.0304711
-0.0504445
0.00336245
-0.028327
0.0194899
-0.00296923
-0.0174303
0.02607
-0.00379324
0.00536464
0.00722605
-0.0538925
0.0523254
-0.00013684
-0.0196966
0.0121774
0.0779155
-0.0324599
0.01327
0.0202595
-0.000843638
0.0336672
-0.0746231
0.0405334
-0.0443359
0.0429266
0.019316
0.0166818
0.0378806
0.0350806
0.114295
-0.0105486
-0.0402221
-0.0840255
0.00423594
0.00414374
0.00555718
0.0337324
-0.00492208
0.0200729
-0.0572103
0.0129644
0.0310531
-0.0864523
0.0465958
0.0395909
-0.0565194
0.0416955
0.0377224
0.0269938
-0.0130074
0.00834426
-0.0410037
-0.0234555
-0.00809891
-0.0332275
0.0156778
-0.00637063
-0.0393949
0.0417382
-0.019248
0.0189256
-0.0354079
-0.0165186
-0.0381593
0.0191279
0.045085
0.0446155
-0.0426867
-0.0404347
0.022585
0.0313596
0.0407413
0.0133817
0.0291706
-0.0280108
0.041678
-0.00375098
0.0376366
-0.0406359
-0.00252689
-0.00108203
0.0135647
0.0479501
0.0321894
0.00790698
-0.000465487
-0.0334741
-0.0321156
0.0249233
-0.00806259
-0.0507572
0.0264676
-0.0100192
0.0430583
0.00760572
-0.0118973
-0.0160985
0.0439329
0.0271816
-0.00461277
-0.0317043
0.0180589
0.0053811
0.0353469
-0.0483656
0.0380109
0.047551
-0.0132696
-0.0426322
0.0482395
0.00300913
-0.0293715
0.00281981
-0.00106304
0.00407957
0.0199868
-0.0118615
-0.0430898
0.0190166
-0.0286969
-0.0257401
0.0513814
0.0297542
0.00535016
-0.0398747
-0.0293611
-0.0240976
0.0110538
-0.00409382
0.0401897
-0.00511581
0.0297246
0.0186218
-0.00412542
-0.0158935
-0.0441106
7.57337e-05
0.0203825
0.0402177
0.00977073
0.00920716
0.0226904
0.0176789
0.0466124
-0.0404215
0.00694834
0.0120435
0.0226755
-0.0118529
0.0459273
0.00130285
0.0210893
-0.0241124
0.012583
0.0478496
0.0192565
0.0665788
-0.0019633
0.0207901
-0.0201655
0.0249344
-0.0118731
-0.0332725
0.0313748
0.0395305
-0.0513457
0.0654984
-0.25014
-0.16885
-0.103844
-0.02402
0.131771
-0.0273113
0.0150894
-0.068463
0.0322551
0.0372037
-0.0552201
0.00839773
-0.0145702
-0.01677
-0.0695124
-0.0422165
0.0750066
-0.0810107
-0.0481277
-0.0771636
-0.060642
-0.0542223
-0.0176047
0.370434
0.11924
0.142438
-0.0450618
-0.0728343
-0.0104194
-0.0334235
0.058121
-0.0417893
-0.0619892
0.10764
0.106025
0.0654841
0.0213818
0.0862475
0.00922891
0.000796488
0.104952
0.0103189
0.0346624
-0.0149347
-0.0330196
0.0154902
0.0683389
0.0452305
0.0778556
-0.114698
-0.0763162
-0.000494521
-0.0487713
-0.0819455
-0.0485356
0.000385657
-0.0392313
-0.0425869
0.0354136
-0.0333751
0.0565505
0.062283
0.133256
-0.00463233
0.0444963
-0.0256863
0.0139594
-0.0183144
-0.00821599
0.0105258
0.0296406
-0.116495
-0.0198793
-0.0226048
0.00493179
-0.0872989
-0.0395793
0.0517592
-0.0517974
0.0510171
0.0170594
0.00614001
-0.0150621
-0.117971
0.0246831
0.00521942
-0.0421013
0.0486983
-0.0481326
-0.0291491
-0.0181544
-0.0211829
-0.0287264
-0.0424971
0.0207174
-0.0366279
-0.0287204
0.047507
-0.000738452
-0.019906
0.0088759
0.0356218
0.0107063
-0.00539838
-0.0301955
-0.000860091
-0.0173704
0.0555897
0.139736
-0.0855788
-0.0289514
-0.0156963
0.0583388
-0.0136849
0.0366503
-0.000787934
-0.0370711
-0.0190763
0.0775942
0.0784688
0.0329373
0.0115603
-0.001926
0.0171741
0.0381928
-0.0172769
-0.0473112
0.0593651
0.0253807
0.00105165
0.04631
-0.0181995
-0.0213826
0.0114657
0.0146298
0.0187043
0.055765
-0.0399948
-0.00865656
0.0473433
-0.035248
0.0538897
-0.0446439
-0.0137595
0.0244007
-0.0473415
-0.00430461
0.0421812
-0.0464605
0.0170346
0.00386596
-0.00774537
-0.0193088
0.0317525
0.0396664
0.00426971
-0.0156114
-0.013073
-0.00183194
-0.037225
0.0128321
-0.0015226
0.0225381
-0.00886385
-0.0568271
0.042029
-0.0423381
0.0451187
-0.0411435
0.0477655
-0.000403657
0.0422925
-0.0352812
0.0382923
0.0340493
-0.027086
0.0441955
-0.0400513
0.0036393
0.00373844
-0.0410675
-0.0303919
0.012099
-0.0449714
-0.0079935
-0.0100005
0.0402972
-0.000898214
0.0306992
-0.0368733
0.0345358
0.0485547
0.0392658
-0.0156701
0.0162327
0.0319615
0.0235334
0.00347062
-0.0041325
-0.050411
0.0183047
0.0743261
0.0488833
-0.0136026
-0.0783719
-0.0467074
0.0195076
-0.0228921
-0.00445494
-0.0158954
0.0108473
0.0928995
0.0602523
0.0391735
0.0392428
0.0286109
0.075294
0.0591619
-0.0053171
0.0045329
0.00636148
0.0208855
0.0308951
-0.0287272
-0.0297275
0.0216571
0.0496357
-0.000557085
-0.048147
0.0271552
0.0136001
0.0168556
0.0363053
0.00140537
0.00225194
0.0047203
0.0110405
-0.0242222
0.0346847
0.0373454
0.0302164
-0.0366697
-0.0394764
-0.0507826
0.0111362
-0.0333443
-0.0099723
-0.0107554
-0.0222353
0.0262232
-0.0236712
-0.0473441
-0.0119161
0.0626964
0.0513544
0.0339102
0.0177894
-0.0796658
0.0417324
0.0571348
0.0518458
-0.0149219
0.000940639
0.027527
-0.0541674
-0.0344778
-0.0332535
0.109348
-0.0641335
-0.0960326
-0.119598
0.0215519
0.0325467
0.10825
0.0341829
0.0222137
-0.00359981
0.0239483
-0.000622768
-0.0691484
-0.0344876
-0.017294
0.0193317
-0.00509635
-0.00624822
-0.0663668
-0.0573468
0.0326127
-0.0315575
0.085638
0.0367802
-0.0100376
0.0551688
-0.00486826
0.084825
-0.0773652
0.10304
0.0592966
0.0337706
-0.0476087
0.0457082
0.00299186
-0.0379511
-0.0462723
0.0495569
0.0119752
0.0445762
0.000556061
-0.136953
-0.0694815
-0.0279429
-0.0367772
0.0253469
0.0307531
0.000528133
0.0118738
-0.0170691
0.0362904
-0.00411464
0.106512
-0.0519031
-0.0693806
-0.00458148
0.0377163
0.0513919
0.0133878
-0.0367296
0.017849
-0.0909048
0.00739088
0.00181006
-0.0356146
0.0126614
0.00581742
0.0458546
-0.0477159
-0.0211448
0.00913377
0.00215743
-0.0395447
0.0297243
0.0240699
-0.0207808
0.0406589
0.043851
0.0299712
0.0326852
0.0184116
0.0127
0.00177228
-0.0373744
0.0133634
0.0336378
0.00234999
0.0291268
0.0305988
0.0329229
0.00855281
0.0591894
0.0729444
-0.0477585
0.033765
-0.0135496
0.0507635
0.0101524
0.0413767
-0.0175232
-0.0222464
-0.0216306
0.0358946
0.00244233
0.0231634
0.0020363
0.0114572
0.048038
0.0475566
-0.0449873
-0.00981223
0.042503
-0.0278156
-0.0496025
-0.0351254
0.00657567
-0.00698748
0.0210912
-0.00602107
0.0138697
0.0320935
-0.0415898
-0.047852
0.00311268
0.0262414
0.0266827
0.0461916
0.0128346
-0.0247304
-0.0822084
-0.00818674
-0.00198693
-0.00824446
0.030078
-0.00960761
0.0376042
-0.125526
-0.0334353
0.00302527
0.036563
-0.0450734
0.0312001
-0.0134401
0.00711354
-0.0416475
-0.0219293
0.043983
-0.0158868
0.260333
0.158756
0.0815067
-0.0719097
-0.136022
9.94028e-05
-0.0252451
0.0387352
-0.0776564
-0.0245278
0.040765
-0.0475928
-0.0179346
0.0401145
-0.0132306
0.0448941
-0.0771733
-0.0129662
0.014131
0.0878068
-0.0408074
-0.00569958
0.00220801
-0.212237
-0.0201419
-0.155207
0.0166704
0.0342573
-0.102073
-0.00458415
-0.0414652
-0.0165912
0.0354593
-0.0703079
0.0278885
0.0498446
0.067884
-0.0580554
0.000616058
0.00476433
-0.035453
-0.0339447
-0.0299766
0.0160826
0.0253046
0.00265255
-0.0243129
-0.0869475
0.0365817
0.020246
0.00753202
0.0407593
-0.0248218
0.0680819
-0.00538879
-0.0306822
0.0369737
0.0736567
0.0305064
-0.0666981
0.00874613
0.0289918
0.0109519
0.000515666
-0.0271075
-0.0119901
-0.0245127
0.00872553
-0.0369294
0.000816212
0.0461572
0.112941
-0.0328822
0.0421815
0.0222915
-0.0193733
0.0265904
-0.0230522
-0.0346678
-0.0650553
-0.0357812
-0.0375147
0.0146858
0.13779
-0.004757
-0.0278905
0.00726453
0.083563
0.0565171
0.0318228
0.0278876
-0.0457059
0.0352795
-0.0222831
0.0143351
0.00282566
-0.0258054
0.0326392
0.0469006
0.0146882
0.017315
-0.00106121
0.0313949
-0.0213083
-0.0261897
0.027025
-0.034732
0.0373218
-0.0409323
-0.00245644
0.00536316
-0.0454611
0.039512
-0.0328405
-0.138739
0.038193
-0.0335856
-0.0226396
-0.0455975
-0.0797403
-0.0584947
-0.0688438
0.0399804
0.0167141
0.0422795
-0.0325355
0.00476653
0.0224123
0.0099005
-0.0352941
0.0420992
0.037683
-0.0107297
-0.015537
0.0220159
-0.00838519
0.0321001
-0.0106652
-0.00806005
0.0444244
-0.0366478
0.025446
0.00728811
-0.00544259
0.0271485
-0.0359686
0.0400355
-0.0168275
-0.0249049
-0.00110174
0.0376324
0.015682
-0.0112081
-0.00225752
-0.0307115
0.00104425
0.00713566
0.0413611
0.0127781
0.0440874
0.0280729
0.039848
-0.024165
0.0139108
0.0520179
0.0165256
0.00203091
-0.0429754
0.0163029
-0.0415339
-0.0460899
0.0218419
0.0104074
0.0161941
-0.0286078
0.00160209
-0.0141191
0.00726191
0.000674116
-0.0380576
0.0447442
-0.0250278
0.0140868
0.0167406
0.0394144
-0.0171508
0.00668127
-0.0464272
-0.00911663
0.0187748
-0.0283974
0.0489944
-0.00871893
-0.000683198
-0.0210838
0.0062766
-0.0110827
0.0171377
0.0504927
0.0163225
0.019213
-0.0358501
0.0385044
-0.0249642
-0.0878989
-0.0477422
-0.000967741
0.0655923
0.0138103
0.0326002
-0.00610791
-0.0387277
-0.0231958
-0.0800315
-0.0954679
-0.0185493
0.0127846
0.0271062
-0.0384829
-0.00582433
-0.0174672
0.0374121
0.0352063
-0.0393901
-0.00376666
0.00724038
-0.00161518
-0.0650576
-0.0637603
0.000668578
-0.0578831
-0.00337845
-0.0290073
0.0379287
-0.00475823
-0.0562543
0.0420065
0.0660245
0.0741546
-0.0104103
0.0439327
0.0153326
0.0295643
0.0897633
0.0560019
0.0689817
-0.0437048
0.0201404
0.00692335
-0.00490675
0.0474493
0.0579783
-0.0217938
0.0494459
-0.000949128
0.0149656
0.00195722
0.0262623
0.0178094
0.0189168
0.000546541
0.00162739
-0.0298142
0.0172123
0.00168916
-0.0254627
0.0486187
0.0193898
-0.0252711
-0.0340864
0.070846
-0.0211727
0.0441291
-0.0395508
0.00702889
-0.026089
0.00632639
-0.0110081
-0.0158557
-0.0567833
-0.0924797
0.0301599
0.0098809
-0.0414251
-0.0424438
-0.0099981
0.0725731
-0.00708615
-0.0244819
-0.0815585
0.000736997
0.0488655
-0.0243683
-0.0835336
-0.00834934
-0.0231266
0.0429343
-0.0137654
0.0242241
-0.0474593
0.118722
-0.03219
-0.0429288
-0.0299688
0.0277281
0.0184941
-0.0535352
0.124139
0.0470263
0.0273757
0.0290911
0.0233198
-0.0507581
0.00869689
0.0498877
0.00925392
0.00122135
-0.0236036
-0.0460195
-0.0920527
0.0169757
0.0279894
-0.0157817
-0.0379752
-0.0420538
-0.00853793
-0.0254196
-0.0413968
0.0320483
0.0416969
0.00340888
-0.020802
0.0536801
-0.0482794
0.0157734
0.0147143
0.0420258
-0.0475583
-0.0107911
-0.0315103
-0.0358769
0.0192451
0.0122938
-0.0197975
0.0209423
0.0110763
0.0130798
0.0121921
0.0020547
0.0231397
0.0514957
0.0261266
-0.00785676
0.00430725
-0.0168398
-0.0222084
0.00404088
-0.0284411
-0.0222833
0.00679541
0.0245553
0.0174096
0.0448116
-0.0499134
-0.0325163
0.0139517
-0.0169801
0.0370711
0.0171625
0.0223479
0.0173084
-0.0429256
-0.0308499
-0.0493282
0.0262977
0.00874059
-0.0239399
0.0179316
-0.0255362
0.0337718
-0.0340742
-0.00795028
0.0469078
-0.0364041
0.0183813
-0.0180304
0.0329077
0.0100313
0.0107047
0.0131613
-0.0137281
0.0372173
-0.0117018
-0.0427142
-0.00833271
0.0343127
0.0521532
-0.0900298
-0.000887997
0.0482821
0.0352043
-0.045473
-0.0105631
0.0295633
0.0625613
-0.0244841
0.0239415
0.0192686
0.00509269
-0.0462936
0.0180752
0.0435505
-0.0321859
-0.00528562
-0.0317872
-0.0564461
-0.0920742
-0.088664
0.0397167
0.0375427
-0.0471617
-0.0471422
-0.0629236
-0.017838
0.0475362
-0.0195941
-0.0392084
0.00861901
0.0241014
-0.103656
-0.0361622
0.0567403
-0.110084
-0.0487875
-0.0335159
0.0241029
-0.0203332
-0.0542734
0.140478
0.0650692
0.106824
-0.0358008
-0.0680631
0.0657627
-0.0552163
0.0686999
-0.000685178
-0.00688796
0.0260693
0.0045224
0.037093
-0.026681
-0.00699273
-0.0367822
-0.0448032
0.117714
0.0216833
0.080812
0.000439816
0.039762
0.0480231
0.021921
0.0779051
0.029047
0.0203551
0.024123
-0.0406652
-0.0110084
-0.00194807
0.0209296
0.0244223
-0.0185165
0.00237765
0.0498067
0.056968
0.00527776
0.041651
-0.0598664
-0.0464769
0.0324659
0.0165154
0.0026976
-0.0272693
0.0231655
0.0347553
-0.0293849
0.0189977
-0.0400449
-0.0708984
0.0290944
0.0223029
-0.0237736
-0.0446463
-0.0298628
-0.0340947
-0.0100732
0.0354818
0.0341645
0.0077191
-0.0318155
-0.00832506
-0.0216113
-0.0864182
-0.0353832
-0.0170819
0.0239794
-0.0293678
-0.0243912
0.0247377
0.0287096
0.0118964
-0.0473093
-0.024031
-0.0467562
-0.0326846
0.0477247
0.00164114
-0.0272709
0.00798607
-0.00281772
0.0612807
0.00150401
0.0306919
-0.0215321
-0.0733757
0.0284319
0.0397302
-0.0238755
0.039224
0.152117
-0.0106852
-0.003015
0.0323884
0.106157
-0.00324753
0.0739109
0.0802339
-0.0128375
0.015806
-0.0140822
0.0333864
-0.022963
0.054361
0.00986864
-0.038353
0.0358309
-0.031744
0.0467982
0.0358048
-0.026863
0.0158622
-0.0124543
0.0139221
-0.0441274
-0.0266762
0.00538662
-0.0156011
0.00855148
-0.0203203
-0.0102113
0.0178801
-0.00654157
0.0374456
-0.0414713
-0.0315774
0.010283
-0.0404897
-0.00460016
0.0117278
-0.00156936
-0.0330226
0.0454033
0.0282323
-0.0197193
0.0145281
0.0124568
-0.00176537
0.0086603
-0.0412394
0.0241956
9.91404e-05
-0.0121412
-0.0219814
0.0324124
0.023155
-0.0161291
0.0461507
-0.00167948
0.0231554
-0.0198859
0.037926
-0.0437464
0.0242846
0.0441368
0.0253044
0.0294012
-0.0246134
0.0471915
0.0163048
-0.0116628
0.00789934
0.0323369
-0.0369922
0.033279
-0.0195971
-0.0356033
0.0224722
-0.0282151
-0.0105018
0.0372229
-0.0210435
-0.0318542
0.0265489
-0.0507587
-0.0237737
-0.0384477
0.063298
0.0404988
-0.0415097
0.0480398
0.0157118
0.0491033
-0.0727643
-0.0339843
-0.0312985
-0.0240873
0.0886521
-0.0018443
0.0401526
0.0257736
0.0397815
0.0278467
0.0412208
0.0556004
-0.0262338
-0.0201024
0.0214246
-0.0207345
-0.00169739
0.0481462
0.0205593
0.024969
0.0324747
0.0281047
0.0257629
0.0407014
0.0123694
0.037104
0.0068958
0.00554295
0.0460134
-0.0296456
-0.0412094
-0.016601
0.0238661
-0.0157198
-0.0168049
-0.0616225
-0.0425372
-0.0204145
0.0379143
0.0350034
-0.0544974
0.0139997
0.00623215
-0.0201612
-0.00982514
0.043867
-0.0257194
0.0270406
-0.0164034
-0.0108192
0.0359845
-0.115771
-0.0400146
0.0263098
-0.0436807
-0.0401794
0.0471672
-0.00713385
0.0276236
0.0285864
0.0285437
0.0504409
0.0784241
0.0480244
-0.0272773
-0.0394152
0.036647
0.0278199
0.100179
-0.101295
0.099392
0.0235889
-0.0374063
0.015545
0.0167558
0.0129875
0.01574
0.0506433
-0.00664587
-0.0334942
0.0180037
-0.0152815
-0.0611855
-0.0387802
-0.0444263
-0.0318578
-0.0309832
-0.00232278
0.00547983
-0.00790799
0.0210114
0.0344615
-0.033032
-0.119672
-0.0567059
0.0394583
0.0327229
-0.0368126
0.0185323
-0.0311469
-0.0324181
-0.0629447
0.0284702
0.015154
0.0221847
-0.0236321
0.00526734
-0.0687837
0.0529378
0.0195393
0.00719216
-0.00573768
-0.0343074
-0.0204775
0.0541979
0.0233622
-0.0184692
0.0668816
-0.0395427
-0.0380002
-0.0151212
-0.0780995
0.0414141
-0.0218661
-0.0129326
0.0437243
0.0200706
0.00409065
-0.0103106
0.0399991
0.0194464
0.0277712
-0.0262144
-0.00821712
0.019152
-0.0262941
0.0477762
-0.00471048
-0.00219566
-0.00891333
0.0117236
0.00941177
-0.0160148
0.0292572
-0.0449711
0.038073
0.0120409
-0.0346304
0.0377293
0.0201665
0.0190222
-0.0233983
-0.00373413
0.0263739
-0.0462888
0.0432316
0.0446465
-0.0298001
0.00134335
-0.0297463
0.023079
0.0318365
0.00691863
0.0478282
0.0231372
0.046034
0.0211367
0.0249762
-0.0204861
-0.0481203
0.0115621
0.0322232
1.68307e-05
-0.0145016
0.0144987
-0.0476392
0.0466109
-0.0418041
-0.0453635
0.0389832
0.0477448
-0.0585334
0.000688348
-0.0209499
-0.0268681
0.0381325
-0.00202118
-0.0203662
0.0117342
-0.0357384
0.0497505
0.0159041
0.029691
-0.0199687
-0.0245516
-0.0403534
-0.0290281
-0.00898614
0.0481461
-0.00884517
-0.0271511
-0.0558518
0.0393388
-0.00425219
0.000663289
-0.0348817
0.0431284
-0.00177661
0.0976658
-0.0167512
-0.0238795
-0.0382228
0.00319625
0.0381824
0.00436911
-0.0223178
0.0168454
0.0128837
-0.049956
-0.0255665
-0.0333149
-0.0107504
-0.0162054
0.0406659
0.00933337
-0.0176928
0.00219939
-0.0585418
0.0107458
-0.000669099
0.0463238
-0.0117856
-0.021875
-0.00493571
0.0389213
-0.051646
-0.0822324
-0.00935773
0.0119018
-0.0405514
-0.0204595
-0.0264316
0.00427336
0.0399179
0.0356459
0.0247566
-0.0154398
0.0131451
0.0251812
0.0290723
-0.0791509
0.0459243
-0.0600866
0.0416416
0.102612
-0.0127068
0.00737121
-0.010524
-0.00264596
-0.0396765
0.00947393
-0.0141476
0.0215807
-0.0442783
0.000229285
-0.0433197
0.0924775
-0.0215781
-0.0102011
0.0265119
0.04451
-0.0575084
0.0132584
-0.0381909
-0.0017994
-0.00929383
-0.0447743
-0.0293635
0.0100816
0.0101558
-0.0399061
0.00307796
-0.0244264
0.015081
-0.0614189
-0.00712002
0.0234845
-0.0159359
0.00350527
-0.0150881
-0.050282
-0.00976104
0.024176
0.0237689
0.0473595
0.0240736
0.0172826
-0.00945146
0.00172738
0.0559162
0.0557332
-0.0251627
0.00853326
-0.00790345
0.00267482
0.0378559
-0.041789
0.0039171
-0.0017195
0.0247849
-0.0419947
0.00948706
0.00541954
0.0392671
0.0420692
0.0359828
0.0020557
-0.0828017
-0.0188247
0.0331635
-0.0219808
0.0225211
-0.0330832
0.0304808
0.0200101
0.0428983
-0.0844352
0.00938184
-0.0377045
-0.0250738
0.0337094
0.00799195
-0.0225556
-0.00761038
0.00848935
0.0290032
-0.0301898
-0.0116805
0.0221332
-0.0296343
0.0386109
-0.00735569
0.0774219
-0.024985
-0.0305083
-0.0276805
-0.0261833
-0.0480743
0.00655761
0.0325985
0.032045
0.0403174
0.0407153
0.0251044
0.030696
-0.0459517
-0.0106171
0.0331959
-0.0077404
0.00416411
0.0384353
-0.00779803
0.05814
-0.0293035
-0.0297221
-0.0237074
-0.0366865
-0.0484358
0.0438206
-0.0412942
0.0336704
0.00842347
-0.020578
-0.00960209
-0.00859982
0.04699
0.013566
0.0187906
0.0175995
0.0169024
0.0235859
0.0177172
-0.0152308
0.0414631
0.0342648
0.0405329
0.0131797
0.0462995
-0.0161867
-0.0171283
0.0374005
0.0288696
0.00339689
-0.0390446
-0.0377035
-0.0466256
-0.0161548
-0.0329335
-0.0384182
-0.0393006
-0.001394
-0.0221076
0.0160326
0.0163903
-0.0287309
-0.0455847
-0.0444258
-0.0171123
-0.0300499
0.0413613
-0.0371277
0.0202941
0.0879846
-0.047996
-0.0143503
0.0333999
-0.0259073
-0.032827
-0.0450519
0.0548646
-0.0353896
0.0492557
0.0610225
0.0184449
-0.0419217
0.0170525
0.0515382
0.0296261
-0.0154727
0.0247113
0.0267242
0.00125512
-0.00701119
0.0515538
-0.0296436
-0.0449751
-0.0721592
-0.0208112
0.0139874
-0.00629384
-0.0556792
0.0179169
-0.0476046
-0.0375614
0.0137987
0.0430602
0.0167105
0.0195096
-0.0450061
-0.0447051
-0.0435877
-0.00246208
0.0215392
-0.0611161
-0.0473563
-0.0241839
-0.058102
0.0206519
-0.037221
0.0504628
-0.0257398
0.0497016
0.0228885
0.0363927
-0.0358746
0.0130511
0.0328919
0.0392637
-0.000258213
-0.00528021
0.0168936
-0.136596
0.0958964
-0.0162414
-0.0709304
-0.00466597
-0.0207553
-0.035095
-0.0437499
0.046908
0.0141675
0.00887145
0.0146764
-0.0268696
0.0392443
-0.0415248
-0.0287609
-0.0418692
-0.016289
-0.00194977
-0.0205834
-0.0567621
0.00679258
0.0316584
0.0548912
0.0415415
-0.0270852
0.025051
0.0174852
0.029789
-0.0362127
0.0533784
0.0514103
0.000220106
0.0431675
0.067277
-0.0107637
0.0414741
0.0540235
0.0101735
-0.0194509
0.0304069
0.0344586
0.0058223
-0.0662363
-0.0227337
0.0478739
-0.0111531
-0.00145086
0.0177149
0.0243131
0.0250327
0.0571627
0.00221484
0.0367176
-0.00822955
-0.00666498
0.0218068
-0.0514805
0.0103774
0.0454756
-0.0163842
-0.0140496
0.00697676
-0.0269328
0.0176682
0.00406075
0.00693947
-0.0395906
0.0168101
-0.0481621
0.0355141
-0.0262482
-0.0354749
0.0184081
0.00297399
0.0165878
0.00398639
-0.0375473
0.0123191
0.030799
-0.0217234
-0.0431443
-0.0176002
0.0410006
0.0398289
-0.00216394
0.0342411
0.0302561
-0.031116
0.0110524
-0.0423551
0.0440011
-0.0291772
0.0149613
0.0252944
0.0355158
-0.000887361
0.0394131
0.00312322
-0.0133634
-0.0205402
-0.0445433
-0.0375231
-0.0474524
-0.0145255
0.0200874
0.020068
0.0346426
0.00825973
-0.0267745
0.0385992
-0.0362799
-0.0290672
0.0175765
-0.0144448
0.00881676
0.0379503
-0.0478119
0.00805312
0.00837989
0.0270111
-0.00988334
0.0241672
0.0138507
0.0324214
0.0209713
-0.0687502
-0.005503
0.0383755
-0.0226044
-0.0117693
-0.0403941
-0.0363597
-0.0292803
-0.00453448
-0.0130348
-0.0115542
-0.00862278
0.0439382
0.0197346
0.0278384
-0.0267737
-0.102408
-0.051403
-0.0211879
0.144142
-0.0369284
-0.0904023
0.1135
0.0224407
-0.0838508
0.061824
-0.659991
-0.315116
0.0991901
-0.0687683
0.180123
-0.0340046
-0.0194289
-0.0160001
0.0157223
-0.0769096
0.0595442
0.0749797
0.00710409
-0.0942515
0.0545195
-0.0338103
0.156317
-0.0386585
-0.0264463
0.105872
-0.0252652
-0.0579024
-0.167657
-0.193865
0.105844
0.0710631
0.152547
-0.190613
0.00507853
0.0371308
0.0781634
-0.127455
-0.0189533
0.0783628
0.00139264
-0.0597443
-0.0271285
0.266643
-0.00204681
-0.0760421
0.12045
0.00419904
-0.185533
0.0270077
0.0916469
-0.00468446
-0.075459
0.057943
0.0207024
-0.0734983
-0.0320362
0.0396201
0.106542
-0.085631
0.00481121
0.00213599
0.06797
-0.0943058
0.0401261
-0.00723504
0.0858336
0.0567111
0.060062
-0.173659
-0.0135484
-0.0807368
0.0344622
-0.00367944
-0.0469669
0.0904316
-0.0660285
-0.117656
0.0759231
-0.0246192
0.0212627
-0.0320013
-0.111166
-0.0443901
-0.157945
0.0450274
-0.00451315
-0.0144078
-0.014605
0.104454
0.0473862
-0.0226407
0.0272815
0.130123
-0.0516257
0.00889159
-0.0346922
0.0493918
-0.0305441
0.0256765
0.0158342
-0.00172087
0.0340411
0.0812892
0.0167101
0.0357614
-0.0123622
-0.0236215
0.0275742
-0.0435562
0.0106462
-0.0693899
0.00579052
-0.0727783
0.00491528
-0.0739704
-0.0930908
-0.0425141
-0.0618222
-0.028274
-0.0118762
0.00101031
0.0372572
0.00981588
0.0580609
0.142812
-0.092243
0.265592
-0.0818709
-0.0145897
0.0075151
-0.0246492
-0.00267565
-0.0241483
0.0308757
0.00441914
0.0332646
-0.0469101
0.0432153
0.114453
0.0765734
0.015743
-0.0530552
-0.00402417
-0.00386687
0.0394857
-0.0223018
0.0341446
0.0190565
-0.0518333
0.025825
-0.0173033
-0.0278718
-0.0238526
-0.0429509
0.0260221
0.00819533
0.0360267
-0.0313644
0.0521278
-0.0103544
0.0389975
0.0323705
0.0112295
0.0308309
-0.0249637
-0.0354673
0.0368487
0.0278949
0.0217104
0.0165293
0.0351535
0.0334892
0.00651848
0.0182615
-0.00370417
-0.0188064
-0.010743
-0.018449
0.031947
0.0175951
0.0242164
-0.0354718
-0.032701
-0.0462917
0.0140928
0.0421344
0.0256485
0.0467967
0.0322032
-0.0977144
0.0298581
-0.0520104
0.0255234
-0.0223039
0.00945177
-0.00554672
-0.0389804
0.0189483
-0.034573
0.0412983
0.00905743
0.0126871
-0.0306893
-0.0765078
0.000738008
-0.00333466
0.0155182
0.0290027
0.0795013
0.0405802
-0.0132663
0.0252344
0.0086985
0.00712607
-0.019643
-0.0183155
-0.00184048
0.139994
-0.0565693
-0.0918331
-0.0395302
-0.00853468
-0.00330936
0.0951525
0.0447593
0.0617384
-0.0658395
0.0194755
0.0205757
0.0462521
-0.0644602
0.110594
0.104901
0.0863197
0.0542341
0.0605776
0.0894466
-0.0197312
-0.0403671
-0.0803005
0.0521608
0.0145288
0.0283113
-0.106
-0.0704332
0.00507417
0.0303192
-0.0258041
-0.187734
-0.0415138
-0.167889
-0.0768926
0.00239701
-0.0277332
0.0142783
-0.0844009
0.00924721
-0.0259079
0.0180594
0.0134123
-0.0610282
-0.106202
-0.0970875
-0.112697
0.0119993
-0.0162323
-0.0804985
-0.0593909
0.140719
-0.264706
-0.0971102
-0.491392
0.0112381
0.0573566
-0.251194
0.141519
0.0482402
-0.0358307
0.0331601
0.0311464
0.0487988
-0.103182
0.11234
0.0102016
0.0664708
0.193945
-0.0224667
-0.0247838
-0.0207665
0.00719402
0.0803618
-0.0272188
-0.102511
0.0976852
0.130104
0.0162881
-0.00133263
-0.0841042
0.0526095
0.0222453
0.0360048
0.159063
-0.00324867
0.0807069
-0.143518
-0.00169597
-0.00700292
-0.0245247
0.0177067
0.183287
0.0456402
0.249284
0.0632419
-0.0919989
-0.102183
-0.109132
0.0640627
0.0853926
0.00960941
-0.0118488
-0.00862585
0.0218778
-0.0319918
0.180368
-0.0720676
0.350595
0.159964
0.0541962
0.109176
0.0434988
-0.0187393
-0.0407617
-0.0473813
-0.00437299
0.0459378
0.011627
0.0302838
0.013552
-0.0407671
0.0482038
0.0393095
-0.0827774
0.0259674
-0.0580912
0.00677784
0.0201776
0.0390825
-0.0206663
0.0116738
0.0121538
0.0429391
-0.0188317
-0.0225983
0.0310264
-0.0012149
-0.0353291
0.00889017
-0.032338
0.0323837
-0.0498186
0.0125951
0.010093
-0.0463868
0.0154878
0.126483
0.0364896
-0.0277528
0.0434027
0.012915
-0.00733852
0.0381879
-0.026749
0.00947827
0.0232658
-0.0177547
0.0567156
-0.0392353
0.0357699
-0.00613487
-0.0147874
-0.0303556
0.0489027
-0.0101008
-0.0120435
-0.0286218
-0.022066
0.0562801
0.0207459
-0.00516344
-0.0250021
-0.0134536
-0.0343726
0.0195292
-0.0832061
-0.00152028
0.0616218
-0.119332
0.0350812
0.0436945
-0.0263904
0.000443748
0.0336368
0.013779
0.0905853
-0.0277639
-0.0339608
-0.00511285
-0.0383629
0.0270189
0.0361146
-0.00157144
-0.0172406
-0.0364211
0.0236088
0.0388286
0.0337501
-0.0173282
-0.00363259
-0.030367
0.0120103
-0.11503
-0.0827435
-0.11924
0.00982757
0.0405095
-0.0520258
-0.0450666
-0.065409
-0.000422524
0.00582219
-0.0461716
0.0458332
-0.0263297
-0.0409507
-0.0280291
0.0120726
0.0189471
-0.0112311
0.0485968
0.0272791
0.0216363
-0.0212437
0.0668614
0.0766532
0.00352871
0.00111422
-0.0171455
-0.0555519
0.108168
0.0377901
0.00674216
-0.0217999
0.0520101
1.25655e-05
0.00978936
0.029089
-0.0365649
0.0369015
0.0176154
0.0331676
0.0401569
-0.0319646
0.0446632
0.0323892
-0.0383533
-0.0258585
0.00504063
0.0678674
-0.00576562
0.00600303
-0.0349312
0.00547515
-0.00827342
-0.00961868
-0.0368491
0.0221356
-0.0380866
0.0235787
0.0024562
-0.0375329
-0.0551525
-0.00436033
0.046588
0.0348218
0.0809489
0.0350031
0.0173507
0.0297824
-0.0199143
-0.00842934
-0.0500405
-0.0683056
-0.0628678
0.00740617
-0.00383179
0.011337
0.0459864
0.0470406
0.00790332
-0.0102395
-0.00236953
0.0129868
0.00156721
-0.0708484
-0.0371786
0.0283384
-0.0264255
-0.0324322
-0.0115212
-0.00730907
0.019923
-0.0174559
-0.066403
-0.0284413
-0.0152375
-0.0333984
-0.0173647
-0.0309315
0.000124685
-0.0454962
0.00958263
-0.0400075
-0.0092105
-0.0106882
0.0188643
-0.00419564
0.00428641
-0.0157166
0.0335922
0.084609
-0.02009
0.00916753
0.00780266
0.0347976
0.0910232
0.0204184
-0.0168642
-0.000989708
0.00297843
0.0378255
0.0121217
-0.0139045
0.0187364
0.0345172
-0.0143158
-0.0111972
0.0430035
0.00296514
-0.0277697
0.0234027
-0.036625
0.0195187
-0.0293105
-0.0190087
0.0296613
0.0170238
0.0132347
0.0172946
-0.0259488
0.015827
-0.0327315
0.03074
-0.0436168
0.0518181
0.0204325
-0.0071258
0.000629296
-0.0184441
0.0482617
0.0286037
-0.0389674
-0.00680501
-0.0125835
0.0120208
-0.0507442
0.0145058
0.0119012
-0.0311054
0.0425051
-0.0469691
-0.00230426
0.0381766
-0.0312895
0.0471841
0.0246148
0.0230643
0.0402221
0.0302461
0.0348412
-0.0109315
0.0256492
-0.0461754
0.0299998
-0.0323909
0.0133383
0.000109316
-0.0464003
0.0265814
0.0385203
0.00150523
0.00168887
0.0271828
0.0393256
-0.0277105
0.0277269
0.0215949
-0.0370967
-0.0229365
-0.0389341
0.0114041
-0.0380997
-0.0244926
-0.0277124
0.0266761
0.037118
-0.0199399
-0.00224418
0.0258539
-0.00584787
0.0147413
-0.0144546
0.00423677
-0.0172085
-0.00778252
0.0264584
0.010547
0.0234488
-0.0224299
-0.021052
-0.0487916
-0.0362338
0.0596614
0.0325896
0.0587407
0.0776036
-0.029239
0.0160169
-0.0102382
0.0310915
-0.0327993
-0.01576
-0.00560108
0.0399808
0.0337324
-0.0432056
0.0407629
-0.0253002
0.00770087
-0.0432858
0.0449092
0.0347613
0.0482191
0.0460434
-0.0224491
-0.0061339
-0.0840063
0.0107166
-0.00650053
0.00631631
-0.064261
0.00642975
-0.00902324
-0.0334574
-0.0120695
-0.0292669
0.021565
0.0574832
0.0473684
0.00189108
-0.00837069
-0.0300506
0.00793808
-0.041255
-0.00169143
0.0349697
0.036058
0.0313616
-0.0664414
0.0523059
0.0320014
-0.0311961
0.0040291
0.00565527
0.0625919
0.00161626
-0.00944362
-0.0179384
-0.0362801
-0.0104709
0.0491651
0.00345746
0.0107394
0.0274262
0.0441908
-0.0158815
0.0402347
-0.0469017
0.0424713
0.0211777
0.0167756
0.0229449
-0.0687161
-0.0114583
-0.0162996
-0.0430044
-0.0293579
0.0223873
0.0649383
0.0332598
0.116612
0.0416183
0.0357946
-0.0161743
-0.0144991
-0.0403772
0.00733108
-0.0361081
0.0265975
0.0212814
-0.0216614
-0.0504141
0.0487226
-0.00182252
-0.0126977
0.0150911
0.0327679
-0.0344087
0.00658222
0.0273867
0.00306422
0.0347197
-0.0226071
-0.00626379
0.058971
-0.0166896
0.0185796
0.04186
-0.03635
0.0339301
-0.0132303
-0.0383889
0.0179486
0.00421754
-0.00346112
0.0158841
-0.0165223
0.0338903
0.0335063
-0.0386015
0.0233885
6.19344e-05
0.032799
-0.00628921
0.0317645
-0.0275943
-0.0159691
0.0184808
-0.0408991
0.040859
0.00108387
0.0247404
0.00514715
0.0279473
-0.00284775
-0.0271489
-0.0238517
0.0407563
-0.00239799
0.0293468
0.0175745
-0.0205177
0.0462626
0.00414362
-0.0100412
-0.0123284
0.00976615
-0.00369181
0.0152097
0.0146794
0.0252752
0.0260988
0.0207404
0.0196732
0.0412762
-0.0164216
0.0252341
0.0428481
-0.00231806
-0.0173962
0.0508841
0.0287954
-0.0330827
-0.0219139
0.0422973
-9.84498e-05
0.009331
-0.036649
-0.00248317
0.00226762
-0.0360705
-0.0235869
-0.000367615
0.00738303
0.0211784
-0.0253836
-0.034839
-0.0220462
-0.0230035
0.0285262
-0.0313723
-0.0370085
-0.0170484
-0.00873288
0.0254912
0.00241877
0.00165749
0.0104799
0.0375649
0.0136568
-0.00603709
-0.0439128
-0.0400515
-0.000625686
0.0425589
-0.000109331
0.015005
-0.0116524
0.045469
-0.00383322
0.00784733
0.0395707
0.049288
0.00217198
-0.0703035
0.0410932
-0.371746
-0.258686
-0.162582
0.0555943
0.0890918
-0.0961995
0.0510646
-0.0199446
-0.00895699
0.0191273
-0.0561084
-0.0703659
0.0141171
-0.0452661
-0.02421
0.00220253
0.0625024
-0.103467
-0.0850186
-0.0848384
-0.0462267
0.0155401
-0.15705
0.273037
0.171338
0.17429
-0.000839758
-0.18859
0.0846716
-0.0389378
0.0876503
-0.00124658
-0.102815
-0.0111199
-0.00323354
-0.0285065
-0.0909889
0.136017
0.0370878
-0.0369811
0.122979
0.00292276
-0.0233454
0.0285548
0.0393769
0.00537218
-0.102612
0.0815748
-0.00974216
-0.0208295
0.053625
0.0165415
-0.00709701
0.00800396
0.0337086
0.0104947
0.062626
-0.0818086
0.0411875
-0.0100018
-0.0417505
0.0198999
0.0407876
0.0218604
-0.0138014
-0.0810337
0.0314181
0.000728635
-0.0117362
0.026558
-0.0397179
-0.0387116
-0.124835
-0.0169148
-0.0478636
0.016056
-0.04799
-0.0876137
-0.0249202
-0.00328768
-0.0276191
-0.0463319
0.00892585
0.0292983
-0.0117784
0.00952624
-0.0247421
-0.0702845
-0.105735
-0.0203354
-0.0299861
-0.0401492
-0.0107097
-0.0440243
0.0364307
0.0264817
-0.0392316
0.00901048
-0.0436571
-0.0128623
0.00721193
0.0041345
-0.0304288
-0.0235479
-0.0136309
-0.0538571
0.0431124
-0.0263936
-0.0228672
0.0209996
0.0159414
0.0385674
0.0146031
0.0399661
0.160464
0.00015885
0.0193324
0.0371207
0.0599945
0.126823
0.0337799
0.0993943
0.0328299
0.0115318
-0.0131675
-0.0449181
-0.038028
0.0319373
0.0260256
0.0282428
-0.0344714
-0.0354018
-0.0191395
0.0209183
-0.0379559
-0.0187822
-0.0442393
-0.0327821
-0.0539763
-0.0403669
-0.0447316
0.0234682
0.0156062
-0.0337358
-0.0284727
0.0437442
0.0460791
-0.0123763
-0.0399264
0.0216686
0.0489487
0.0136305
-0.00819106
0.0571152
-0.00608327
0.0113628
0.0169371
-0.0315449
-0.0154756
0.04339
0.0195756
-0.0244401
-0.0322335
-0.0487388
-0.0496368
0.000253243
0.0359458
0.0718013
0.00893168
-0.0372265
-0.00164781
0.00133361
0.00328432
-0.0365088
0.0339398
0.0544469
0.00631439
-0.0150094
0.0424589
-0.0225717
-0.0410014
0.0100755
-0.0269928
0.0417465
0.0249889
0.0387855
-0.0157223
0.0464138
0.0238923
-0.0388009
-0.0373748
-0.00438216
-0.0112765
0.0375269
0.0141607
-0.0284305
-0.00010683
-0.0300982
0.00369782
0.0278828
-0.031061
0.0607725
0.0130845
-0.0315605
-0.0108205
-0.03895
0.0535111
-0.0431998
-0.0345979
0.0331503
0.0211798
0.0668821
0.122121
0.00675826
0.00371806
0.0276936
-0.0222833
0.0133631
-0.0459008
-0.0432468
0.0268941
-0.0501231
-0.0350127
-0.00642681
0.0183132
-0.0286457
0.108708
0.039496
-0.00544799
0.0147349
-0.00425685
0.0283377
-0.017416
-0.066183
-0.0112681
0.101595
-0.0293542
-0.0445164
0.00673941
0.0831444
-0.00785583
0.027555
-0.0989758
-0.0733278
-0.0687506
-0.0478326
-0.0241974
-0.0148845
0.0159574
-0.0710707
-0.0741879
-0.0536372
0.00554956
0.0217193
0.00666455
0.028911
0.0138645
-0.0786451
-0.168913
-0.041848
0.0218083
-0.0542436
0.00192942
0.0980772
-0.025538
-0.0741754
0.0801777
0.0423122
-0.0118829
0.00758944
0.0599119
-0.0452882
0.0406372
0.0551421
-0.00876674
0.0530076
-0.0275678
0.0650198
0.0613497
0.0324946
-0.0709867
-0.0254358
-0.00077324
0.0939113
0.0576953
0.0540182
-0.00522167
0.0446415
-0.0449372
0.0335677
0.0148902
-0.0516215
0.0212682
0.0182536
0.0873
0.0033862
0.0159025
-0.0025206
0.0143652
0.0555245
-0.0814517
-0.0100413
0.0161538
0.00611555
-0.049423
-0.0287701
0.00629015
-0.0782135
-0.0354842
0.00170716
0.00111265
-0.0211376
0.0673708
-0.0166093
-0.0442602
0.0665349
-0.0230011
-0.00892169
0.0787134
0.0509414
0.07378
0.00687786
0.00381388
-0.00236275
0.0461505
0.0418529
0.0204953
-0.0313293
-0.0553311
-0.0161196
-0.00367198
0.00200799
-0.0447643
-0.0450429
-0.0255526
0.0027063
0.0118214
0.0302184
-0.0484492
0.00970726
0.00453985
0.0173779
-0.00475964
-0.0374437
-0.0352047
-0.00834982
0.0445643
-0.0113763
0.00107418
-0.0426587
0.0234052
0.0346967
-0.0032838
-0.0290959
0.0283238
-0.0323012
0.0175392
0.0204918
-0.0311338
0.0961312
-0.039171
-0.0320054
0.0280338
0.0268397
-0.030257
-0.0340143
0.0293783
0.0445655
-0.0140615
-0.0326118
0.0314268
0.0417037
0.0212318
0.030982
-0.0172828
-0.0282508
-0.0170039
0.0248572
-0.0445078
-0.0193145
-0.0314751
-0.0100218
0.0324472
0.0439796
-0.0174602
-0.0417595
0.038603
-0.0140822
-0.0220333
-0.0271851
-0.00160183
-0.0776107
0.0497769
-0.0282582
-0.0244682
-0.0139087
-0.064723
0.0704244
-0.0933349
0.00191368
0.0270636
-0.00366391
0.0271056
-0.144052
-0.027331
-0.00929755
-0.0108172
-0.0312166
0.0817759
-0.037926
-0.00643056
-0.0539594
-0.0237914
0.00520832
-0.0255672
0.105074
0.0947114
0.0507858
0.0288046
-0.0316122
0.00364455
0.0434006
0.0576641
-0.0566161
0.0476922
-0.00723091
-0.014895
0.0153169
0.0298169
0.0732792
0.0210262
-0.0172216
-0.0198416
-0.0421242
-0.0169844
0.0590253
-0.0111845
0.103233
-0.194854
-0.0314813
-0.0466438
0.0222454
0.042422
-0.103909
0.0557624
-0.0572557
-0.0434076
0.00140961
-0.0545265
-0.0933748
0.0140293
0.00859207
0.0396707
0.0268914
0.0176199
-0.0474185
-0.0320083
-0.0767617
-0.046622
-0.0496884
0.0301559
-0.036043
-0.043264
-0.0708135
-0.00426945
-0.00557316
-0.0322663
0.02988
-0.0308968
0.00696534
0.0366644
0.0160593
-0.00204359
0.0193421
0.0155885
0.00331853
-0.0112002
-0.00226235
0.0884653
-0.00499839
-0.0215179
0.0206176
-0.00344753
-0.000359445
-0.0304111
-0.0159029
0.0732093
0.0364458
0.0604035
-0.00615968
-0.0201996
-0.021583
-0.0302464
0.00801329
-0.00998983
0.0409964
-0.0402788
-0.0174967
0.0270747
-0.0318988
0.0483597
0.0399735
-0.0278815
0.041926
0.0242898
-0.0176651
0.0228409
0.0299606
0.0589662
0.023695
-0.00273303
-0.0398159
-0.00492855
0.035383
0.00548149
-0.0299384
0.0278148
0.00786515
-0.0590343
0.0121294
0.0451421
0.0347131
0.0231807
-0.0902006
0.0100031
-0.00989837
-0.0331742
-0.0207945
-0.0407099
-0.0813498
0.00161181
0.0185906
5.79493e-05
-0.0315601
-0.0519165
-0.0205936
0.024769
-0.0390149
-0.0508191
-0.0463505
0.0177384
0.00824762
-0.0457927
-0.00217008
0.0348147
-0.00268571
0.0016187
-0.0384946
-0.0483839
-0.0711281
-0.0134625
-0.0353209
-0.0546277
-0.00525552
0.026529
-0.0387995
0.00266637
0.00945647
-0.0294195
0.050037
0.046282
0.0188167
-0.017627
-0.00976057
0.0231474
0.0482817
0.0136958
0.0401047
0.0360113
0.0532599
-0.0382975
-0.0330917
0.032402
0.0406017
0.0453637
-0.0115786
0.00181296
-0.00723904
0.0386807
0.0415853
-0.0462833
-0.0374954
-0.0577498
-0.0388292
-0.00399264
0.0349881
-0.0469826
-0.00751233
-0.0140965
0.0364205
-0.0553227
0.00768657
0.0123308
0.021347
-0.0249153
0.00835228
-0.00247689
-0.0164113
0.0248502
0.0203955
-0.0435653
-0.0195133
0.0333947
0.00939452
-0.0359253
-0.0410171
0.0190958
0.018322
-0.0437255
-0.00712282
-0.0159533
0.0222784
0.0196119
-0.048568
-0.0481439
-0.0405096
-0.0462452
0.027044
0.0133279
-0.0315941
0.0399979
-0.0380459
0.0378396
0.019425
-0.0162798
-0.019085
-0.0334776
0.00701832
0.0277645
-0.0370563
-0.000608263
-0.0248426
-0.06436
-0.0300234
-0.0227495
-0.0540127
-0.0412931
0.0105619
-0.0139454
-0.00669545
-0.0357784
0.00557921
0.00046209
0.0111941
0.0289331
0.0168839
0.0317375
-0.0224797
-0.0462195
0.0486455
-0.00242509
0.0108169
0.0329256
-0.0166542
-0.0665592
-0.0371162
-0.0424389
0.0432091
-0.00649627
-0.0351936
-0.0477162
0.0396586
-0.00364165
0.00734416
0.0318881
-0.0431359
-0.00139139
-0.044062
0.0176181
-0.0341434
0.012801
-0.0377079
-0.0166297
0.0917174
0.0761137
-0.000581122
-0.0491171
-0.0471518
0.0260732
-0.0519288
0.0616096
-0.0733743
-0.0186247
0.0367977
-0.0132049
0.0622542
0.015583
0.00795057
-0.0872271
-0.0737078
-0.0158742
-0.055164
0.0171109
-0.00869816
0.0241613
-0.00851404
0.085721
0.0317839
-0.0533026
0.0240097
0.0640161
-0.0143133
-0.00821514
-0.0040451
0.0553699
-0.0162689
-0.0429524
-0.0462197
0.0232618
0.125748
0.093587
-0.0190124
-0.0145305
0.0257729
-0.00457018
0.0593087
0.0168334
0.0428815
0.0357922
-0.0172727
0.00693861
0.0552879
0.00306616
0.0636144
0.00450081
0.0426974
0.0640867
0.018609
-0.00711168
0.0179878
0.0446525
0.00111523
-0.00149873
0.0088191
0.0123
0.100272
0.0448164
0.0590454
0.0490009
-0.0292835
0.0445027
-0.0324319
-0.0166702
0.0345727
0.011801
0.00619371
-0.041038
-0.0380436
-0.0196229
0.00859237
0.0253164
-0.00860615
0.0322606
-0.00526665
0.00160626
-0.00240713
0.0103132
-0.0468368
-0.00542003
0.0424665
-0.0295571
0.0219966
-0.0130321
0.0419847
0.00273939
0.00829354
0.0154675
-0.0343018
-0.0471112
0.000172594
0.0248916
-0.00500678
0.00529671
0.0366333
0.0165033
0.00928112
0.0332455
-0.0321015
0.00889628
0.0119581
-0.0435954
0.00890004
-0.0239239
-0.000819057
-0.0158923
0.0354262
-0.0142666
-0.0270166
-0.0312038
0.0442122
0.00827033
0.0479971
-0.037311
-0.0333609
-0.0198463
-0.0107892
0.0438688
0.0254261
-0.00840381
0.000590535
-0.04461
-0.0378128
0.0420887
0.00999999
0.0477081
0.0194042
0.0198961
-0.00968063
0.0190263
-0.0161369
-0.0383559
0.0208414
-0.041065
0.0563627
0.0246454
-0.013312
0.0472804
-0.00380864
0.0639946
-0.00293908
-0.021143
-0.0102302
0.0470611
0.00524795
0.0309704
-0.00410924
0.00243713
-0.0257567
0.00861058
0.00770926
0.100128
-0.0176644
0.0847471
0.0167287
0.031724
0.0597681
0.0190359
0.0407134
0.000518707
0.00399021
0.0214054
0.0171578
-0.0323358
-0.0113142
0.0226212
-0.00799098
-0.0059792
-0.0470163
-0.0978439
-0.0390412
0.0419429
0.00570408
0.0411506
0.0690337
-0.00714166
-0.0221358
0.0490391
-0.00346388
-0.0487015
-0.0279532
-0.102426
-0.025671
-0.0037635
-0.0362
-0.0121404
-0.0232492
-0.00593641
-0.0345347
-0.0244321
-0.0345312
0.0396992
0.003114
0.012733
0.00424515
-0.00937996
-0.00337964
0.0712401
-0.0284384
0.0312344
0.0452022
-0.0441516
0.0478666
0.00197245
-0.0116998
-0.0312053
-0.00324228
-0.0301403
-0.00328162
0.0169589
-0.0158383
-0.0259508
0.0673502
0.0301314
-0.0501502
-0.0201168
-0.0275248
-0.0101612
0.0360951
-0.0066854
-0.0489227
-0.0330353
0.00187588
0.0183082
-0.00928025
-0.009622
0.0253817
0.00260251
0.0177647
0.0231695
0.0453993
0.0359041
0.0109122
-0.0458513
0.0535595
-0.00631241
-0.027914
-0.0346206
-0.00995979
-0.000922582
-0.0402399
-0.0353224
0.0349321
0.000145363
-0.0130739
0.00884179
-0.0233875
0.0154207
0.00309872
-0.0214187
0.00551519
0.045477
0.036386
0.0347476
-0.016379
-0.0146541
0.00760748
-0.0170949
-0.0555753
0.0212007
-0.088008
0.0226295
-0.00423757
-0.0362084
-0.00346716
0.0473956
-0.0200674
-0.0391961
-0.0276484
0.00753454
0.0135588
0.00809886
0.0234241
0.00222823
-0.0437475
-0.0314888
0.0336581
-0.0297453
0.0253216
-0.0550647
0.0241204
-0.0412666
0.00809574
-0.043676
-0.00239317
0.0552493
-0.0352893
-0.0153928
-0.00613552
-0.00577543
-0.0179078
0.0246435
-0.0421441
0.0042026
-0.00566735
-0.0286593
-0.00247579
-0.00706156
-0.0158557
0.0368701
0.0217159
0.00361983
0.0296317
0.00750116
0.0401766
-0.0244292
0.061807
-0.022337
-0.0480189
0.00867229
0.0441034
-0.00438971
-0.0204202
0.0291503
0.0450601
-0.0262409
-0.0175165
0.0424574
0.00683627
0.0127898
-0.0224184
0.00804726
-0.0114721
0.00438874
0.00234517
-0.00316453
0.0319076
0.0294453
-0.0346077
0.0127696
0.0180787
0.0388537
0.0225081
-0.0470857
0.036223
-0.0396774
0.0406304
-0.00310061
0.0380823
-0.0278999
0.0355077
0.0333092
-0.0192102
0.0337482
-0.0250733
0.0226732
0.0326102
0.0185274
-0.0247663
-0.0568667
-0.0560055
0.00124728
0.0176142
0.0568225
-0.0293044
0.00742457
0.0352999
0.0579667
0.0666719
0.044235
0.048909
0.000785062
0.0164092
-0.02368
-0.0324035
0.00706319
0.0252573
-0.0419752
0.022458
0.0483188
-0.0604478
0.0278384
-0.0091621
0.0464706
-0.0334847
0.0179944
-0.019681
0.0591064
-0.0178863
0.0269152
-0.0314811
0.0518184
-0.0272657
-0.00793786
-0.00811185
-0.0408985
0.0378098
-0.0139465
-0.0494792
-0.0639523
0.0464368
0.0324736
0.0260643
-0.0326556
-0.00683209
0.0294148
0.000579195
0.0022947
-0.0643042
-0.0289477
-0.0309113
0.00489136
3.7357e-05
0.0267142
-0.0292224
0.0156878
0.00634862
-0.0228742
-0.00922866
0.0375538
-0.0340963
0.0243297
0.0402765
-0.0756506
-0.0722933
-0.026224
0.0766398
-0.0619008
-0.0261143
0.0382574
-0.0718748
0.00879966
-0.023317
0.0244833
0.0231127
0.0166758
-0.0402382
0.010944
0.0184617
-0.0109435
-0.0642355
-0.0891346
0.029871
-0.000666139
-0.0267214
-0.0139421
-0.0232376
-0.0383194
0.0188021
0.0109316
-0.117012
-0.0408403
-0.0389422
0.048675
0.0101343
0.00966865
-0.002114
0.0203164
-0.0231665
0.0503542
-0.0153659
-0.0294311
0.00452797
0.00490234
0.0436369
0.0227182
0.0340217
-0.0408128
-0.0600265
0.0657977
-0.00167925
-0.0153414
0.092085
0.0101235
0.00940815
0.00373208
-0.0121231
-0.0531692
-0.0397714
-0.0358086
0.038273
-0.0228212
0.0284056
-0.0113137
0.0340266
0.0578342
0.0382668
0.0266145
0.0281478
0.0200663
-0.0388781
0.0366768
0.0396198
-0.0071847
-0.0438567
-0.0373467
0.0249496
-0.00676662
0.048121
0.0343372
0.00539634
-0.0263642
0.0244791
0.00540747
0.0226466
-0.0350745
0.0213571
-0.018708
0.0385363
-0.0327284
-0.0271403
-0.0348412
-0.00543192
0.0296886
-0.042843
0.0171754
0.0272076
0.0308712
-0.0274851
0.0378138
-0.0215822
0.0454573
-0.0186416
0.0370291
0.019653
0.0203853
0.0328509
0.0133108
-0.00714907
0.000407684
0.0300763
-0.0420486
0.0328118
-0.0285474
-0.0196281
0.0142764
0.0387652
-0.0223205
-0.012368
-0.0390025
0.0440329
0.0109713
0.0500323
-0.00169412
-0.0177798
0.00843111
0.0329435
0.0354601
-0.0204298
-0.0414623
0.027073
0.0443115
0.039962
0.0123876
-0.0191935
-0.0288807
-0.0222025
0.0308777
0.00159082
-0.0280285
-0.0467715
-0.0131392
0.0393971
0.0219177
-0.0641096
0.00524064
0.0103175
0.00196569
0.015039
-0.0158572
0.0401463
-0.00116351
0.010922
-0.00799497
-0.00265677
0.0431198
0.0217361
-0.018257
-0.00997485
-0.0559115
0.0464404
0.0256484
-0.00109485
0.0350711
0.0404088
-0.0403952
0.0491249
0.0602666
-0.0213516
0.0575629
0.0187085
-0.046983
-0.0136085
-0.0376261
-0.0635436
-0.0214425
0.024989
-0.0455568
0.114931
-0.00297736
0.0446873
-0.011864
0.0165987
-0.0731988
-0.0820641
0.0399258
-0.0033611
-0.00638735
-0.0578474
0.000717252
-0.0561252
-0.049243
-0.0241582
-0.0494378
0.0460222
-0.0328729
0.00541272
-0.0381586
0.00705981
0.0206595
0.0527452
-0.0464941
-0.0408526
0.045555
-0.0312109
-0.0643476
-0.00579994
0.0306968
-0.0356321
-0.0135379
7.11175e-05
-0.044871
0.000841044
-0.0203788
0.00400179
-0.0360613
0.0228225
0.029613
0.0346609
0.0042634
-0.0249671
0.0169221
0.0267567
-0.00602777
0.00242933
-0.0228449
0.0421694
-0.00832096
0.0355538
0.0130307
0.0251227
-0.0277317
-0.0264848
0.0332829
0.0786904
0.0366974
-0.0273121
0.0161377
0.00540179
0.0284625
0.0279243
-0.0190991
-0.00826967
0.0379081
0.0164917
-0.0369067
-0.0569747
-0.0330362
-0.0247788
0.0414471
-0.0140899
0.0339183
0.0445425
0.0285754
0.0143248
-0.0177515
-0.0256092
-0.0134645
0.0395448
-0.00927723
-0.0347164
-0.0281174
-0.0106684
-0.00897688
-0.0509556
0.0312092
-0.0463575
-0.0230146
0.0167226
0.00709653
-0.0403493
0.00069278
0.0381571
-0.0263367
0.0441477
0.000854902
0.0451139
-0.0454143
0.0126065
-0.0251001
0.0424775
0.0414276
-0.0189902
0.0194219
-0.0623751
0.0422861
-0.0110578
0.0216609
-0.00502759
-0.0102758
0.00661339
0.0103187
0.0135316
0.021651
0.0293434
-0.0420109
-0.00188194
-0.0111919
0.0433192
0.00119889
0.00720529
0.0436588
-0.04855
0.0116404
-0.0480675
-0.0129383
0.0384627
-0.0202068
0.0076746
-0.013748
0.0325699
0.0419061
0.00893841
0.0448923
-0.0288408
0.00383832
-0.0292905
-0.0295
-0.0402328
0.0300727
0.0137434
0.0233514
-0.000970149
0.0563053
0.0436008
-0.0277787
-0.0312175
-0.042326
0.00821212
0.0369521
-0.022444
0.0407817
0.0246033
-0.022154
-0.00576188
0.0482799
0.0285451
0.0306457
0.0315502
0.0295192
0.0483785
-0.0259638
-0.0397314
0.0154307
0.0488429
0.0482416
-0.0203611
0.0388775
0.0380534
0.0350974
0.0478293
0.00975186
-0.033355
-0.0446189
0.0242256
-0.010872
0.0456189
0.0456751
0.0116936
-0.0120766
0.0282583
0.026877
-0.0245261
0.0478567
-0.0368475
0.0242834
-0.0427467
-0.0325277
0.02657
-0.00940042
-0.0371818
0.000363465
-0.00718193
0.0139667
-0.052595
-0.0392885
-0.0154796
-0.0606806
-0.00765014
-0.0254927
0.0479633
-0.0499607
-0.0191036
-0.0269939
-0.00555479
-0.0599881
0.008692
0.011047
0.01795
0.0403936
0.017836
-0.0491071
0.0091419
-0.00855439
0.0361343
0.00464438
-0.0439063
-0.0477436
-0.0497244
-0.0435813
-0.0626072
-0.00603408
-0.0532464
-0.0466353
0.0343054
-0.0105913
-0.0543271
0.0292605
0.0211931
0.0101833
0.0258047
0.00452268
-0.065168
0.00244017
0.0590381
0.058314
-0.000825968
-0.0460023
0.0270742
0.00170408
0.00348245
0.0373655
-0.0180045
0.0406025
-0.0703917
-0.110529
0.0452309
0.0388685
0.0224118
-0.0334843
0.032665
-0.0517053
0.074249
0.0212184
-0.0169997
-0.0486351
-0.004732
-0.0319312
-0.0284229
0.0151646
0.0160137
0.0534032
-0.000546983
-0.00873563
-0.00210318
-0.0134153
-0.00572309
-0.00333479
-0.00567392
-0.034034
0.0324987
-0.01346
-0.00150593
0.00871928
0.0649972
-0.0119314
0.0294205
0.0678603
0.0205908
0.00578399
0.0535824
0.0121027
-0.0208805
0.0142761
0.0577971
0.0674283
0.0525326
-0.00234702
0.0666502
0.0390169
-0.00157999
0.0163008
-0.0201388
-0.0155029
0.00442179
0.0755605
-0.0454072
0.0111251
0.0293441
0.0254023
0.0118182
-0.0407197
-0.0239717
0.0111111
0.0192302
-0.000966648
0.0474526
0.0300735
0.014968
0.00833627
0.0271178
0.00157754
-0.0299549
-0.0163136
0.0447421
-0.0348918
-0.0389907
0.0199486
-0.0316315
-0.0375996
-0.0478364
-0.0283577
0.0145653
-0.0442716
-0.0199477
0.0148269
0.0454213
0.0367038
0.0353776
0.0452391
0.0036988
-0.00545135
-0.00054605
-0.0369357
0.0405697
-0.0281982
0.0323654
-0.0120513
-0.00331649
-0.017446
0.0353447
0.032696
0.0306722
-0.0105373
-0.0101862
-0.016254
0.0226562
0.00297052
0.00587499
0.0385989
-0.0284935
0.0214131
-0.0412563
-0.0320959
0.0256698
0.00396596
0.0277566
-0.025287
-0.05147
0.0418245
0.00606753
-0.00766498
-0.0307517
0.0291405
0.0525032
-0.0320627
0.0576311
-0.0110967
0.00210546
0.0471252
0.0241251
0.00657355
0.078904
-0.0565321
0.0435544
-0.00196017
-0.0269981
0.0452749
-0.044263
-0.0251469
-0.0108361
0.059098
-0.00423953
0.00841964
0.0516897
-0.0406281
0.00992157
-0.0239339
-0.0131042
0.0398807
0.0231454
0.160462
0.043672
0.0508896
-0.0449798
-0.0605614
0.0713387
-0.00424509
0.058174
0.0481669
0.0227172
-0.0178679
0.0383034
0.0475497
0.0390092
0.0365148
0.0144165
-0.0131641
-0.0272535
0.0452451
0.0496664
0.00129221
0.0164495
-0.030099
-0.181061
-0.0204633
-0.0143197
0.0128904
-0.0425902
-0.0698158
-0.0542646
-0.115898
-0.00208694
0.0628853
-0.0651481
0.0334997
0.066626
0.0457515
0.00592741
-0.0309904
-0.00698575
-0.0297117
-0.0783343
-0.19385
-0.0208537
-0.0212634
-0.00579179
-0.0297198
-0.0652909
-0.00160267
-0.0199942
0.0483526
0.00615225
0.0849363
0.0476554
-0.0110078
-0.0313855
0.0156581
-0.0148293
0.0220356
-0.0414443
-0.0143544
0.036174
-0.0206538
-0.0665695
-0.0122953
0.0259308
-0.0173761
0.0259373
-0.0373127
-0.000382943
-0.0471148
0.0980097
-0.0245916
0.0462355
-0.0511008
-0.0274167
-0.030331
-0.046463
-0.0144788
0.00223152
-0.0179109
-0.0404375
0.0127835
0.0210793
0.019521
-0.0345715
-0.027792
0.0392089
0.00596152
0.0630214
0.056213
-0.0120038
-0.0079415
0.0671219
-0.0214694
0.0437534
-0.0246096
-0.00249802
-0.00919748
-0.00269869
-0.0156515
-0.0220815
-0.0124613
0.0536675
0.0448238
-0.00471452
-0.0214151
-0.00710866
-0.0340568
0.0119442
-0.0300621
-0.00330321
-0.043661
0.0101525
-0.106655
-0.00269845
-0.0362141
-0.00617445
-0.0842207
0.00802183
-0.0579937
-0.126567
-0.0331098
-0.0531104
-0.0249247
0.017566
0.0107942
0.0603159
-0.0374681
0.011577
0.0294757
0.0450402
-0.0230143
-0.0210305
-0.0240443
-0.0408728
-0.00397057
0.00449337
0.0493443
-0.0171295
-0.0308557
-0.0467323
-0.0238589
-0.0205291
0.064508
0.0062007
-0.0399447
0.000599177
-0.0102994
-0.0361732
-0.0299223
0.0319752
0.0406975
0.0330903
-0.0265186
0.0113152
0.0450473
0.0395359
-0.0141254
-0.0422
-0.0181421
-0.0307207
0.0301172
0.0304067
-0.0243313
0.0261871
-0.000249413
0.0253993
0.0316725
-0.0187108
-0.00429787
0.0430392
0.0378437
-0.00392895
0.0553716
-0.024486
0.00239321
-0.0434524
0.0265618
-0.0227752
-0.00553424
0.0403309
-0.00690504
-0.0486011
0.0133287
0.00488792
-0.0284152
-0.0417466
-0.0258226
-0.0191829
-0.0268305
-0.0292062
0.00752295
0.00666447
-0.010767
-0.0295212
0.00917167
0.0259662
-0.0147348
0.0398414
0.0456931
0.0137718
0.0195982
-0.0286528
-0.011739
0.00981458
-0.0442035
0.0579517
0.0471747
-0.0209369
0.0160001
-0.132768
-0.00305443
-0.112957
-0.0885835
0.00468034
-0.0614138
0.0201897
0.0247268
0.0115622
-0.0425881
0.0375948
0.0501451
0.00178478
0.0373222
-0.0641211
0.00438909
-0.0678576
-0.0253812
-0.0174945
0.0315798
-0.0504262
-0.0328624
0.00573805
0.0167674
-0.00847055
0.00697459
-0.0349652
0.0222697
0.00746989
-0.0394897
0.0137083
0.0478493
0.0697035
0.0626243
-0.00676487
-0.00448307
0.000226581
-0.0165955
0.0228306
0.0096568
0.0641117
0.0298099
-0.0351857
0.025324
-0.0364096
-0.0177615
0.0914491
0.0102068
0.0422593
0.0102254
-0.00267112
-0.0278024
0.00460039
0.0237809
-0.0185214
0.0710236
-0.0475457
0.0440534
-0.129999
0.0657407
0.00141249
-0.0457133
-0.0163703
0.0490823
-0.00357285
-0.0116248
0.0514565
-0.0343012
-0.0204202
-0.0697787
0.0352514
0.0870486
0.00826032
-0.0387004
0.00774397
0.00812445
0.0220571
-0.0308965
-0.0991994
-0.105297
0.0303419
0.0212448
0.0554939
0.0310645
-0.0169978
-0.0287284
0.0104322
0.0238342
0.0379125
0.137164
0.0329395
-0.0299478
-0.0161073
-0.0169945
0.00568575
-0.00627348
0.0465052
0.0727512
-0.00716756
-0.00938627
0.0334278
-0.00079847
-0.0514229
-0.000609529
0.0402197
-0.0333755
-0.0239426
-0.01698
-0.0102664
0.039069
0.0453459
0.0460457
0.0259744
0.0198697
-0.0167748
-0.0247967
0.0435267
0.0486337
-0.00488574
-0.00163926
0.00895802
-0.033359
0.00700328
0.0188004
0.0145393
0.0199155
0.010701
-0.0255555
0.0423084
0.0485454
-0.00493954
0.0397524
0.00787946
-0.0247459
-0.00831395
-0.0257801
-0.0239099
0.0135532
0.00734179
0.0122088
-0.0045543
-0.0420651
0.0345861
0.0250941
-0.010658
-0.0296502
-0.00680642
0.0144827
0.00820725
0.0218402
-0.0004656
0.0217527
0.0202212
0.0108174
0.0278843
0.00394744
0.0248256
-0.00713066
-0.0238536
-0.0486871
-0.0470222
-0.0473297
-0.0298954
0.0358963
-0.0187414
-0.0146848
0.00953972
-0.0355533
0.0412022
-0.034095
0.0217726
-0.0245277
-0.0010598
-0.0118918
0.0184033
-0.0394371
-0.00315498
-0.0133737
-0.00944285
0.0163892
0.0282224
-0.0029616
0.00752013
-0.0295165
-0.00995903
0.0368874
-0.0244533
-0.0275549
0.00218403
0.0156827
0.0477326
-0.0323176
-0.0140712
-0.00397565
0.0203198
-0.00203355
0.0302757
0.0415006
-0.0120144
-0.0413108
-0.00624318
-0.0299372
0.0338548
-0.0414344
-0.00530448
0.0102377
-0.0269408
0.0105774
0.0744072
0.00563492
0.00314124
0.019182
-0.0209975
0.022057
-0.0318956
0.0177693
-0.0416211
-0.0333402
0.0489132
0.0129072
0.0382924
0.0448959
0.0156854
-0.0549891
-0.0242612
-0.0470407
0.0502104
0.0642758
0.0370204
0.0498667
0.00653501
-0.0221292
0.00456714
-0.0409396
-0.00434862
-0.00380151
-0.0542848
-0.0157327
0.0140022
-0.0344966
-0.0437057
0.000111597
0.00589179
-0.021649
0.0315438
-0.0026625
-0.0847285
0.0106606
-0.0588929
-0.0117263
0.0999639
-0.0592126
0.00565995
-0.00919091
-0.0148685
-0.0137758
-0.0181846
0.00740154
-0.0255565
-0.00985607
0.038086
-0.00714372
-0.0214609
-0.0105653
0.0402682
0.0505401
-0.00386758
-0.026633
0.00789728
0.00142465
0.0156534
0.000596578
0.0101982
-0.0472833
-0.0201255
-0.0063627
0.0200337
0.0307752
-0.0353193
-0.0594455
-0.0514561
0.0182621
-0.00115944
-0.0285297
0.0465297
0.0473234
0.00619762
-0.031685
0.0120631
-0.0184843
-0.0414832
0.00433212
0.0286908
-0.0515004
-0.0209311
0.0253394
-0.042595
0.00879202
0.0140824
0.0381153
-0.00774031
-0.0313397
-0.0279997
-0.0487012
0.0417085
-0.0170655
0.0102088
0.0246558
-0.0273727
-0.0325026
0.0132169
-0.031305
-0.0541527
-0.0376305
0.0253645
-0.01569
-0.0484805
0.0521069
-0.0646986
-0.0403821
-0.0445396
0.0208817
-0.0503716
0.0103942
0.00811637
0.0485947
0.02038
-0.0417315
0.0206399
0.039786
0.0471767
0.0234941
0.0137886
-0.0476748
-0.028612
-0.0339579
0.010322
-0.0068352
-0.00687143
-0.0281868
-0.00115746
0.0225277
0.00640089
-0.00194783
-0.0330943
-0.0376001
-0.0164791
0.0129508
0.0259317
0.047585
-0.0203563
0.000890146
0.0454797
0.0408143
0.0278164
-0.0106847
-0.00408808
-0.0351846
0.00223262
-0.017756
-0.00108125
-0.0124302
0.016816
-0.0195371
-0.0425157
-0.0387944
-0.0187493
0.0184055
0.0349051
-0.0254585
-0.0348832
-0.015424
0.0217643
-0.0325241
0.0360517
-0.0330307
0.0361775
-0.0396782
-0.0400123
0.0458465
-0.043546
0.046053
-0.0273366
0.0133065
0.0116279
0.0322848
0.0166736
-0.0186802
0.00986089
0.00696053
0.008051
0.0484072
0.0405104
-0.0283432
-0.0340421
0.0272014
-0.0438629
-0.00561256
-0.0292231
-0.0035165
-0.0420815
0.00439848
0.00286994
0.0171064
0.0357374
-0.0153869
-0.00324189
-0.040582
-0.0237815
-0.0267342
0.0176266
0.0182078
-0.0222095
0.0312836
0.0468631
0.0426696
-0.00020643
0.00582617
0.0649068
-0.0222009
0.0212606
0.0281358
-0.0324837
0.0229097
0.0474901
-0.0411446
0.0039158
-0.0507904
0.00177225
0.0273951
-0.0247142
-0.0385418
-0.0189908
0.0242553
-0.0110388
0.0206706
-0.00980506
0.0260128
0.0293807
-0.0279687
-0.0160944
-0.043453
0.0325704
-0.0431097
0.0237208
-0.0161328
-0.0630559
-0.0640268
0.0239332
-0.0883031
-0.00456897
0.0437453
0.0387678
0.060393
-0.0117806
-0.0479677
0.0362505
0.0346819
0.00621069
-0.016348
0.0339124
-0.0683451
0.000714067
0.0433697
-0.00423971
0.0147186
-0.0258065
-0.0747762
0.0347285
0.0275843
-0.0424132
0.0173139
0.0175724
0.01329
0.00991651
-0.0355866
0.0299439
-0.0803701
-0.0140131
-0.0582912
0.0258649
-0.0980248
-0.0557961
0.0328592
-0.0318023
-0.035745
-0.0263804
-0.032625
-0.0274481
-0.0227716
-0.0420903
0.0328895
-0.0790255
0.0654992
0.0713317
0.0296818
-0.025613
0.0702488
0.0160348
-0.0375284
0.036
-0.00154086
-0.0261457
0.0184016
0.00527258
-0.0153061
-0.046891
-0.00276705
0.0379266
0.0141097
-0.0104796
0.0272956
0.0588942
-0.00302089
0.00188544
-0.0260477
0.0018085
0.0023393
0.00897357
0.0419989
-0.000312852
0.0475279
-0.0355546
0.0700861
0.0383218
-0.0102809
-0.0178039
-0.0340605
0.0562226
-0.045782
-0.041304
0.0154596
0.0112584
-0.0404069
-0.0211951
-0.0248916
0.0432588
0.0310986
0.0445462
-0.0424293
0.0297195
0.0359326
-0.0250918
-0.0420247
0.0245403
0.0412813
-0.0462322
0.019371
-0.0130007
0.00501758
-0.00406761
0.047228
-0.0112206
-0.0243167
-0.0174758
0.0390418
-0.0420405
0.0161452
-0.0313943
0.0243066
0.00303111
-0.0291413
-0.00270564
-0.0228393
0.00329715
-0.00860535
0.0417799
0.03166
0.00263536
-0.0176697
-0.00748554
-0.00716331
-0.00550888
0.0198588
-0.0292177
-0.00754068
-0.00762469
-0.0223319
-0.0430396
-0.033929
0.0228126
-0.00378857
0.0112754
0.0266032
-0.0401006
0.00152297
0.00482729
-0.0263197
0.0298891
0.0473662
0.0118124
0.0274111
-0.00216069
0.00855133
-0.0264967
0.00142723
0.037409
-0.0075603
-0.0102904
-0.0317018
0.0224387
-0.0685281
-0.00510049
0.0349771
0.0071045
0.010163
-0.0403585
0.0570835
-0.0423209
-0.00547753
-0.0222178
-0.0261789
0.0197034
0.0415376
-0.0124165
0.0186322
-0.0134248
0.0162818
-0.0245294
-0.0121241
0.00945086
0.0372633
0.0581248
-0.0286216
-0.0429578
-0.00932504
0.070652
-0.0221092
-0.00549414
0.0436304
0.0131448
-0.00285347
0.0259574
0.060232
0.0463684
-0.0782817
0.118694
0.129211
-0.00579862
-0.031577
-0.0253577
-0.00790306
-0.0704847
-0.161387
0.0593108
-0.00579937
0.0872211
-0.0721728
-0.0861316
-0.0178241
-0.0267008
-0.0269768
-0.0638183
-0.0121693
-0.0377684
-0.00510044
0.0434456
0.00360159
-0.00240696
-0.0675866
0.0214919
0.00017472
-0.00427439
-0.0620296
0.000361707
0.0512146
-0.067692
-0.0534103
0.0344898
0.0454286
-0.0232454
0.0129277
0.0352491
-0.0348538
0.0489929
0.0533973
0.00156679
0.0210775
0.0212769
0.0213756
-0.0161973
-0.0604588
0.0183371
-0.062948
0.0524328
0.0470545
0.00370816
-0.0281012
0.000590424
-0.00408074
0.118563
0.0225716
0.00119727
0.0110133
-0.0107259
-0.0144181
-0.0780151
-0.00165067
-0.0614754
0.0359624
-0.0185201
-0.0110796
-0.0410452
0.00869342
0.0263442
0.0237274
-0.0356107
0.0591423
0.0496046
-0.00568245
0.027121
-0.0077761
0.0446856
0.0422209
-0.0329244
-0.0156422
-0.00529922
-0.00254524
0.0147161
0.0318407
0.00563154
-0.0328204
0.0403964
-0.0104706
0.0713414
-0.00130105
0.0574965
0.0241515
-0.0786303
0.0574949
0.00841085
-0.000254867
-0.0449929
0.049642
0.0106604
0.0258013
-0.0455389
-0.0448428
-0.0961349
0.0239714
0.128861
-0.0136352
-0.0182042
-0.058491
-0.0482331
0.0307947
0.0199713
0.0682973
-0.0485077
0.00569583
0.0398425
0.0258166
-0.0220551
-0.0864826
0.00312827
-0.0788434
-0.0240759
-0.00463774
-0.031835
0.00491504
-0.0586754
0.0429209
-0.00125126
0.0635334
0.00415227
0.0406443
0.0477942
-0.0291
0.0470809
0.0373203
0.0144188
-0.0086058
-0.0414998
0.00369463
-0.0386317
0.0226258
-0.000347824
-0.0105855
0.035356
-0.00317335
0.0461162
0.0188312
0.0210615
-0.00709322
0.036154
0.0395459
-0.0058447
-0.0244959
-0.0114922
-0.00359515
-0.0221127
-0.0256065
0.03777
0.033409
-0.0188441
0.026071
-0.014103
0.0485035
0.0111872
0.0159264
0.0195547
0.0363715
0.047913
0.0198574
0.0183354
-0.00692039
-0.0375381
0.0135853
0.0339039
-0.0460305
0.0379406
0.0302574
-0.0380143
-0.00191912
-0.0316444
-0.023728
-0.0430119
-0.0593946
-0.0342004
0.0311159
-0.0471404
0.0113608
-0.00960306
-0.0126401
0.0390769
0.0207565
-0.0239565
-0.046944
-0.0269368
-0.0298161
-0.012298
-0.0148623
0.0168989
-0.0732832
-0.0106755
0.0228328
-0.0468046
0.0138867
-0.0276468
-0.0643607
-0.000808507
0.0122392
0.0242504
-0.023886
0.0284431
0.0188503
0.0044391
0.0326
-0.0746636
-0.0262974
-0.0385296
-0.0122446
0.0370322
-0.0441342
-0.0319388
0.0502059
-0.0211319
-0.0161233
0.000869902
-0.0465845
-0.0143246
0.0304569
0.00517013
0.0387487
-0.0403189
0.0495156
-0.00924631
0.0126749
0.0348537
-0.00839657
0.0382393
0.0119781
0.0115213
-0.0316783
-0.0516253
0.0328294
0.0557781
-0.0608389
0.0420848
-0.0139403
-0.0230266
0.00530464
-0.0686464
0.0096139
0.00333718
-0.030174
0.0060292
-0.00771624
0.0983414
-2.76019e-05
0.0180841
-0.0319419
-0.00311632
0.0163963
-0.0554032
-0.0295818
-0.0207557
-0.0425218
0.00623423
0.143243
0.080103
0.0225114
0.0558731
0.0643169
0.0329157
-0.0126516
-0.0246834
-0.0136003
0.0649392
0.0868046
-0.00709328
-0.0277495
-0.0207173
0.0832017
0.0170305
0.0432702
-0.0375511
-0.0380338
0.0380614
0.0290449
-0.00644328
-0.0105286
0.00955177
-0.042391
-0.0195107
-0.090591
-0.129119
-0.0565675
0.0267045
-0.0529387
0.0333379
-0.0397848
-0.0467955
-0.0337552
0.0224173
0.0259242
0.00733592
-0.00672225
0.00138388
0.119494
-0.0101274
0.0371971
0.0302671
-0.0398135
-0.0264955
0.0212211
0.0494149
0.00935707
0.0357132
-0.011256
0.0299852
-0.00916692
0.0479533
0.0376229
-0.0107574
-0.0400892
0.0203761
0.0201537
0.00349561
-0.0216117
-0.0254148
-0.0227668
-0.00673311
0.0147724
-0.0482564
-0.0145369
-0.0324275
0.0367678
-0.0463439
-0.026628
0.0174791
0.0191532
0.0224492
0.00960735
0.000897651
-0.0161838
-0.0234377
0.0168268
0.0185192
-0.038188
0.0110151
-0.0470344
0.018012
0.0441639
0.0299598
-0.0257002
0.00736992
-0.0386937
0.0109381
-0.0350192
0.00706714
-0.0102801
-0.0239621
0.0429909
-0.0307071
0.00236685
-0.0487579
0.0373866
0.047047
0.00860822
0.0355579
0.0315354
0.0411925
0.000197887
-0.0370196
0.0125122
-0.0309487
-0.0157069
0.020843
0.0240182
0.0421937
-0.0353325
-0.0217827
0.0350311
0.0199307
-0.00642741
-0.0294645
-0.0456378
-0.0472146
0.0278443
0.019194
0.0448696
-0.109114
0.0275936
0.0458664
-0.031639
0.029867
0.00516338
0.0213112
-0.0165094
-0.115873
0.0726511
0.127409
-0.00306516
0.386231
0.204288
0.0285598
-0.139802
-0.0534861
0.0895144
-0.0429578
0.0420407
0.069633
0.0425531
0.0299198
0.0450402
0.083236
0.0472225
-0.0147499
-0.00313788
-0.146286
0.260331
0.157611
-0.0396622
-0.0126433
0.032107
0.0974489
-0.337143
-0.28696
-0.0891428
-0.133811
0.230298
0.056061
0.0496136
-0.0736376
0.132408
0.0235199
0.0575861
0.104583
0.0689108
0.0647506
-0.178946
0.0278129
0.064403
-0.171469
-0.116223
-0.23865
-0.000711834
0.0867813
0.0278107
-0.0927167
-0.172528
-0.0466419
0.0180859
-0.0379468
0.150397
-0.108666
-0.152777
-0.00314841
0.0259766
0.00493717
0.106091
-0.0148302
-0.147026
-0.0423223
-0.106427
0.0462488
0.0741675
-0.0718297
0.0241456
0.0617119
0.000254107
0.0600567
-0.0671835
0.0244188
0.326395
0.0147584
0.0579277
0.0404101
0.110819
0.0751773
0.0704628
0.0362085
-0.0281807
-0.0130326
-0.00659878
0.0448225
0.0748925
-0.0446465
0.0343825
0.0468907
-0.00206623
0.156935
-0.0516018
-0.0949745
0.0167939
0.0158395
0.0438594
0.0482253
-0.0148387
0.0387806
0.0581065
-0.0126095
-0.0082869
-0.00501064
-0.0479808
0.0265155
0.0328197
-0.0295791
0.0527554
-0.0097697
-0.038669
0.0735883
0.176307
-0.0127217
0.0338592
0.0579866
-0.0136423
-0.059129
-0.0257876
-0.0389612
0.0327395
-0.177705
-0.102124
-0.0725496
-0.328321
0.178442
0.0360002
0.0472279
0.0260749
-0.00340421
0.0351539
-0.00294243
-0.00700772
0.0240455
0.0409067
0.0109327
-0.0615502
-0.118473
-0.0481226
0.0271976
-0.00817035
-0.0209525
0.0464558
0.0150602
0.0722977
0.0115768
0.0117632
0.046813
-0.0463406
0.0245682
-0.0366419
-0.0401331
0.0119419
-0.0238215
0.0288501
0.0317026
-0.0134588
-0.0171729
0.041933
-0.02885
-0.0303977
0.0111405
0.0340116
-0.00460994
0.0110527
-0.0406999
0.0317293
0.0206549
-0.0383486
0.0244902
-0.00889161
0.0700547
-0.0693308
0.0261409
-0.0177261
0.00908621
-0.00419638
0.0387485
-0.00633905
0.0273018
0.0168876
-0.0158916
-0.00374516
-0.00924935
0.0470597
0.0123529
-0.083004
0.163944
0.0504013
0.0677612
-0.042041
-0.044486
-0.00947406
-0.00266541
-0.0198193
0.0350812
-0.0420919
-0.04403
0.0267896
0.0331415
0.00633187
0.0233281
-0.0191592
-0.0464887
-0.0783434
0.0198161
-0.045161
-0.117106
-0.0442384
0.0169706
-0.0708549
0.0870978
-0.0127931
0.0376452
0.05335
-0.16007
0.0460475
-0.027752
-0.086374
-0.0225713
-0.0155338
-0.0830907
0.00582935
-0.057936
-0.0114198
0.0373743
-0.0324908
0.0167484
0.0354099
-0.0296347
-0.144338
-0.00275755
0.0204745
0.0267381
-0.0575454
0.0725636
0.147546
0.0543799
0.070745
0.00707677
0.013959
0.00337118
-0.0135185
-0.0243956
0.0101032
0.114243
0.0985266
0.164015
0.138621
-0.0981288
-0.0228704
-0.101645
0.0371567
0.0708456
0.0681463
-0.0475078
0.0339848
0.0462085
0.0377004
0.0575381
0.0991039
-0.0157848
-0.102102
0.0104116
0.0176403
0.0484754
0.144155
-0.363269
0.201754
-0.336428
0.0399778
-0.158818
0.0158968
0.0544026
-0.0232896
-0.0247878
0.0763265
-0.0662833
0.0583696
-0.0416459
-0.0576735
-0.0069987
-0.161896
-0.109595
0.0754926
0.0363469
-0.0815838
-0.0142497
-0.00601291
0.0867599
-0.320198
-0.0719697
-0.284418
-0.180874
0.0259952
-0.126055
0.130166
0.111434
-0.0319357
0.0885742
-0.0732233
-0.0144427
0.1155
-0.455051
-0.123042
0.00994865
0.0345829
-0.305562
-0.121386
-0.290117
-0.105734
0.232684
0.0830492
0.192215
-0.242597
-0.0352622
-0.0823898
-0.0287985
-0.0431637
-0.0857101
-0.0182587
-0.266533
-0.126231
-0.293606
-0.160574
0.0212251
0.0796668
-0.0533796
-0.0114658
0.0152244
0.0609786
0.0875363
-0.0384048
0.0319117
-0.0301439
0.0380777
0.0147746
0.0042511
0.023123
0.0575222
0.0187764
-0.0233065
0.0446066
-0.0318571
0.0435594
0.0432994
-0.021573
0.0205194
0.0205636
0.0107255
0.00475611
0.0151679
0.0211671
0.0426777
0.0155229
0.0282557
0.0355268
-0.0352101
0.00946424
-0.000429926
-0.00270717
-0.0248574
-0.0475428
-0.0413017
-0.033219
-0.0357504
-0.037178
0.0176861
-0.0451716
-0.0160809
-0.00441141
0.0298662
0.026869
0.0184466
-0.000944242
-0.0067857
-0.022801
0.0236469
0.0106097
0.00168097
-0.00734708
0.0229843
0.0311291
0.0303583
0.0387094
-0.0414374
-0.019882
-0.0536625
-0.00736655
-0.0108159
-0.0375256
-0.0551115
0.0417139
-0.0322397
-0.0037619
-0.0584901
0.0345009
-0.0127303
0.0971806
-0.0592045
-0.00252574
0.0696069
0.0236573
0.0464905
-0.025676
0.0250289
-0.00851643
0.0278038
-0.0151022
-0.0416519
0.0402927
0.01429
0.0366693
-0.00323728
-0.031881
-0.0471191
-0.00027248
0.0526813
-0.0842936
-0.0584586
-0.0712488
-0.078533
0.0586903
0.0313205
-5.7654e-05
0.0417649
0.0244766
0.0514689
0.0280319
0.0414292
0.00143887
-0.0203476
0.0117628
0.0115896
-0.00966116
-0.132096
-0.146894
-0.0417631
0.0284629
-0.0367157
0.0821774
0.168277
0.125042
0.0206271
0.0867092
-0.149151
-0.0790271
-0.00602117
-0.0320525
-0.012285
-0.0252083
0.00453022
-0.0859962
0.0162935
-0.025754
0.000257996
0.0183439
-0.00345798
0.124905
-0.0116798
-0.0206737
-0.0400832
0.0586405
0.0336522
0.0388652
0.0319506
0.0749375
0.042664
-0.00428512
0.0296879
0.0584983
-0.0594977
0.0053122
-0.014206
-0.0898481
0.000706185
0.0539522
-0.0296048
-0.00527859
0.0225061
0.0711119
0.0218336
0.0440516
0.0253048
-0.00644891
0.0371198
-0.0516149
0.032928
0.0682848
-0.0849386
-0.161881
0.0169441
-0.0046854
-0.0440968
-0.0829308
-0.0300486
0.0148258
-0.035044
-0.00953702
0.00978884
0.00844853
0.119196
-0.0330243
-0.0421148
0.0226582
0.0184714
-0.0752445
-0.0375792
-0.0824236
-0.0259812
0.0242169
-0.0403611
0.0412975
-0.0249792
0.0344362
0.0824542
0.0375227
0.0447983
-0.0030875
-0.0193808
-0.0106947
-0.114871
-0.000823861
0.0490536
-0.0419969
-0.012766
-0.101154
-0.104404
0.0129405
0.0318005
0.0373764
-0.0241089
0.025293
-0.0297461
0.0233509
0.0482816
-0.00380388
0.131296
-0.0356974
0.0474911
-0.00505682
-0.0270177
0.0709728
-0.0420291
-0.0224859
0.0345042
-0.0819952
0.0370579
-0.00603237
0.0263222
0.00357392
0.0278799
0.0342382
-0.0126476
-0.0759143
-0.0335251
-0.041552
-0.0366371
0.0326097
0.0535921
-0.000808496
-0.0427687
0.00749334
0.00535379
-0.0356871
-0.0356831
6.42625e-05
-0.0403636
0.00617596
-0.0452939
0.00907264
-0.00279307
-0.0165634
-0.0150746
-0.0162081
-0.0444038
-0.0355651
-0.0378407
0.0182522
0.0308698
-0.0449176
0.0489844
0.02339
0.0331118
-0.044191
0.0152445
0.0318628
0.0292219
0.0271261
0.0364563
-0.0532633
0.0157001
0.016095
-0.0263836
-0.0296959
0.0355413
0.0214113
-0.0237299
-0.0208909
0.0353157
0.00457778
0.0442623
0.0191656
-0.0135907
0.0414925
0.0146641
0.0291925
0.0140599
0.0168171
-0.00817717
0.0419524
-0.00764252
-0.0344909
-0.0130843
-0.0277234
-0.0343336
-0.0576405
-0.0223417
-0.0464657
0.0797875
0.00451062
0.0037603
0.014009
0.0164275
0.0716763
0.0533196
0.0621296
0.00672384
-0.00958892
0.0546669
0.06919
0.00581799
0.0918572
0.0805075
-0.00555352
0.0670798
0.0578019
-0.0659696
-0.000823082
-0.0491686
0.0292318
-0.0339477
0.0366006
0.00356305
0.125336
0.0618038
0.00753831
-0.0531601
-0.0264855
0.00611809
-0.00278839
-0.0385085
-0.0337677
0.0218735
-0.0533129
0.00544023
-0.0368337
0.026202
-0.00133406
-0.0204177
-0.0693286
-0.0587134
-0.028405
-0.0428453
-0.104302
-0.0368093
-0.0807171
0.00444984
-0.00539468
-0.0476565
0.0401539
0.00820594
0.0114795
0.0332368
-0.00305089
0.0092688
-0.0287526
-0.0265073
0.0296534
-0.0578617
-0.0155459
-0.0539276
0.0111798
0.0429389
0.0110961
0.027327
0.0325951
-0.111994
0.0717528
0.0143591
-0.0290877
-0.00753911
-0.0107577
0.0547573
0.0303179
0.0270472
-0.027264
-0.0426585
-0.1207
0.0691143
0.0530311
-0.00113825
-0.0249632
0.059883
-0.00364981
-0.0348067
-0.0396037
-0.00951039
-0.067516
-0.0261579
0.00564922
0.0627985
0.157746
0.0212383
0.0951175
0.127133
0.0185115
0.0560269
-0.0237981
-0.0668867
0.0376124
-0.035839
0.0478169
0.0374315
-0.0176605
-0.00480912
0.0471344
0.00575173
0.0112517
0.104996
-0.000533112
0.0236703
-0.019644
-0.0130094
-0.0194372
-0.0244242
-0.0762938
0.0144375
0.074935
0.0724488
0.0294677
0.0911015
0.0215883
0.0290689
-0.0183006
0.00378077
0.0103322
0.0363982
0.04382
0.0274692
-0.0326005
-0.0211962
-0.00832075
-0.00965524
-0.0111273
0.0474445
-0.0406639
-0.0295429
0.0259621
-0.0403503
-0.0349287
0.00856412
0.0063223
0.0290101
-0.00923665
-0.0234951
0.0457851
0.0236536
0.00696926
-0.00583289
0.00084872
-0.0418676
-0.0061539
-0.0222715
0.020347
-0.00730121
-0.0294864
0.0609579
0.0185232
0.0436073
0.0162331
-0.0343935
0.0094405
-0.0140853
-0.044652
-0.00975273
0.0028494
0.0502382
0.00749159
0.0206135
0.0425544
-0.0400681
0.00753052
0.0446415
-0.00528365
-0.0114048
0.0309106
0.041575
0.0253535
0.0342987
-0.0468793
0.00688648
-0.0251679
0.0242723
-0.0291141
0.0320824
-0.0167634
0.0472565
-0.0232686
0.0472637
0.0369031
0.0149783
-0.0423779
-0.0458091
0.0500516
-0.000505105
0.0238781
0.0102541
-0.00333729
-0.0151838
-0.00857779
-0.420976
-0.0887719
-0.0197781
-0.00330348
0.0306489
-0.153158
-0.0266314
0.0672353
0.0386068
-0.139023
0.145643
-0.0289572
0.464197
0.449693
0.21797
-0.151258
-0.0643815
0.0319235
0.0614544
-0.175766
-0.162273
-0.0554818
0.00801445
-0.0284085
-0.00283482
0.11207
-0.0344907
0.0176733
-0.20041
0.0145452
-0.0213372
0.225673
0.0385169
0.0186709
0.160181
0.676461
-0.162455
-0.735184
-0.0542044
0.15386
0.0134634
-0.111316
-0.15361
0.110752
0.0503933
-0.146838
-0.0280045
0.144502
0.0256984
-0.508662
-0.0213333
0.0778537
0.112134
0.119357
-0.135539
-0.0154828
0.0673068
-0.0435097
-0.215957
0.0517044
0.0302923
0.139883
-0.0162879
-0.00568539
-0.15625
0.229709
-0.0263183
-0.0460405
0.287229
0.0818174
-0.128283
-0.116124
0.264988
-0.0720457
0.0754877
0.0666015
0.0445756
0.0255176
0.0166801
-0.0374165
-0.00284068
-0.193277
-0.376683
0.373968
-0.0730719
-0.0952182
0.0449217
0.148773
-0.00201159
-0.0045248
-0.0233972
-0.0745045
0.00626826
-0.00827686
0.112366
0.106078
-0.00867253
0.0273349
0.00115508
-0.0639141
-0.0474279
0.0523696
-0.377852
-0.0198791
0.0833339
0.0663694
0.0350541
-0.00358081
-0.0963924
0.000193013
-0.0143559
-0.0376148
-0.0101796
0.0423338
0.0432994
0.112613
-0.027759
0.0172993
0.0594341
-0.0802033
0.169864
0.199695
0.083525
0.0347841
0.0257582
-0.11967
-0.16363
0.00331516
-0.0185658
-0.0412084
-0.226857
0.0771352
-0.0800092
-0.269728
0.086211
0.00619962
-0.00547474
-0.0267611
0.00167319
0.144431
-0.0697996
-0.0255491
0.0292644
0.0448774
0.00778928
-0.204458
0.0341851
-0.00858159
0.066105
0.038323
0.0366123
0.0458234
-0.00760176
-0.0134466
-0.0374457
0.0801877
0.126164
-0.011374
0.0110673
0.0332036
0.0210145
0.0235326
0.00149394
0.0180937
-0.192647
-0.0911916
-0.0156094
0.0127912
0.00597713
-0.00932168
-0.0443177
0.0323693
-0.000896101
0.0461712
-0.0187474
0.0165591
0.0525148
-0.00590048
0.0374866
-0.0601056
0.103079
-0.0305486
0.0335658
-0.0247592
0.0676646
-0.00577389
0.059733
-0.0385562
0.0284035
0.0165988
-0.0224988
-0.0431052
-0.00767817
0.0445184
-0.0430942
-0.070197
0.0961078
0.0338412
0.0569707
-0.0241974
-0.0244684
-0.0392059
0.0485346
-0.0432256
0.020165
-0.0108473
-0.0186885
-0.176951
-0.0271412
-0.0414307
-0.0520936
0.0487592
0.0933939
-0.00246832
0.00232507
-0.0047444
0.372945
0.0715876
-0.0694505
0.0355099
0.256321
-0.00161974
0.0418098
0.063541
-0.0927531
-0.0539405
0.178354
-0.178396
-0.170698
-0.328538
-0.084897
-0.0685898
-0.0532867
0.110182
0.132313
0.0629452
0.123132
-0.0110352
-0.112142
-0.153101
0.0475819
-0.0110504
-0.00884352
-0.175413
0.00384971
-0.273337
-0.0114297
-0.0542014
-0.0759077
0.113186
0.0467517
0.00951698
0.0370724
0.010119
0.0408599
0.0770198
-0.14782
0.244047
0.179908
0.148703
0.100272
-0.0316999
0.0126427
0.109629
-0.0198908
-0.0885125
0.137866
0.0339927
-0.0330264
0.285111
0.152532
-0.0451348
0.0472252
0.0858516
0.0382533
0.154045
-0.0404082
0.087602
1.01459
-0.000371477
-0.104888
-0.196575
-0.409524
-0.0481261
0.0247667
-0.394486
0.0739254
-0.0632114
0.0148226
-0.675977
-0.243987
-0.101487
-0.0849152
-0.0536183
0.15409
-0.0925914
-0.0841965
-0.160964
0.0054042
0.167664
-0.261471
-0.0378182
-0.037647
-0.0933933
-0.194553
0.0966561
0.355115
0.0635916
0.225853
-0.402975
0.118078
0.152458
-0.378097
-0.217005
0.0116165
-0.00456185
-0.535011
-0.159009
-0.324291
-0.2054
0.159083
-0.0379467
0.0616
0.0291779
0.119672
-0.214564
0.0547602
0.0320071
-0.146161
-0.0718857
-0.226961
-0.138554
-0.0436664
0.0823729
0.0955647
-0.0119218
0.116367
-0.0279377
0.0394219
0.0689809
0.0254018
-0.0194293
0.0116992
-0.00264787
0.0748303
-0.00909639
-0.0171551
-0.0400302
0.0582573
0.00657522
0.0205073
0.0588372
-0.038408
-0.0218756
-0.0102346
0.0122155
-0.0290989
0.050349
0.0219256
-0.0209236
0.0148258
0.016134
0.0640798
0.0177186
0.0188909
0.0149381
-0.0299895
-0.00701979
0.0145658
0.021836
-0.0472714
-0.175595
0.0357308
0.0245723
0.0351894
-0.00994786
-0.00557911
-0.000259185
-0.0291499
-0.0379103
0.00386935
-0.0274846
-0.0778831
0.0344029
-0.0567812
0.0282873
-0.0392921
0.0340211
-0.00325553
0.0118533
0.00447869
-0.0338266
0.0479234
-0.0669578
0.011515
-0.0457223
-0.026973
0.00275298
-0.0447046
-0.024283
0.0183781
0.0153671
-0.0378888
0.0167983
-0.0245384
0.029211
-0.0240122
-0.0187152
0.0579259
-0.078104
-0.0696716
0.000731779
-0.0242189
-0.0345381
0.000343662
0.164545
0.0112424
0.0514452
0.0156961
-0.0225605
-0.03805
0.0472266
0.0767258
0.0304309
0.102568
0.0530774
-0.055734
1.26882
0.765452
0.120869
0.0701955
-0.302636
0.31452
0.252896
0.195202
0.058779
-0.0275931
0.00175441
-0.0839204
-0.016671
-0.0872453
0.368149
0.00958305
-0.0824147
0.133948
0.0592502
-0.130057
-0.0118436
0.103078
0.0199489
-0.872229
-0.189271
-0.0749875
0.0368983
0.458468
-0.0256122
0.245137
-0.163868
0.172995
0.105514
-0.126722
-0.0699851
0.042268
0.130718
-0.242546
-0.0139712
0.0801518
-0.109025
0.0155213
-0.388569
0.0134691
-0.00512834
-0.0266818
-0.262789
0.763727
-0.0626998
0.122219
-0.0468074
-0.0566208
0.220025
0.0260024
0.00662936
-0.00835489
-0.189607
-0.00196437
-0.111674
0.0951519
-0.311959
-0.168623
-0.168819
0.175874
-0.0291398
0.0592661
0.0265447
-0.0412465
0.0327441
-0.0506447
0.163946
0.124778
0.0266607
-0.0425889
-0.0151417
0.00358551
-0.0435953
-0.0540691
0.29036
-0.0561764
0.0116996
0.0131184
0.0300105
0.674789
0.0221644
-0.00927887
-0.0154644
-0.2308
0.0837176
-0.0242814
0.407688
-0.0953653
-0.0971894
-0.00569227
-0.031145
0.0134061
0.00268952
-0.00509146
0.0104068
-0.00940211
-0.0357291
0.0347791
0.101833
0.0467651
0.0458142
0.0721629
-0.0760592
0.0677094
-0.0668554
0.172561
0.0617175
0.0282147
-0.0137328
0.0108246
-0.0147253
0.0451515
-0.00376293
0.0437315
-0.201603
-0.155637
-0.199277
-0.078907
0.0270892
-0.0356592
0.0784824
-0.00180192
-0.0229836
0.112067
0.140975
-0.0169184
-0.0469715
-0.0150522
0.0119413
-0.0631309
-0.19329
0.00918708
-0.0998761
0.0934916
-0.0666005
-0.0403922
-0.0355463
-0.025156
-0.0198465
0.0334569
0.0102738
-0.0178125
0.0485658
0.0180308
0.0278005
0.00892404
0.0438807
-0.00306957
0.274218
-0.154407
-0.115128
0.00163432
-0.0490447
0.0445396
0.0228492
-0.0165664
-0.0197809
0.043775
0.0158011
-0.00321927
0.0821995
-0.0360011
-0.0162652
-0.0176265
-0.0718141
-0.00111443
0.0107332
0.00171146
-0.010312
-0.0363318
0.00414776
0.00679267
0.0401723
-0.0490212
0.0151901
-0.0417911
0.00943261
-0.0246598
-0.01306
0.0748605
0.131163
-0.0476729
0.170386
0.0228911
-0.0144677
-0.00206768
0.0301449
0.0174682
-0.0333965
-0.0289949
-0.0272991
-0.0511951
-0.0133335
-0.0040555
0.00479661
0.00370563
-0.0968285
-0.0941032
0.226324
-0.0201751
-0.404089
-0.00816709
-0.0607089
-0.00249667
0.0630596
-0.0160932
0.013781
-0.0800053
-0.212232
0.0763626
-0.187939
0.350827
0.152829
0.0591754
-0.191319
-0.0248442
-0.0486921
0.0179004
-0.0997635
-0.0870235
-0.017129
0.112977
-0.140778
-0.245455
-0.144856
-0.0401167
-0.0481455
-0.147734
-0.0510313
0.0883948
0.0583518
0.139932
0.0924283
0.12716
0.183662
0.167368
0.00832572
-0.00955738
-0.0507929
0.136706
0.151621
-0.0747542
0.0364053
0.188051
-0.00542006
0.141511
0.0461938
0.119515
0.0411528
0.0416333
0.0311694
0.035353
-0.206241
0.229682
0.281298
0.0880904
0.128779
-0.00960483
0.109721
0.0448248
-0.504036
-0.0877496
-0.23472
0.0864181
0.153542
0.357464
0.335485
0.00375802
-0.0354042
-0.555407
-0.00708587
-0.618761
0.176182
0.525465
0.506842
0.413717
-0.26402
-0.0240886
0.0668997
-0.0396975
0.161179
0.0890413
0.103535
0.356198
-0.0143056
-0.208208
-0.0268742
-0.127696
0.0438317
-0.0256006
0.232772
0.0123421
-0.109054
-0.0632934
-0.0528586
-0.0408758
0.201199
0.0313993
-0.0326061
0.0166271
-0.140122
-0.078377
-0.223592
0.207504
0.182286
0.0481806
0.0662439
-0.253351
-0.0299338
-0.146903
-0.146247
-0.0191813
0.0390515
0.0058118
0.251058
0.0548307
-0.317921
-0.176185
0.0957341
0.0127298
-0.0363673
-0.00123015
-0.00644795
0.0393882
0.186125
-0.0328946
-0.0428364
0.0188739
-0.0145563
-0.0260223
-0.040371
0.0224112
0.0521464
0.018982
0.0200144
0.0385831
0.00979776
-0.0287359
-0.00861206
-0.00353654
0.0308715
-0.0435534
0.0192333
0.0537228
-0.0157661
0.0468177
0.0472084
0.0332586
-0.0283158
-0.0424556
0.0160632
0.0243146
0.0424972
-0.0195584
0.0138199
-0.140655
-0.0400309
0.0480778
-0.00949029
0.0018783
0.027665
-0.000494118
-0.0147443
-0.0232228
0.0148939
0.0289244
0.0206037
0.00684537
0.0121076
0.0415819
-0.0236333
0.0206041
-0.0234225
-0.00945057
0.0273902
-0.000860385
-0.0122187
0.00688484
0.00898003
0.0100869
-6.41926e-05
-0.0110152
0.0203832
-0.0731179
0.156683
0.225577
-0.00367983
0.0191018
-0.0185131
0.0205988
-0.0118546
0.0712018
0.0693143
-0.00238347
-0.0166183
-0.0141784
0.0103556
0.0424355
-0.0439388
0.0490973
-0.0685251
0.0322105
0.0261177
-0.0251034
0.00694056
-0.00881027
0.0443046
-0.0267873
0.0134205
0.0319884
-0.0169332
0.0238217
-0.0742296
-0.000206789
-0.00400297
0.0371546
-0.0461665
-0.0244072
-0.0574532
0.00886689
-0.0124935
-0.0796599
-0.00108753
0.0142871
-0.0688825
-0.0245917
-0.00745966
0.036919
-0.0879671
-0.0348746
-0.0374901
-0.0580111
0.0153854
-0.0440355
0.156919
-0.0132435
0.0714107
-0.0173014
-0.0356366
0.0444635
-0.0400039
0.0336221
-0.007398
0.0103113
0.0203184
0.0634129
0.00853987
0.0109493
-0.0477783
0.0113556
-0.0512064
0.0793731
0.0512571
0.0375752
-0.0424372
-0.00443387
0.0310219
0.0134891
-0.00948438
-0.00535155
-0.0279951
0.0188148
0.0420292
0.0466782
0.0393076
0.043136
0.0423191
0.0475335
-0.0133564
0.0553134
-0.0153832
-0.0274
-0.00132915
-0.0421971
-0.0560763
0.0522656
-0.00112758
-0.0414763
0.0503795
-0.0105366
0.0132525
-0.00139103
0.0374863
-0.0692423
-0.0814834
-0.0116195
-0.0562057
-0.0808601
0.0438021
-0.0810423
0.00919505
0.0160434
0.0460613
0.0361109
0.0348659
0.0317104
0.0441029
-0.0137896
-0.0167147
-0.0773423
0.00440688
-0.0586268
-0.0372215
-0.0185668
0.0301484
-0.00926282
-0.0275215
-0.0124773
0.0179085
-0.0271828
0.0473928
0.0362864
-0.0327076
0.00689796
0.0419612
0.0172203
-0.0570037
0.0624082
-0.00672642
0.0412496
-0.0586179
-0.00885585
0.0411892
-0.01059
-0.0175545
0.00597282
0.0430474
0.0279367
-0.00651279
0.101256
0.0366519
0.0700439
-0.100488
-0.0279796
0.0244854
0.0187876
0.00905456
0.0468712
0.0597537
0.0499255
-0.0182531
0.0203592
-0.0259762
0.0486226
-0.0323899
0.000129066
0.0201054
0.0632083
-0.0431242
-0.027443
-0.0351725
0.0157823
0.016711
-0.0140087
-0.0259752
-0.0221342
-0.0490875
0.0209853
0.0142229
-0.0127582
-0.0235267
0.0266287
0.00562071
0.0301082
0.0412526
0.0564769
0.0270967
-0.0448132
0.0004569
-0.0341964
-0.0333909
0.0162584
-0.0308466
-0.0213922
0.0117213
-0.0309136
-0.033156
-0.039807
0.0281727
0.0360244
-0.0297434
0.00211209
-0.033776
0.0259485
0.00884661
-0.0120827
0.0540907
-0.0342487
-0.0490827
-0.00967713
-0.0333938
0.0260159
0.00159397
-0.0219464
0.0345933
0.00999766
0.0106007
0.0343262
0.032364
0.00887005
0.0252686
0.0205941
0.0450948
0.0276218
0.0254548
0.0147159
0.0243803
0.0173844
0.0103962
0.0476765
0.0135273
-0.00879991
-0.0127969
-0.0198985
-0.0229965
0.0216945
0.0426329
0.0444038
-0.0308853
-0.054069
-0.030727
0.0485126
0.0672392
0.0353943
0.0110394
0.0801794
0.0141107
0.0374604
0.044326
0.0169107
0.0649146
0.0396621
-0.0254345
0.00478385
-0.0149976
0.0107875
-0.0373543
0.0428621
-0.0287643
-0.039865
0.00274539
0.0200486
0.00982354
0.00912789
0.0730888
-0.00721081
0.00821629
0.0206703
-0.0680177
0.010644
0.0378346
0.0257713
-0.0183395
0.0250666
-0.0361867
-0.015519
0.0127243
-0.0377744
0.000211434
-0.0264247
0.0170097
-0.0610692
0.0288582
0.000417916
0.0602516
-0.000947869
-0.0269817
-0.00563867
-0.0193597
-0.0385077
-0.102644
0.0236747
0.0463299
-0.0546973
-0.113109
0.0903266
-0.0559772
0.0897107
-0.00654633
-0.048042
-0.0352205
0.0605608
-0.00177382
-0.00105721
0.0247695
0.0114358
-0.00524791
0.0668017
0.0139733
-0.0127079
-0.0422154
-0.0881941
-0.0363056
0.0641924
-0.0324335
-0.0550927
-0.0610107
0.0174189
0.0639066
-0.0615712
-0.202192
-0.0737394
0.0264904
0.0280765
0.0416047
-0.0633818
-0.0911589
0.087719
-0.072337
0.0216819
-0.0296721
0.0590496
0.0127244
-0.00254174
-0.0289316
0.0444698
0.0350436
-0.00981067
0.00353205
-0.0726456
-0.0533809
-0.10297
-0.0520273
-0.000827863
0.043507
-0.0172036
-0.0316682
-0.0483661
0.00607621
-0.0449735
0.0309179
-0.0903634
-0.018724
-0.0556177
-0.0248406
0.00539538
0.0278598
0.0340008
0.0239619
-0.0483497
0.0466637
0.0162385
-0.00113912
-0.0243857
-0.0132978
0.0136113
0.0223378
-0.0228909
-0.0231753
0.000183587
-0.0205643
-0.00819656
-0.00362296
-0.0250029
-0.0467911
0.00355685
0.0179136
-0.0019579
0.044437
-0.0462062
0.0193269
0.00454208
3.18444e-05
-0.00548231
0.0186186
-0.0418521
-0.0144066
-0.0159993
0.04573
-0.00659207
0.0446802
-0.00757344
0.0465414
-0.0210134
0.0225084
-0.0348917
0.0345839
-0.0424667
-0.00858749
0.0290478
-0.0211167
0.0293461
-0.022392
-0.00705719
-0.0241821
0.0275377
0.0297346
0.0364168
-0.0413341
-0.029564
0.00821652
0.0186967
-0.0336466
0.0496123
0.0371807
-0.0108848
-0.0327048
0.0185313
0.0302687
-0.0569221
0.0328114
-0.00682075
0.0223456
0.0374597
0.0371816
-0.00460165
0.0107829
-0.0290967
-0.0278814
-0.0516852
0.0183757
-0.00744269
-0.0460003
-0.0227227
0.35626
0.0209831
0.00845785
-0.0156449
0.0109649
-0.0425094
0.0428163
0.0234501
-0.0567673
0.0227072
0.0321834
-0.0262799
0.203458
0.0583203
0.241419
0.0233486
-0.175854
0.0323302
0.0813068
0.0348768
-0.0421992
-0.0279768
0.10443
0.00298197
0.0218273
0.0011994
0.10248
0.0017425
-0.110851
0.130652
0.134438
-0.169069
0.00859216
-0.0107483
0.0526112
-0.00339054
-0.128697
0.228649
-0.139301
0.34278
0.0250704
0.0717257
-0.0723777
0.0580355
0.0154603
-0.20492
-0.207738
-0.0172349
-0.0109378
-0.132634
-0.0537675
0.0201673
-0.178565
0.0230349
0.101402
0.0145291
0.0156024
0.0282717
0.0486597
0.0179044
-0.0165615
0.36178
-0.00868628
-0.0748764
-0.106032
0.0650673
0.0312908
-0.0354559
0.0198738
0.050755
0.0919927
0.0154168
-0.0831553
-0.0116087
-0.152067
-0.0217212
-0.0136477
0.0505669
-0.0178013
-0.0438909
0.0196056
-0.0257276
-0.0417421
0.0918063
0.136063
0.0534921
0.020433
-0.0342014
0.0546209
-0.00585124
-0.0269264
-0.0451892
-0.0392995
-0.00594011
0.0388703
0.0938362
0.032447
0.00943063
0.0234647
-0.101878
0.147479
-0.115672
0.100786
-0.0602367
0.0198418
-0.0212563
-0.0251782
-0.012589
-0.0338836
-0.00738251
-0.047813
-0.00500853
-0.04013
-0.0365381
-0.0336694
-0.0144299
0.0289266
0.0367578
-0.0204588
0.030586
-0.00736415
-0.0149572
0.056945
0.00655744
-0.0540805
-0.0824799
0.113389
0.0446488
0.0379167
0.0323182
0.0389498
-0.14698
0.0772543
-0.00527093
0.00538345
-0.0849372
-0.0517328
-0.030437
-0.0468724
0.0378927
-0.0060141
-0.0172748
0.0179579
-0.0442178
0.0143193
-0.0271025
-0.0446073
-0.0189098
-0.0501844
0.0312769
0.0170621
0.001903
0.0366972
-0.0940296
-0.0026097
0.0330355
0.0443066
-0.0454454
-0.00846146
-0.0123868
0.0065091
0.0228827
0.0438253
0.00718955
0.092114
-0.0990254
0.027982
-0.00721132
0.0168259
0.000365982
0.00896947
-0.012945
-0.0108662
-0.0403461
0.0103651
-0.0371383
-0.0249433
-0.0391475
-0.0371855
-0.0762436
0.0118284
0.0213974
-0.0249421
0.0379205
-0.0324222
0.0302965
-0.0450251
-0.0575191
-0.0154755
-0.0125917
0.00705194
0.0271681
0.0201775
-0.0190567
0.0390223
-0.0175215
0.0235296
-0.0086411
0.0652446
-0.0273178
-0.0390664
-0.0325921
-0.0474891
0.0377842
-0.0200382
0.0227694
0.0351283
-0.0242745
-0.0400939
-0.00652767
-0.0325355
0.00185462
-0.00656939
-0.00286098
0.0861945
-0.0846462
-0.105529
-3.34905e-05
-0.105218
-0.0836212
0.101266
-0.0276489
-0.0113995
0.0379121
-0.247202
0.0218796
0.0324233
-0.0423372
-0.0116647
-0.0354408
0.0191404
-0.0206379
-0.00906591
0.0559013
-0.00775988
-0.0208088
-0.0228478
-0.0213579
-0.131342
0.0100684
-0.00758381
-0.0142415
-0.000434275
-0.058048
0.058172
0.177416
0.0921074
0.0203071
0.036359
0.0163958
0.126762
-0.0420853
-0.00858002
0.032043
0.0215495
0.185954
-0.00782499
0.124761
0.187921
0.179736
0.07068
0.100502
-0.00489576
0.0249314
-0.0170994
-0.0396512
0.0135368
0.0371299
0.0201094
0.0854521
0.0181931
0.0711716
0.00523416
0.059795
0.0388894
-0.300151
0.190345
0.0308366
0.201085
-0.0859849
0.0565096
0.0431299
-0.143818
-0.0383208
0.00472146
-0.0663688
-0.0326243
-0.171117
-0.17232
-0.00998344
0.0225263
0.111491
0.0724841
0.00414184
0.0466537
-0.0430894
0.0582226
0.0402927
0.108462
0.114013
-0.0157932
-0.0228764
-0.00780412
-0.0406342
-0.0390524
-0.10464
-0.281699
-0.321102
-0.127631
-0.356493
-0.0197952
-0.0532566
0.154591
0.126272
-0.040696
0.0158507
-0.292685
-0.0208328
-0.20987
0.115645
-0.118646
0.0162042
-0.0116277
0.106843
-0.0495014
-0.0434291
0.00248917
0.0346076
0.0295341
-0.0422067
0.0882806
-0.0155682
0.260405
0.117912
-0.0504546
-0.135198
-0.0950541
-0.014709
-0.0304363
0.03717
0.102643
0.0324318
-0.0393809
-0.0319168
-0.036499
0.00778029
0.00201345
-0.00109201
0.063822
0.0297748
-0.0159992
-0.0285569
-0.0165391
0.0388639
-0.0242288
-0.0288357
-0.0118963
-0.046082
-0.00171086
0.0135969
-0.0064787
0.0325511
0.0237011
-0.0362146
0.0105379
-0.00346948
5.1795e-05
0.0430124
0.0320032
0.0455892
0.0350152
-0.0170365
-0.0125546
0.00231311
0.01738
-0.0346312
0.0450057
-0.0321508
0.0446033
-0.0111789
-0.0451245
-0.0252887
-0.0512863
-0.0556286
0.00500814
0.0306045
-0.0107793
0.0106411
0.0221583
0.0455665
0.0343533
-0.00905566
0.00466567
-0.0093004
0.0350774
0.0281602
-0.0209707
-0.0342057
-0.0428603
-0.011216
-0.0095614
0.0313624
-0.00478615
0.0423977
-0.0164715
-0.0352043
0.0216937
0.0157029
-0.0161144
-0.00627526
0.0434666
-0.0452574
0.0201015
-0.0411487
0.0031756
-0.0333561
-0.039854
-0.0462846
-0.0328797
-0.0393922
0.0624969
0.0201504
0.0204439
-0.0167449
0.0161439
-0.0142469
-0.00352392
0.0628532
0.0927831
0.0978929
-0.0193618
0.0235105
0.0541159
0.0123655
-0.00284275
-0.0394464
0.0220941
0.0344338
0.0322689
-0.0201456
0.0296981
0.0291238
-0.0309132
-0.0496512
0.0375074
-0.0483258
0.021664
0.0170641
-0.00824351
0.108843
-0.0758457
0.057516
-0.0478125
0.00158082
-0.018122
-0.011481
-0.00283534
-0.0285257
-0.0245453
0.00341816
0.0244743
-0.0225514
0.052811
0.024013
-0.0615328
0.0108035
0.0422027
-0.0272455
-0.0228043
0.0251836
-0.042318
-0.0295476
0.0327922
0.0523088
-0.0325833
0.0528367
0.0228822
0.023546
-0.00207388
0.01432
-0.0604609
-0.0390104
0.016906
-0.0357886
0.0635152
0.0416207
0.0428772
-0.000668742
0.0184099
0.0689361
0.0375452
0.0141741
0.040436
-0.0192421
-0.00523613
-0.0281819
0.00745603
0.0564078
0.000681261
0.0386971
-0.0167701
-0.0407762
0.0203977
0.00932715
0.0282433
0.0591758
0.0224521
0.00879642
-0.0230832
0.0142137
0.0185058
-0.0244642
-0.00557029
-0.0311604
0.0860277
0.0129112
0.000426432
-0.063252
0.0153687
0.0393001
0.00402898
0.0487822
-0.0188891
-0.0205066
0.00513576
0.00486586
-0.0224698
0.0403523
-0.0318049
0.0160911
-0.0116072
-0.0299999
0.0488652
-0.019299
0.0327555
-0.0197004
0.00811018
-0.0205304
-0.0285978
-0.0409195
0.0328337
-0.0696661
-0.00348026
0.0107787
0.00889331
-0.00219735
-0.00884734
-0.0516047
-0.0968378
0.0175725
-0.0246504
0.0126689
0.01852
0.01701
-0.019314
-0.0526543
0.00870275
0.0324676
0.0474778
-0.0450812
0.0146456
0.0545658
-0.0309758
-0.000550692
-0.0154905
-0.033113
-0.0268989
-0.0409427
-0.0022951
-0.038501
0.0433609
0.00509782
-0.00352192
0.0070174
0.0440534
-0.0204587
0.0100795
0.00214987
0.0233955
-0.072904
-0.0106307
0.0265107
0.0462597
-0.0456578
-0.0410341
-0.0342134
-0.0381178
0.0432666
0.00207832
0.029241
0.00616843
-0.0172328
-0.0479738
-0.0294371
0.0268776
-0.0382176
-0.010075
0.00751014
-0.0238983
0.0016189
-0.00739487
-0.0207256
0.0471782
-0.0313556
-0.0306367
-0.0428969
-0.0210751
0.0312499
0.0393461
-0.0395915
0.0142311
-0.0135086
0.0301191
-0.0463472
-0.0294809
0.0076533
-0.0445385
-0.0083022
-0.0455468
0.00381776
0.0172759
-0.0137412
-0.0513606
-0.0273122
-0.0104157
0.00508112
-0.0293958
0.00136381
-0.000407608
0.0112429
0.035717
-0.0134061
0.023669
-0.0210963
0.0097749
0.0303286
-0.0407061
0.03811
0.0235414
-0.0155301
-0.0383243
0.0277628
0.023601
0.0191821
-0.0102174
-0.0273291
0.033751
-0.0087713
0.0340516
0.0305221
0.0173524
0.0274654
0.0210273
-0.0340739
-0.0574155
0.000794767
-0.0230437
-0.01265
0.0574061
0.025192
-0.0199342
-0.00198067
-0.0305445
0.0369959
0.0360193
0.0210696
-0.000967625
-0.0439202
0.0130379
-0.0504533
0.0196636
0.0344988
-0.0389002
-0.00377388
-0.000185352
-0.0283528
0.0193251
-0.0384053
-0.0488904
0.022564
-0.0224087
-0.0405698
-0.019242
-0.0358987
-0.0770847
0.0992191
0.0477449
-0.0143409
0.0556548
-0.0308672
-0.0749136
0.0320726
-0.0129933
-0.0742995
-0.0375303
-0.108008
-0.104034
-0.0470989
-0.0150333
-0.0382103
-0.026391
0.0285202
-0.0558478
0.0762335
-0.065318
0.00487534
-0.0557728
-0.0121714
-0.0187818
0.0101374
-0.054523
-0.0178012
-0.00520571
0.0185096
0.012226
-0.0848195
-0.0136491
0.0671378
-0.0221526
0.0207373
0.00518403
0.0385741
-0.0236982
-0.00758469
0.0248225
-0.0235056
-0.0249326
0.0858288
0.0279523
-0.00125585
-0.0259354
-2.89747e-05
-0.0226735
0.0241282
-0.00637742
0.0386249
-0.0133346
0.0397245
0.0515911
0.00852103
0.0319495
0.0475371
-0.052227
-0.01937
0.0622711
-0.0472332
0.0311597
-0.0736654
-0.0215852
-1.30303e-05
-0.0233661
-0.0490782
-0.00461634
0.0474563
-0.0334962
0.00456715
0.0322594
0.0322449
-0.00451724
-0.0244698
0.0378581
-0.00729488
0.0128996
0.0116213
0.00582573
0.0333836
-0.00521814
-0.0429625
-0.00548192
-0.0475841
0.0391
0.0343031
-0.0087176
0.0381822
-0.0291519
0.0228116
0.0219179
-0.0359932
0.0182018
-0.0462387
-0.013852
-0.0137851
-0.00903317
0.0304843
0.0225182
-0.00489299
0.0187447
-0.0199527
-0.0377309
-0.038902
-0.0212484
-0.0377448
-0.0260047
-0.0479181
0.0269103
0.0352673
-0.0125388
-0.0160494
0.034093
-0.0444459
-0.0450875
-0.0466454
0.014546
-0.0318785
0.0485865
-0.0410207
0.0212158
-0.0190548
0.0132448
0.0440725
0.0165573
0.020761
0.0435795
-0.0173783
-0.0246716
0.00106174
0.033994
-0.0268691
0.0770074
-0.012037
-0.0138128
0.00623461
0.0179797
0.0958429
-0.0765711
0.0594491
-0.007197
-0.0234299
0.0135127
0.0242689
0.183882
-0.00776599
-0.0112674
0.00283875
0.0202944
-0.0183198
-0.0110853
-0.0107694
0.0433213
-0.00168668
0.00712977
0.0487466
0.064881
-0.0439781
0.00988558
0.0830996
-0.0669114
-0.10206
-0.0978156
0.0451102
0.00100047
-0.025053
0.0229334
0.0208659
-0.00505087
-0.0337447
-0.0504435
-0.0258561
0.0250893
0.0665137
0.0641384
-0.0780995
-0.0537467
0.00110636
-0.14081
-0.00285907
-0.0666407
0.15035
-0.0789767
0.0492159
0.0216792
-0.0165369
0.0839655
-0.00876858
0.0464392
0.054014
-0.0168803
0.0129966
0.0479928
0.0168091
0.0124401
0.00442367
-0.000739871
0.0601934
0.0803497
-0.0246697
-0.0947065
0.0205341
0.0597535
-0.0301711
-0.0504851
0.0134204
-0.0111541
-0.0126413
0.0448758
0.0550547
-0.010829
0.022419
0.0678669
0.0527195
0.0356876
-0.0414868
-0.0275559
-0.0544367
-0.0347963
-0.0183311
-0.0389333
-0.0194019
-0.0104012
0.0344122
0.040092
0.0402786
-0.0454871
0.102319
0.0736459
-0.0900452
0.0187979
-0.0363188
-0.0927061
-0.00405185
-0.0388142
-0.00943347
-0.0135702
-0.0253193
-0.0215767
-0.0841436
0.0106392
0.00725517
-0.012671
-0.155645
0.0226989
-0.0357352
0.00755734
-0.0193026
-0.0523654
0.00668741
0.0420592
-0.0151619
-0.0278605
-0.0585332
-0.0167624
0.0232903
-0.00587622
0.040978
-0.0781541
0.0286399
-0.0191785
0.0112377
0.0259582
-0.0113528
0.0630511
-0.0654847
0.030998
-0.0455798
-0.0310331
-0.0176008
0.0268713
-0.00658329
0.0411196
-0.0440669
0.0576314
-0.0745775
0.0731453
0.0248214
0.0255092
-0.0296787
-0.00757752
0.0413714
0.0408416
0.0662733
0.0353677
0.0419323
-0.032838
0.0475231
-0.0100903
0.0121479
-0.0540108
-0.0379484
-0.0392591
-0.0222759
-0.0412989
0.0426147
-0.0356305
0.00549052
0.0310676
0.0549749
0.00417269
-0.0261955
0.0353836
0.00936472
0.0152097
-0.0118348
0.021275
0.0279682
0.0622103
0.0486411
0.0191559
0.0358388
0.0469663
0.0227934
0.0366647
0.0163066
0.0181844
-0.0340953
-0.0317537
0.00366578
0.00124331
-0.00144933
-0.0433078
-0.0256178
-0.00797156
-0.0141942
-0.0247058
-0.0273383
-0.0108608
-0.042519
-0.0257416
-0.0503153
0.0407029
-0.042418
0.0414288
-0.0176559
-0.0016164
0.0037311
-0.0276238
-0.0180255
0.0175204
-0.0353474
-0.043474
-0.00184472
-0.0228926
0.0263001
0.0481364
0.00589523
0.00194676
0.0418425
-0.000944803
-0.0411099
-0.0340894
-0.0171409
-0.0352729
-0.0244274
0.045891
-0.0498334
0.0475234
0.0247271
0.0174317
-0.0263132
0.0337148
-0.0709827
-0.00326079
0.00143449
-0.043791
0.0193248
-0.107329
0.00371912
0.0027182
0.0522998
0.0263268
-0.0169255
-0.00998322
-0.0374381
0.0263331
0.0612956
-0.0766743
0.0550919
-0.0459713
-0.0134284
0.0228638
0.0489338
0.0527615
-0.011412
0.0225246
0.02874
0.0563907
-0.0183351
-0.0195887
0.0717622
0.0172471
0.0399924
-0.00148876
0.0653116
-0.00924716
0.0355803
0.0376836
0.0771467
-0.000836693
-0.0420559
0.00678452
0.0736059
0.062182
-0.00911723
0.0584494
-0.000776612
0.0356194
-0.0641216
-0.0272473
0.0244564
-0.0041623
0.056368
-0.0623351
-0.0149046
0.0180031
-0.0369446
-0.0257392
-0.00821088
-0.019794
-0.00207816
-0.0139765
0.0312093
-0.0151148
0.0937556
-0.0188985
0.0229312
-0.0356787
0.0527141
0.0739935
0.0195528
-0.0619678
-0.0134691
0.0289702
0.0312093
0.0896386
-0.0227686
0.0507936
0.0577237
0.0161642
-0.0415642
0.0423346
0.0255464
0.0277043
-0.0329572
0.0337072
-0.0341518
0.0142255
0.0178601
-0.0330301
0.0424148
-0.020048
-0.0482274
-0.00706064
0.0377565
-0.0437116
0.0152237
0.0365969
-0.0160002
-0.0680102
0.0469786
-0.0372722
-0.0427475
-0.096188
0.0204483
-0.0253804
0.00193678
-0.0388886
-0.0874289
-0.0243841
-0.00852848
-0.0227462
-0.0429191
0.0181822
-0.032183
0.0427141
-0.00597534
-0.00648584
-0.0513121
0.0592889
-0.00492233
-0.04086
-0.029997
0.0279561
-0.0478268
0.0389095
0.0192028
0.000982678
-0.0391377
0.0131457
0.0290003
0.00874099
0.0474369
-0.0339535
-0.0371789
-0.0243355
0.0402525
-0.0160041
-0.0380118
-0.0164482
-0.0319891
0.000723145
-0.0102166
0.0454742
-0.0418372
-0.026465
-0.0411225
0.043052
0.00966612
-0.00892968
-0.0346321
0.0305507
0.00396371
-0.0145445
0.0228916
-0.0457577
-0.0444893
-0.00235156
0.0379468
0.0467099
0.0230273
0.0303634
0.00929695
-0.00545126
0.0377363
0.0426224
-0.0361355
0.0107919
-0.00490323
-0.00362278
-0.0372664
0.041519
0.0467677
0.00762034
-0.00810817
0.0409781
0.0343497
0.00791121
-0.00448947
-0.0302583
0.0184898
-0.0328096
-0.0363816
-0.016964
-0.0183076
-0.026316
-0.0451561
0.051148
-0.0431125
0.0118043
0.0323053
-0.0594961
0.0226755
-0.0218642
-0.00248049
-0.0306594
0.0439738
-0.0158054
-0.101589
-0.0188636
0.00463919
0.0137778
-0.0175379
0.017984
-0.0432435
0.036227
-0.000824486
-0.0511404
-0.0168387
0.0545197
-0.245705
-0.0980201
-0.128874
-0.00534978
0.00973211
0.0551017
0.0692625
-0.0195017
-0.00191453
-0.023101
0.00947049
-0.00503724
0.00734637
0.0537508
-0.00848125
-0.0505655
0.0462941
-0.114287
-0.058311
-0.0130434
-0.0432056
0.0285499
-0.00196505
0.164168
0.138684
0.0171555
0.0963165
-0.139737
-0.0259044
-0.0247782
0.0238745
0.00877637
-0.0747406
0.0130235
-0.0328501
-0.069607
-0.0702714
0.0934117
-0.0213613
0.0245964
0.05308
0.0127056
0.0243445
0.00509986
0.039149
-0.000447484
0.0286099
0.0293098
0.0193289
-0.0564114
0.0513747
0.0287072
-0.00380552
-0.0127935
0.000929483
0.0110884
-0.0571546
-0.0631293
-0.0224575
-0.0156099
-0.00419896
-0.0284026
0.0878115
-0.000616559
0.00616049
-0.0273556
0.0379868
-0.027316
-0.0146897
0.0480234
0.019765
-0.0557295
-0.119506
-0.00945696
-0.0482858
-0.0195051
0.0168117
-0.00974057
0.0243502
-0.00582503
0.048726
-0.0141352
0.00446593
-0.00458556
-0.0260962
-0.0362786
-0.0286917
0.0199571
-0.0893467
-0.0440708
-0.00162468
0.00244253
-0.0312651
0.0276046
0.013915
-1.87205e-05
0.0286216
0.0733526
0.0344682
-0.0138994
0.0127262
-0.028918
-0.0223001
-0.112342
-0.0287263
0.030599
-0.00836321
0.0234655
-0.0486983
0.052323
-0.050233
0.0378756
0.02414
0.0450708
0.0135834
0.038829
-0.0126541
0.0182689
0.047263
0.0738992
-0.0307461
0.0273534
0.0611106
-0.0270556
0.0537467
-0.0288279
0.0249612
-0.0446201
-0.0277951
-0.0397136
-0.0141043
-0.00955834
-0.0221126
0.0022703
0.0671752
0.00277339
-0.0225715
0.0239529
-0.0306602
-0.0332469
0.00861721
-0.00197289
0.0366087
-0.0623046
0.01743
0.0272313
0.0397375
-0.0196332
-0.0190305
-0.039563
-0.0320396
-0.0457824
-0.0532268
0.0292299
0.0127104
0.0193768
0.041392
0.0418334
-0.0180497
-0.03404
-0.046313
0.0221362
-0.00800927
-0.00812387
-0.0121538
0.0150988
0.0117215
0.062883
0.051284
-0.0479762
0.0474667
0.031482
0.010962
0.0174139
-0.027657
-0.0237544
0.0264619
-0.0419402
-0.00901016
0.0475167
0.00219929
0.00444417
0.0253348
0.0132944
-0.0321084
-0.0318821
-0.0458089
0.0160448
-3.60031e-06
-0.0201564
0.0266307
-0.00212514
-0.0135299
-0.0130263
0.00540651
0.0340258
0.0107829
0.0143695
-0.0630032
-0.00955574
0.0180541
0.0238168
0.0299803
-0.00678339
-0.0226461
0.0353068
0.00830074
-0.0242078
0.0775849
0.0040445
0.0391935
0.0322947
0.151606
-0.0717743
0.0610344
-0.00776887
-0.0324936
0.000395373
0.00693865
-0.0131889
0.0720627
-0.0179757
0.071202
0.00742785
-0.0292121
0.0361575
0.0500834
0.0344402
-0.0825066
-0.0111282
0.0159187
0.0112737
-0.0410894
-0.0819595
-0.0282279
0.0240658
-0.0271587
-0.0280914
0.00391882
-0.0507542
0.0306842
-0.0348124
-0.0710564
-0.102743
0.0152104
-0.100043
-0.0701345
-0.0536952
-0.0111658
0.0301498
-0.085293
-0.0180204
0.00920978
-0.0348204
-0.0302229
0.0558615
-0.0300766
-0.07569
-0.0241349
0.0784126
-0.0101527
0.0163494
-0.0165912
0.0854114
-0.0276823
-0.0253059
0.0256283
0.0409484
0.00448762
-0.0922352
-0.00484555
-0.0314554
0.0128016
0.0902997
-0.0110259
0.0376523
-0.0310378
0.0289017
0.030867
-0.0318803
-0.0491239
-0.0204357
0.0295536
-0.0373715
-0.0533769
0.0327492
-0.0499281
-0.0416719
0.0065066
0.0681713
-0.0336761
0.0086417
-0.0239558
0.0257366
0.124994
0.0682604
0.0653183
0.0115714
0.0474791
0.0225831
-0.0833346
0.0263629
0.03897
0.0198484
0.0639687
-0.0246064
-0.00934718
0.0438174
0.0781103
0.0233735
-0.0376409
-0.0306534
0.0688838
0.0773184
0.0430042
0.047132
-0.025523
0.0128752
-0.00936346
0.0188375
0.0156332
-0.0362562
0.0041508
0.0554052
0.0451019
-0.00307059
-0.0450937
0.0263201
-0.082746
-0.00598024
-0.0325914
-0.0485163
-0.0413848
-0.00321384
0.0109082
0.0140865
0.0150823
0.00815874
-0.0521258
-0.0271264
0.0365954
0.0365106
-0.011311
0.0268318
0.0187071
0.0224511
-0.0229772
-0.0518065
0.0325035
-0.00780337
-0.00503478
-0.0231001
-0.0122994
-0.0419124
0.0169401
0.0200315
0.0198808
0.0377352
0.0249183
0.0479303
0.00330379
0.0169676
-0.039888
-0.0243729
-0.0169973
0.037113
0.0363054
0.0208788
-0.0268343
0.0484682
-0.0308016
-0.0226668
0.0160371
0.00638094
-0.00996923
0.0125323
0.00643373
-0.004703
0.0427857
0.0367292
0.0196737
0.049138
0.00813137
0.019905
-0.0354195
-0.0302052
0.00251136
0.011933
0.0214995
-0.00174602
0.0233473
-0.0256507
-0.0341
0.0196762
-0.0152464
-0.080904
0.0114735
0.0414245
0.00547548
0.0241672
0.00583371
-0.0185921
0.00968143
-0.0449197
-0.0450011
-0.0213153
-0.0123385
-0.0317103
-0.0076865
-0.0258561
0.0468875
-0.0590694
0.0313709
-0.00338895
0.0202626
-0.0645173
-0.00845746
0.0134004
-0.0540591
0.0440325
0.024177
-0.0348061
-0.018821
-0.0127433
0.021047
0.0186109
-0.00768221
-0.0332946
0.0165066
0.029278
0.0337692
0.0324944
-0.0443888
-0.00108134
0.0268953
0.00519996
0.00417181
0.0285945
0.0877189
0.0949117
-0.0207351
0.0555831
-0.0389669
-0.000648135
0.0105979
0.00012668
0.00249827
0.00307705
-0.0383243
0.0254727
-0.0217818
-0.0703715
0.0349193
0.00535894
-0.00603922
0.0218033
-0.0171119
-0.0361633
-0.0352392
-0.00118292
0.0288354
0.0603156
0.0403299
0.00442274
-0.0664786
-0.0217028
0.0456939
-0.014522
-0.0139748
-0.0438327
0.0363419
0.0202981
0.0143754
0.0446468
-0.0270875
-0.0247526
0.0344852
-0.0026721
-0.0524805
-0.00434221
-0.0266551
-0.0428008
-0.0194461
0.00292796
-0.0165639
0.0249858
-0.0541892
-0.0358421
0.0488836
0.040323
-0.00766081
-0.0283798
-0.00950039
0.0511569
-0.0458424
0.0434756
0.0100357
0.014204
0.0449024
0.00304574
-0.01336
-0.0294926
0.0143357
-0.0925412
-0.00899897
-0.0402456
0.00194168
-0.0100634
0.00406217
0.021839
0.0289176
0.014099
-0.00364464
0.0354835
0.0194347
0.0434221
-0.0433029
-0.00238156
-0.0583756
-0.0119883
-0.0135919
0.0126317
-0.0273755
0.0391757
-0.0191481
-0.0240516
0.046226
0.0432871
0.0105093
-0.0915384
0.0425218
0.00527807
-0.0281676
-0.0586683
0.0884281
0.00363153
0.0269206
0.030884
0.00419774
0.0251225
0.0152665
0.0345143
-0.0153679
-0.0105728
-0.00110008
0.0392218
0.0487868
-0.012005
0.00120312
0.0324829
0.00221692
0.0211961
-0.059312
0.0336948
-0.0420742
-0.0369647
-0.0238264
0.0375292
-0.0569586
-0.0514909
0.0153087
-0.0041641
0.0471975
0.0395895
-0.0105768
0.00418854
-0.0171331
-0.0272746
0.0388418
0.0269044
0.0434807
-0.0262071
-0.0129486
-0.0490715
0.028077
-0.0220833
-0.0420319
0.00442539
0.0136311
0.0368497
0.0190901
-0.0260077
0.00984418
-0.00375902
-0.021732
0.00386608
0.00594952
0.00719431
0.00571797
0.0208508
0.0411957
-0.0119782
0.00139566
0.00270268
0.0345301
-0.0406737
-0.0206293
-0.0434595
-0.0402253
-0.0179001
-0.00162656
0.0110839
-0.00848302
0.00789887
0.0303024
-0.0268879
0.00608483
0.0309869
0.0484305
-0.029529
-0.00278961
-0.00357705
0.0265329
-0.0220216
-0.0461269
0.0133922
0.0468705
0.0311329
-0.0431488
0.0288816
0.0126805
0.00907098
0.0140627
0.013859
0.0294156
-0.0414582
0.0231994
0.080263
0.0165155
0.00574427
0.0504882
0.0754805
0.0135293
0.024615
0.0594709
-0.0160127
0.00615087
0.0499131
0.0430293
-0.000125144
0.0424203
0.0789243
-0.00854115
-0.0606631
0.0114327
0.0355135
0.0404139
0.010031
-0.034745
-0.0214141
-0.045923
-0.0318651
-0.0203512
-0.0507068
-0.0375821
0.0139707
-0.0253023
-0.0376165
-0.0375509
0.0238635
-0.0152541
-0.0698039
0.0165319
0.0271468
0.0248291
-0.0535081
0.0223189
-0.00848298
0.0398732
0.00601932
-0.0438502
-0.0346751
-0.0592658
0.106463
0.0553634
-0.0159948
-0.0185494
0.0271389
-0.0705231
0.0178592
0.0421485
-0.000759961
0.0242127
-0.0653221
-0.0847021
-0.0574073
-0.0472308
0.0468796
0.00194394
0.00128994
-0.0124656
0.0879056
-0.0163751
-0.00565032
-0.00804295
-0.0435864
-0.0225996
0.00376123
-0.00441705
-0.0131143
0.0456005
0.0155481
-0.0569596
-0.0572089
-0.0347859
0.0338284
-0.0399844
-0.00712797
0.0185501
0.0395517
-0.0300357
0.0579163
0.0518969
0.0244804
0.0584645
0.084632
-0.0120826
0.0362448
0.00744811
0.025826
0.0246091
-0.00258594
-0.0425959
0.0261626
-0.0181924
0.0344902
-0.0412323
0.0545368
0.0422148
0.00629047
-0.0450653
-0.0191843
0.0226247
0.00462077
0.0276378
0.0142133
-0.0433837
-0.0241805
-0.00580391
-0.0199226
-0.0375399
-0.0385947
-0.0116735
-0.0417523
-0.0420499
-0.000307401
0.0425446
-0.0122809
0.0304282
0.0354763
-0.013499
-0.0402241
-0.00191452
-0.0109449
0.0459209
0.0124381
-0.0446308
-0.00068757
0.0493168
0.0180676
-0.0244126
-0.0360268
0.0315359
-0.0235423
0.0378492
0.0112878
-0.0103421
-0.0271612
0.00763204
-0.00460734
0.0194427
0.0114585
-0.0132419
-0.0227902
-0.0279723
-0.00310871
-0.0154377
-0.0255803
0.000491812
-0.0267628
0.0440215
0.0386956
0.0475825
-0.0241799
0.0207072
0.0189513
-0.0132031
-0.0378386
0.047331
0.0306999
0.00206052
-0.0168813
0.0338335
-0.0270109
-0.0130753
-0.0400353
0.00610718
-0.0176445
0.0429003
-0.0152746
-0.0308303
0.0399239
0.0219195
0.0369323
-0.0134087
-0.0200189
-0.0452323
0.0417365
-0.0285473
-0.0488732
0.0269845
-0.0190875
-0.0504097
0.0119595
0.0226208
0.00222807
-0.0343317
-0.0237102
0.202839
0.0504546
0.0121026
-0.00823927
0.0592491
0.0500083
-0.0463449
-0.048919
0.0817008
-0.00695391
-0.118719
0.0603363
-0.326707
-0.124127
-0.189892
-0.00631059
0.318351
-0.0670401
0.0184526
0.174579
0.190592
0.0831817
0.114001
0.0784397
0.10814
0.0394233
-0.0317654
-0.0323782
0.0967699
-0.321701
-0.265277
-0.373576
-0.0579211
-0.0515135
-0.307079
0.291134
0.447434
-0.234697
0.199031
-0.212156
0.0702812
0.20433
-0.147315
-0.0736369
-0.0514438
-0.0812041
-0.0974639
-0.0506128
-0.00687182
-0.191913
0.0174339
-0.0942065
0.425035
0.215132
-0.236188
0.0545553
0.0381843
0.0433324
0.128679
0.305748
-0.0053841
-0.0624874
0.0338652
-0.00265852
0.225742
-0.265434
-0.0486682
0.0460035
0.0931363
-0.166558
0.0102613
0.0228754
-0.0923859
-0.0073346
-0.0143917
-0.17242
0.135554
-0.0195125
0.00809547
-0.0142632
-0.0691229
0.101799
-0.0864277
-0.280167
-0.154849
-0.0155263
0.0206535
-0.0176099
-0.105232
0.176028
0.194586
0.0142825
0.0206286
-0.0305344
-0.0486395
-0.39623
-0.0240452
-0.0192305
0.00893537
-0.148632
-0.272295
-0.231645
0.208592
-0.0361204
0.00617832
0.0248257
-0.0436888
0.0102081
0.0181669
0.0241736
-0.0215245
-0.00631938
-0.0427558
0.0274744
-0.0375855
-0.0808129
0.0338996
-0.0861427
0.0184993
0.00702556
0.130295
0.140856
0.0337155
0.0280987
0.014591
-0.0367495
-0.0625494
0.0171727
-0.0063798
0.00520039
-0.0987649
0.230921
-0.0884284
-0.26669
0.167243
-0.0771877
-0.00356815
0.0235054
-0.0326066
0.0171539
0.0299966
0.030637
-0.000913679
-0.024536
-0.00683152
-0.0518732
0.129047
0.0280792
0.0611197
-0.0327706
0.0112621
0.0280308
-0.0088761
0.0946526
0.0485318
-0.0259906
-0.0542529
0.00561162
0.0464571
-0.0323305
0.0164959
-0.034142
0.0338737
0.0166438
0.057621
0.0776433
0.0483425
0.0769849
-0.0257037
-0.0087285
0.0386009
0.0403786
-0.0325419
-0.0317759
0.043948
0.0453898
-0.0799374
-0.0422604
-0.00616067
0.0691265
0.0229086
-0.028886
-0.0407995
-0.0376272
0.0446758
0.0132385
0.00650849
0.00668781
0.0196582
0.0463145
0.0274629
-0.0122281
0.0411792
0.0456453
-0.0446532
-0.106272
0.0966405
-0.0929062
-0.00162167
0.0175517
-0.00022908
-0.0187297
0.0306897
-0.0110348
-0.0182664
0.0470006
0.0402963
-0.0167392
0.0230604
0.0276688
-0.000836638
0.042881
-0.0202829
-0.0132293
0.109667
0.0759602
-0.0590106
-0.0132573
0.0167377
-0.0471409
-0.206687
-0.0411278
0.0398926
-0.0375437
0.350872
0.134888
0.0196646
0.280846
0.126183
0.0801998
0.123758
0.0491127
0.0216563
-0.0568245
-0.054034
-0.0302653
-0.0888435
0.00815045
0.140271
0.167998
0.131415
0.0533946
0.0561952
0.0129132
0.00477164
0.078448
-0.0872354
0.512069
-0.00480676
0.0156348
-0.133771
0.0197306
0.0398896
-0.0477771
-0.0168006
-0.307493
-0.0114717
-0.0175601
-0.0351044
-0.0594627
-0.0927752
-0.146788
0.00348082
-0.0816701
0.00347981
-0.0105995
0.0149078
-0.0404221
-0.221359
-0.257569
0.0308524
0.0439511
0.104506
-0.0749441
-0.0546818
0.325433
0.258682
0.127704
-0.0067584
-0.0395677
0.0619696
-0.461535
0.0693766
0.0125179
-0.0189253
-0.314051
0.141341
-0.247511
-0.24189
0.530334
0.281092
0.222747
-0.0217395
-0.0709754
-0.0135549
0.00807983
0.0350459
0.0759321
-0.120026
0.129644
-0.0943535
-0.0598001
-0.193806
0.0603076
0.0635338
0.15956
-0.185272
0.181388
-0.0567136
0.0788945
0.0379416
-0.0138238
-0.0914141
-0.15164
-0.00578751
-0.030994
-0.0855595
0.0391311
-0.0172866
0.246063
-0.183732
0.0865777
0.0391003
0.487461
-0.100875
0.0512113
-0.0664328
0.0390286
-0.0155908
0.0341294
0.0891094
0.189405
0.573455
0.314027
-0.135105
0.0030225
0.0791028
-0.0308829
-0.0313506
-0.0370704
-0.145364
-0.0427056
-0.0268392
-0.00332431
-0.0510753
-0.0427677
-0.00718003
-0.0398145
-0.0104444
-0.0276838
-0.0574104
-0.0346798
0.0334773
-6.84736e-05
-0.0319934
0.0132538
-0.031683
0.0205192
-0.0480709
-0.0580941
-0.0222107
0.0177754
-0.0604045
-0.0320244
0.0384921
-0.00352099
0.0141375
-0.0438735
0.0364336
0.0257808
0.0595052
0.116135
0.0124589
0.0298841
-0.0319288
-0.0161644
-0.0417958
0.00664908
-0.0149566
0.0109213
-0.0326956
0.0409322
0.0359834
-0.0356862
0.0525598
0.0253114
0.0192004
-0.0200476
0.0179834
0.00886229
0.0467021
0.00730849
0.0150032
-0.0201566
0.0313429
0.0109715
-0.0109124
-0.0147129
-0.0350895
0.0661219
0.0497847
-0.0962599
0.0100863
-0.147073
0.0690841
-0.0210495
0.0135811
-0.00434522
0.0895948
0.0592214
0.0246383
-0.0215711
0.041034
-0.0299343
-0.0100722
-0.096467
0.0186467
-0.017567
-0.0353114
0.0102756
0.0178193
0.036664
0.0311978
-0.00984533
0.0509153
0.0208485
0.0396184
0.251069
0.157553
0.0880492
-0.00341899
-0.0764028
-0.00320393
0.0201033
0.0374318
0.026757
-0.0215654
0.0353852
-0.011756
-0.00306618
0.0194253
1.40111e-05
0.0201744
-0.0123922
0.0577208
-0.0183679
0.0354012
0.0426567
0.0138295
0.00941009
-0.22741
-0.0205784
-0.119686
0.00115799
0.0801833
-0.0713352
0.00872674
-0.0704706
0.00618002
0.0352515
-0.0157526
0.0446635
0.0476358
0.0123741
-0.0730768
-0.0488559
-0.0028476
-0.0444423
-0.0490537
-0.072871
0.0280174
0.0364688
0.0471336
0.0250538
-0.0573662
-0.0504912
0.0598808
-0.0132897
-0.00663854
0.0243017
0.0920763
0.00700084
0.0372381
0.0256659
0.056526
0.042258
-0.021366
-0.0235578
-0.0401419
0.0214216
-0.0492209
-0.0149979
0.00734018
-0.0170359
0.00488823
-0.0244005
-0.0440098
0.000344605
0.0606806
0.108253
0.0418004
0.0136493
0.0493366
-0.015282
-0.0294634
0.0207429
-0.0220253
-0.00569622
0.0461105
-0.0254928
0.0659806
0.03382
0.0158875
0.039993
0.0400503
0.0561365
-0.0112417
-0.027451
0.0609581
0.0497576
0.0275454
0.0413223
-0.0227747
-0.0204149
-0.0128706
0.014529
0.0254861
-0.0120742
-0.0275136
-0.000301512
-0.00944145
-0.00869125
-0.0191934
-0.0428323
0.0116524
0.0528066
-0.0423502
0.00228438
0.00779122
0.0388045
0.00927069
-0.099303
0.00877065
-0.0207576
0.0343568
-0.0026643
-0.0143414
0.0010976
-0.103532
0.025062
-0.0696902
-0.0502888
-0.0102706
0.0144746
0.0374419
-0.0290157
0.0388194
-0.0161619
0.0488103
-0.0211488
-0.00373567
-0.0328673
-0.0292436
-0.0322651
0.021415
-0.0163157
0.00578937
0.0126625
-0.0121892
-0.026253
-0.00794312
-0.017152
-0.0236685
-0.00189084
-0.0282858
0.0181416
-0.0392747
0.00784769
0.0379564
-0.0153833
-0.0151145
0.0133088
0.0139786
-0.0486174
0.0260362
-0.000903798
-0.0145222
0.0140162
-0.0433647
0.0121244
-0.0197974
0.0420088
-0.0423713
0.0422651
-0.0520574
0.0127445
0.0147328
-0.000848586
-0.0280382
0.0669834
-0.0216209
0.0413366
0.0370711
0.0136993
0.0045546
-0.00488149
0.0160921
-0.0260623
-0.0305464
-0.0129474
-0.0166139
-0.035271
-0.0479681
-0.0131153
-0.0385137
0.00541448
0.00333342
0.0324745
0.0383723
-0.00301794
-0.0383877
-0.0362041
0.00590278
-0.0160893
-0.038089
0.030141
-0.0220207
0.00216943
0.0183138
0.0257677
0.0512086
0.0318731
-0.0261212
0.0130895
0.02332
0.035931
-0.00289639
-0.0278267
-0.0818371
-0.0776923
-0.0749029
-0.00151811
0.0261982
-0.0154363
0.0235452
-0.044962
0.0304749
-0.0297841
0.00132764
0.0368473
-0.0413819
-0.0288034
0.015761
-0.0296933
-0.00062231
0.0321676
-0.0453037
-0.00502912
-0.00565009
0.04057
-0.0143425
0.0136349
-0.0659703
0.031269
0.0632897
-0.0267313
-0.00334324
0.0316148
0.00493214
-0.0287797
0.0655279
0.011292
0.0559896
-0.0304404
0.0259236
0.00829399
-0.0245685
0.000478552
0.0595965
0.0393256
0.0339046
-0.0420522
-0.0485339
0.032429
0.0865614
-0.00673492
-0.0643554
0.0463071
-0.00551165
0.0593024
-0.0610977
0.0193181
-0.0324073
-0.0239577
0.012526
0.0209104
-0.0138142
-0.0363599
0.00934328
0.0118047
-0.0193051
-0.0561966
-0.020081
0.0324702
-0.030916
-0.0432909
-0.0223217
0.0632928
0.0457411
0.0198119
-0.00429429
-0.0202412
-0.0531521
0.00207312
-0.0241361
0.0414422
-0.056971
-0.0382863
0.0182629
-0.0102386
-0.0400842
0.059116
-0.0232943
-0.0566253
0.00072983
-0.0230645
-0.00597419
0.0340694
0.0222268
0.0395071
0.0158373
0.0279572
0.0187064
-0.0694493
0.0571866
0.0489552
0.0306042
0.0247963
0.0168076
-0.00561919
-0.0594469
-0.011318
0.0330147
-0.0194249
0.0572413
-0.0358923
0.0123154
-0.046336
0.0109679
-0.00742385
0.0145198
0.00129112
-0.0264928
0.0394245
0.0114979
0.0341441
0.000357756
-0.0445893
-0.0464682
-0.019751
-0.0129688
-0.0431735
-0.0216608
0.0451315
-0.0484892
-0.00211773
-0.0288951
-0.027076
-0.011831
-0.0269041
0.044861
-0.0370382
-0.00554849
0.0138557
-0.0159996
0.00225432
0.0102415
-0.0234591
-0.0202131
-0.00555089
0.01232
0.0390291
0.0296178
-0.00865604
-0.029141
-0.0188729
-0.0748868
-0.0441097
-0.0272564
-0.0162936
0.0106063
-0.0254898
-0.0222112
-0.0333445
0.0135538
0.0238345
-0.00860588
-0.00349111
-0.0370328
0.0160672
0.0417317
0.0358394
-0.00843797
0.0234665
-0.0462329
0.0405052
0.0404761
-0.0089263
-0.014435
-0.0463967
-0.00721151
-0.0447436
-0.0227724
-0.0299337
-0.0564824
-0.0161829
-0.0392366
-0.0385066
0.00835686
-0.0159447
0.035875
-0.0298959
0.0214443
0.0860467
-0.0791041
-0.0145092
0.0215654
-0.0470209
0.0366331
0.047357
-0.0371572
0.00927269
0.0327036
0.0389954
-0.0245157
0.0338208
0.0289656
-0.0408809
0.0454479
-0.0211317
-0.0225722
0.0221325
-0.198278
-0.106026
-0.0696248
-0.0477868
0.0761943
-0.0392722
0.0504533
-0.0314152
0.0232411
-0.00218153
-0.0342453
-0.0612383
-0.0510027
0.0135691
0.0613817
-0.042298
-0.000315406
-0.0277851
-0.0809568
-0.033054
0.0012656
0.0203696
0.0002484
0.231371
0.0958589
0.0291457
0.0594447
-0.080534
-0.0134492
-0.0677213
0.0173987
-0.0132911
-0.0668149
-0.0196201
0.0210282
0.0135796
-0.0659972
0.0569333
0.0438599
-0.00498492
0.0940322
-0.0223199
-0.0430431
0.0331379
-0.0349704
-0.021666
-0.0366852
-0.0198511
-0.0162227
-0.0912287
0.0348841
-0.00940585
0.0185562
-0.0280308
0.0065515
0.00198136
-0.0584876
-0.050651
-0.0194283
0.0462886
-0.00036859
0.021308
0.058159
0.00352216
0.00793798
-0.0219878
-0.00890611
-0.027374
0.0356486
0.0146414
0.0583335
-0.0870487
-0.0507399
0.0193356
-0.0071447
-0.0331777
-0.00308635
-0.0675064
-0.0182117
-0.00673551
-0.00476228
-0.00350025
-0.0101854
0.0170587
0.0446623
-0.0154717
-0.0282313
-0.0204657
-0.00734836
-0.0379116
0.0398817
0.0275343
0.0355402
-0.0060496
-0.03277
-0.0283023
0.0291049
-0.0110485
-0.0322889
0.00404704
-0.0153358
0.0242683
0.0224504
-0.0449041
0.032717
-0.0240836
0.0286383
0.00824488
-0.044868
-0.0428535
-0.0456594
-0.0436689
-0.0139332
0.0404004
0.0201266
-0.0400568
0.0302686
0.0474127
-0.0344272
0.0502745
0.00945983
0.0228389
0.0284455
0.00576742
-0.0140104
0.0284013
-0.00502431
-0.0415003
-0.0244628
0.0417449
0.0245006
-0.0430714
0.0325497
0.0102596
-0.00148816
0.0163545
-0.0173619
-0.0131379
0.0125883
-0.0305127
0.0194781
-0.0364619
0.0393522
-0.00654502
-0.0387976
0.0194318
0.03034
0.0421676
-0.0281036
0.00334814
0.0126294
-0.0329476
0.0330643
0.00405514
0.0289859
0.0333157
-0.00867217
0.000859722
0.0208772
0.00705268
0.0153597
0.0205125
0.0141297
-0.0474269
0.0202328
-0.0331317
-0.031039
-0.0206107
-0.00196777
0.042793
-0.0335819
0.0271993
-0.0567374
0.00513396
-0.00177659
-0.0231709
-0.021052
0.0279027
0.0317531
-0.0356741
-0.0448554
-0.0474257
0.00923137
-0.0273422
-0.00308658
-0.0335628
0.0279814
0.0148794
0.0211791
-0.0173297
0.00638133
0.0138974
0.0152279
-0.0274214
-0.00696888
0.0430351
-0.0174057
-0.0146365
-0.0556326
-0.0268587
0.0216875
0.0586829
0.029062
-0.0360148
0.000380348
0.0260172
-0.0124636
0.0472505
-0.0131208
0.0396885
-0.00211865
0.0124831
0.110272
-0.0341776
0.0178454
0.00333778
0.0324095
0.0333602
-0.00490994
0.0368401
0.0694485
-0.0148697
0.0369176
-0.0436232
0.00685568
0.0465071
0.109776
-0.0264782
-0.00579905
0.00911298
-0.0159865
-0.0263151
-0.0246723
-0.0475954
0.027125
0.0533368
-0.0196139
0.0111792
-0.0398394
0.0637526
-0.0386706
0.00614684
-0.0905794
-0.0781496
0.0212359
0.0158471
-0.0180104
-0.0554089
0.00467414
0.0229476
-0.00131151
-0.0749448
0.0548684
-0.0287691
-0.0322562
-0.0278251
-0.0250378
-0.0676896
0.000665259
0.0637345
0.0223874
-0.0348969
-0.0182835
0.0579459
0.00416418
-0.0295323
0.00237076
0.0543264
-0.0123549
0.00732354
0.0242642
-0.0159791
-0.0266871
0.037476
0.0328555
-0.0108777
0.0523691
-0.0324479
-0.0332355
-0.0642399
-0.0889017
0.0289407
-0.0303075
-0.0273048
-0.0403202
-0.0105208
-0.0665156
0.0109038
0.0519389
0.0257697
0.0208342
0.0170003
0.0157315
0.0112998
0.0927286
-0.00338297
-0.00323209
0.00162345
0.0253677
0.0336534
0.0128957
-0.0107311
-0.0114607
0.00203837
0.0208086
-0.000294751
0.0819671
-0.0355122
0.00454972
-0.0190429
-0.0410438
0.074564
0.015001
0.023735
0.0519464
-0.0334606
0.00561577
0.030934
0.0138454
0.0239957
0.0233359
0.0210061
-0.0282496
0.0106705
0.0259079
0.0306493
0.0285028
-0.0110156
-0.0226729
0.0123714
-0.021286
0.0254849
0.0339387
0.0458284
8.58384e-06
0.0454207
0.00770745
-0.0377557
0.00952191
0.0241582
-0.0479673
0.0391912
0.00888788
-0.0355412
0.0306451
-0.0445306
-0.0425623
-0.0503385
-0.0213793
0.00547194
-0.0263855
-0.0444443
-0.0310127
-0.00655553
-0.0104163
-0.0382972
0.0341446
0.0101739
0.0399199
0.0138216
0.0395586
0.0102076
-0.0171972
-0.0163354
0.0483254
0.0279549
-0.0373135
0.00123767
-0.0466457
-0.0222225
-0.0309076
0.0235617
0.0307751
0.02052
0.00677567
0.0338507
0.0262671
0.0407627
-0.0359619
-0.018276
-0.0171421
0.00224073
0.040453
-0.0431143
-0.0180742
0.0449398
-0.0189213
0.0341519
-0.00780743
-0.0162574
-0.00844502
0.0249932
-0.0379
0.000528162
-0.0395437
0.0305478
-0.021671
-0.014062
-0.0149656
0.01681
-0.0113761
0.033476
0.0168078
0.0446502
0.0551264
0.133354
-0.0766656
-0.0134954
0.0627268
0.0164573
0.0112805
-0.00570069
0.0749787
0.158099
-0.0816817
1.25204
0.591522
0.554517
-0.241261
-0.113532
0.489622
0.176939
0.22929
0.132106
0.233915
0.458126
0.394255
0.331232
0.381617
-0.0828921
0.0464684
-0.286337
-0.0132186
-0.135174
0.746368
0.143415
0.120345
0.558442
-0.657186
-0.489327
-0.457275
0.192442
0.0674402
-0.179493
0.0937158
-0.288507
0.00368517
0.0571796
-0.493155
-0.374083
-0.121873
0.0192863
-0.257509
-0.0498264
0.135826
0.00758823
0.173996
0.149477
-0.0361143
-0.00100147
0.049573
0.267723
-0.0337188
-0.0276713
0.391724
-0.11691
0.255873
-0.159739
0.18043
0.0378708
-0.0125512
0.0345973
-0.11499
-0.0662637
-0.2954
0.0110857
0.0507188
0.33156
0.186703
-0.0857718
0.0732649
0.0218021
-0.00545655
0.048822
-0.141592
-0.141108
0.512593
-0.202196
-0.0126956
0.0805011
-0.0114279
-0.240408
0.613223
0.0695089
-0.02329
-0.00407944
0.002354
0.167336
0.198988
-0.042425
-0.0227459
0.0285806
0.362401
-0.108803
0.419409
-0.390714
0.0428769
0.0931334
0.117768
0.00502234
0.00431386
0.112897
-0.0595145
0.0110758
-0.0173885
0.0128808
-0.0158817
0.0348083
0.00380905
0.0130144
0.260855
0.0838697
-0.0168129
-0.309468
-0.111991
-0.0642134
0.010672
0.113385
-0.144681
-0.0439558
-0.00261828
0.0406325
0.0104934
0.136633
0.00586365
0.100498
0.160647
-0.136624
-0.107717
-0.101438
-0.0461847
-0.00483508
-0.00309774
-0.0652173
-0.0156904
0.0152739
0.0341818
0.0224184
-0.190072
0.0992825
-0.0444555
-0.0533638
-0.0296793
0.0530859
0.0255628
-0.007387
0.0251363
0.0325138
0.0504971
0.146377
-0.00398577
0.0364075
-0.0188665
0.0221275
-0.012682
0.0112435
0.032633
-0.223927
-0.0704711
0.0361315
0.0442445
0.0270773
-0.00555754
0.0451005
-0.0277978
-0.0288115
0.0240684
-0.0336194
7.02647e-07
0.0140288
-0.0276333
0.0262628
0.122677
0.0415402
0.0387231
0.031762
0.0221659
-0.0116955
0.047486
-0.00304838
-0.130652
0.0240256
0.0433887
-0.00248556
0.0331627
-0.00227315
0.0167839
0.0329334
0.118263
0.0227054
0.045741
0.002676
-0.0146172
0.00498462
0.0188504
0.0226991
-0.0105717
-0.0262974
0.0223522
-0.00701549
-0.0764943
0.00166457
0.0146529
0.0327611
-0.104187
0.0209732
0.0349212
0.195766
-0.15481
0.141033
-0.0090634
-0.0418883
0.0226659
0.349275
0.0216567
-0.0191899
-0.095931
-0.0779107
-0.0699761
0.0139492
-0.0748602
-0.210463
-0.0592414
-0.134841
-0.0720355
-0.0855348
0.141219
0.152508
-0.0145101
0.224884
-0.0411192
-0.182658
-0.21991
-0.0620036
-0.127732
-0.0119166
-0.0963632
0.0535178
-0.0850183
-0.133238
-0.269517
-0.039667
0.0542051
-0.0322144
0.142238
-0.0330311
-0.0375807
0.0926091
0.0766745
0.0321084
-0.0273478
-0.0483677
0.149997
-0.0187913
0.0475438
0.0682101
0.0410528
-0.036906
-0.0658132
-0.0633922
-0.0697759
-0.145469
0.256012
0.264074
0.0837197
-0.121202
0.0843361
0.0973195
-0.601361
-0.0838419
0.241048
-0.138437
0.173771
0.00929257
-0.590175
-0.373815
-0.0101489
0.0332626
-0.0604301
0.394697
-0.0319242
-0.159496
0.0948681
-0.000793461
-0.331689
-0.306224
0.353348
0.0282256
-0.0169836
-0.0668853
-0.0193295
0.0334314
-0.484989
-0.146158
-0.052543
-0.16576
-0.127841
0.13764
0.28146
-0.0180055
0.0739023
0.0948512
-0.0573942
-0.0955709
-0.0181423
0.0482544
-0.118559
-0.0131203
0.0062009
0.430438
0.0750023
0.263181
0.0142534
0.259695
0.106526
0.173038
0.207751
-0.162343
-0.0977099
0.00608401
0.00236667
0.0335579
0.0705551
0.219664
-0.0876077
-0.00648487
0.0845121
0.0675535
-0.0406208
-0.230844
0.0334606
0.00388091
0.00138818
0.40087
-0.00431871
-0.00569739
2.87365e-05
0.0300324
-0.0426285
0.0384667
-0.0363565
0.0410393
-0.0276786
0.0780522
0.0792092
0.0205572
-0.00886736
0.0273768
-0.0250443
0.0151526
0.0585218
0.0135713
-0.0237579
-0.00353093
0.00436633
0.0964786
0.0110216
0.00816873
-0.0370502
-0.0410552
0.0224853
0.0282344
-0.0158153
-0.0601958
-0.147257
-0.0433587
-0.00986482
-0.013617
0.00300095
-0.0297052
-0.0266906
0.0106597
-0.00648355
0.0291144
-0.0478947
-0.0923197
-0.0329598
-0.0421567
-0.0257415
-0.0334443
-0.0389029
-0.00230464
0.0101437
0.0118028
-0.00943161
-0.0227803
0.000259315
0.0252126
-0.0424995
0.0215113
0.0143469
-0.0137051
0.18739
-0.0607459
0.114639
0.0359883
0.111311
0.0400805
0.00841487
-0.0360978
-0.0206986
0.187748
-0.00804777
0.0310905
0.0208754
-0.0295793
-0.0332626
0.0207096
-0.0177174
0.0471081
0.0186516
-0.0220621
0.0830802
0.0384324
-0.0436705
-0.115174
0.0893779
0.0513824
0.00543348
-0.0473381
-0.400835
-0.0210976
0.198155
0.137259
-0.330222
0.079197
-0.0431704
0.15292
-0.0742362
0.00613823
0.0098776
-0.076503
-0.103185
-0.076489
0.444771
-0.00186563
-0.102634
0.0154579
0.0140429
0.503702
0.0482423
0.0968017
0.177049
-0.233947
-0.23075
-0.116731
0.233211
0.0629936
0.0894441
-0.0861809
-0.0459157
0.0192974
0.042359
-0.16262
-0.227788
-0.0365097
0.00673832
-2.53966e-06
-0.0239153
0.0760795
-0.28809
-0.0479988
-0.0724714
0.0387876
-0.0845875
-0.0237793
-0.140536
-0.0926566
0.0923418
0.321911
0.0213906
0.206355
-0.117738
-0.141879
-0.0387285
0.0111645
0.127541
-0.0433326
-0.0712163
-0.113772
-0.184348
-0.108765
-0.170701
0.241729
-0.0220648
0.0237268
-0.0501254
-0.0498951
0.0280322
-0.114008
-0.221474
0.508711
0.156155
-0.094277
0.000478527
0.154527
-0.0393394
-0.0696142
0.0534995
-0.00785017
0.0129275
-0.0947735
0.119099
-0.151679
0.0127982
-0.0482062
-0.0438303
0.413878
-0.116955
0.227104
0.213393
-0.0634822
-0.135847
-0.03997
0.0101648
-0.0130964
-0.186861
0.13393
-0.00540799
-0.0216425
0.0435851
0.037925
0.128355
0.155055
-0.0123814
0.028522
0.0100892
-0.0488232
-0.21619
0.0575486
0.0343456
0.00517477
0.0533917
-0.0801006
0.35253
-0.0231586
-0.024704
0.0380921
0.0961542
-0.0583637
-0.0201406
0.178543
-0.154222
0.0393538
-0.093033
-0.0231302
0.0153944
0.0447423
0.0374738
-0.0073809
-0.00143472
-0.0083791
0.0269577
-0.103332
-0.173506
0.0103779
0.029781
-0.0524146
0.0404108
0.0475823
0.0138012
0.0182821
0.0481266
-0.0759997
0.117464
0.0209225
0.0418108
-0.0350947
0.00651852
0.000805189
-0.0417114
-0.031626
0.0931987
-0.0994183
-0.174537
-0.109023
0.0367448
0.0398533
0.0253329
0.0488397
0.00785692
0.00520489
0.0206992
0.0379602
0.123521
0.0294936
-0.0186011
-0.0472666
0.00974349
-0.0610523
0.00231419
-0.0157744
0.0389572
0.0426906
-0.023575
-0.0843296
-0.0401742
0.0368537
0.0390794
-0.0317158
0.0413552
-0.0291391
-0.032893
0.0312858
0.0679005
0.0732585
-0.0197671
0.0288929
-0.0474963
-0.0104113
-0.0155403
-0.000403529
0.0175646
-0.0130244
0.037193
-0.138211
-0.0181383
-0.0158663
0.0633308
-0.00527725
0.0689088
0.0284787
0.317774
-0.111753
0.198935
0.0895177
-0.072138
-0.100569
0.0761292
0.0367362
-0.0307695
0.14958
-0.058524
-0.102771
-0.477942
-0.206369
-0.00545494
-0.135033
-0.150013
0.0572913
-0.00437759
0.0145915
-0.0648052
-0.138338
-0.00470577
-0.175144
-0.299933
-0.225644
-0.0444027
-0.138453
-0.0968343
-0.127852
-0.10006
-0.367795
-0.119839
-0.26813
-0.0340049
0.0669806
0.204731
-0.0160019
-0.0453852
-0.0357564
0.153157
0.153765
-0.0154568
-0.145219
0.080292
0.145093
0.206307
0.0346605
0.0110489
-0.00768364
-0.125766
-0.0615017
-0.0414625
0.0629872
0.0114745
0.0523185
0.206594
0.0356268
-0.0234669
-0.0289362
-0.00563461
0.170489
-0.159431
-0.0372113
-0.0659342
-0.0482932
-0.131848
0.0429819
0.00706974
-0.0140927
-0.0423279
0.138602
0.382938
0.461611
-0.0158701
0.359086
0.194014
0.199059
-0.00986352
0.01173
0.206734
-0.188426
0.0508022
0.0954096
0.0867375
0.0961579
-0.3111
0.020502
0.121925
0.140378
-0.089692
0.205974
-0.32381
0.335656
-0.134032
-0.847643
-0.0823528
0.00330899
0.217349
0.228864
0.0472922
-0.0426271
0.131114
-0.0895352
0.28968
0.458616
0.559582
0.127346
0.132524
0.124769
-0.100536
-0.0406857
0.112925
0.0954909
0.0704006
-0.0912722
0.370042
-0.0882788
0.311652
0.183759
-0.155722
-0.0986833
-0.162551
0.0308234
0.0180054
0.03035
0.225884
-0.00753156
0.0278017
-0.0167159
0.0395727
-0.0332466
0.00857856
0.025505
-0.0252166
-0.0324401
0.0420854
-0.0108793
0.0130203
0.0305519
0.0450115
-0.0315784
-0.0333479
-0.034063
0.0507038
0.0324354
-0.01339
0.0311972
0.0476642
-0.0209539
-0.0106408
-0.0262297
-0.04409
-0.0196789
-0.00916178
0.0129788
-0.0557501
-0.0265612
0.0475298
0.0433144
-0.0473037
-0.0556665
0.00533325
-0.0255024
-0.00204465
-0.00891961
0.0291816
-0.0186559
-0.0769494
-0.0172139
0.0148241
-0.00466772
-0.0135741
0.0238821
0.0132346
-0.00184521
0.0233287
0.0366337
0.0568797
0.00710263
-0.00187091
-0.0248803
-0.00426835
0.0383577
-0.00871161
0.0153884
0.0734373
-0.220814
0.0985929
0.0613791
-0.00922223
-0.0141929
0.00668759
0.0422658
-0.0642502
0.0363342
-0.00823384
0.047392
0.0354306
-0.00193734
0.0458823
-0.0972068
0.0416269
-0.0332684
-0.0526074
0.0246554
-0.0317513
0.0103728
-0.0612136
0.0139088
0.0308103
0.0194571
0.0306731
0.0850559
0.101108
-0.0237449
0.0415487
-0.0749776
-0.041291
-0.0416356
0.034086
0.0215995
-0.00835743
0.057241
0.041067
-0.0514161
0.0318219
-0.00172562
-0.0347369
0.0211027
0.0575107
0.0877575
-0.0865053
0.00604165
-0.0253131
-0.061723
-0.204639
-0.0769938
-0.0605369
0.0191224
-0.0104299
0.0517296
0.00168342
-0.000590103
0.0299526
-0.00997944
-0.00167748
-0.0476685
0.0243168
-0.0155407
0.00619527
0.0170617
-0.0464914
-0.0836834
-0.0605046
0.0636746
0.0224908
0.0980439
0.0233804
-0.050492
0.0607747
-0.0484307
0.0518654
0.0273164
-0.013741
-0.0277945
-0.0367149
0.0429523
-0.0416836
0.0498754
0.067371
-0.052488
0.0280835
-0.0587461
-0.0403254
-0.044406
0.0699099
-0.0599822
0.0167352
0.0286814
0.0165185
0.0090487
-0.0573651
-0.0311349
0.108679
0.0269832
-0.0312113
0.043256
0.0361838
0.0643433
-0.0496988
-0.000560701
0.000549621
0.0340752
0.00282083
0.0294688
-0.0186253
0.0335924
0.00075623
0.0144953
-0.0440536
0.10338
0.00698948
0.0866618
0.0260946
0.0190754
0.0128333
0.0218696
-0.0166911
0.0474553
-0.0564418
0.0222384
-0.0207403
0.0321438
0.0207139
-0.0308278
0.042703
0.0482569
0.0498393
0.010543
0.00532274
-0.00864456
0.000844801
0.0727577
-0.0114342
-0.00725162
0.0229783
0.0583059
0.00541128
-0.021352
-0.0427735
0.00220369
-0.0618994
0.00409521
-0.0461679
-0.00794026
0.0186556
-0.00151863
-0.0140849
-0.00799249
-0.0274687
0.00317837
-0.0402719
0.0201583
0.0235338
0.0114956
-0.0374623
-0.0566567
0.0304722
-0.047983
-0.0165382
-0.0216559
0.0201446
0.000710424
-0.0626354
0.0159474
0.0493305
-0.0298896
0.0274885
-0.0331963
-0.0276852
-0.0397616
0.031994
-0.0488027
-0.0293247
-0.00324961
0.021256
-0.0346643
-0.0226155
-0.00152973
-0.0132596
-0.0188389
0.00781527
0.0361461
-0.0247393
0.0302027
0.0422216
0.0185596
-0.0220348
0.0298135
-0.0171563
-0.0492847
-0.0335764
0.0284497
-0.0208296
0.0742704
-0.0177763
0.0241369
-0.00748676
-0.0374612
0.0176437
-0.0403873
-0.0489148
0.038231
0.00763174
0.0481895
0.0134045
0.00883597
0.0149472
-0.00706239
-0.00847148
0.00919961
-0.012239
-0.0490535
-0.0425819
-0.0024489
-0.0211207
0.0443062
-0.0480193
0.0142836
0.0482398
-0.00536996
0.0252011
0.0387046
-0.00593666
0.06891
0.0481322
-0.0769201
0.0211058
0.0244329
-0.00684419
-0.0430064
0.0460424
-0.0162212
0.0370615
-0.0647994
-0.0248791
-0.110313
0.00732107
-0.0452601
0.00419022
0.00916785
0.0158456
-0.0176261
0.00546106
-0.0466539
0.0364802
-0.0245592
-0.00783779
-0.0569526
0.0494851
0.0526885
0.0410573
-0.0102918
-0.0176131
-0.0388113
-0.000579081
-0.0486671
-0.0407462
-0.0210274
0.0255278
-0.0286426
-0.053488
0.0100253
-0.0333615
0.054327
0.0825215
0.0270845
0.0451682
0.00493139
0.011875
0.0145648
-0.0641668
0.0383664
0.0714211
-0.0307912
0.0209369
0.0166346
-0.0291606
-0.0280848
0.0344439
-0.154629
-0.0314474
-0.0361249
-0.0296428
0.0240913
0.1281
-0.110755
-0.0213621
0.0911689
-0.00905626
0.0845217
0.0272582
-0.000564802
0.0336699
0.0490279
0.0586923
-0.0411438
0.00743791
-0.0951069
0.0278059
0.0466383
0.0379213
-0.0407004
0.0707814
0.0708371
0.0819741
0.0727636
0.0101133
0.0093656
-0.0110983
0.0968962
-0.0598798
-0.029334
-0.060151
-0.072498
-0.0564655
-0.00788625
0.0487625
0.0307879
0.0139678
-0.0253818
-0.0111287
-0.0489316
0.0120408
-0.0210217
-0.00487453
-0.0134543
-0.00623205
-0.0187482
0.0507139
-0.0559026
-0.0437253
0.0614349
-0.0424958
-0.0401593
-0.0320219
-0.00230954
-0.0512556
0.010878
0.00434277
0.0758123
-0.0272545
0.0262781
0.0413043
0.0687049
-0.0274395
0.040266
0.0218749
-0.0101796
-0.0032752
-0.00280809
-0.0392452
-0.0312224
-0.00948576
0.0137161
-0.0331076
0.00477489
0.01554
0.0328035
0.0129693
0.0449058
0.0362499
-0.0108525
0.0278975
0.0426204
0.0397262
-0.0201699
-0.0319566
0.0309266
0.0294346
-0.00470457
0.00597858
-0.0139183
-0.0463083
0.0468736
-0.0340851
0.0370501
-0.0379237
-0.0240552
0.024206
0.0385133
0.00369377
0.0355071
0.0340642
-0.00378703
-0.0493562
0.016462
0.0101705
0.0206053
0.0398741
-0.0190608
-0.0526628
0.0159195
-0.00357894
-0.0333548
0.0123359
-0.0487357
0.0320076
-0.0104283
-0.0211258
-0.0422415
0.048514
-0.0287401
-0.0427481
0.0498969
0.0172153
0.0236848
-0.0229736
0.00503758
-0.0381704
-0.0264293
-0.00386191
-0.0152302
-0.0113138
0.0256198
0.0438094
-0.0193004
-0.0349745
-0.0516907
0.0688312
0.0350651
0.0108752
-0.00486878
0.00297482
-0.0409972
0.192357
0.0657456
0.00843183
-0.0478783
0.0413201
-0.0221731
-0.0230803
-0.0675202
-0.014728
0.0619526
0.0429499
-0.0410493
0.294028
0.0689963
0.175127
0.0386815
-0.00990401
-0.0753162
-0.0928674
0.0367049
0.0519985
0.0517591
-0.0376441
0.0474702
0.0150545
-0.0293797
0.0416501
0.0312529
-0.0217657
0.048206
0.0887124
-0.0993224
-0.00978884
0.00411836
0.00174679
-0.145828
-0.144467
0.0797379
-0.0196537
0.131851
0.0558527
0.00864433
-0.0326949
0.0909396
0.0364097
0.0670091
0.0747633
0.0786815
0.00991105
-0.141704
-0.0144485
0.00919381
-0.0904947
0.0481183
0.0710158
0.0229404
-0.0726655
0.0309082
0.0835252
-0.00163515
0.0068619
0.067321
-0.0469982
0.0357859
0.0235433
0.103124
0.0326808
-0.0483313
0.0391772
0.0345567
0.0418341
-0.0472381
0.0228292
-0.0126469
-0.0894364
-0.0190223
0.0128031
0.0370538
-0.041696
0.0121509
0.044794
-0.0183261
0.027921
0.0747579
0.192597
-0.0166029
0.0246143
0.0308821
-0.0658927
-0.0283481
-0.0334866
-0.0281176
0.0127498
0.0118102
0.0276285
-0.007936
0.0433037
0.0299886
-0.0418768
-0.103762
-0.00816271
-0.0100623
0.0648558
0.0399459
0.0377574
0.048074
0.00642436
0.0353476
0.0141456
0.00624709
0.042676
-0.0378693
-0.0318006
-0.0453655
-0.0434623
0.0996934
-0.0159744
0.031674
-0.0071273
-0.00895255
0.0636267
0.057511
0.0630774
-0.0428052
0.0206947
0.0337869
0.0434277
0.0121958
-0.0244138
0.0444228
0.069052
-0.130851
0.0213478
-0.0755049
-0.0251773
-0.0336295
0.00383955
-0.022751
-0.0152593
0.0225346
0.0675145
0.023597
0.0405564
-0.0138322
-0.00815258
-0.024637
0.0374151
-0.0184769
-0.00354684
0.00153135
-0.0301832
0.0438062
0.00111554
0.0224512
0.00677146
0.0390309
0.0477641
0.0364541
0.00225598
-0.00804223
0.00175948
-0.0173674
0.0056492
-0.0458926
0.0346987
0.00176896
-0.0211348
-0.0325528
0.0236049
-0.00579413
0.0482896
-0.0294469
-0.0232201
0.0346025
0.00526731
-0.010195
-0.00956442
0.0100776
-0.0354735
-0.0333956
0.0298253
0.0176107
-0.019749
-0.0133236
0.0472972
-0.0431632
-0.0349966
-0.0466509
-0.0198788
0.00283965
0.0343127
-0.00423137
0.0428179
-0.04524
-0.024348
0.00637368
-0.040124
-0.038785
0.0500247
-0.00403466
-0.0452164
-0.0188484
0.001471
0.00500176
0.0467933
-0.0423752
-0.0244511
0.0140024
-0.00896826
-0.00898623
0.0205553
0.0242746
0.031236
-0.0136119
0.0405406
0.0183282
0.0202114
-0.0172291
0.031562
0.0147861
-0.00792157
0.0216338
0.00249248
0.020106
-0.125149
-0.0165816
0.0461916
0.0492689
-0.05598
-0.0105162
0.0783183
-0.0129328
-0.0309857
-0.0296095
-0.0367479
0.00265749
0.021005
0.054012
-0.0976711
0.0677683
0.0353157
0.0181836
0.011168
0.0459406
-0.00772178
0.0518567
-0.0614959
0.00971408
0.0134112
-0.00130387
-0.0606103
-0.00509666
-0.00789689
-0.0170255
0.036836
0.0885282
0.0237014
0.022837
0.0249145
0.042531
-0.00502364
0.0741723
-0.0135564
0.0357397
0.039551
0.0473784
0.0554804
0.028905
0.062431
0.0724843
0.00973178
0.0396185
0.00255113
-0.00393246
-0.0185739
-0.142947
0.147107
0.0139305
-0.153227
-0.000302716
-0.0326764
0.0432643
-0.0204495
-0.0393984
-0.0200958
0.0319303
0.0514849
-0.00240645
0.0265915
0.00779016
0.0228242
0.0709599
0.077666
0.0403626
0.0469482
-0.0373152
0.011974
-0.00303874
0.0450857
0.0683262
-0.0895251
-0.0830451
0.0410906
-0.0122946
-0.0348476
0.0468569
-0.0691522
-0.0157303
0.0451774
-0.0101768
0.00844994
0.00568641
0.0583305
0.0405725
-0.00900228
-0.0233648
-0.0609528
0.00475023
-0.0744195
-0.00599873
-0.0451339
-0.0630067
-0.0286534
0.0011899
0.00877966
-0.0550866
-0.0711465
-0.0147612
0.0278445
0.0440787
-0.0860952
0.056791
0.0105179
-0.000186633
0.0424931
-0.0539042
0.0297526
0.0209012
0.0132862
-0.0412795
0.0813374
0.0216653
-0.0204318
-0.0474127
-0.0304393
-0.0298786
-0.0245953
0.0146873
0.0173765
-0.0293718
0.0169467
-0.0203422
-0.041903
0.0390198
0.00907961
0.035138
-0.0109578
0.0412982
0.0265055
0.00633078
0.00414455
0.0452678
0.043797
-0.0151981
-0.0137825
0.0368654
-0.0262052
0.000427218
-0.0277534
-0.0166707
-0.0330504
-0.0442674
0.000748214
-0.0169003
-0.0312439
0.0349656
0.0105933
-0.0443595
0.0153848
0.0156411
-0.00149358
-0.00504229
0.0339304
-0.0475468
0.00683359
-0.0488097
-0.00507241
0.0231357
-0.0102646
0.00114473
0.0461674
-0.00387069
-0.0265275
0.01881
-0.0250676
-0.0436456
0.0170974
-0.0176864
-0.0118477
0.0294756
0.00223704
-0.00522177
-0.0201117
-0.0470648
0.033637
0.00206901
0.00391798
0.0478812
-0.023912
0.0231643
0.0310985
0.0108184
0.0361862
-0.0362654
0.0294023
0.0316507
-0.000114788
-0.0371416
0.0228426
-0.0277271
0.00705481
0.0293476
-0.0290765
0.00848474
-0.00867093
-0.0153626
0.00458321
-0.0470697
0.0194245
-0.0163902
0.0354072
-0.0511038
-0.027401
0.0469539
-0.0179493
0.0187585
0.0083003
0.0543761
0.0433334
0.0265607
-0.0105249
-0.00855403
0.0140327
0.0280179
0.0891942
0.0118831
0.0757722
-0.00567043
0.0103511
0.0181918
-0.0491373
-0.0455904
0.0368089
0.0252817
0.0216399
-0.0457533
0.00664435
0.0159445
0.0256743
-0.0150863
0.000356487
-0.0121721
0.0201104
0.00115167
-0.0208085
-0.0213466
0.0035993
-0.0605883
-0.0132488
-0.0570153
0.00624498
-0.0625845
0.0282837
0.0101464
-0.0233137
0.0145842
0.0399141
-0.00134314
0.0172118
-0.0307888
-0.0147187
-0.0341166
-0.0485102
-0.00199188
0.00131187
0.0114672
0.0234043
0.000847204
-0.00984224
0.00453325
0.0417953
0.0327776
0.0261456
-0.0470695
-0.0244422
-0.0510929
0.0421251
-0.0157139
0.0332865
0.0184571
-0.0504684
0.0209527
-0.0210814
0.0105708
-0.0457448
0.0143785
-0.0266219
0.0311419
-0.00867996
-0.00393652
0.0132324
-0.0462794
-0.0436151
0.00836008
0.00452993
-0.0263361
0.0541396
0.0235723
-0.00250888
0.0173226
-0.0387837
-0.00639265
-0.0297122
0.0578413
-0.00823388
-0.041526
-0.0117897
-0.0139546
0.0219356
-0.0451484
0.0891267
-0.0304316
0.0179454
0.0389189
0.00409786
0.0159545
-0.0262548
-0.030297
0.00800305
0.0280599
0.0415517
0.0534077
-0.0334324
-0.0019136
0.0424909
0.0151003
0.018672
-0.00235849
0.0376616
-0.0159347
0.00248909
0.0276491
-0.0377992
-0.0402366
-0.018356
0.0427312
0.0454501
-0.0231793
-0.0261579
0.0261515
0.00197298
-0.00971002
-0.023088
-0.0028437
0.0479369
-0.040119
-0.0181295
0.00390103
-0.055536
0.00484589
0.0445691
0.0129769
-0.0296075
0.00623658
0.0297638
0.00644218
-0.0124031
0.00257563
0.0341469
-0.0313393
0.00662084
-0.0514824
-0.0505261
-0.00415511
0.0336619
-0.0181306
-0.0157015
-0.0246932
0.0466259
0.0280262
-0.0427863
0.0152407
-0.0363268
-0.000531951
0.0256826
0.0286871
-0.0116316
-0.0354334
-0.0377871
-0.00859244
0.0040661
-0.0402223
0.0130772
-0.00825999
0.0307249
0.0437401
-0.03317
0.0188858
0.0334483
-0.00657264
0.0232454
0.0404691
0.00812705
0.0254968
-0.0268114
0.0294766
-0.0286747
-0.0184365
-0.0211129
-0.0464503
0.0334447
-0.00152647
-0.017974
-0.0222054
0.0175506
0.0281513
0.0210318
-0.0167515
0.00257094
0.0101042
-0.0320639
-0.0449479
0.00229316
-0.011639
-0.0283317
-0.0281343
0.020321
0.0349789
-0.0257843
-0.0153394
0.0573459
-0.0173576
-0.0421135
0.0261044
-0.0390618
-0.0117317
0.0429702
-0.00741329
-0.0163422
0.0529144
-0.0288625
-0.029933
0.0523416
0.0110636
-0.0500926
0.0285619
0.0542681
-0.0110417
-0.00809195
0.0453927
-0.000404965
0.0452104
0.0306723
0.0373145
0.000111002
-0.0379522
-0.0468498
0.0348737
0.0142769
0.0134145
-0.0228256
0.0441907
0.0298883
-0.00707667
0.0538863
-0.00121292
0.00243682
0.0282985
0.00346096
0.0125273
-0.0135004
-0.0445826
0.0214809
-0.00248081
-0.0095259
-0.00285001
0.0355405
-0.0191761
0.0308533
0.0392991
-0.0187498
0.0103677
-0.0369681
-0.00825911
-0.00742324
-0.00528832
0.0113032
-0.0542621
0.0377877
0.0246704
0.028761
-0.0349736
-0.0281008
-0.0639405
-0.00345704
0.0672137
0.0185799
0.0274157
-0.0566515
-0.0694326
-0.0431729
-0.0507013
-0.0234755
-0.0403137
0.00341411
-0.0425446
0.0703642
-0.0143725
-0.0500157
0.0314026
-0.0160768
-0.00211179
0.0176122
-0.0105656
0.0153055
-0.00594848
-0.0212012
-0.0292653
0.059831
-0.0405114
0.03349
-0.0763832
0.0472584
0.0183755
0.00669608
-0.0211838
-0.0249374
0.0181276
-0.0139707
-0.0229724
0.0039362
-0.0357687
0.0229638
-0.015771
-0.00218976
-0.0312241
-0.0282881
0.0242524
-0.0334005
-0.0422182
-0.00823208
0.015598
0.0169588
0.0274541
0.0111498
0.051631
-0.00972984
0.0235694
0.0236566
0.0273493
-0.0184055
-0.00876043
0.0436313
-0.0359104
-0.0154765
0.00686277
0.0194645
-0.0469373
0.0132925
0.00841819
-0.0260275
-0.0382513
0.0455017
-0.00777838
-0.0264377
0.00134935
0.0434963
0.0379547
-0.00785896
-0.0482905
0.036289
-0.0272389
0.0235199
-0.031823
0.0303484
-0.0425553
-0.00818475
-0.0313908
-0.021765
-0.035259
0.0029137
0.00521044
-0.0406017
-0.00445022
0.00177488
0.0466389
-0.0125833
-0.0337704
-0.0363741
0.0381018
-0.0348767
0.00928366
-0.00858277
-0.0339633
0.0229168
-0.0232763
-0.00281262
-0.0420957
-0.00594373
0.0426548
-0.0375299
0.0419483
0.0126763
0.0028792
0.0186209
0.046368
0.0126497
0.0241946
0.0402111
-0.0297114
0.0324598
0.0214022
-0.0239872
0.00942231
-0.010532
-0.0402995
0.0105136
-0.00383286
-0.0107975
-0.0140222
-0.143193
0.0247582
0.0259626
-0.00272706
-0.0518736
-0.00913616
-0.0136501
0.0121808
-0.0696727
-0.0372258
-0.0381231
-0.0224377
0.0473198
0.0260707
-0.0173381
0.0195944
0.036284
0.0525055
0.00202616
-0.0499395
0.0240626
-0.0450027
0.0163341
0.00977232
0.0373022
-0.0477459
-0.0192104
0.0322512
-0.0307701
-0.0251506
-0.0628146
0.0229864
0.014295
-0.0226487
0.11242
-0.0414994
0.0680569
-0.0884646
0.0125957
-0.0452182
-0.0788191
-0.0293509
-0.00707397
0.00523795
-0.00549347
-0.0447317
-0.0559652
0.0295812
0.0406973
0.0245971
-0.0231389
0.033255
0.0845864
-0.0532389
-0.0156859
-0.0171335
0.0854703
-0.0538631
0.00945758
0.0140947
-0.0426542
-0.00939407
0.00827201
0.00894352
0.0120685
-0.0536955
-0.0381517
0.0470474
0.0205087
0.0386843
0.0399443
-0.00829988
0.00284239
-0.0110418
0.013024
0.048028
0.0557067
-0.0329803
0.00917682
0.0406967
-0.00640361
-0.0457343
0.0416549
-0.0376736
-0.0892248
0.0792192
0.0196797
0.026417
0.0563913
0.0641052
0.0736009
0.0256103
-0.0401014
-0.0427147
0.0271584
0.0414588
0.0372104
-0.0357152
-0.0431124
0.109073
-0.0268193
-0.0341225
-0.0409918
-0.0545208
-0.00422346
-0.0439229
-0.00546434
-0.0369643
0.0203116
0.0508215
0.0412449
0.0392355
0.00545183
-0.0400383
0.0297937
-0.0074921
-0.0257352
0.0239887
0.0329525
-0.0168148
-0.0588333
-0.0591486
-0.0394318
-0.0284831
-0.0264
-0.00477606
-0.000515616
0.0188709
-0.00363615
-0.00937306
0.0259943
0.0672932
0.0182413
-0.0611939
-0.0106473
0.0453325
0.00953835
0.00154169
0.0295172
-0.0416125
0.00256293
0.00402532
-0.0441697
-0.0375268
-0.0380124
-0.0289824
0.00697225
-0.0139625
-0.0450608
0.0186054
-0.0199463
-0.0378558
-0.0286069
-0.01529
-0.00726706
0.000750106
-0.0277928
0.0474353
0.0101461
0.0443804
0.0475541
-0.0188003
-0.0483826
0.0358377
-0.0678223
0.0315434
-0.00180696
-0.0371688
0.00419504
0.00268358
-0.00404154
-0.0233803
-0.00464674
-0.0446052
-0.0476712
-0.0221658
0.0387506
-0.0333734
-0.00942832
0.0350634
-0.00720734
0.0356218
0.0227925
0.0103308
-0.0328285
-0.0131475
-0.00424375
-0.0256947
0.0186888
0.0203553
-0.0382954
0.00521404
0.021206
-0.00710799
-0.0177624
0.00331082
-0.00654838
-0.0311844
0.00734371
0.00722358
-0.00103654
0.0373362
-0.0385329
-0.0268438
-0.0434195
-0.0133005
0.00393492
-0.0417369
0.0194868
0.0312672
-0.00432797
-0.0104718
-0.0401662
0.0438305
-0.021435
0.0496717
0.0254984
0.0255546
-0.0194882
0.0525323
0.0457572
-0.0129674
0.0483378
-0.0230673
0.0567941
0.0708494
-0.0224707
-0.0366161
0.0594384
-0.0259584
0.0362637
-0.0364371
0.0447807
0.0254888
0.0320773
-0.0231444
-0.0164881
-0.0254903
-0.0421748
-0.028058
-0.0581009
0.0182612
0.000923486
-0.0183095
-0.0450019
-0.0401193
-0.0104622
-0.0068279
-0.0525769
0.0257865
-0.0270295
0.00217131
-0.0280147
-0.0347213
-0.0638752
-0.0236069
-0.0527952
-0.00795771
-0.0137097
0.0031297
-0.0191481
-0.0111431
-0.0166769
-0.00496482
0.0457326
0.023039
0.0193156
-0.0486229
0.0115734
-0.0800675
0.0928506
0.0821164
-0.0233723
-0.0382944
-0.0488838
0.00327766
0.0427828
0.00869278
-0.058047
-0.0245679
-0.0442133
-0.0683597
-0.017418
-0.0306628
-0.0373653
-0.0497158
0.013216
-0.0399517
0.0906419
0.0161871
0.0118367
-0.000774258
-0.104408
-0.0161297
-0.00357441
-0.0553201
-0.0107945
-0.0414675
0.0312234
-0.0162615
-0.00716943
0.0472886
-0.00816591
-0.00947091
0.015553
-0.0281111
0.0252275
-0.00343664
0.0172463
-0.0035493
-0.0195855
0.0435894
0.00113082
0.00409686
0.0352699
0.0282836
0.0301366
0.0333869
-0.0117494
-0.0304108
-0.00557713
0.0413609
-0.0441749
0.0523346
0.0170917
0.0144234
-0.0122986
0.00988149
0.0420303
-0.0307297
-0.0198129
0.0800169
-0.0741221
-0.0168243
0.0377711
-0.00193583
-0.0268408
-0.0293915
-0.0320541
0.00897569
0.0279825
-0.0460635
0.0223017
0.00293333
0.0441974
0.038711
-0.00905627
0.015856
-0.0320101
0.0160229
0.0419188
-0.004779
-0.0162385
0.0252048
0.0398713
-0.00136327
-0.0122186
-0.0307922
-0.0085897
-0.0463837
-0.0305512
-0.019873
0.0239462
0.0394011
-0.0122698
-0.00859969
-0.02168
0.0109361
-0.000141109
-0.00920785
0.0296353
-0.0469895
-0.000862538
-0.00481468
-0.0413028
0.0249518
0.0371034
-0.0175669
0.0389853
-0.0151015
0.0231297
-0.0413264
-0.0357324
0.0414985
0.045819
0.0419427
-0.00111163
0.0168005
0.0410476
-0.0125097
0.03634
-0.00250854
0.0243209
0.0300103
0.000937447
0.024478
-0.0467313
0.0301749
0.0436336
-0.0115014
-0.0315489
0.0229728
-0.0193296
0.0529199
-0.0646067
-0.0186752
0.0129901
0.0124256
-0.0271491
-0.0162051
0.0303576
0.0323452
0.00317966
-0.0278289
-0.0476414
-0.0440729
0.0298575
0.052146
-0.0250226
0.0184359
-0.0197446
0.0059716
-0.0192685
-0.0182595
-0.0131953
0.0442524
-0.0424914
0.065168
0.0799763
0.0518409
-0.0067954
-0.121971
-0.0285054
-0.0526506
-0.00739054
0.0220282
0.0548345
-0.00977778
0.0196206
-0.0334162
-0.0259173
0.0486211
-0.0366545
-0.0584393
0.0963593
0.0593777
-0.00658111
0.0370491
-0.0310112
-0.0933896
-0.186869
-0.0337875
-0.0569853
0.0311471
-0.0165103
0.0276602
0.000943596
0.00582888
0.0465259
0.071869
0.0225333
0.0338866
0.0540348
-0.00146355
-0.0350796
-0.0295011
0.012297
-0.126765
-0.0248129
-0.0246303
-0.011043
0.0364724
0.0214529
-0.121287
-0.00728151
-0.0482942
0.0160009
-0.0075963
0.061892
-0.033353
0.0145746
-0.0245342
-0.0282236
-0.0163686
0.0685608
-0.0141302
-0.0144862
-0.0409763
-0.00829233
-0.0250906
0.0488287
-0.0265119
-0.0141264
-0.0529136
0.00372523
0.0589174
-0.00719182
-0.0239858
0.0585188
0.0424034
0.0191043
-0.028868
0.0867231
0.0377437
-0.0673302
0.0162742
0.0197739
0.0261485
0.0259302
0.012199
-0.0763583
-0.00430137
0.0376737
0.0305557
-0.0825153
0.110794
-0.00633696
0.0387847
-0.0182308
-0.0389036
-0.02652
-0.0262984
-0.0127165
0.0595993
-0.0464205
0.0273232
0.00333214
0.00337862
0.0477343
-0.0411687
-0.0234317
-0.0378051
0.0279562
0.0339189
-0.0113739
0.0452989
0.041183
0.0262142
0.0295314
0.00715315
-0.0166335
0.0315099
-0.0310832
0.0234058
0.0293496
0.0400859
-0.0642453
-0.0443728
0.00252242
-0.0426132
-0.0457427
0.0107363
-0.0149105
-0.011969
-0.0203342
-0.0131195
-0.0165005
0.0103498
-0.0287514
0.0203962
0.0333614
-0.068492
-0.030031
0.0437966
0.00194557
-0.0447958
0.0423547
0.0109438
-0.0487981
0.029353
0.0470263
0.00237757
-0.0151229
0.0173667
0.0116134
0.0290696
-0.00422547
-0.000484822
-0.0202507
0.0613055
0.0381049
-0.0451562
0.024081
-0.0107569
0.0357834
0.00632877
-0.00378862
0.0413084
0.0484895
-0.00398311
-0.0235953
-0.00979327
-0.00506211
-0.0254972
-0.0759738
-0.0160598
-0.00691092
-0.0145654
0.0249673
0.00814658
0.0302313
-0.0358957
0.0083652
-0.0054529
-0.0196762
-0.00582561
-0.000324931
0.0441235
0.0244287
-0.0433454
0.0172395
0.016764
-0.0267153
-0.00891179
0.0357448
-0.0170215
-0.0158169
0.0266573
-0.0263912
-0.00410138
-0.0379468
0.0203502
-0.0469548
-0.000682152
-0.0482765
0.0501578
0.0469622
-0.007627
-0.0396365
0.0380862
0.0209198
-0.0786559
0.0263869
0.00409383
-0.000170083
0.0109434
-0.0187184
0.00423984
-0.0741379
-0.0607794
-0.0559891
-0.0526513
-0.00521636
-0.0515524
-0.0529547
-0.0493071
0.00405995
-0.0647154
-0.00478518
-0.0498436
-0.00699288
0.0461774
-0.0199894
-0.0560017
-0.0286332
0.00740335
-0.0215062
-0.00591488
-0.0270388
0.00436553
-0.00297906
0.0205333
0.0329409
0.0272861
0.0598331
0.0364251
-0.0054291
0.0462332
0.0208833
0.0314604
0.0288825
-0.0212784
0.0162944
-0.00949819
-0.0207784
0.0230915
-0.0233642
-0.0219603
0.0155624
0.00727122
-0.0125447
-0.0489959
-0.0272664
0.00200521
0.108669
-0.121216
-0.0413384
-0.00702934
-0.0153355
0.0238318
0.106252
-0.11761
0.0561624
0.00530396
-0.0221546
0.0135289
0.0882948
0.100778
-0.00538626
0.0325813
0.00288374
-0.0479554
0.0367131
-0.0642702
0.0704054
0.0596721
0.0558869
-0.0678848
0.00487269
-0.0160994
0.00733236
0.0511164
0.00686824
0.0140315
-0.0448305
0.0308159
-0.131412
-0.0401614
-0.0424649
-0.0566436
0.0107892
-0.0342223
0.0328248
-0.0509548
-0.0296267
0.0281352
-0.018282
0.0419513
0.0403141
0.0122877
-0.0160544
-0.00614972
-0.0512882
0.0651118
0.0454416
0.00479405
0.00681622
-0.0096725
-0.0238668
-0.0648735
-0.0679004
0.0441999
-0.0363982
-0.0491983
-0.00950995
0.0104624
-0.104399
0.0316443
-0.0573227
-0.0412909
-0.0699335
-0.0227292
-0.0362664
0.0245776
0.0081146
-0.0261202
0.031776
0.0246507
-0.0444283
-0.0371655
0.0144612
-0.00959583
-0.0355899
-0.0210349
-0.0245716
-0.00134337
0.0213088
0.0391949
0.0133814
0.037108
0.00867461
0.0297725
-0.027598
0.0317712
-0.0083028
0.00160178
-0.0230921
0.031789
-0.0415166
0.0451106
0.0360932
-0.0238609
-0.00134277
0.0200644
0.0282646
-0.0375459
-0.0563406
0.0276993
0.0189666
-0.00741461
-0.017624
-0.00746919
-0.0212412
-0.00808207
-0.0247498
-0.0231317
-0.0384764
-0.0368397
-0.0289863
0.039114
0.015559
0.0207317
0.00482984
-0.0496873
-0.00206321
0.00274327
-0.0464681
-0.0346085
0.0232481
0.0109704
-0.0313995
-0.0287533
-0.0493715
-0.0205136
-0.030961
-0.0180229
0.0136383
-0.0153268
0.00124037
-0.0362878
0.0446523
0.00938566
0.0595131
-0.00899301
-0.0249129
-0.0364625
-0.0132448
0.0448918
-0.0292433
-0.0233219
-0.071029
-0.0701356
-0.0649572
0.0314749
-0.0109141
-0.00574226
-0.0413868
-0.0346457
0.0377456
-0.0210666
-0.041301
-0.0318275
-0.309249
-0.0679831
-0.133936
0.0132046
0.0188395
-0.132342
-0.0384299
-0.0734308
0.0387971
-0.0253909
-0.0201031
-0.000842077
-0.0405224
-0.0256896
-0.0508862
0.0376457
0.051496
-0.130131
-0.0409807
-0.0999473
0.0037412
0.0307636
-0.103888
0.289893
0.140082
0.0630576
0.0221975
-0.0815591
-0.00384979
-0.0497922
0.124887
-0.0823985
-0.106162
0.0911105
0.0248445
0.00468123
-0.0221131
0.0464617
-0.0123257
-0.0335711
0.127265
-0.012739
0.00122427
-0.00586062
0.0333211
-0.00936832
-0.0697035
0.0590516
0.0140349
-0.111347
0.0158051
0.0141885
0.0438633
-0.0817554
-0.0176531
0.0207565
-0.00431101
-0.0530298
-0.0126019
-0.0463854
-0.0426905
-0.0161687
0.051463
0.0236901
0.00324018
-0.0452156
-0.029845
-0.0321618
-0.0249971
0.0815832
-0.0488102
-0.0147746
-0.14344
-0.0832271
0.0090547
0.0180155
0.0217398
-0.0631731
-0.0706123
0.0680422
0.0184241
-0.0245987
-0.00577081
-0.042072
0.0274147
0.0405626
-0.0332718
-0.116653
-0.0843227
-0.0253856
0.0419092
0.0369838
0.00833621
-0.0091043
0.0329834
-0.00270474
0.00964425
-0.0259168
0.0134048
0.0409777
-0.0281048
-0.0380651
0.00509416
-0.0104311
0.0421788
-0.0190165
0.00157319
-0.0435723
-0.0213933
-0.0501921
-0.043522
0.0215462
0.0220688
-0.0270526
-0.00468264
-0.0155144
0.0128269
0.0125033
0.0253428
0.137022
-0.0246555
0.0844522
0.0292436
-0.0287609
0.0229171
-0.0344683
-0.0416908
0.00281297
-0.0276331
0.00141282
-0.00922671
-0.0279308
0.00682418
0.0340939
-0.0156781
0.00993727
0.0102454
0.0420721
-0.0281614
-0.0229355
0.0231814
0.00483003
0.000932849
-0.0218552
0.0211595
-0.0322422
0.0303442
-0.0247389
0.00876689
-0.025998
0.0416843
-0.0149211
0.002147
-0.0110764
0.00209917
-0.0530786
0.0236952
-0.0139624
-0.0387618
0.0461086
-0.00458422
0.0165961
0.0352743
0.00308646
0.00655745
0.0435534
-0.0249073
-0.0220187
0.0453424
-0.0164076
-0.0195931
-0.0307272
-0.00862188
0.0424584
-0.0473878
0.00875157
-0.0264253
0.0217248
0.0332975
0.0146562
0.0125633
0.0100345
0.025176
-0.0239495
-0.0119959
-0.00931434
-0.00854039
0.0308988
0.045416
0.0355263
-0.0233449
0.0132287
-0.00776865
0.00955523
0.0395142
0.0505618
0.0149659
0.0407274
-0.00732333
0.0305927
-0.0283246
-0.0105371
-0.0220173
0.0434413
-0.0806831
-0.0437012
-0.00299902
0.0140263
-0.0423952
-0.023343
-0.0349716
0.0432642
0.125426
0.0441064
-0.00307247
-0.0132333
0.0508946
-0.0242657
-0.00081972
0.0289974
0.0587861
0.00363855
0.0298833
-0.0573835
-0.00992063
0.051572
0.0288312
0.0219663
0.0324153
0.0112228
-0.0466162
-0.00976926
-0.0536884
0.00294419
-0.0238891
0.0510251
-0.0110581
-0.0428558
0.0671696
0.0375927
-0.0186433
0.0413582
-0.0511314
-0.0440548
-0.0515884
-0.045042
0.0139158
-0.0459836
-0.0212667
0.000817441
-0.0350646
-0.0442995
0.0415085
0.0361818
0.00268051
0.026259
0.0165788
-0.0602941
-0.0771568
-0.0537142
0.00626755
-0.0387645
-0.0276881
0.065917
0.0241785
-0.0512037
0.14092
-0.00367295
-0.00832864
0.103104
0.0677803
0.00831202
-0.0220993
0.00745387
0.026708
-0.0443626
0.0222259
0.054991
0.0642083
0.0434583
0.0192286
-0.0881608
-0.032963
0.0178749
0.0440432
0.0180891
-0.00987109
-0.00223318
-0.012968
0.107869
-0.00408567
0.0637343
0.0112226
-0.00408906
-0.0411666
0.0136656
0.052056
-0.0484542
0.0673236
-0.0259599
-0.0272309
-0.00987464
-0.015268
-0.0171394
0.0346413
-0.0609469
0.021341
0.00684681
-0.0197617
0.0218315
-0.00543039
-0.0704383
0.0422171
0.0438104
0.00513101
-0.0207165
-0.0260407
-0.0420135
-0.00017462
0.0267419
-0.167718
-0.0737669
-0.0451286
0.0323589
0.0122947
-0.0334642
0.00143672
0.0404766
-0.0966594
-0.0326383
-0.0034349
-0.0371395
0.0156527
-0.034245
0.0449102
0.0416882
-0.0588334
0.0324451
-0.0304318
-0.044764
0.0143448
0.0180757
-0.0330055
-0.0361337
-0.0316397
-0.04505
0.0304162
0.011177
0.0262666
0.0260529
0.0395723
-0.0458802
0.0287432
-0.00506675
0.00148584
0.00143809
-0.0128024
-0.0121324
0.0105607
0.0255921
-0.00881815
0.03398
0.029287
0.0376117
-0.0338905
0.0244879
-0.0214292
0.00346798
-0.0185559
0.0409323
0.00667793
0.0150309
-0.0336768
-0.00207308
0.0259631
0.0280541
0.0342118
0.00859546
0.0440964
-0.0469895
-0.0301115
0.0390967
-0.0198048
-0.000197247
0.00259246
-0.0147391
0.00912899
-0.00860513
0.0572114
-0.0320009
-0.0478416
-0.0267984
-0.00992929
-0.0411495
0.0177243
0.0237049
-0.104347
0.0834035
-0.0519016
-0.0451216
-0.0468003
0.0418166
-0.00900698
-0.00626618
0.0243021
0.0113461
-0.0423284
-0.0359462
0.0485581
0.0179623
0.0443632
-0.0430633
-0.0248733
-0.0188786
-0.0464159
-0.0734985
0.0266154
-0.0775867
0.0152994
0.0363607
0.0114193
0.00642327
-0.0337954
0.0164038
-0.0178174
-0.0431732
-0.0242424
-0.0075366
-0.0323578
-0.0157063
0.00645283
0.00324664
0.0386536
0.040676
-0.0365875
-0.0424806
0.045496
0.0594174
0.0417203
0.0270897
-0.029074
-0.0354797
-0.0441781
0.0425862
-0.0622771
0.0509928
-0.0395122
0.00493227
0.0184116
-0.0314172
-0.0203694
-0.0458619
0.00575993
0.0324479
0.0258671
0.0454892
-0.0320077
-0.0347137
0.0292742
-0.0422187
-0.0433657
-0.0319113
-0.0391882
0.0394217
0.0329198
-0.00728868
-0.0423739
0.00665488
-0.00623788
-0.037712
0.0358447
0.0308715
-0.0387582
0.00506503
-0.0345427
-0.0341179
-0.0425876
0.0218547
0.0556768
0.0404169
-0.0346212
-0.0361159
0.0405946
-0.0139803
-0.00380057
-0.00193985
0.0255271
-0.0387126
0.0239114
0.0216133
0.0491583
0.03415
-0.0558729
0.0238686
0.00432466
0.0208204
-0.0243331
0.0419679
-0.0277963
-0.040468
-0.00780644
0.011103
0.0217524
0.024967
-0.0371923
0.0608172
0.0128133
-0.00541128
-0.0238121
-0.0361104
-0.0444945
0.00135905
0.0151569
0.033634
0.029093
0.0178315
-0.00314933
-0.0108633
0.0248048
-0.0143646
0.0490196
0.0316302
0.0370092
-0.0493721
0.0064837
-0.0328778
-0.0476024
0.0426621
-0.0144879
0.0383228
-0.037063
-0.0227658
0.0361028
-0.0490706
0.00620017
-0.0241168
0.0186288
-0.00784116
-0.0101306
0.0175197
0.00842132
-0.0468092
0.0199482
0.0331148
0.0197919
-0.0324425
-0.0333807
0.0443112
-0.0312418
-0.0592688
-0.0162049
-0.0453273
-0.0475954
-0.024232
-0.00986696
-0.0486048
0.0180876
0.0265399
0.00239967
0.00666757
0.0254488
-0.0120879
-0.0226297
-0.0299529
0.0358895
0.0145989
0.0228879
0.0485973
0.0157349
0.0273396
0.0333167
-0.0332916
-0.0399467
-0.0246603
0.0200686
-0.041784
0.017048
0.0363224
0.0182387
-0.0256409
0.0387376
0.0473213
-0.035412
0.0248718
-0.0198151
0.01722
-0.00848324
-0.0445489
-0.000519156
0.00919361
0.029956
0.0332104
-0.0333355
0.00301434
-0.046155
-0.00215782
0.0401885
-0.0281279
-0.0134663
0.0393405
0.0180676
0.0251828
-0.0247958
0.00718419
-0.0462309
0.00566692
0.0251285
-0.0407124
0.000377969
-0.046999
0.0354749
0.0362068
0.0336539
0.0283429
-0.0285535
0.0131604
0.0178085
-0.0184714
0.0045723
-0.0569573
0.0314596
-0.0143324
0.0321672
-0.0185383
0.0337611
-0.0430327
0.0136609
-0.00708373
0.0746629
-0.020211
-0.0166927
-0.00822877
0.0243469
-0.0407183
-0.0304272
-0.0175922
0.0211367
0.0404609
-0.0309255
-0.0204931
0.064319
0.024008
-0.0112244
0.0343481
0.0523689
0.0152128
-0.0200148
0.0104329
0.0189434
0.0079485
0.041349
-0.0296446
-0.0181401
0.0592172
0.0343499
0.0190035
0.0204615
-0.0429422
0.00391147
-0.0124323
-0.0138928
-0.0353407
0.0229124
0.00615499
-0.0491379
-0.0351721
-0.0545485
-0.000401437
-0.00498547
0.0462738
0.00889251
-0.0451421
0.045842
0.00309808
0.000499493
-0.0207137
-0.0485654
0.0266685
0.0861277
0.0273265
0.0140652
0.00288289
0.051191
-0.01565
0.0194715
0.0104985
-0.0433851
-0.014486
-0.00378107
-0.0425484
0.0152172
0.00765633
0.0275441
0.0153208
-0.0153437
0.0331514
-0.030411
-0.0159813
0.0285227
-0.0444691
-0.0435707
-0.0198194
-0.000382579
-0.0397506
0.0551157
0.0110888
-0.0210739
-0.00430834
-0.0466393
0.0403364
0.0485612
0.0128743
-0.0408437
-0.0368765
-0.00391786
-0.0321229
-0.0441466
-0.0284114
0.0388899
0.0177089
-0.0261995
-0.00367752
-0.0103545
-0.00546669
0.0499018
-0.0160024
0.0016014
0.0300316
-0.011731
0.0101982
0.00306321
-0.00717159
0.0244698
0.0163729
-0.0501982
0.0304179
0.0272348
-0.0114797
0.00333292
-0.0455353
-0.0168464
-0.000997038
0.0144989
0.0207412
0.0418295
-0.0395578
-0.013383
0.0163284
-0.0175862
0.02292
0.0147718
-0.00827041
0.00407558
0.0445996
0.0401915
-0.0380284
0.0232547
-0.0350109
0.0434432
0.025194
-0.0156119
-0.0022483
0.0416659
-0.00202813
-0.00690089
-0.0207452
0.0258132
-0.0365238
-0.0391891
0.0405015
0.0184521
-0.0147119
0.00789766
0.0400845
0.028156
0.0270336
-0.00525661
0.0130842
-0.0498461
0.0226326
-0.0205448
-0.0213266
-0.0410065
-0.0460974
0.0283324
0.0352184
0.0271822
-0.0218631
-0.00103993
-0.000239298
-0.00527373
0.0166442
-0.0188094
-0.0236631
0.026425
0.0109122
-0.0340245
-0.0156859
0.0268486
-0.0373123
-0.000223288
0.039293
0.0166907
0.0365739
0.0224767
-0.0561514
-0.0247662
-0.00788705
0.0196681
0.046886
0.0104711
0.0184168
0.028623
-0.0291976
-0.0392443
0.0061971
-0.0490093
0.00439359
-0.0920973
-0.00510823
0.047603
0.0326261
-0.0339402
-0.0390307
0.0420666
0.0299389
-0.0158708
-0.0280909
-0.0359813
0.0420953
-0.0615513
0.0557301
-0.00238177
-0.0397936
-0.0412167
-0.0354798
0.0161242
-0.015716
0.0291821
0.041292
0.00227829
0.0343555
0.00426485
0.00452937
0.0490192
0.0419191
-0.0175408
-0.0793641
-0.00421191
0.0106103
-0.0128429
0.0223307
-0.0245148
-0.0411847
0.00771112
-0.061052
0.0531163
-0.00269974
-0.0541066
-0.075972
0.0222149
-0.0380801
-0.0691355
-0.0669489
-0.0593271
-0.0207616
0.0126869
0.0433928
0.0199554
-0.0152317
-0.00865326
0.0282612
-0.0910157
0.00871985
0.0142776
0.0382049
-0.0376873
-0.00815084
0.00818461
-0.068771
-0.0132417
0.0242718
0.0430687
0.0412937
-0.014865
0.00929759
0.0333751
-0.00275614
0.021761
-0.0168087
0.0420518
-0.00489124
0.062779
0.0273714
-0.0152988
-0.0332452
-0.0266358
0.024926
0.034403
0.0166672
0.000759651
0.000224226
-0.0781349
0.0513456
0.0120545
0.0460869
0.0508174
0.0386095
0.0297095
-0.00889958
-0.042491
0.0188961
0.0158041
0.0592466
0.0194059
-0.0443769
-0.0388708
-0.0463111
-0.0253079
-0.00266629
0.00740417
0.0362281
0.00294338
-0.00352386
-0.0484571
-0.014585
0.0501499
0.0314867
-0.0328555
-0.025413
0.033203
-0.0213468
-0.0246804
-0.0175956
-0.048581
-0.011107
0.016768
-0.00854894
-0.0385101
-0.0807014
-0.0495892
0.00480955
0.0209578
-0.00994391
-0.0891338
0.029545
0.0475512
0.0151175
0.00640267
0.0911704
-0.0404088
0.0291216
-0.0178487
0.0249597
-0.0231778
0.0113484
-0.0368368
-0.0176536
-0.0280413
0.00309525
-0.00607829
0.0370397
0.00696904
0.0406
-0.0540071
-0.0420904
0.0238028
0.018362
-0.0235368
-0.0325994
0.00924607
0.0312675
0.0396675
0.0217906
0.0184352
0.0348018
-0.00982339
0.0198922
-0.00959909
-0.0129802
-0.00611483
0.0241432
-0.0598582
-0.00378418
0.019619
0.0332811
-0.0103111
0.00893855
0.0218876
-0.0031797
-0.0461163
-0.0109035
-0.0427829
0.0158159
0.00622201
0.0369667
-0.0226253
-0.0119033
-0.0299458
-0.0255395
-0.00605008
0.0292388
-0.0227366
-0.0392605
-0.042945
-0.05294
0.0373227
-0.0064505
0.015934
0.0437566
0.0267335
-0.033374
-0.0356752
0.0297406
-0.0345398
-0.00994117
0.0251039
-0.0179463
0.047661
-0.028295
0.0387872
-0.0221691
0.00776094
0.0128877
0.00620897
0.000747233
-0.0430859
-0.0208695
-0.0418546
0.0104443
-0.0244132
-0.00442484
0.006741
0.0169161
-0.0571179
-0.0343705
-0.0388854
0.0668476
-0.00341126
-0.0294328
0.0185355
-0.0465751
-0.0130929
-0.0512365
0.00271156
0.0484681
-0.0192954
0.00097459
0.0272549
0.0442319
0.0488473
0.0272713
-0.0282374
-0.0463776
0.00367064
-0.0405646
0.0085691
-0.0577918
0.0430003
-0.0142755
-0.0063958
0.00951813
-0.0377762
0.0295682
0.0256005
-0.0226796
-0.00135373
0.0283059
-0.0402757
0.0143032
0.0392051
0.0401516
0.0371259
0.00352679
-0.0218699
-0.0139789
-0.030171
0.0228781
0.0307947
0.0149904
-0.0304183
0.0053174
0.0573341
0.0218743
0.0195443
-0.0265797
0.0218051
0.0567479
-0.0422263
-0.0324356
0.000383887
0.0405236
0.0287831
-0.0064397
0.0474365
-0.0271712
0.00805756
0.0399867
0.0393309
-0.00921469
0.0799657
0.00911866
-0.026594
-0.00100334
-0.0276071
0.015067
0.0541166
-0.00404982
0.0315132
-0.0602416
-0.0367525
0.0276054
-0.00288241
-0.0141352
0.0465835
-0.0116471
-0.0333506
-0.0149155
-0.0349077
0.00354964
-0.0812232
0.047675
0.0135792
0.00611177
0.101157
0.0321816
0.00907847
0.00906477
0.0238959
0.046189
0.0759222
-0.0674805
0.0353415
0.00172595
0.0475936
-0.0515385
-0.024802
0.0318845
-0.0345277
-0.03039
0.0242704
0.0424979
-0.0173517
0.00181585
-0.0517321
0.0239185
0.0496886
-0.0121929
-0.0217383
-0.00163754
0.0653667
-0.00565629
0.00926236
-0.0347505
0.0174846
-0.00329418
0.0408958
-0.00374675
-0.0421889
-0.0343784
0.0314072
-0.0421138
-0.0484095
0.0160904
0.0250895
0.0238102
-0.0525715
-0.0454808
0.0224279
0.00211568
-0.0250237
0.0291031
0.0341777
0.0258096
0.00568283
0.0137667
-0.0144263
0.0435084
-0.0396414
-0.0370363
0.0146668
0.034525
-0.046222
0.0397682
-0.0460643
-0.0446241
-0.0121168
-0.0129003
-0.00847507
0.0413585
0.0323914
0.0466535
0.0265309
-0.004473
-0.0422595
0.0010353
0.000797304
0.00430623
0.00286181
0.00385144
-0.031017
-0.000854107
-0.0304423
0.0090162
0.0466915
0.0277042
-0.0220026
0.0175969
-0.0446368
0.0379078
0.0127433
-0.0381567
-0.0157278
0.00359281
-0.0348278
-0.0464843
-0.028047
-0.0276101
-0.05095
-0.0199281
0.0243707
-0.0128649
-0.0328382
0.0199582
-0.019192
-0.051474
0.00838229
0.0171124
0.015252
0.00340725
0.0387644
0.0441478
-0.0148144
0.214924
0.0471583
-0.0226658
-0.0457002
0.0738566
-0.052993
-0.0299975
0.0572877
0.014025
0.0565039
0.022535
-0.00240116
0.0295913
-0.0283247
0.00688045
-0.0242829
0.0278929
-0.07388
-0.0691517
0.0501813
0.00155644
0.0355635
0.00141215
-0.0249571
0.0356904
0.0471255
-0.0161561
0.0038461
0.0196002
-0.0249863
0.00480214
-0.0256947
-0.00902067
0.0243378
-0.0867463
0.0309532
-0.150468
0.0901415
-0.0587183
0.0547082
0.0912944
-0.0319622
-0.00140005
0.013443
0.0825379
-0.0289695
0.0119185
0.0738369
0.0702534
-0.0851002
0.02072
-0.0358625
0.0302111
0.0979729
0.170142
0.0409431
-0.0681781
-0.00208578
0.113267
-0.000729759
-0.0321058
0.0759261
-0.0647712
-0.00796321
-0.0593106
-0.0051834
0.0140096
0.0445342
0.06996
0.0609718
0.0301566
0.0433086
-0.0483072
0.0391457
-0.117001
-0.0144587
-0.00628585
-0.0135925
-0.0126155
0.0206189
0.0199213
-0.0259064
-0.00636594
0.0517415
0.0241209
-0.0757542
0.00317898
0.00451653
-0.00629828
-0.0397521
0.0119392
0.0442714
-0.00530073
-0.0405648
0.0150955
-0.100519
-0.0371814
-0.00911514
0.0364846
-0.0568127
-0.0399811
-0.00745546
0.00372344
-0.0467687
0.0549827
-0.0394993
-0.0306277
-0.0324261
-0.00935573
-0.0530555
-0.0419865
0.0282774
0.0213958
0.0388226
-0.0619092
0.0890806
-0.00354582
0.0742695
0.0242937
0.0367327
0.0423401
-0.00952521
0.0181622
-0.0263288
0.0283243
-0.00822231
0.0729478
0.0409844
-0.0288787
-0.0440282
0.0597256
-0.0661236
0.0323448
-0.0199818
-0.00652935
-0.0312113
-0.0254917
0.00854365
-0.0301676
0.0519801
0.0266294
0.0275697
0.0149711
0.00375076
0.0385496
-0.0698081
-0.0303759
0.0247974
-4.07856e-05
0.0535232
-0.00889733
-0.047535
-0.0241542
-0.0107654
-0.0115103
-0.00794799
0.0274481
-0.0331842
-0.0137959
-0.0318488
-0.0248241
-0.00441716
0.0251294
-0.0337493
0.00543499
0.0406557
0.0500033
-0.0149308
-0.00453824
0.00659986
-0.00641722
0.00628245
-0.00376428
0.0232493
0.0166556
0.0290411
-0.00300456
-0.0294166
-0.0219939
0.0200842
0.00689852
0.0438408
0.0359461
-0.014508
-0.0252847
0.0300842
0.030909
0.0395614
0.0189294
-0.0293381
0.00265744
-0.0295377
-0.022143
0.0136791
-0.0443043
0.0139088
-0.0170356
0.0342725
0.0132251
0.00869407
0.0279167
0.0303276
0.00953534
-0.0115761
-0.0302702
-0.0350657
-0.00950561
-0.0416031
0.0384347
-0.0273353
0.00895181
-0.0291271
0.0219373
-0.0174616
0.0319324
0.0144711
0.0839405
0.0368801
-0.0320446
-0.106328
-0.0384392
-0.00631678
-0.0301103
0.106163
-0.0923454
0.0440463
0.112432
-0.0335047
-0.0193371
0.0105834
0.00437675
-0.0175984
-0.00771557
0.0721285
0.00808464
0.0105574
-0.0365137
0.0409203
-0.0523455
0.0433766
0.0790118
-0.0209728
-0.00685464
-0.0153609
0.0564054
0.0390685
-0.0440851
0.0212984
0.0117916
-0.0276715
0.0114484
0.0486308
-0.018885
0.0405506
0.0365412
0.0249113
-0.0313535
0.00795797
0.0962668
0.0201389
-0.0319515
-0.0430752
0.0309746
0.00977453
0.0323941
-0.0211967
0.0711495
-0.0132878
-0.0233973
-0.014052
-0.0605836
0.0218032
-0.00608277
0.00431757
0.0494168
-0.0558089
0.041137
0.0431165
-0.00161008
-0.0130737
-0.00361821
0.0748694
-0.0586803
0.0188282
-0.048987
0.038913
0.0641359
0.0262252
-0.0998275
-0.0122534
-0.0459425
0.0539896
0.10014
0.000724107
0.0753908
-0.0126178
0.0474007
-0.0626036
0.0457684
0.0770375
-0.0266735
0.0573735
0.105731
-0.0024459
-0.00434067
0.0236648
-0.0596726
0.0071786
0.0280985
0.0385873
-0.0455367
0.0180674
-0.0881442
-0.0190475
-0.0448222
0.0411464
-0.0276242
0.0640609
-0.0177669
-0.0862457
0.00516502
0.0359276
0.0137629
-0.0299793
0.00584233
-0.0661803
-0.0640061
0.0673359
-0.00403932
-0.0654871
-0.0301061
0.0500642
0.0117842
0.025121
0.000113273
-0.0479816
-0.042741
-0.0357235
0.00356454
-0.0026983
0.0574897
-0.00794962
-0.0410373
0.0202123
-0.0467461
-0.015649
0.0390183
-0.0401058
0.00146319
-0.00589399
-0.0082684
0.0221396
0.000854449
-0.0322322
-0.0117192
-0.00563242
-0.0283059
0.0222804
-0.0187516
-0.0430128
0.0099324
-0.00755044
0.053663
-0.0434409
-0.0249286
0.0401837
0.0370971
-0.0138952
-0.0408917
0.0144081
-0.00278113
-0.00422627
-0.0209735
0.0169066
0.0307005
-0.00174064
-0.00810064
-0.00687643
-0.0203591
0.0433312
-0.00568496
0.00189299
-0.0441284
-0.0435047
-0.00543941
0.0470589
-0.0276144
-0.0292685
-0.0412529
0.0123562
0.0104534
0.00649455
0.0281751
-0.0464135
-0.0140588
-0.0422476
-0.0180977
0.0415928
0.00722863
-0.00181762
0.035297
-0.0600609
0.0272066
-0.0212309
0.0205585
-0.0186371
0.0334004
0.00273534
-0.0308986
0.0525312
-0.0110554
0.0467718
-0.00348608
-0.0339275
-0.0352959
-0.22391
-0.0255438
0.0762474
-0.00407026
-0.040828
-0.0314079
-0.0138738
0.00931495
-0.102283
-0.05847
0.0231765
0.0175662
-0.087987
0.0975551
-0.0426279
0.0410482
-0.10499
0.044097
0.0157732
0.0667655
-0.0561881
0.0121847
0.047259
-0.00697346
-0.0549987
0.0205395
0.0850787
-0.0210061
0.0303995
0.105123
0.0147182
0.0450763
-0.0132464
-0.0240826
0.0897564
-0.151801
0.0193258
-0.0763718
-0.0288694
-0.0406542
-0.0306237
0.00480366
-0.00909618
-0.000661146
-0.0588458
-0.0224408
-0.0724981
-0.0577422
0.0287728
0.0222826
0.0305853
-0.00521213
-0.0474336
-0.0520967
-0.108101
-0.027776
-0.0484665
-0.060247
-0.135236
-0.0833773
0.0189862
-0.0737589
0.0106163
0.00868525
-0.0695663
-0.0531564
-0.0420811
0.0127471
-0.0436231
-0.0433508
-0.0796678
-0.0376184
0.0328876
0.0160479
0.0748853
0.105783
0.0434984
0.045607
-0.00362128
-0.0384937
-0.031353
0.0145739
0.024533
-0.0102692
-0.0366345
0.0406381
-0.0537297
0.0795009
0.0671671
-0.0119853
0.073471
-0.00218187
-0.0101858
0.00674326
0.00065025
-0.0306296
0.00484544
-0.0115235
0.0107449
0.0287856
0.072314
-0.0297772
0.0459302
-0.0179521
0.0302986
-0.0149313
0.0103087
-0.0381047
0.0330281
0.0427314
-0.0387371
0.00391389
0.0360664
-0.0147596
0.00378626
-0.0539431
0.030712
0.0247574
-0.0185815
-0.0255898
-0.0912636
-8.95337e-05
-0.0100115
-0.0258676
-0.0459341
-0.00632205
-0.0651905
0.0216933
-0.00809016
-0.0386172
-0.104805
-0.0233753
-0.104141
0.00991576
0.078221
-0.00863948
0.0118185
0.00772503
-0.0147292
0.0258197
-0.0572921
0.0308049
0.0245865
-0.0420497
-0.0454759
0.0372371
0.000436867
0.00476932
-0.0891794
-0.0410349
-0.00292166
-0.0159028
0.0488805
0.019161
-0.0340225
0.035065
0.00732924
-0.020153
0.028308
0.000680071
0.0360195
0.00214927
0.0440824
0.000472034
-0.0200242
0.0377464
9.87752e-05
0.0143235
0.0227203
0.0390314
0.00953289
-0.0193273
-0.0192424
0.0285801
-0.0483023
0.0382324
0.061232
0.0257626
0.0179285
-0.0263487
-0.00821646
-0.0131381
0.0150896
-0.0104316
-0.0382568
-0.0263143
-0.0287776
-0.0245287
-0.0187794
-0.0378482
0.0159294
0.00627846
-0.0475509
-0.0283804
-0.0104086
-0.057329
0.0641915
0.0382948
0.0299665
-0.0204814
0.0356177
-0.00730026
-0.0216145
0.0472849
0.0223773
0.0390986
-0.000678068
-0.0333516
0.0144864
0.042465
0.0290915
0.0489514
-0.046915
0.01064
0.0208328
0.0238774
-0.0508115
0.0138453
0.0396046
0.0392855
0.0627146
0.0170762
0.047924
-0.0789992
0.0421674
0.000852241
0.00167198
-0.00530579
-0.0286623
-0.0708763
-0.0783819
-0.0188793
0.00725063
0.0155891
0.020345
0.0025583
-0.024136
-0.0531683
-0.036767
-0.0830888
-0.0807304
0.0230603
-0.0436947
-0.0182239
-0.0308472
-0.052192
0.00370531
-0.11045
0.0301616
0.036999
0.0923699
-0.0100352
-0.00689615
-0.0303396
0.0220069
0.0234952
-0.0428185
-0.0261268
-0.0289876
0.0254064
-0.00627458
-0.00272477
0.0398178
-0.00369775
-0.047949
0.0115898
0.0286482
0.0156935
-0.00171471
0.0473438
-0.0152951
0.0065173
0.0588001
0.0492065
-0.0311921
0.0898697
-0.0381703
0.0108703
0.0206132
-0.0342313
0.0448517
0.00886835
0.0165147
-0.00995814
-0.0420683
-0.049489
-0.0101987
-0.0292667
-0.0122204
0.042026
0.00442573
0.013303
-0.0909436
-0.00633564
-0.0455277
-0.0241883
0.0281231
0.0641526
-0.0419381
-0.0156602
0.056944
0.0955618
-0.0104681
0.0605225
-0.0176209
-0.0665496
0.0626183
0.0280004
-0.0215117
0.0175487
0.0565456
0.0146729
0.0676084
0.0421734
-0.0470112
-0.00852861
0.00433026
-0.054486
0.0467686
-0.000634963
0.026924
0.0462716
-0.016535
-0.0271584
-0.034922
-0.00058262
0.0068701
-0.0201126
0.0315742
0.0482317
0.0391545
-0.0334991
-0.00348858
-0.0584488
0.0202083
0.004142
0.0354061
0.0442701
-0.0433627
-0.0299049
0.00405675
-0.0348699
-0.0464396
-0.0433955
0.0269616
-0.0363223
0.0379718
0.0432087
0.0224418
0.0208467
0.0505797
-0.03284
-0.0227219
0.0270241
0.0187769
-0.00882623
-0.0083617
0.00783342
0.00637231
0.044606
0.046718
-0.0461883
0.00335101
-0.0305441
-0.0172539
0.00238522
-0.00212318
-0.0343369
-0.024473
0.0190507
0.0205558
0.0258996
-0.00356571
0.0409492
-0.0414602
0.0127172
0.00516751
0.00136677
0.0196699
-0.0100303
-0.0318015
-0.0461123
-0.00382515
-0.0451356
0.0125645
-0.0106975
-0.0347655
0.043649
-0.0219627
-0.0406822
0.000417435
0.0255015
0.022304
0.0029678
-0.0344112
-0.0370118
-0.0369483
-0.0240232
0.036151
0.0235467
-0.0119518
-0.00369832
0.00531952
0.0266688
-0.0270488
-0.0214497
0.0370377
-0.053749
-0.014075
-0.0146806
0.0352669
-0.0117592
0.0473053
0.00739079
0.0190685
0.196171
0.0138908
0.00499801
-0.0122532
-0.000551252
-0.0422128
-0.0439648
0.0264117
0.0411209
-0.0135932
-0.00550663
-0.00578658
0.0016071
-0.089207
-0.0764767
-0.0146714
0.0715178
-0.0791824
-0.0779483
0.00116976
-0.0072016
-0.0229339
-0.0110243
0.0188066
0.00368414
-0.0671415
-0.0519911
-0.032722
0.00296473
-0.031614
0.0485823
-0.018456
-0.0306271
0.0838295
-0.0979473
0.123356
-0.00538001
0.160416
-0.0735513
0.024465
0.0638084
-0.030705
0.0056627
0.00965051
-0.0428106
0.0458403
0.08485
0.0182078
0.0242522
-0.0348139
-0.0268177
-0.0231193
0.0574366
0.0292859
0.152029
-0.0160675
0.00650568
-0.0034229
0.103054
0.0868834
0.0198327
-0.0559902
0.0130935
-0.0534487
0.0430773
0.0619733
-0.0330823
-0.0381612
0.0263635
-0.0312568
0.025414
-0.0406849
-0.058564
0.0165077
-0.0401422
-0.137344
0.0353576
-0.0216324
0.036657
-0.0278845
0.0026581
0.0570888
0.0187904
-0.0147112
0.069205
-0.0748773
-0.00899198
-0.0836315
-0.143087
0.0212553
-0.0391689
0.0411163
-0.0291266
0.0252653
-0.0496363
-0.0221898
0.0410399
0.0126597
-0.0198517
-0.0479485
-0.0683799
-0.014172
0.0321407
0.00253379
-0.0266914
0.00834193
-0.00351932
0.0141026
0.0174823
-0.0607902
0.00705718
-0.00815191
0.030796
-0.0410865
-0.0280982
0.0164202
-0.00168128
0.0271634
-0.0039455
-0.0472765
0.0822554
-0.00735098
-0.0269093
0.00724761
-0.0275982
-0.00846994
0.0981358
0.0405893
-0.000380391
-0.00192016
0.0897083
-0.00358506
0.059639
-0.0497823
-0.0177639
-0.0122135
-0.00193043
-0.0177058
-0.0434516
0.0147808
0.0428568
0.0273228
-0.0136436
0.0128292
-0.0158004
0.0040497
0.000916134
-0.0101646
0.0364651
0.0175308
0.047054
0.0413623
-0.0312128
-0.0393258
-0.0399052
0.0275238
-0.0111764
-0.00416774
0.0150451
0.0363361
-0.0218711
0.0274948
0.0375357
0.0359133
-0.00722945
-0.0251809
-0.00172673
-0.0311206
0.0251852
-0.0221777
-0.0185701
0.0106413
-0.0396833
-0.0433969
-0.0162299
0.0192689
-0.0116127
0.0180973
-0.0314413
0.0718893
0.0158613
0.0380219
-0.00811892
-0.00518373
-0.00307566
0.026783
-0.0394228
0.0381719
0.00593502
-0.0474815
-0.0317185
-0.0252552
-0.0285622
0.00377033
-0.00446845
0.0371892
-0.031128
-0.00359606
0.0281447
-0.023315
0.0248084
-0.0466399
-0.0353597
-0.0129089
-0.00647482
0.0456323
-0.0421239
0.000883842
0.0486734
-0.0347025
-0.00510632
0.0327833
0.0227494
0.0308439
0.0149222
-0.0532716
0.0839523
-0.0283353
-0.0290407
0.00413137
-0.0219969
0.048734
-0.0317901
0.0498131
0.0230621
0.01636
0.00501934
0.0108703
0.0557695
0.00401167
0.0702919
0.00263583
-0.0327869
-0.0357938
-0.0776409
0.0407711
-0.00478707
0.0523279
0.0444772
0.0106857
0.0621472
6.24658e-05
0.0295238
0.0176474
0.0721424
-0.0182558
-0.0593204
0.0694418
0.0274484
0.00403865
-0.0707252
0.0681509
0.0399941
-0.0335704
0.0135185
-0.0375158
0.0550665
0.0370809
0.0233449
0.0297247
-0.0245396
0.0192736
0.00364792
0.0170875
0.057823
-0.0124462
0.0200377
-0.000451022
0.0525617
-0.00817099
-0.0477843
-0.0612164
0.0390461
0.0133557
0.0315317
-0.101809
-0.0256829
0.00431603
0.00604634
0.0571977
0.0129608
0.0570059
0.0411767
-0.00466815
0.0081612
-0.0146586
0.0126482
-0.00951098
0.0282185
0.0117192
-0.0146032
0.0507576
0.114636
-0.0276758
-0.00239101
0.0264475
-0.00834531
0.0185297
-0.0278451
-0.00574059
-0.0475239
-0.103375
0.00781442
-0.0270154
-0.0212546
0.111169
-0.0511368
-0.0167574
-0.000493408
-0.00163279
0.0443672
0.00897692
-0.00885359
-0.0405008
0.0226834
0.0455877
0.018116
0.0589572
-0.0101065
-0.0585134
-0.0403591
0.0144881
-0.00919938
-0.0578212
0.0388694
-0.00816041
-0.082646
0.0279904
-0.056392
0.0492476
-0.0339952
0.0179444
0.0203086
0.0110664
-0.0464599
-0.0376342
-0.00516341
-0.023609
-0.0189015
-0.0449617
-0.0186509
-0.0183863
0.00388057
-0.0109345
-0.0395602
-0.0420221
0.0309629
-0.0456252
-0.0166621
-0.0380498
0.0155114
0.00702458
0.0128495
-0.0173079
0.01544
0.0294207
0.0457836
0.00708186
0.0260888
0.0280232
0.0342997
0.0184242
0.0105324
-0.00821126
0.0357167
-0.024276
-0.0227733
-0.0392091
0.0380577
0.0102053
-0.0263843
0.0490202
0.00781037
0.0413013
-0.0246501
0.033437
-0.0435158
-0.0206487
-0.0368607
0.0455153
0.0381631
-0.0121539
0.00851655
-0.00453657
0.0168934
0.0138014
-0.0246225
-0.0159878
0.033292
0.0317331
-0.0327127
-0.0177798
-0.021872
0.0520931
0.0139522
0.00797391
0.026853
-0.00505786
0.0200733
0.00996945
-0.0211428
0.0167779
0.0240054
0.00207284
0.0331921
0.000339299
-0.0371552
-0.0333104
-0.0956657
0.0246865
0.0450711
0.0204718
-0.00630973
0.000387522
0.0105857
-0.0126827
0.00417556
0.00936752
-0.00565109
-0.0134809
-0.00686157
-0.000350525
0.00287184
-0.014503
0.0245056
0.0084017
-0.0202149
0.00564153
-0.027744
0.00705819
-0.0217446
-0.143149
-0.0124946
-0.0160758
0.00577367
0.166585
-0.00916931
0.0184493
0.0144822
-0.00868428
0.00457396
-0.0121746
-0.00875593
-0.0135639
0.0311638
0.00867259
0.0177283
-0.00191127
-0.0118629
-0.0228157
0.0803025
-0.00214234
0.00958058
7.93783e-05
0.0107007
0.175106
-0.000424837
0.0146621
0.00770298
0.00602544
0.21284
0.0186899
0.00847879
0.0191173
-0.0127819
-0.0132674
-0.0955502
0.0171787
0.00501221
-0.0114635
-0.012594
-0.0220274
0.00321822
-0.0187054
-0.0341387
0.00355802
0.00415054
0.0141557
0.0118015
-0.0258812
0.0308992
0.0307907
0.010734
0.0121129
-0.00342036
-0.00556622
-0.00188293
0.0478851
0.0102731
0.0195719
0.0165457
0.0238876
0.00662652
0.0128191
0.00506015
0.00634695
0.174523
0.0474766
0.0244483
-0.0423156
-0.00598196
-0.00109186
0.00553062
-0.0145792
0.0141841
-0.0271323
0.014891
-0.0130271
0.0564763
0.00182694
-0.0126616
0.00258313
0.000876207
0.0151553
-0.0124049
-0.0029523
0.00265269
-0.111185
-0.000982632
-0.111573
0.0991803
-0.0267338
-0.0022618
0.0148408
0.0093498
0.0053446
-0.00327655
0.0795966
0.00452663
0.0116638
0.0733485
0.125775
-0.0110968
0.0376085
0.000255493
0.0173345
-0.0158324
-0.0256494
0.00352325
-0.0152025
0.0290555
-0.0348127
0.0034213
-0.000258024
0.0729107
-0.0631539
-0.0608284
0.0436345
0.0333564
-0.0738761
0.0527228
0.06708
0.0243997
-0.0424287
0.0588606
-0.00357153
0.064951
-0.0114513
-0.041727
7.70362e-05
0.011831
0.10233
-0.0702326
-0.081306
-0.0439926
0.064775
-0.0106658
0.0172154
0.0409286
0.0337144
-0.0566703
0.0709482
0.0472566
0.0773147
0.0842246
-0.0653288
-0.0278077
-0.0070041
0.0539064
-0.0492544
0.0489447
-0.063966
-0.0444757
-0.084728
-0.0624242
0.0373174
0.0481471
0.0868058
-0.0240248
-0.0200226
-0.0381622
-0.00896543
0.084973
0.0854159
0.0434732
-0.0238164
0.0696008
0.0507204
0.0805512
0.047547
-0.0854887
0.0451602
0.0070979
-0.0213895
0.0721427
-0.0540878
0.038945
-0.0350964
0.0992999
0.0725212
-0.0248846
-0.0414863
0.0849615
0.0738414
0.0250295
0.058582
-0.0873509
0.0585303
-0.0603328
-0.000759934
-0.0699523
0.00927016
-0.0283478
0.00211317
0.0240295
0.0220687
0.00448968
-0.0556386
0.0768211
-0.0564103
-0.0327773
-0.0126777
-0.00626988
-0.0218738
-0.0646882
0.044419
-0.0855044
0.0462906
-0.0551051
0.0413918
0.0161922
0.06268
-0.0485608
-0.0122967
-0.0626987
-0.0363113
0.0662528
-0.0341625
0.0367921
-0.0142551
0.0754227
0.0345948
0.00522685
0.05749
0.0390201
-0.0372977
-0.0522445
0.0624745
0.0375758
0.037185
0.0288802
-0.0329299
-0.0336926
-0.0461754
-0.0290294
0.0128393
0.0275039
0.0537593
0.106827
-0.00987632
-0.00332618
0.0210109
0.0925581
0.046489
-0.024969
-0.0842832
-0.00517002
0.0361371
-0.0780931
0.00828624
-0.018929
-0.0220257
0.0659469
0.0195468
0.0505954
0.0311971
-0.0159569
-0.0613821
-0.0757393
-0.0737966
-0.0401075
-0.1246
-0.0769436
0.0397932
0.0664346
0.05177
0.0868657
0.0442026
-0.0157282
0.00036669
0.00672422
0.0702652
0.0221626
0.0777219
0.0316052
-0.080409
0.059467
0.069875
0.0456338
0.0387124
-0.0595006
0.0857884
-0.0148349
-0.062298
-0.017751
-0.039021
0.125675
-0.0734207
0.103456
0.0716031
0.0106311
-0.0585664
0.0440509
-0.00842276
0.0261405
-0.0516724
0.0319351
0.0347903
-0.0106815
-0.00620237
0.00848359
-0.023665
0.0132398
0.0932941
-0.0101391
-0.0741837
-0.00726538
-0.0478055
0.0714647
0.0363291
-0.0290166
-0.00430599
-0.0238662
-0.0403576
-0.079794
0.00453367
-0.0331113
0.0211261
0.045354
0.0951411
0.0662894
0.0307356
-0.0626478
0.00187308
0.0777004
-0.0151534
0.0791806
0.032529
-0.0508128
-0.021997
-0.0511278
-0.0116657
0.0424508
0.0846511
0.0150269
0.0264473
-0.000646798
-0.0256301
0.035004
-0.0420809
0.0385118
0.0647643
0.0292922
-0.00452804
-0.0645775
0.000982365
0.0217042
0.0615617
0.0523547
-0.0515361
0.0951136
0.0246698
-0.00569286
-0.0470051
-0.073258
-0.0020744
0.0995709
0.093868
-0.0695973
0.0456342
0.0100678
-0.0644865
0.0233071
0.0745731
0.0126417
0.0201041
0.0701124
-0.0349259
0.0161508
-0.0351634
0.00877263
-0.013643
0.0649617
-0.0506851
0.0141635
0.0557381
0.030247
0.0414536
0.0254141
0.0718832
-0.0734618
-0.028302
0.0118195
-0.0253209
0.103075
-0.00886376
0.0676285
-0.0460286
0.0152121
0.0533334
0.0242517
0.0609204
0.0959341
0.0321186
-0.00281686
-0.0197985
-0.0701852
-0.0317006
0.0119806
0.0713488
0.019258
0.0682015
-0.0489608
0.0564804
-0.0348417
-0.0203785
-0.0525721
-0.0834121
-0.0370351
-0.0281064
-0.00895486
-0.0539177
0.0136627
0.0611819
-0.0402677
-0.0747602
-0.0574154
-0.00223365
0.054553
0.0129745
0.0215406
0.0702154
0.0394525
-0.0669566
0.0762755
0.0143338
-0.0101735
0.0272811
-0.0483036
-0.010508
-0.0847056
-0.0445551
-0.0266092
-0.008105
0.0429861
0.0334627
-0.00290218
-0.0469995
-0.0729004
-0.0441488
0.0761664
0.0539664
0.000817038
-0.0487071
-0.00250016
0.0120093
-0.0137851
-0.0760852
0.00599329
0.00184116
0.0340895
0.0061225
0.0697929
-0.030051
-0.0512627
-0.0924848
0.0490479
0.0269174
0.07491
-0.0506547
0.0372273
0.0303342
-0.0659746
0.09505
0.00271991
0.0655181
0.0345224
0.0741261
-0.0413704
0.0692652
-0.0181423
-0.0508118
-0.0224913
0.00863464
-0.0531825
-0.0643746
0.000539561
0.00547339
0.00723753
-0.0451106
0.0229475
0.0267121
0.0585863
-0.00775857
-0.0538122
-0.0708999
0.0556598
-0.0377787
0.0709757
0.0526305
-0.0394458
0.0477841
0.0408424
0.0546828
-0.0716933
-0.0815964
0.0706585
-0.000197852
-0.00919233
-0.00321652
0.0942194
-0.0645059
0.0467905
0.0104202
0.00695064
-0.0432418
0.0320407
-0.0649702
0.0567675
-0.0899754
-0.0767736
-0.00850873
0.0675146
0.105247
0.025024
0.0717414
-0.0195039
-0.00260345
0.0014738
0.0416499
-0.0019612
0.0707164
0.0268932
-0.030859
0.0440895
0.00192111
-0.0295131
0.0256055
-0.0601389
-0.0286475
0.0346572
0.0567563
-0.0456757
-0.0746057
-0.00559418
-0.0263111
-0.0217945
-0.0946019
-0.0341992
-0.0722044
0.0114981
0.0548594
-0.0604982
-0.044646
-0.0557311
0.0341503
0.0780097
0.0584347
-0.0776918
0.0546882
0.0720481
-0.0918476
0.0484296
0.0614752
0.0631522
-0.0761664
-0.0878101
-0.014887
-0.0390399
0.0322606
0.0385306
0.0541617
0.0562219
-0.00517571
0.00781966
0.0369895
0.0118622
0.0106631
-0.0256245
-0.0879875
0.0338042
0.0642986
-0.0788133
0.0538338
-0.0564386
0.0561756
-0.0455016
-0.0373255
0.0075317
-0.0950172
0.0690642
-0.0500218
0.00636908
0.00111515
-0.0257358
-0.0296294
0.00162534
-0.0278018
0.0522822
0.000791327
0.0232424
-0.06008
0.0428495
0.0112788
-0.0743563
0.0538467
-0.0193689
-0.0348646
-0.0709889
-0.0239123
0.0249661
-0.145679
0.000918234
0.0297823
-0.0162122
-0.0625133
0.0145669
0.0269531
-0.0286882
0.0519853
0.0781946
-0.0287145
-0.0534689
-0.0224058
-0.0774489
-0.00414328
-0.0352996
-0.0265427
0.0555176
0.0509045
0.0410682
0.00636807
-0.00239078
-0.0384521
-0.0274522
0.0353841
0.0709379
0.0198487
0.0265081
0.000305357
-0.0901828
0.0450187
-0.0245917
-0.00957564
0.0666464
-0.0310317
0.0773336
0.0251862
-0.0179571
0.109577
-0.00073119
-0.0239097
0.0688061
-0.046589
-0.102216
0.0651783
0.0300128
-0.0954791
0.0574375
0.0517585
-0.0139234
0.0853798
0.0487768
0.0769663
-0.0699586
0.0903098
-0.0788739
-0.08515
-0.0012169
-0.0617145
-0.0937845
0.0772052
-0.0817444
-0.0124543
0.00860343
0.0802453
0.0716634
0.0594583
-0.042065
-0.104098
-0.0193137
-0.0508261
0.0800734
-0.0906064
0.0471215
0.0163338
-0.0647494
-0.0115723
0.0297677
-0.0320568
0.0510045
-0.0274064
0.0275545
-0.0711735
0.0120402
0.0609034
-0.0739996
0.0578918
0.0359214
0.0661187
-0.0727629
-0.0569771
-0.0255075
0.0515999
-0.0479235
-0.0180001
-0.104211
0.0138015
0.0737309
0.0658528
0.0690194
0.0134868
0.0596778
-0.0618734
0.0647045
-0.0109511
-0.077932
-0.0453697
-0.02449
0.0490684
0.0280176
0.0488917
-0.00128288
0.0461337
0.00177105
-0.0562456
-0.0410096
0.0431333
0.0138043
0.0348913
-0.0842024
0.0328353
-0.0328516
0.0414153
-0.00169471
-0.0344741
-0.0874258
0.0454932
-0.0781083
-0.035811
-0.0163698
-0.0143434
0.0118983
-0.00514948
0.0261515
0.0191565
-0.0219138
0.0710887
0.0795282
-0.0724201
0.0364362
-0.052774
-0.0530132
0.0676932
0.0327392
0.0444869
-0.0461716
0.034882
0.0637281
-0.069952
-0.0842001
-0.0493118
-0.00297506
-0.0493317
-0.0637434
-0.0743961
-0.0787534
-0.0024784
-0.0150792
-0.0721519
0.0859342
0.0205431
-0.0553672
-0.0379766
-0.0886506
0.0205996
0.00319535
-0.0101264
-0.0551466
-0.0460015
-0.0691164
0.0273645
-0.00176849
-0.0329297
-0.0603949
-0.0556455
-0.0716986
-0.00662035
0.0395435
-0.00888858
0.0752163
-0.0132814
-0.0498244
0.0446779
-0.0252501
-0.0250955
0.0260576
0.06219
-0.0565966
0.0652341
0.00366323
0.0377478
-0.013479
-0.101416
0.0519389
0.0453038
-0.0673808
-0.0828083
0.0572899
-0.0445183
0.00593813
-0.0400675
-0.058985
0.0161819
-0.0732825
0.0645843
0.0462882
-0.0462257
0.0141887
-0.0614141
0.0935222
-0.0551047
-0.0754514
0.00164351
-0.00899921
-0.0441049
0.0378449
0.0852531
0.0488391
-0.00711782
-0.0137104
0.0298249
-0.0544846
0.0129762
-0.0409822
0.0379746
-0.0626495
-0.0338863
-0.052666
-0.0114878
-0.0514505
0.00638123
-0.0470013
0.000372759
0.0289185
0.00514094
0.00142873
0.0577813
-0.0584309
0.0638062
-0.0234897
0.0713954
0.0613645
0.0484085
-0.00278261
-0.0281916
0.0118659
-0.011959
-0.0807095
0.0641535
-0.0889662
-0.0768896
0.0896105
-0.0894061
0.048622
-0.020708
-0.0181975
-0.0853353
-0.0405341
0.0627649
0.0261757
-0.0903731
0.0905578
-0.0664432
-0.0385245
0.00712757
0.0106595
-0.065325
-0.0444455
-0.0279323
0.0466296
0.0901345
-0.0182315
0.041876
0.0138466
-0.0669386
0.033959
0.0193201
0.0357876
0.0156155
-0.0528605
0.0557221
0.0560853
-0.184487
-0.0332319
0.108632
-0.21257
0.155762
0.0124305
0.0239691
0.166398
-0.244039
0.233538
-0.0116988
0.227515
0.0312677
-0.0605747
-0.189588
0.213012
-0.119124
-0.132189
-0.218593
0.116517
-0.187955
-0.192706
-0.132686
0.190786
-0.144726
0.182124
-0.151015
-0.0830476
-0.273469
-0.108394
-0.0655001
0.177381
0.0360751
-0.109355
0.176091
0.0987668
0.0779287
-0.0733444
0.273958
-0.299117
0.00165636
0.145565
-0.0873892
0.256403
-0.18959
0.35196
0.0663669
0.0752897
-0.0640638
0.0698089
-0.00261524
-0.099204
-0.157982
0.0602969
0.0426023
0.210147
0.0952399
0.0586132
-0.189758
-0.121353
0.24219
-0.155598
0.0283915
-0.100701
-0.339896
-0.105544
0.24017
-0.00126181
0.0271578
-0.138144
-0.129404
0.109046
0.0191224
-0.0619781
-0.187107
0.0160635
0.185642
-0.073264
-0.0513493
-0.142923
0.147528
-0.0854041
-0.203882
-0.0687928
-0.0932771
0.0795228
0.196346
-0.117955
0.0875878
-0.00374119
-0.19775
-0.0429969
0.0685415
0.0115834
0.152493
0.0357649
0.0957202
0.0344531
-0.143259
-0.208646
0.2355
0.116357
0.0887988
0.352361
-0.249095
-0.188378
-0.0296119
-0.214095
0.140466
-0.0364607
-0.242357
-0.0093921
0.0478671
0.665482
0.0981334
0.178497
-0.297039
-0.0487639
0.0848411
0.219548
-0.105508
0.000623093
-0.0145729
-0.23412
0.201096
-0.217705
-0.0815862
0.0348412
-0.0624086
-0.0808778
-0.0968631
-0.0651883
-0.0423492
0.0872086
0.0385992
-0.0776104
-0.0407428
-0.0311658
-0.0355565
0.0276796
0.0200547
0.0162866
-0.0580798
0.00617795
0.0763087
0.0759679
-0.0575316
0.042947
0.0756827
-0.0113355
0.060573
-0.0495036
-0.0698912
-0.0576174
-0.0828688
0.0739865
-0.0752781
0.0501957
-0.0670165
0.0650773
0.042061
-0.0371944
-0.0503602
-0.0600574
-0.0387608
-0.0637475
0.0652231
-0.0693927
0.0355435
-0.103493
0.115297
-0.0335129
-0.0236386
-0.00659644
0.0634063
-0.0600074
0.0912967
0.0808154
0.0638032
-0.0073202
0.000772942
0.0995116
-0.0135339
-0.0133392
0.00221395
0.069694
0.0978317
0.00516088
0.0692006
-0.0628674
0.0870084
0.0904096
0.075602
0.0796301
-0.0569489
0.0221186
0.0129109
-0.00885199
0.0344645
0.0263153
-0.0239924
0.0255931
0.0644411
-0.0690136
-0.0174304
0.0950388
0.0101053
-0.000971186
0.0844777
-0.00191434
0.0877854
0.0951851
0.0708149
0.0792768
0.0679582
-0.0119307
-0.112016
0.0828177
-0.0530235
-0.107261
0.0311757
0.0809022
-0.0557136
0.0342147
-0.0196327
-0.0392638
-0.0185125
0.00133878
0.0859932
-0.0806144
0.0126982
0.0161898
0.0654153
0.0175603
-0.0989606
-0.065182
-0.0231179
-0.00633971
-0.130813
0.0347799
0.0529796
-0.153929
0.0506633
-0.0112504
-0.0367505
-0.0666889
-0.0859635
0.031063
0.0557681
0.0284772
-0.087128
0.0154581
-0.00162021
0.0644487
-0.0645292
-0.0773633
-0.0107096
0.0437751
0.0153165
0.0485146
0.0744147
-0.0305432
0.0684676
0.0640882
-0.0980839
0.020748
0.0511298
0.0792019
-0.00312745
-0.0248718
-0.0654425
0.0358355
-0.101523
-0.090193
-0.00790726
0.00296259
-0.090379
-0.0192494
0.0690433
0.0024369
-0.0355929
0.0268262
0.0722717
-0.103501
-0.00477752
-0.0719628
0.0620256
0.02217
0.0907671
0.000638277
0.0821826
0.0270967
0.0362147
0.0171552
0.0118252
0.0985935
0.0324652
0.0867456
-0.117302
-0.00781866
0.0390708
-0.0232046
0.0242107
-0.074531
0.00493959
-0.055734
-0.0630648
0.0500336
-0.0513252
-0.000599025
-0.0339428
-0.0341356
-0.0341532
0.0905399
-0.00312683
-0.0637927
0.0448412
-0.0338556
0.0418677
0.0236105
0.0160059
0.0223571
0.00750901
0.0550355
0.047469
-0.0180632
-0.0445295
0.0604781
0.0995011
0.0811951
0.0164167
-0.0398313
-0.0334924
0.0016411
-0.0769649
-0.0207114
-0.00141114
-0.0768372
-0.0408742
-0.0355661
-0.0497448
0.08606
-0.0384232
-0.00263691
-0.0395687
0.0232588
0.0351665
0.0808225
0.0524313
-0.0487979
-0.021257
-0.028535
-0.00447346
0.124673
0.0661126
0.00363297
0.0276749
0.0752662
-0.0320458
-0.0467469
-0.0696838
-0.0618784
-0.00830823
-0.0950681
-0.0746474
0.0271179
0.0925059
-0.0482513
0.0186864
0.0503237
-0.0144447
-0.0997595
-0.0794523
0.0883583
-0.0673418
-0.0529027
-0.0314892
0.0245439
0.0371471
0.024074
0.0901857
-0.0283924
-0.0135679
-0.085128
-0.0826633
0.0775351
-0.0783982
0.0533932
-0.0183716
0.0652382
0.0500221
-0.0628475
0.0723233
0.0533431
0.0456756
-0.0250471
0.0494692
-0.0746885
-0.0484038
0.0356287
0.0988766
0.0661545
-0.0386843
0.0326765
-0.0773212
-0.0182566
-0.0768049
0.00248615
-0.0640862
-0.0438129
0.0727408
-0.0585234
0.0233719
0.0508895
-0.0790471
-0.0323191
0.0764448
0.0333927
0.0165796
0.0439244
0.0737781
0.0491733
-0.0380243
0.0346153
0.0533265
0.00483184
0.0982133
0.0709538
-0.0694085
0.0506344
-0.0283072
-0.0201961
0.0386841
-0.0181623
0.0489121
0.057801
-0.021459
-0.0786014
0.00880358
-0.0733664
-0.0901867
0.0573603
0.0784094
-0.0763435
-0.0142265
-0.0794688
0.0764095
0.0065192
-0.0305262
0.0188628
0.0152801
-0.0379991
-0.0715817
-0.0458987
-0.0528171
0.0656611
-0.0261864
0.0456589
-0.023349
-0.000409002
0.0812677
-0.0287188
0.00202841
-0.0117577
-0.0216339
0.0277139
0.0288871
0.0502305
-0.0154171
0.0212707
0.0721355
-0.0511946
-0.00576175
-0.00536135
0.0179431
0.0169629
-0.0385224
0.0757968
-0.0521241
-0.076493
0.00713975
-0.0890597
0.0719912
0.0451126
-0.0382019
0.0501323
0.0533249
-0.00122511
-0.023994
0.0301152
-0.0227976
0.00717648
-0.00594724
-0.0543648
-0.0212008
-0.030064
0.00850017
0.0559074
-0.058501
-0.021755
-0.0498141
-0.0445903
-0.0757879
0.0506011
-0.00295704
0.0590543
-0.0186383
-0.0625156
-0.0760879
-0.0698073
-0.0394451
0.0811485
0.0494659
0.0151023
0.0599541
-0.0225195
0.0138315
0.0265329
-0.0764256
-0.0821968
0.00581809
0.047458
-0.0450113
0.0216022
0.0145792
0.0966261
-0.00700062
-0.0668258
-0.0747666
-0.0599698
-0.0945586
-0.0339825
0.0763599
-0.072847
0.0170581
-0.059421
0.0331082
-0.00894991
-0.0830385
-0.0671369
-0.00274145
-0.0270409
-0.00881314
-0.00257171
0.00105813
0.0269845
-0.0216234
0.0568003
-0.0609011
0.0595975
-0.0482717
-0.0553854
-0.00225319
0.0717132
-0.00300563
0.0384568
-0.074359
0.0277854
-0.0469892
0.0538438
0.00417155
0.0659138
-0.0629439
-0.0734605
0.0432249
0.0459929
-0.00213952
0.0665318
-0.0415777
-0.0419696
-0.0410667
0.0665266
-0.00775097
0.00163777
-0.0204313
-0.055782
0.0762411
-0.0224899
0.0509652
-0.0292051
-0.00519544
-0.0787035
0.0387459
-0.0600875
-0.00599602
-0.0755144
0.0572679
-0.0297955
0.0676561
0.0952323
-0.0083914
-0.0521008
0.0251976
0.0503425
0.0151902
0.0770776
0.0534503
-0.0547249
0.0853946
-0.0502136
-0.0546772
0.0616283
-0.00885116
0.0588769
-0.0410118
-0.0100812
0.00331696
-0.00864107
-0.0676121
-0.0376188
0.020262
-0.0504771
-0.0580445
-0.0304775
0.00293817
0.0670941
-0.0440291
0.0247437
-0.0772376
-0.0466104
0.0840844
0.00447976
0.0153722
0.00808814
-0.0836633
-0.00102478
-0.0202486
-0.0157627
0.00596983
-0.0631708
0.0722706
0.0225625
0.0651035
0.035766
-0.0375554
0.084192
-0.022788
-0.0465997
0.00793238
-0.0796447
0.0156633
0.0692354
-0.0264284
-0.0730819
-0.0349081
-0.085154
0.0417647
-0.0914581
-0.0522946
0.0509615
-0.0517718
-0.06105
-0.0516578
0.0805954
-0.0261199
-0.0323956
-0.0608218
-0.0565578
-0.0825092
-0.0516475
0.0606322
-0.0244543
-0.0469135
0.0754308
-0.0367482
0.0418363
0.0834407
-0.0279474
-0.087418
-0.0490109
0.0524942
-0.0623418
-0.0569336
0.0962684
-0.0131505
-0.00585075
0.100745
-0.00740438
-0.0585502
-0.0577241
-0.0779308
-0.0309921
0.00355186
0.0315553
-0.0699906
0.0517359
0.0221856
0.0721112
-0.0460333
0.0221221
-0.0657072
0.0283018
0.070259
-0.0693644
0.0390495
-0.0676114
-0.0557538
0.00810177
-0.0613752
-0.0787016
-0.0685675
0.00402984
0.037404
0.0242494
-0.0470239
0.0716253
0.0534696
-0.0801334
0.00673089
0.062582
0.0882767
-0.0478375
0.0130485
-0.0318657
0.0353773
0.0305292
-0.0489796
0.090103
-0.072984
0.023039
-0.0384405
0.03077
-0.0702834
0.015996
-0.0819002
0.0165412
0.0435315
0.110562
0.0188788
0.0547654
0.0374074
-0.0250229
-0.0150238
0.01104
-0.0794911
-0.0574015
-0.00914827
-0.00565027
0.00535693
0.0854843
-0.054207
-0.0448442
0.0648067
-0.0355939
0.00939056
0.0342601
0.0596531
-0.0371466
0.0897998
-0.0143481
-0.0784511
-0.00795098
0.0916598
-0.0174067
0.0732395
0.064885
0.0114972
-0.0397573
-0.00567541
0.00494097
-0.0530809
0.0265077
-0.00968055
-0.0271168
-0.0583931
0.0322426
-0.028595
0.0596065
0.0461034
0.0367117
0.0564671
-0.0743046
0.0375266
0.0677714
0.0297758
0.0291342
-0.00158241
-0.0517384
0.0212713
-0.0534422
0.00848741
0.0668026
0.0406859
0.0733568
-0.00934138
0.0385301
-0.065656
-0.0513053
-0.056071
0.0976409
0.0890649
-0.0477878
-0.00506345
-0.0673823
-0.07977
0.0622642
-0.00540519
0.0501195
-0.0384977
-0.0279165
0.0205228
-0.0127114
0.0197944
-0.00880665
-0.0475347
0.0797044
-0.0846291
-0.0131361
0.0324277
-0.0600891
0.0468589
0.069511
-0.0243026
-0.0634338
0.0148044
0.0181335
0.0589235
0.0219745
0.0141256
-0.000449305
-0.0829495
-0.0451159
-0.040249
-0.0637629
0.00536293
0.00773564
0.00329339
0.0805107
0.0117295
0.0542513
-0.0727325
-0.00616628
0.0711009
-0.015061
0.0473118
0.0775119
-0.000980611
-0.0565283
0.039334
-0.00902708
-0.0387376
0.0594422
0.0355568
0.0484675
-0.063513
-0.0745338
0.0514409
0.000825798
-0.0358112
0.056946
-0.0266282
0.051119
0.0337181
0.0703635
-0.0243441
0.0363145
-0.00934978
-0.0755904
-0.0632163
0.0212322
-0.0619944
0.0575384
-0.0224134
-0.00333096
0.0512798
0.0792926
0.0416224
0.0700969
0.0523664
0.00888202
0.0413048
0.00172436
0.0689196
0.0027672
-0.039638
-0.0885874
0.0537618
-0.0630316
0.0674703
-0.00613277
0.0718799
-0.0201883
-0.0379545
0.0172416
-0.0618352
0.0615567
-0.00965902
0.0343003
-0.0415395
-0.0103685
-0.0435532
-4.8426e-05
-0.012966
0.037463
0.0562983
0.0183899
-0.00655078
-0.0184701
-0.0796485
0.0800785
0.00121548
0.0501586
0.0707331
-0.0788329
0.00389391
-0.0674067
0.0315466
-0.0406353
-0.0517469
-0.0300356
-0.0167828
-0.00664414
-0.0511379
0.0256496
-0.0385466
0.00965449
0.00475826
-0.0423776
0.00529661
-0.0172252
-0.00592545
0.0101231
-0.0345301
-0.0685417
0.0739157
-0.0166158
0.0748397
0.0721058
-0.0198409
-0.0350663
0.0281427
-0.00505294
0.00969864
0.0514233
-0.0107848
0.0229377
-0.0729839
0.0646983
-0.0733903
0.109286
0.00296811
-0.0082021
0.0180953
-0.000742818
0.0849767
0.0186162
0.0296206
-0.0541384
0.079847
0.00819342
0.0186872
-0.05973
-0.0126485
0.0913002
0.0730654
-0.0675749
0.0727335
-0.0580058
-0.0326322
-0.0116373
-0.050992
-0.0713079
-0.0685935
-0.0549534
0.0597631
-0.0527164
-0.00424501
0.0777187
0.0463479
0.086067
-0.0926542
-0.014703
-0.0667734
0.00307921
0.0513817
-0.0581141
0.065434
-0.028916
0.0983664
0.0314122
-0.0316015
0.0619415
-0.0206719
-0.0349454
0.0621749
-0.0530623
-0.0373722
0.0416278
0.0368567
-0.0736938
-0.0373683
0.0372365
0.0100458
-0.02569
-0.0460144
0.0156757
0.0270948
-0.0010732
0.0673405
-0.0402559
-0.0684688
-0.0754906
0.0478048
0.0166608
0.0119498
0.000820331
0.00657474
0.0374119
0.0727805
0.0648954
0.00322481
0.00757063
-0.0473426
-0.0598193
-0.0243221
-0.00871494
-0.0553638
-0.0373855
-0.0279303
0.00672827
-0.0639939
0.0675678
0.111067
0.181619
-0.0525959
-0.00591069
0.133235
0.148542
-0.0414908
-0.249769
-0.0503198
-0.236357
-0.319852
0.16971
0.0692293
0.108021
-0.130706
-0.117216
0.341342
0.12593
0.181482
0.0303496
-0.200364
-0.100545
-0.0284218
0.111342
-0.113228
0.147448
0.0434848
0.142953
0.0277793
-0.0330894
-0.194847
-0.0116326
-0.0665951
0.273836
-0.199109
-0.151908
0.089406
-0.063098
0.160521
-0.132458
-0.197506
-0.174563
-0.193266
-0.191057
0.115535
0.186876
0.108237
-0.0768508
0.124943
0.0271345
0.104874
-0.0516321
-0.372745
-0.108202
0.103734
0.111421
0.0494393
0.123768
0.197075
-0.585623
0.0200609
-0.0614942
0.219551
-0.18358
0.126839
0.0135226
-0.0149889
0.0993624
0.32559
-0.0144235
0.141574
0.164535
-0.221145
-0.127914
-0.170569
0.135179
0.28902
-0.147532
0.131041
-0.209206
0.156387
-0.0607192
-0.205019
-0.130795
0.0287547
-0.0320454
-0.251405
0.0773761
0.0116746
-0.00566211
-0.14718
-0.0432944
-0.159356
0.228668
0.109842
0.109762
0.0866119
-0.244225
-0.0587903
-0.133404
0.00907827
0.210338
-0.0614301
-0.287505
-0.379181
-0.172115
-0.26123
-0.0270966
-0.115991
0.145149
0.00494155
-0.123027
-0.360051
-0.128949
-0.00801849
-0.459284
-0.367942
0.191793
-0.0824868
0.112885
-0.139259
0.160982
0.130164
0.0999338
-0.0302381
0.0375562
0.246061
-0.0541724
0.0299208
-0.00987694
0.0426613
0.0718174
-0.075731
-0.0135671
0.0293694
0.000985244
-0.0241483
0.0159991
0.0583007
-0.0393194
0.0376808
-0.090301
-0.0672793
-0.000887001
0.083854
-0.00130082
0.0555473
-0.00693208
-0.0146386
0.0659759
0.020201
0.0695826
0.0182855
0.0213499
0.0585586
-0.0184256
-0.0533895
0.00284333
-0.0570716
0.0191205
0.0445423
-0.0896543
0.0442768
-0.0124769
0.0627682
-0.0716349
0.0431829
-0.0429815
0.00532122
0.0271404
0.0721094
0.00864149
0.0674245
-0.074866
-0.0546485
-0.0215593
0.0370553
0.022397
-0.0566179
-0.0863818
0.0522757
-0.0753468
-0.0281255
-0.0500494
0.0691917
-0.0264044
0.0774051
-0.00320502
-0.0524635
-0.0582202
-0.0148828
0.0876643
0.0180048
0.0503597
0.0825191
0.0581226
-0.0184334
0.0665452
-0.0882359
-0.0306743
-0.0909065
0.036377
-0.0177472
-0.0502019
0.0129332
0.00430415
0.0171125
0.0264069
-0.0637588
0.0266126
0.0195702
0.0195733
-0.0223256
0.0171133
-0.0038318
0.00930763
0.0715313
-0.0682976
0.0264436
-0.0623173
-0.0620939
0.0755738
0.0510767
0.0360768
0.00573148
0.0649342
0.0328938
0.0336457
-0.0565919
-0.0791049
0.0370818
-0.0564216
-0.0842669
0.00719377
-0.0353158
-0.0641421
-0.0663683
0.0635243
0.0430353
-0.0524193
0.00310686
0.0730955
0.00807365
-0.116574
-0.0541112
-0.0419779
-0.0446061
-0.00452368
0.0582696
-0.0229978
-0.0927588
-0.0546606
0.033321
0.0720028
0.0783555
0.037742
0.062337
0.0341213
0.029009
-0.0824642
0.0653735
0.0125597
-0.0802153
-0.0261996
0.0526107
0.0734769
0.0453377
0.0489716
0.01834
0.0712781
-0.0248898
0.056921
-0.071401
0.0628708
0.0576586
0.0776069
0.0786116
0.0511448
-0.0364022
-0.0226394
0.0745832
-0.0843364
-0.0811516
-0.0200005
0.0109082
-0.0555636
0.0328484
-0.0284621
-0.0675288
0.0336064
-0.0849929
-0.0304522
0.0738151
-0.0581946
0.0690308
-0.00509531
-0.0699853
-0.058449
-0.0829062
-0.03835
0.0261802
0.0397061
-0.0469745
-0.0508796
-0.0894539
-0.0272694
0.0805756
0.00845835
0.0570626
0.0665632
-0.0544919
0.0504188
0.028908
-0.0824761
0.00828672
-0.0142057
0.0371033
-0.0611941
0.0257165
-0.00631339
0.0567337
-0.0674542
-0.0433513
-0.00779037
-0.0441709
-0.0522158
-0.0232072
0.0119732
-0.00695819
-0.0727588
0.00787627
-0.0154701
-0.033821
0.0499693
-0.0856206
0.0704652
-0.0233934
-0.0254575
-0.00473569
-0.051118
0.048634
-0.0816006
0.0313877
0.024585
0.0372157
0.0447002
-0.0554873
-0.0793841
0.0613342
0.0406817
-0.0916004
-0.0672327
-0.00108251
-0.0130391
-0.0735115
-0.0806598
-0.0036305
-0.00334433
-0.0309783
-0.0265119
-0.0355174
0.0352774
-0.0463607
0.0151123
-0.0691653
-0.0327788
-0.0162793
0.0646967
-0.00724225
0.0532417
-0.0733942
0.0202326
0.0162285
0.0492443
-0.0459507
-0.0633926
0.0293144
-0.0647686
-0.0855068
0.01079
0.0746442
0.00407111
-0.025088
0.066473
0.072658
0.00551401
-0.0792218
0.0158334
-0.0716725
0.0737524
-0.0589634
-0.0485422
0.0777898
-0.0133897
-0.0263827
-0.00485491
-0.0205663
0.0720485
0.0484658
-0.0111989
0.0187655
0.0626942
0.0797874
-0.0774388
0.0182793
0.0711431
-0.0306653
-0.0742856
-0.0590261
0.0722113
-0.00172517
-0.0166491
-0.059409
0.0433745
0.0589332
-0.00942868
0.0738657
-0.0267951
0.0778973
-0.0942387
-0.0223359
-0.0639437
0.0767936
-0.0352352
-0.0082257
0.0752311
-0.0727046
-0.0553522
-0.0457186
-0.110925
0.0534015
-0.111285
0.00286563
-0.00300756
0.0258433
-0.0810809
0.0135051
-0.0226598
-0.0472305
0.00804734
-0.0525649
0.0324229
-0.0460219
-0.0684039
0.0201998
0.00478412
0.078021
0.050241
0.0298667
-0.0497625
0.00113042
0.0432275
-0.0459596
-0.072305
-0.0480298
0.00956907
0.0347829
0.0563136
-0.0411166
-0.0602679
-0.0175971
-0.0232735
-0.0406061
0.0854064
0.0472842
0.118755
-0.0889198
0.0407041
0.054209
0.00447059
-0.0252839
0.0224768
0.0322246
0.0514075
0.0733791
-0.071481
0.0141366
-0.0241449
0.066613
-0.032558
0.0168329
0.0685061
0.055625
-0.0390549
0.0443448
0.0513445
-0.0814628
0.0866856
-0.0526646
-0.0622495
-0.0613649
0.00409607
0.0595144
-0.0508822
-0.0762152
0.0073456
0.0816124
-0.075798
-0.049289
-0.0596306
-0.0563566
-0.0561166
0.007248
0.0454658
0.0173065
0.0482433
-0.0522228
0.0644375
0.0828138
-0.00879561
0.0733077
-0.00655447
0.0596997
0.00289503
-0.00126187
0.0125475
-0.0151762
-0.0210246
0.00702227
0.0502495
0.0282668
0.0399336
0.0252683
-0.0795564
-0.030943
-0.00100594
-0.066302
0.0467002
0.0322707
0.0611874
0.03942
0.0549709
0.102333
0.0550449
0.0193007
0.0109123
0.0452554
-0.0168064
0.0203602
-0.070589
0.0728863
-0.0504881
0.0768287
0.0420009
0.0415427
0.00279403
0.0737356
-0.0902884
0.0256961
-0.00357739
0.0474878
-0.0814981
-0.0190286
-0.0173064
0.0854251
-0.0581158
0.0078768
-0.0730946
0.0472893
0.0437648
0.008391
0.00387075
-0.0258283
-0.0287031
-0.0761713
-0.00853203
-0.0146948
-0.00424102
0.0775456
0.103581
-0.0569835
-0.0215375
-0.0831418
0.0425647
-0.0425208
-0.0763066
0.0276011
-0.0776872
-0.0570812
-0.0401973
0.00172444
-0.0183044
-0.0681814
-0.041679
-0.0202763
-0.0375637
0.0598645
0.0436633
0.0157136
-0.00762058
0.0420521
0.0505547
-0.0272974
0.00578775
-0.0024397
-0.046827
-0.0248393
-0.0810187
0.0383994
-0.0217056
0.0388644
0.0384746
0.0731098
0.00801616
-0.0706096
-0.00271606
0.0236417
-0.0200953
0.0752119
-0.0540029
-0.0214938
0.0844632
0.0317763
0.0758956
-0.0908682
0.0648064
0.0864704
-0.00811616
0.0341721
-0.0403117
-0.0740146
-0.0287887
0.0645977
-0.0287153
0.0474153
-0.00142664
-0.0220386
0.0227439
-0.0435767
-0.0648949
-0.00553621
0.0441654
0.0339997
-0.0776186
0.00584078
0.0640117
0.0258687
-0.0506533
-0.0122765
0.0407474
-0.0858012
-0.0876095
0.0518058
0.0472021
0.000869329
-0.0361463
0.0539304
0.00252376
0.0629758
-0.025977
0.054919
0.0787768
-0.0224397
0.0801088
0.12047
-0.113562
0.00720144
-0.0552182
-0.0350728
-0.0156275
-0.0236288
0.0837344
0.0381112
-0.065311
-0.0518571
-0.0108585
-0.0251755
-0.0368105
-0.0418144
-0.0600514
0.091537
-0.0639824
-0.0526216
-0.0936104
0.0885627
0.0147369
0.0745705
0.00971902
-0.0195166
-0.0323011
0.0460283
0.0140616
-0.0391141
0.0731599
-0.00379614
-0.0233492
-0.0805033
0.0555431
0.0396683
-0.0601798
0.0211414
0.0101568
0.0572376
0.0443118
-0.0492061
-0.0139372
-0.0221599
0.102728
0.00091537
0.040117
-0.0141087
-0.064713
-0.0806505
-0.0105179
0.0143024
-0.0579909
0.013951
0.00395014
-0.0586036
0.0316175
-0.00485508
-0.105934
-0.0784917
-0.00900043
0.00335349
0.0792603
-0.057937
-0.0808534
-0.0406923
0.0151923
-0.0609399
0.068157
-0.0583596
-0.0538034
-0.0800702
-0.0341455
-0.020505
-0.0756022
-0.0637174
-0.096903
0.108355
-0.117359
-0.013391
0.0803586
-0.0417255
-0.0719566
-0.0369253
0.0952706
0.00622021
0.0686414
-0.0130861
0.000684134
-0.0602385
-0.0762237
0.114008
0.126363
-0.0419224
-0.0431612
-0.0520556
0.0532557
-0.0203922
-0.0117484
0.0319215
-0.0114281
0.0430938
0.115222
0.0963848
0.0588597
-0.0281376
-0.0921356
0.040826
-0.0248627
-0.0655176
-0.0753441
-0.0326219
-0.104971
0.0385309
-0.0688948
-0.0594646
-0.0718107
-0.00661493
0.0463064
0.0640936
-0.00730125
-0.033563
-0.0141751
0.0753258
-0.0490681
-0.0758576
0.0698337
-0.0365769
-0.0717315
0.0680942
0.0599517
-0.0190847
0.0237651
0.0421572
0.0520534
0.0877415
0.0299051
-0.041017
-0.0763427
-0.0424593
-0.00278418
0.0555967
0.0268524
0.0387931
0.0374972
-0.0758307
0.0721925
-0.0441219
-0.0612051
0.107569
-0.0995633
0.0775426
-0.0371677
0.0685967
-0.081238
-0.0464702
0.0625016
-0.0542663
-0.0412885
0.0083712
-0.00438723
0.035673
-0.0356883
-0.022976
-0.0381439
0.0581164
-0.0726044
-0.0239151
0.0076046
-0.0477486
0.0275827
-0.069969
0.0791157
0.0232165
0.0633689
0.0403629
-0.0702596
-0.0324183
0.0409595
0.0865349
0.00905645
-0.0796071
-0.0974385
0.055646
-0.0180751
-0.0481311
-0.0241298
0.0207681
0.057444
-0.0703628
0.069535
0.0306595
0.0347486
-0.0788996
-0.0657847
0.0400532
0.00422689
-0.020353
-0.0147347
0.0112872
0.0194977
-0.0436075
0.0574026
-0.0362616
0.0243607
0.0657346
-0.0660402
-0.067167
0.0159389
-0.112214
-0.104298
-0.0499173
-0.0722144
-0.0561698
0.0377437
-0.0561276
0.0071582
-0.0590212
0.0393393
-0.0844389
0.049131
0.0581383
-0.0174976
0.0493521
-0.0134544
-0.0171809
-0.0770639
-0.0441315
0.0168721
-0.0193787
-0.0282979
-0.0571472
-0.0467086
0.0117665
-0.033156
0.0147431
-0.0622978
-0.00460855
0.0135479
0.0109281
-0.0629491
0.012413
-0.0237886
0.0475881
-0.000107998
-0.0368457
0.0332899
-0.0844023
0.0419846
-0.112392
-0.00879072
0.0170644
-0.115713
-0.0448777
0.0126823
0.0430157
-0.103755
-0.0240213
0.0709321
-0.0810054
0.069403
0.0598631
-0.0128002
-0.0461503
-0.0836159
0.0835852
0.0955218
0.0425889
0.0544627
-0.0283056
-0.0591135
0.0839109
-0.00355934
-0.031182
0.0714428
0.0903631
-0.0472305
-0.0899489
-0.00144814
0.0541345
-0.0261232
0.0427561
-0.0488526
-0.0998842
0.0462875
-0.0649459
-0.043247
0.13483
0.019188
-0.0412067
-0.143874
-0.00408297
0.030723
0.107699
0.0465522
-0.0560742
-0.0712418
0.0866962
0.062471
-0.0129452
-0.0331781
0.0299593
-0.0381945
-0.0124678
-0.00179508
0.032581
0.124848
-0.00815776
-0.00744581
0.00287424
-0.0384228
0.0175073
-0.0828611
0.0269874
0.0822258
0.0878861
-0.120092
-0.0529182
0.0382674
-0.0275343
0.0431517
0.00623433
-0.0127665
0.00264885
0.0016604
0.109622
0.0899558
0.0861517
0.0146901
0.0467145
0.0596812
0.0223291
0.0655733
-0.119941
0.0852237
-0.0464257
-0.0943258
0.0945145
0.0621614
-0.014693
-0.0743039
0.0502325
-0.136035
-0.0579587
0.057143
-0.00695839
-0.0671555
-0.0834502
-0.00413283
0.0260348
0.115226
-0.0395604
0.0769337
-0.0493824
0.0225265
-0.10604
-0.105389
-0.05987
0.00198324
-0.0823988
0.0911601
-0.0195033
0.0557204
0.0688665
-0.0171361
0.112366
0.00883943
0.0340398
0.0298796
-0.0962598
0.0778115
0.0593994
-0.0191351
0.0612869
0.0518819
-0.0144368
-0.0211201
-0.0545053
-0.033819
0.0481688
-0.0396291
-0.0387806
-0.0231982
-0.0578816
-0.0845708
0.0107329
0.0241767
0.039974
0.0718992
0.0193913
-0.0411837
-0.0187268
0.0516794
-0.0688073
-0.00768573
-0.0623212
-0.0782939
-0.0648395
-0.0817397
-0.0159302
-0.072381
-0.029374
-0.0201745
-0.080902
0.0417088
-0.0690876
-0.0225799
-0.00404506
-0.0436075
0.0852785
-0.0647432
0.029772
-0.0634855
-0.0706502
-0.0207953
0.0822468
-0.0464381
0.077688
0.0409775
0.00557244
0.0652395
0.0900901
-0.0826942
0.0533515
0.0625729
-0.0258097
0.00274679
0.064033
-0.0170277
0.0256003
-0.071186
0.0492762
-0.0584345
0.0804726
-0.0160779
0.0661159
0.0599237
-0.0690004
-0.0125972
-0.0464332
-0.0664114
-0.054418
-0.080772
0.0147739
0.028274
-0.0708917
-0.00560926
-0.014184
-0.00506116
-0.04366
-0.0404575
-0.0471274
0.0751553
-0.0297013
-0.000647921
0.0391837
-0.0317529
-0.0318871
0.0210413
-0.0413782
0.0545951
-0.0496764
0.0723098
0.0653859
0.0699564
-0.0475513
-0.00710461
-0.0735418
-0.0743255
0.0735316
-0.00414978
-0.0852889
-0.089393
-0.0865409
0.0657585
0.0792143
-0.0198137
-0.0575733
0.0832302
0.0454543
-0.0449464
-0.0585606
0.0500925
-0.0854923
0.0515765
0.0397249
-0.0524025
-0.0212674
-0.015815
0.0802252
0.0512068
-0.0189062
-0.0316247
0.0143532
0.00678107
-0.0715172
-0.0441023
-0.00438881
0.066841
0.0778994
0.0244301
-0.00248027
0.00127955
-0.0285303
0.0639083
-0.0143685
0.0422566
-0.0721124
-0.0649302
0.0220183
-0.0498097
0.0465398
0.0604573
-0.102469
-0.0383573
0.062772
-0.0222896
0.0190694
-0.020152
-0.0569109
-0.0467086
-0.0643663
0.0143667
0.0339299
0.0428555
-0.0416958
0.0903565
0.0453615
-0.0768361
-0.0763566
0.0356133
-0.0430644
-0.0202728
0.0703467
0.0666588
-0.081535
0.0030919
-0.0211257
0.0794498
0.0585441
-0.054777
-0.022537
0.0352172
-0.0071678
-0.0230409
0.0959286
0.055462
0.0224827
0.0749427
0.0294838
-0.00482286
-0.0615964
0.0103174
0.0520816
-0.0565889
0.0705337
-0.0221561
0.0746147
-0.0222797
-0.0154514
0.0841278
0.0278956
-0.0136602
-0.00704099
-0.029783
0.0373073
0.0544294
-0.0830335
-0.0412288
-0.023376
0.0423473
0.0440047
0.0378364
0.0607734
0.0872359
0.0620729
-0.0538299
0.00824356
0.00730308
-0.043031
-0.0662535
0.0541922
-0.0560317
-0.0578851
0.0626142
0.077582
0.0442943
-0.0805242
0.0305321
0.0127034
0.0571897
0.0844609
-0.0668156
-0.00687989
0.037646
-0.0637654
0.0521902
-0.0310669
-0.088639
0.0998331
0.0292645
-0.00162697
0.10159
0.0703372
0.0725817
0.0523111
0.0378594
-0.00806386
-0.019233
-0.042176
0.034747
-0.0215971
0.0225141
0.0519174
0.0861378
0.0692442
-0.0120294
0.0627494
-0.0281503
0.0924973
-0.0801845
0.0686427
0.0623453
0.0719413
0.0805473
-0.07702
-0.0613768
-0.00708677
0.00670264
0.0226828
0.170111
0.0736322
-0.199853
0.0775638
0.0582831
0.0648281
0.157368
0.0416389
0.0399708
-0.0463517
-0.0359249
-0.0880991
0.499658
0.581036
0.0441386
-0.16809
-0.0914473
0.545186
0.0332222
0.254944
-0.123817
-0.0302536
0.0910828
-0.0532366
0.0659625
0.0767364
0.0850163
-0.151377
0.116552
0.154106
0.106667
-0.0308344
-0.509343
-0.0543883
0.156498
-0.0161688
0.0633849
-0.569967
0.135831
-0.0512911
0.195429
-0.0841339
-0.968584
-0.116727
-0.468339
0.0359914
0.00636331
0.0650091
-0.783523
0.030886
-0.0295653
-0.0610134
0.11403
-0.245698
-0.125068
-0.151307
-0.564632
-0.0322269
-0.0408644
-0.125071
0.1278
0.0729308
0.0475768
0.457798
0.0591339
-0.181168
0.160544
-0.0733204
-0.00887142
0.202759
0.00654945
-0.103225
0.0393886
0.244772
0.201316
-0.10819
0.00436406
0.0257331
0.893942
-0.212647
0.168036
0.568098
0.207753
-0.0565206
0.0415465
0.100429
0.0367248
-0.0825295
0.233263
0.000696585
0.348653
-0.0683517
0.249786
0.0578286
0.142506
0.0345293
0.0428543
-0.0539497
0.0414359
-0.555418
0.364919
-0.452634
-0.530869
0.00117568
-0.209084
-0.118662
0.0492669
0.172912
-0.0532412
0.532515
-0.0438646
0.0933256
-0.323914
-0.80439
0.0624955
-0.109099
-0.101062
-0.035554
0.0142252
0.0517072
0.0589261
0.0578951
0.0223588
-0.0568838
0.0763007
-0.0528846
-0.0308359
0.02235
-0.0636295
0.084899
0.0765123
0.0341359
-0.00347273
0.0147087
-0.0242614
-0.0640937
0.0662547
0.00815008
0.0893983
0.00690877
0.00605475
0.0660931
-0.0500997
0.0573484
-0.0388364
0.0664704
-0.0131829
0.0102933
-0.0272444
0.0856385
-0.0526446
0.0462641
-0.0576108
0.0733193
-0.0571719
0.0546767
-0.0286258
-0.0397532
-0.0957381
0.037199
-0.0609904
0.0680739
-0.0135472
-0.0584776
-0.0426804
0.0073575
0.060291
0.033048
0.037494
0.00884281
0.0386582
-0.0205847
0.0315529
-0.065774
-0.0135301
-0.0765089
0.0232547
0.00409772
-0.0566241
-0.0425149
0.0588548
-0.0823015
0.102977
-0.0155125
-0.009663
0.0709034
-0.0731583
0.0128788
-0.0663172
0.0857972
-0.0775381
0.0685435
-0.0585241
0.00831766
-0.0121452
-0.0348687
-0.0484352
0.0708297
0.0132284
-0.0606222
0.016877
-0.00454863
-0.0315075
-0.0178234
-0.0547044
-0.0304319
0.00708149
-0.0169026
0.067769
0.0677751
0.00853672
0.0760683
-0.092639
0.0280531
0.0566186
-0.0604809
0.0148292
-0.0173275
0.0692222
-0.0577175
0.0204375
0.083869
0.0535578
0.023939
-0.0544486
0.05499
-0.0426703
-0.0775292
-0.058314
-0.0962544
-0.0289625
0.0611078
-0.104902
0.0612229
0.0687075
-0.0678953
0.0811304
0.0930228
0.0292238
0.0496153
-0.0721261
-0.0325808
-0.0733393
-0.0767892
0.0241191
0.0710338
-0.0343378
-0.0514165
-0.0460154
0.0684348
-0.0333361
-0.0397555
0.0554572
-0.0663685
-0.0349508
0.0766198
-0.00700926
0.0196781
0.147933
-0.275901
0.0687625
-0.0449606
0.0402972
0.0401024
-0.26649
-0.144222
-0.195854
0.118209
0.372988
0.396009
-0.0929002
0.0699612
0.11955
0.233172
0.0100256
0.0834182
0.0283744
0.0470887
0.0189081
-0.176815
-0.139964
-0.190218
0.212697
0.110849
0.186055
-0.195357
-0.170062
-0.0333401
0.0986722
0.086844
0.0281118
-0.0137416
0.178718
0.0312822
0.213451
0.129411
0.101777
0.0901591
-0.114109
0.218847
-0.360756
-0.0977441
-0.196503
0.256265
-0.316963
0.0277661
-0.0552104
0.24093
-0.250758
0.234421
0.0120932
-0.0671159
-0.210182
-0.0096064
0.106329
-0.00786558
0.211387
-0.0841314
0.211137
0.379749
0.138991
-0.0541222
-0.118538
-0.0739818
0.0803805
0.170348
-0.0981685
-0.0125105
0.185426
0.245864
0.0589719
0.0999312
0.052837
0.0909477
0.0482034
-0.0246768
0.276596
-0.206935
0.107536
0.0935886
0.0499677
-0.075504
0.0801271
-0.174345
0.150546
-0.142515
0.0205266
0.166139
0.0578304
-0.24676
-0.00563905
-0.0929434
-0.177298
-0.1184
-0.105003
-0.152987
-0.189915
-0.0468816
-0.368509
0.165599
0.249351
-0.0887605
0.205968
-0.154874
-0.139113
0.264595
-0.141181
-0.118211
-0.203539
0.125872
0.0631228
0.240852
0.0146135
-0.143324
0.00640105
-0.0789058
-0.0288766
-0.224057
0.306952
-0.271606
0.229648
-0.0742936
-0.0577398
-0.0420552
-0.0628632
0.0189894
0.0343214
0.0689248
-0.000146079
0.089367
-0.0112835
0.00807029
0.0879187
-0.0687257
-0.0797279
0.0681885
-0.0280425
0.0965216
0.0323258
-0.0278344
-0.023866
0.0541642
0.05946
-0.0380105
0.00477997
-0.0410744
0.0325148
-0.000897855
-0.0972851
-0.0334539
-0.0801115
-0.0675686
0.0107408
-0.0453417
-0.0169325
-0.0489472
0.0126974
-0.0498372
0.0893513
0.0673178
0.0279461
0.0111997
0.0632349
-0.0693873
-0.0375536
-0.00321465
0.0342579
-0.0592313
-0.0472522
-0.0965951
-0.0263286
-0.0666614
-0.0787755
0.0561761
-0.0399545
-0.0762538
0.0816235
-0.0284965
0.00193425
-0.00727055
0.0468544
-0.0550238
0.0175298
0.0651119
-0.0861285
0.0219239
-0.0629915
0.00422153
0.0220769
-0.040957
-0.0656213
-0.0465226
-0.0307553
0.0301164
0.00139133
-0.0492189
0.0231313
-0.0574223
-0.0410472
0.0216625
-0.074393
-0.0512364
-0.0141812
0.0413219
0.0321988
0.0435573
0.00290996
0.0255336
-0.0715525
0.00685275
-0.0163685
-0.00817749
-0.0609849
0.00796892
0.107662
-0.0708736
-0.00682741
-0.0233442
0.0349782
0.0318019
0.0471536
-0.0660556
0.0571658
-0.00429923
-0.00108094
0.00374101
0.0344049
0.00535981
-0.0475809
-0.0680731
-0.0887508
-0.0407784
0.063998
0.0616159
-0.0387741
0.085913
-0.0333329
-0.00713521
-0.0291442
-0.0260859
-0.0738211
-0.0563032
-0.0263802
-0.0508069
-0.0559396
0.039228
-0.0936082
0.0239164
0.0193334
0.0202879
0.058731
0.0242732
-0.0551153
0.0214133
0.0249793
0.0405975
-0.0206313
-0.0220147
0.00793053
0.0125335
0.0343118
0.0459428
-0.033643
0.116596
-0.0414218
0.00477418
0.00764187
-0.0596709
0.00151995
0.0944394
0.0728
-0.0529973
-0.044735
-0.0610818
0.0238635
-0.0550789
0.0438502
0.0434608
-0.0340659
0.00142629
-0.00217448
-0.0508692
0.0384189
0.0810665
-0.0670728
-0.0761429
0.00957877
-0.0786403
0.0760967
0.0270901
-0.00170553
-0.028193
-0.00677901
-0.0661415
0.0347242
0.0195489
-0.045984
-0.0180192
-0.0770677
0.0291469
-0.0230791
0.0172287
0.0489867
-0.0540604
-0.0567936
-0.0700751
0.0511674
0.0444854
-0.0231963
-0.0771299
0.0173133
-0.0368976
0.00131449
-0.0887413
-0.034363
-0.070522
-0.0560139
-0.0278113
-0.0605039
0.0520942
-0.0404865
0.0390227
-0.0586219
-0.0400642
0.0563931
-0.00650476
0.0291527
-0.0208282
0.0167374
0.0506857
0.00748766
-0.101064
-0.0850652
0.0254079
0.0371799
0.000798684
-0.0881178
-0.101377
-0.0418731
0.0638021
-0.0173515
0.0334663
0.0858053
0.0607263
0.0177499
-0.0488597
0.0505629
0.0642806
0.0976644
-0.090324
-0.0702266
0.0319177
-0.0648904
-0.0330193
-0.0559645
-0.0218811
-0.0630039
0.0235484
-0.0328705
0.0211571
0.0682342
0.00219372
0.0280002
0.0206758
-0.0478409
-0.0360119
0.0181767
-0.043983
0.0352358
-0.0225037
0.0570331
-0.00269048
0.0371869
-0.00225238
-0.102632
0.0160777
-0.0368835
0.0135568
0.0620877
0.0723452
0.0505489
-0.0455361
0.01136
0.040212
0.0378502
0.0127269
-0.106493
0.0161586
-0.0707378
0.0338671
-0.00367349
-0.0608262
0.0328311
0.0683357
-0.0763584
-0.00281463
0.102397
-0.0766048
-0.0119367
0.0601065
0.0842612
0.0640496
-0.0487319
-0.0166475
-0.0112265
0.0114215
0.0736334
0.000120075
-0.0518714
0.0306452
0.033919
-0.0337862
0.0319169
0.0524124
0.074184
-0.0115377
-0.0808847
0.037259
-0.112086
-0.0416389
-0.0765229
0.033313
0.00861264
0.0219911
0.0341173
0.0695587
-0.0801215
-0.0100122
0.0282909
-0.0543027
-0.0321574
0.0172771
-0.0461828
-0.0241894
-0.0482242
0.0560249
0.00342379
0.104735
-0.0403796
0.0216967
-0.0328572
-0.0160156
-0.0209686
0.00697085
0.013144
-0.086674
0.0338134
-0.0725455
-0.052851
0.0632362
-0.0282261
0.052437
-0.0637549
0.00104851
-0.05432
-0.0131013
0.0476843
0.0401132
0.0496214
0.0118085
-0.000465445
-0.0402552
0.0631183
0.06711
-0.0702977
0.0228977
0.102531
-0.100718
0.0971006
0.0774054
-0.0628314
0.109062
-0.0198573
0.00668836
0.0440666
-0.05027
-0.0550723
0.0307154
0.0407903
0.0334759
0.0711026
-0.0264498
-0.100424
-0.0422469
-0.0110937
-0.0469192
0.0539604
0.0395732
-0.0833032
0.0277592
0.0271211
-0.0809454
-0.0922858
0.0692132
0.00287236
0.0347931
-0.0333749
-0.0563269
-0.0194808
-0.0441117
0.0533394
0.031607
-0.0129174
0.0679552
0.0036936
0.0202826
-0.0574241
-0.0566949
-0.00104499
-0.0116972
-0.0535286
-0.0612271
-0.0748311
-0.0793371
0.00685541
-0.0749602
-0.0565503
-0.057635
0.023163
0.0648867
0.0653149
-0.0485445
-0.0571
0.102173
0.0185033
-0.11524
-0.0507906
0.0194615
0.0962424
0.0696019
-0.0264979
-0.0348274
0.0207251
0.0669405
-0.0130172
0.0710555
0.023567
0.0045333
0.105933
-0.0363648
0.0269804
-0.052977
-0.0596897
-0.00388006
0.0382626
-0.0188893
0.0264213
-0.0633366
0.055731
-0.0159204
-0.022375
-0.0868529
-0.0755223
-0.0154517
0.0619561
0.0088882
0.107249
-0.0395761
-0.000440654
-0.0529425
-0.0683255
0.0730569
0.00191064
-0.0546375
0.0243956
-0.0223694
0.0359638
0.0655024
0.0937729
-0.0191198
-0.0454092
0.0544999
0.0494179
-0.0164764
-0.106457
-0.00157413
-0.0284043
-0.0843639
-0.0738153
0.00530858
0.00230721
0.0714357
0.101146
0.034702
0.000582561
0.0244853
-0.0322043
0.0223738
-0.0439745
-0.0920281
-0.00725969
-0.0563115
-0.0851763
-0.0216844
0.0507101
-0.0791541
0.00914606
-0.0471885
-0.109247
0.0913633
0.058172
-0.0459976
-0.0705973
0.0779778
-0.0518651
-0.0475784
-0.0392251
0.0471367
-0.0202952
-0.0663654
0.042699
-0.0904937
0.130746
-0.0603943
-0.0377796
-0.0227193
-0.0171309
0.0196308
-0.0429971
-0.0427489
0.0139359
0.0493908
0.0399487
-0.0299777
-0.0321499
0.0526029
0.0106488
-0.0875
0.0593
-0.0175567
-0.0388079
0.0580688
0.0169375
-0.0480309
-0.0386086
0.0239068
0.101229
-0.00304869
-0.10223
-0.0209976
-0.00694542
-0.0133887
0.109116
-0.0733464
0.010984
-0.0345923
-0.0573888
0.0138751
0.0621908
-0.00927001
0.0251433
0.0384298
0.049595
0.0818651
-0.0310504
0.0823512
0.0540251
-0.0406581
0.0393018
0.0242651
-0.0595789
0.0419922
0.0674421
-0.049413
-0.0921436
0.0645076
0.0455565
0.0312804
0.00285815
-0.0557543
0.0725015
0.032552
0.0323923
-0.1073
0.0597695
0.0487878
0.0492982
-0.104837
-0.0713622
0.0256014
0.0178025
-0.106681
-0.069799
-0.0280579
-0.0835393
0.00606105
-0.00166546
-0.0425037
-0.0601427
0.0524042
0.0370943
0.0484686
-0.0991269
-0.0503135
0.086081
0.0429715
-0.0823303
-0.0623115
-0.0748253
-0.0150413
-0.0404024
0.0482888
0.0783237
0.0524965
0.0111276
0.0686984
-0.0484912
-0.0799851
-0.0213747
-0.0342934
-0.086192
-0.0166406
-0.0244927
-0.0466275
-0.0340108
-0.0647052
0.0563482
0.105914
-0.0337145
-0.0705391
-0.0644708
-0.01544
-0.040813
0.128615
0.0606974
-0.0635768
0.0829685
-0.104827
0.0606203
0.00429338
0.0305956
0.014127
-0.00773845
-0.0386255
-0.0541854
-0.0676306
0.0756809
0.0406999
0.0405722
0.0993102
-0.058386
0.088272
0.00567583
0.0167704
0.0511404
0.0359219
0.0572218
0.0774839
-0.0648928
0.00947254
0.0801783
0.0557961
-0.0287904
-0.0837413
-0.0114918
0.00671482
-0.0323471
-0.0459951
-0.0751993
-0.0626918
-0.0564824
-0.0718827
-0.0742904
0.0178535
0.0149424
0.0310863
0.0127278
-0.0543492
-0.0140149
-0.0586906
-0.0734697
-0.00405504
-0.00152104
0.0560126
-0.0849501
0.00107431
0.0217821
0.0622941
-0.0474899
0.0577893
-0.0770165
-0.0214685
-0.0534538
-0.0186036
0.0503023
-0.0677735
-0.0855502
-0.0333437
-0.0097413
0.0417139
0.00550544
0.0584179
0.0737792
0.033647
0.0380762
0.00267586
0.0476857
0.0867358
-0.0751553
-0.0786114
-0.0568203
-0.0602271
-0.0695801
0.0756039
-0.00168461
0.0348032
-0.0167429
0.0664572
-0.00974389
-0.0510894
0.0845704
-0.0541806
-0.0822281
0.0364677
-0.0134385
0.0508905
0.0617511
-0.0104314
-0.00209897
-0.0315696
-0.0160188
-0.05533
0.0655052
-0.0764272
0.0327139
-0.00699402
0.0325607
0.0311151
-0.0489774
0.0302717
-0.0574348
0.000133525
0.03523
-0.0687481
-0.0686841
0.0161602
-0.00397217
-0.0336133
0.0243647
0.0641818
0.0788829
-0.0601434
0.0352373
-0.0424727
-0.0399066
0.0420824
-0.0659082
-0.0406417
-0.0128414
0.0105426
0.0551308
-0.0471305
-0.0027789
0.00513341
0.0408389
-0.0759176
-0.0700807
0.0742191
-0.0487318
-0.0634744
0.0214942
-0.0817613
0.0433898
-0.0425407
-0.0551965
0.0415978
-0.0793557
0.0788878
-0.0696083
-0.0411104
0.0250632
0.00409046
-0.0302769
0.0682327
-0.0262543
0.0072313
-0.0240341
-0.00960014
0.045388
0.0644966
-0.0589061
-0.0407629
-0.0160164
0.0621104
0.0781702
-0.0458859
0.0579794
-0.0948137
-0.0450097
-0.0250871
0.122395
0.00521986
-0.0531249
-0.0826062
-0.0338525
-0.0397654
-0.0189607
0.018457
-0.0713791
-0.0417707
0.00439749
0.0027707
-0.0618627
0.0626635
-0.0340149
0.13447
0.0557715
0.00579086
0.0701604
0.0635639
-0.0113584
0.0569733
0.0853777
0.0105106
-0.0955195
0.068473
0.0213352
0.0084773
-0.0268074
0.045673
-0.00861289
-0.0352478
0.0324087
-0.0300655
-0.117262
-0.100991
0.0186837
0.012622
0.0899847
-0.0737937
-0.057742
0.070309
-0.0247204
0.0869119
-0.0937319
0.0153401
-0.101437
0.101141
0.0499809
-0.0716087
-0.0361242
0.0240075
-0.060006
0.00763507
0.101039
0.0149801
-0.0511264
0.0480286
-0.0604502
0.0798955
0.0343424
0.0708786
-0.0319001
-0.00632885
-0.0374172
-0.0222106
-0.0571164
-0.016921
-0.0378926
0.048092
0.0202517
0.0478141
-0.0647557
-0.0556911
-0.0640225
-0.0161716
-0.00995298
-0.0379178
0.0244307
-0.0497518
-0.0543892
0.0474024
-0.0963607
-0.0328556
0.0483219
-0.0400612
-0.0950413
0.0922486
-0.00920834
0.00396253
0.0698016
0.0395308
-0.0169934
0.0550922
-0.0208689
0.0653316
0.0348059
0.068121
0.0794766
-0.0318138
0.0745624
-0.109096
0.0884311
-0.185034
-0.133812
-0.10517
0.0354388
-0.0176117
-0.0143394
0.0615213
0.00644475
0.113778
-0.0594885
-0.0171769
-0.12613
0.0350839
0.0664483
-0.0790275
-0.0336971
0.0176838
-0.0172453
0.0693627
0.0937638
0.0784417
-0.0675452
0.0528261
-0.0519395
-0.0431058
0.0248765
0.026367
-0.0780796
-0.00907916
0.00843532
0.0466934
0.0406545
-0.032558
-0.00468839
0.0627736
-0.00419311
0.0584531
-0.053095
0.046792
-0.0530502
0.0117075
-0.0238353
-0.0549348
-0.0618526
-0.0431429
0.0175177
0.00577112
0.0279928
-0.0607018
0.0247988
0.0681363
0.0605622
-0.0776709
-0.0485907
-0.0550921
-0.0688741
-0.0492503
-0.0752901
0.0582811
0.0640876
0.0244715
-0.0106322
-0.0415037
-0.0347731
0.0971522
-0.0149066
-0.0139942
-0.0129804
-0.027889
0.0136426
-0.0119526
0.0928502
-0.0186201
0.0249548
-0.00940874
0.0636728
0.0695878
0.0458488
-0.012823
0.0631586
-0.0254479
-0.0140153
-0.00574937
-0.00878486
0.0136277
-0.0525785
-0.032831
-0.00642193
0.074656
0.0415587
0.0256038
-0.084587
0.0507452
-0.0763305
-0.0908331
0.0603858
0.0854157
-0.0811667
0.0258517
0.0151371
0.002679
-0.0155943
0.0855239
-0.0538429
0.0621334
-0.000767306
0.0272336
-0.0735056
-0.0308159
0.0818803
-0.0232765
-0.0232813
-0.032439
-0.0531239
-0.083935
0.00360202
-0.0741883
-0.0685224
-0.0628236
0.000289134
-0.00509547
-0.0371209
-0.0369407
-0.0853598
-0.0233672
-0.053762
0.0646796
-0.0839944
-0.0303824
0.0676132
-0.0391348
0.00994387
0.0298676
-0.0606503
-0.0200293
0.0185544
-0.0784701
-0.0827666
0.0674643
-0.00861769
-0.000121616
0.0386444
-0.0555618
0.0175458
0.0310829
-0.0183745
-0.0235663
0.000972066
0.073596
0.0884322
-0.00561816
-0.0509041
-0.0132323
-0.0126101
-0.0457066
0.00380267
0.0437597
-0.0637492
0.0568511
0.0668563
-0.019209
-0.00966171
0.0643982
0.0673393
-0.0631526
0.0275447
0.0146864
-0.0909762
-0.0520376
-0.0803722
-0.116851
-0.0578009
-0.0916729
0.0208893
-0.0795683
0.0313629
-0.0943616
-0.0680503
-0.077993
0.0256262
-0.00430121
0.0165544
0.0688999
-0.090119
0.0401584
0.0349657
-0.0841125
-0.030786
0.0749264
0.0793905
0.0163033
0.0739413
0.144199
-0.0793317
0.0214692
0.00709674
-0.0949499
0.152334
-0.026135
0.0796513
-0.10718
0.0171614
-0.0245345
0.0545176
-0.0323793
-0.0622957
-0.0789845
-0.0478268
0.0462971
0.0633941
-0.0109888
0.0285877
-0.0576234
0.0327799
-0.0462405
-0.0375315
0.027667
-0.0263417
-0.0675257
-0.0301633
0.0176273
0.0728505
-0.0721738
-0.0361319
-0.026016
0.0397002
0.0144609
0.0272467
-0.112431
0.0832521
0.046414
0.0465313
0.0746412
-0.0222943
-0.0262168
-0.0513477
-0.12314
-0.0693454
0.00512594
-0.0550466
0.0834182
-0.107032
0.0171785
-0.110467
-0.00632177
0.01851
-0.0350435
-0.0152867
-0.0197518
0.0194749
0.0353917
0.129587
0.0314693
0.0212322
0.0703777
-0.0843596
0.0806823
0.0631311
-0.00748279
0.0414828
-0.0505057
0.0748597
-0.129765
0.000175822
-0.0394474
0.00618883
-0.0859099
0.180463
0.133376
0.0116262
-0.0320297
0.038378
-0.0488057
0.0660656
-0.0513576
0.00697915
0.0985983
-0.0879021
-0.00612137
0.0521869
0.055589
0.00862976
0.0303814
0.0647888
0.0204001
-0.00267192
0.0994467
-0.0774225
-0.00250161
0.123033
-0.033911
-0.0201631
-0.0685236
0.0960961
0.0717837
-0.0259921
0.0821591
0.0672622
-0.126928
-0.107466
-0.00662755
-0.0351175
-0.00743687
0.0575747
-0.0797685
0.0275511
0.0402151
-0.0482832
0.0256696
0.00600089
-0.00781106
-0.0834361
-0.0876963
-0.12354
0.0320734
0.0811859
0.00794257
0.0767947
-0.0564093
0.0676927
-0.0217848
0.050777
0.0845601
0.0296706
-0.0362408
-0.0713678
-0.0279894
0.110006
0.0635249
-0.0417613
-0.0087322
-0.136436
-0.0700861
0.0362672
-0.0345214
0.0698314
0.0547233
-0.0204125
-0.053405
0.0343801
-0.0085685
0.00758198
-0.0939385
-0.000652742
-0.0806619
-0.0559007
-0.15915
-0.0198664
-0.0430437
0.049129
-0.0368001
-0.0480065
0.0393037
-0.016291
-0.0334541
0.0803952
-0.11365
0.00356842
0.0332932
0.0696387
-0.0132779
0.0261271
-0.0285652
-0.057054
-0.0914473
-0.061001
-0.00902504
0.072623
0.00674588
0.000246124
0.0172285
-0.0400048
0.0513111
0.101052
0.0226871
-0.116634
0.0950501
-0.053857
0.111037
0.126582
0.0266673
-0.0343853
0.0439588
-0.0227681
0.0435022
-0.00632801
-0.0301778
0.0408949
0.0778138
0.00162765
-0.0317119
0.00364461
0.112527
0.0765463
-0.0643752
0.107699
-0.000189739
0.0216935
0.110625
0.0527492
0.0719695
0.00171491
-0.0586976
0.0165369
0.0896158
-0.122938
-0.0207998
0.0569946
-0.0742391
0.00353166
0.0732848
0.0530592
0.00221856
-0.083953
0.12106
-0.0501197
-0.010177
0.0493606
0.055804
0.0918489
0.0245888
0.0321855
0.102622
-0.0862719
-0.0364379
0.00336939
-0.0354725
-0.0500116
0.0217022
0.0851077
-0.0643929
-0.0377446
0.00466708
-0.0683537
-0.0473861
0.0345047
0.000273015
-0.0356863
0.0541427
-0.114537
-0.0628567
-0.044877
-0.0430992
-0.0489365
-0.0186488
0.0792237
-0.00386637
0.0153227
0.0515916
-0.0264636
0.0930604
0.00404928
-0.0121448
-0.0561586
0.0765895
0.0163939
-0.0667422
-0.0652034
0.0515914
-0.112657
0.0540513
-0.0357073
-0.0973727
0.012512
0.00984663
0.0832806
0.0800456
-0.0365593
-0.0253178
-0.0800194
-0.0753264
0.0429531
0.0675498
0.0189893
-0.147886
-0.0394993
0.0538963
-0.0400282
-0.00380991
-0.0882422
0.0329391
-0.0327743
-0.0597511
0.0926455
0.0225706
-0.00239464
-0.00291861
-0.0393474
0.00243708
0.0248474
-0.101782
-0.0923194
0.026541
-0.0842847
0.0707624
0.0375976
0.0165764
0.00451512
0.0072735
-0.0444929
0.0874379
0.087572
-0.0558879
-0.0211523
0.112496
0.0796259
0.0931247
0.104087
-0.00321522
-0.0571569
-0.0328293
-0.0720856
0.123601
0.0428428
-0.0255145
-0.0930756
-0.00586821
-0.0261925
0.0369004
0.0338276
0.0151121
0.0803311
-0.030255
0.000825317
0.0513977
-0.0438791
0.00822052
-0.0740563
-0.0745534
-0.07505
-0.056371
0.0276965
0.0796119
0.00466384
-0.0540201
-0.0463363
0.0481927
-0.0769048
-0.0145622
-0.0693502
0.0246167
0.0394143
0.0679595
0.0682426
-0.00313038
0.0724896
-0.0210128
-0.0539749
-0.0395382
-0.0755518
-0.0579175
-0.0769175
-0.00856153
-0.0341697
-0.00632804
-0.034088
0.00370725
0.0438235
-0.0737732
0.0789579
-0.0684178
0.0664927
0.0646034
-0.0929974
0.0207655
-0.0277041
0.102824
-0.0247962
-0.0166093
0.0206484
-0.0182226
0.08035
-0.0102666
-0.0688397
0.053249
-0.0376918
0.0257288
-0.0678383
0.0102733
0.043737
-0.0704568
0.149504
-0.0472439
0.110448
-0.0919518
-0.030666
-0.0324146
0.0483045
-0.0822901
-0.0664143
-0.0775572
-0.00618574
0.0508841
0.0721366
0.0635238
-0.015428
0.0335899
0.0156747
0.0371624
0.0603108
-0.0675731
-0.0200844
-0.126896
-0.066433
-0.0474195
-0.0863118
-0.0359718
0.0465681
-0.0825218
0.0545772
0.0439273
-0.0289695
-0.067185
-0.0739609
0.0210983
0.00538239
0.0580193
-0.0496861
0.117117
0.0579323
-0.0893277
-0.0231395
-0.0489275
-0.00612769
-0.0626019
-0.0529123
-0.0509756
-0.0812589
-0.0446972
0.0297493
0.0559819
-0.0801612
0.0534291
0.0160639
0.0996623
-0.0769525
0.00908242
-0.0238345
0.0677818
0.0472037
0.191268
0.0286714
0.0488748
0.062435
0.00311637
-0.05725
-0.0163912
-0.0298441
-0.0708339
0.064135
0.0530388
0.17705
0.0579531
0.031124
-0.0128225
0.0540292
0.0581402
0.0748303
-0.0832833
0.0645833
0.000777447
0.0342446
0.0462005
-0.0165329
0.154126
0.133992
0.041894
0.144284
0.127233
-0.0551191
0.0848527
0.058245
0.076404
0.0117288
-0.0804638
0.0442523
-0.1199
0.157458
0.0201
-0.219067
-0.235214
0.122896
-0.189757
-0.0580267
-0.654995
0.0907411
-0.301919
-0.0815877
-0.0419223
-0.0774452
0.0550586
0.00125433
-0.00758047
0.0536899
-0.0358543
0.0058147
0.0893223
0.0298327
-0.0188724
0.440673
-0.0328249
0.145472
-0.114559
0.0632613
0.665308
-0.0115616
-0.168544
0.198634
-0.0824493
1.13728
0.00453619
0.630221
-0.0740045
-0.00807367
0.154779
0.734793
-0.133012
-0.138592
0.0966885
-0.0139193
0.172284
0.119939
-0.0854649
0.694096
0.07737
-0.141695
-0.142022
0.0399986
0.0757834
0.178437
-0.511622
0.0624122
-0.0398688
-0.00238414
0.0123531
0.0147283
-0.346894
-0.0752886
0.123609
-8.95281e-05
-0.302612
0.118678
-0.0277903
-0.12996
0.155354
-0.581247
0.32368
0.0403819
-0.746397
0.0102757
-0.0554544
-0.0952826
-0.0252067
-0.241095
0.0640445
0.145511
-0.0860245
-0.301719
-0.0947198
0.101612
-0.0386237
0.0131441
-0.136106
0.114668
-0.118326
0.123559
0.62306
-0.0448748
1.03897
0.927947
0.0448733
0.601049
-0.12641
0.137017
-0.053293
-0.0992823
-0.857747
0.0203809
-0.0727603
0.370932
0.625485
0.220849
0.0731415
0.0279672
-0.173547
0.205349
-0.0220686
-0.00879031
0.0296055
0.0682152
-0.0925888
0.0325767
-0.0322517
-0.00910125
-0.0629125
0.0267976
-0.012983
0.015225
-0.0717443
0.0732133
-0.0705325
-0.0170549
0.0113905
0.0544521
0.0197257
-0.0147417
-0.0348105
0.00386396
0.0740182
0.0375358
0.0333115
0.0124493
-0.0403933
-0.0729444
0.0363521
-0.00344734
0.0504589
0.0473461
0.0296278
0.0566281
0.0201145
-0.0391005
0.00643133
0.0661189
-0.0762103
0.0737299
-0.00869649
0.0407008
-0.0249198
-0.00665755
0.0321264
-0.0566019
0.0481821
-0.0730941
0.0230281
0.0304693
-0.079202
-0.0167861
0.025145
0.0403815
-0.0590434
-0.00808312
-0.0830326
0.12259
-0.0253809
-0.00860655
0.055367
0.0257892
0.0236693
0.0551066
0.0618359
0.0412353
0.0237834
0.0725462
0.0830615
0.0256524
0.0709903
-0.0669512
0.0604717
-0.0042461
0.0692161
-0.0194079
-0.0767975
-0.062035
0.0472015
-0.0123803
0.0684378
-0.078465
-0.068589
0.0646918
0.0822493
-0.0383761
0.0139202
0.0395957
0.0258312
0.0544969
-0.0934984
-0.0689522
-0.0123885
-0.0245803
0.0823908
-0.0445676
0.00471817
-0.0296087
0.0482953
-0.0300727
-0.0530237
0.000647102
0.00792998
0.0607218
0.0793507
-0.0680722
0.0631695
-0.0541046
0.0529057
-0.00665913
0.00670914
0.042946
-0.029051
0.00575334
-0.0727967
-0.066639
0.0247973
0.014294
0.0124817
0.0644587
-0.0891071
-0.0511766
0.0617252
-0.0525008
0.0815787
-0.0034001
0.0540868
-0.0211242
-0.0365636
0.0885238
-0.0386057
0.0559896
-0.0198144
-0.0286775
0.0390683
0.0857881
0.0533923
-0.00129874
-0.051843
0.0806187
-0.0531852
0.0197973
0.0743667
-0.0164346
0.0620564
-0.0764716
0.0735913
-0.0300067
0.0471893
-0.0271226
0.0557727
0.0429016
0.058165
-0.062355
-0.0299432
-0.0456672
-0.0147412
-0.0738209
0.0148315
-0.0584744
-0.0166706
-0.040014
-0.0784577
-0.00462126
-0.0722428
0.00373987
0.0724373
0.0463387
0.00764561
-0.0473798
-0.0468916
0.0438275
-0.0717589
0.0605996
0.00147328
0.0108991
0.0189595
0.0722045
0.0159294
-0.0274264
0.044122
-0.00349697
0.0095494
-0.0553461
0.0218675
-0.074136
-0.022826
0.0541618
-0.0454256
0.0632904
0.00819077
0.0726312
0.0840543
-0.016772
-0.0649518
0.0155955
-0.0833328
-0.0490961
-0.056139
0.0544387
0.0322843
-0.0593155
0.0655673
0.0445932
-0.0724228
0.0787313
0.0211247
-0.0619058
0.073755
-0.00836841
0.0152767
-0.0347433
-0.0714002
0.010352
0.089786
0.0164089
0.0797964
-0.0550887
0.0182776
-0.0730209
-0.0301695
-0.0103434
-0.00410071
-0.00601932
-0.080006
0.0791373
-0.0036624
-0.0283311
-0.0333489
0.0597226
0.0170641
0.0462889
-0.0326047
-0.0324935
0.0539341
0.00920818
0.0180756
-0.0874255
-0.0406122
0.0580033
0.0325846
0.047149
-0.0510479
0.0267187
-0.0654937
0.0320173
-0.0192491
-0.012746
0.0446979
0.0607903
-0.0498566
0.0506167
-0.0866414
-0.0657618
-0.0533284
0.0488508
-0.0748343
0.0107034
0.0539796
0.00252689
0.0101376
-0.0272284
0.0430749
-0.105661
0.062932
0.0995175
0.0696856
-0.104494
0.0213607
-0.0577982
0.00647147
0.0402407
-0.0244919
0.00336181
0.00981342
0.103476
0.0723534
-0.101608
0.105204
0.0240038
-0.123008
-0.0575916
-0.00431846
-0.0758118
-0.137726
0.0200831
-0.00824801
-0.0165453
0.0124456
-0.0827687
-0.0153153
-0.0553008
0.0967093
-0.140557
-0.126072
-0.115411
0.100706
-0.0541767
-0.056539
-0.0548371
0.0294886
-0.0588055
0.0686199
0.063555
0.054183
0.0827631
-0.0173403
-0.086663
-0.051804
0.00194373
-0.00794739
-0.123652
0.0428966
-0.0810555
0.0702619
0.0560074
0.0787999
-0.00195564
-0.0804856
0.0934681
0.0973995
0.137872
-0.0174667
0.084912
0.0737251
-0.0130707
-0.106696
0.0148953
-0.150447
-0.0769367
-0.0222506
0.0434424
0.0345408
-0.151681
0.0141543
0.101606
0.098213
-0.0188173
-0.09626
-0.0178985
-0.0112533
0.0499659
-0.0388651
-0.0659868
-0.0480436
-0.0776203
-0.144914
0.0799974
-0.0145764
0.0435083
0.0855807
-0.089491
0.0219211
-0.144224
-0.0426973
0.187234
-0.110865
-0.0916784
0.11737
0.0804905
0.0262797
0.132654
0.0697961
0.025545
0.104368
0.0276198
0.125246
0.135975
-0.00497277
-0.0640294
0.103829
0.0241252
-0.111175
0.0611349
0.0741501
0.0506497
0.0388969
0.108816
0.0355299
-0.0819095
0.130456
0.00665855
0.00732196
0.0838488
-0.0857153
-0.105426
0.0636499
-0.0590881
0.101806
-0.00215673
0.012029
0.0675675
0.0396091
-0.0581639
-0.0938878
0.00401092
-0.000843432
0.0259723
-0.0481529
0.0172724
-0.0911459
0.00895134
0.0904848
0.0239127
0.0153096
-0.0549741
-0.0491937
0.0506686
0.114398
0.0226702
-0.16187
-0.0525613
-0.0102418
-0.0187215
0.0549516
0.0806281
0.0704537
0.00873409
0.0221174
0.0666981
-0.00487608
0.075144
-0.0708859
0.0125909
-0.0820445
0.139146
0.0396371
0.0858647
0.0449143
0.0656561
0.0789295
-0.0116047
-0.02592
-0.0383788
0.0959985
0.112336
-0.00337069
0.106445
0.0141471
0.0313997
-0.0419764
0.151717
-0.0724672
-0.0547189
-0.0367253
0.0611017
-0.0358083
-0.00936262
-0.0148118
0.0951384
0.096079
-0.0200329
0.0939054
-0.0843937
0.0668969
0.051717
0.0319124
-0.00997922
0.0572109
-0.0544307
0.0583559
0.0696831
0.0318532
0.0135503
0.0291471
-0.0981606
-0.0789091
0.103854
0.0230931
-0.0235685
-0.0392911
-0.0402334
0.0514528
0.0608045
-0.112525
-0.0137111
-0.0166654
-0.000822787
-0.0136767
-0.0142002
0.0291795
0.0391953
0.0705667
-0.0729869
0.0260426
-0.0616654
-0.00529899
-0.0460103
0.0717242
-0.0268002
-0.0132067
0.04765
0.120301
-0.0447506
-0.0244
0.13138
0.0520239
0.0316201
-0.0876654
-0.0353618
0.0417848
-0.0135173
-0.167986
0.026246
-0.0611923
0.0927583
0.0143543
0.0881136
-0.00368561
-0.0334269
-0.015726
-0.0674231
-0.0360689
0.0190579
-0.000391676
0.0540219
-0.0301058
-0.0672955
0.0456341
-0.0671744
-0.0721612
-0.0456247
-0.0681445
-0.0307884
-0.0556923
-0.000140708
0.0128874
0.0464606
-0.0478309
0.0229867
-0.0565079
-0.0633767
0.0813929
-0.0184654
0.00329717
0.046906
0.0319793
0.0159392
0.0402874
0.0193015
0.019166
0.0637603
0.0361058
0.0104211
-0.0189275
0.0722925
-0.0391842
0.100091
-0.0709721
0.0590058
0.0447808
-0.0716881
-0.0588365
-0.025486
0.0358062
-0.00710545
0.0736543
-0.0650293
-0.0471657
0.0209943
-0.0508585
-0.0729927
-0.0353014
-0.0215737
0.0335366
0.013203
-0.00390002
-0.056987
0.0927292
-0.0489213
0.0170989
-0.0454157
-0.0888452
-0.0239274
-0.0149104
0.0796863
-0.0603226
0.0250766
-0.0738246
-0.0752233
0.0457222
-0.0593446
0.0205231
0.036711
0.0700555
0.0164766
0.0350993
0.074489
0.0775488
0.08056
0.0590731
0.0519934
-0.0635849
-0.0818484
-0.0133918
0.0765987
0.0113003
0.0436737
0.0212901
-0.021628
-0.0103267
0.0377789
0.062779
0.0633882
0.0574334
-0.0164011
0.070071
0.0149997
0.0713083
0.0597335
0.00985739
0.0359015
0.0625337
0.0397191
-0.0443291
-0.0253818
-0.0970591
-0.0823484
0.00765441
-0.0705927
-0.00609549
-0.055716
-0.041715
0.0235242
-0.0469375
-0.0323505
-0.0309193
0.0191434
0.0495622
-0.0280908
-0.00523505
0.0629997
-0.0412192
-0.0976846
0.0460808
-0.0134774
-0.0699766
0.0747742
0.0498023
0.0441113
0.0491293
-0.0507914
0.0296771
0.0727269
-0.0382663
0.0952617
0.0353953
0.064054
0.0355837
-0.0090457
0.0894014
0.0750641
0.104407
0.077821
0.0671498
0.0835582
0.0624155
-0.0290588
-0.0931565
-0.00377555
-0.0137033
-0.0291576
0.107737
0.0687084
-0.107567
-0.0738572
0.0452277
0.0055033
0.0581428
-0.052988
-0.0853996
0.0432165
0.0199598
0.0462934
-0.0800806
-0.00860756
0.0798613
0.0659944
-0.0474765
-0.0731616
0.0665495
0.00154179
-0.0139066
-0.00340828
-0.0552765
0.0554382
-0.0281684
0.107067
0.0668039
0.00967042
0.0337339
-0.0659887
0.00853451
-0.0874656
-0.0462846
-0.0907472
-0.0707683
-0.128072
-0.00347457
-0.01383
-0.0376716
-0.0675512
-0.0384043
0.0121406
-0.0861187
-0.0601075
-0.0629446
0.00804469
-0.00752622
-0.0161502
-0.0396493
-0.106193
0.0293833
-0.00964324
0.0219704
-0.0138295
0.00481842
0.0543261
-0.0476247
0.0713712
-0.0583105
0.0224421
0.0788085
0.0358885
-0.0173313
0.0389855
0.0836373
0.066539
-0.108751
0.0399566
0.0815125
0.00777974
0.0469439
-0.014233
-0.0348008
-0.0353935
0.00118789
-0.0876462
0.0439825
0.0163678
-0.0396418
-0.0740467
-0.0339541
-0.0300627
0.0655923
-0.0068099
0.0396004
-0.0503657
-0.0137205
-0.0537218
-0.0334151
-0.100853
0.0453468
-0.127094
0.0829627
-0.0385774
0.0112882
0.0405053
0.163181
-0.0272782
0.0600993
-0.0406056
-0.112149
-0.0177853
0.0275859
-0.0341109
-0.0666624
-0.00062519
-0.0816652
-0.0103312
-0.0621641
-0.0171412
0.071167
-0.0238407
0.0494578
0.0597731
0.0182343
-0.0851715
-0.0384823
-0.0674857
0.0338629
0.0470367
0.029154
0.0185958
0.0455093
-0.0250265
0.0839702
-0.05165
0.0162853
-0.059621
0.0379919
0.0722113
0.029228
0.0626812
-0.0577069
-0.0378681
0.0405509
-0.0583471
0.0446649
-0.0509772
-0.0859726
-0.0312839
0.0699123
-0.0141112
0.0346082
0.0891183
0.0245164
-0.0661443
-0.004123
-0.0396866
-0.0142576
0.00603479
-0.0227508
-0.0835057
0.0300694
0.0669331
-0.0175885
-0.0310715
0.087083
-0.0291495
0.029656
-0.0184772
0.0802262
0.00226954
0.06804
-0.00889153
-0.0158631
0.0124537
0.063389
-0.0207158
0.0041154
0.0516483
0.0703466
0.0409757
-0.0751594
0.0427702
-0.0114734
-0.0307817
0.0127208
0.0055531
0.0859859
-0.0635728
0.0171965
-0.03773
-0.0734241
0.00609451
0.0173402
0.0626685
-0.0432494
0.0664031
0.0591204
-0.0298962
0.0724477
-0.0138142
0.0269186
0.00392183
-0.0455395
-0.0171826
0.0114291
0.0398958
-0.0317193
0.0752971
-0.00927892
0.0161434
-0.0456203
0.0408285
-0.017619
-0.0566069
0.0411332
-0.0754322
-0.00441228
-0.0413006
-0.012331
-0.0815559
0.0159864
-0.0798499
0.00162019
0.0804599
-0.066177
-0.0133441
-0.0707885
-0.00549899
0.00263384
0.0248481
-0.0165097
-0.0311381
0.0145919
0.0820103
-0.00946655
-0.0591314
-0.00300179
-0.0168408
0.0190301
0.0520549
-0.0393655
0.0490722
0.0163381
-0.0835981
-0.0619642
-0.0430207
-0.0164254
-0.0639248
0.0632943
-0.0164567
-0.0816174
-0.0504581
-0.109017
0.0378293
-0.0677285
-0.0438
0.0757158
-0.100055
0.0864029
-0.01354
-0.0689042
0.00867781
-0.116372
0.115725
-0.0196507
0.0507251
0.0979441
0.0586511
-0.0627612
0.0589408
-0.00999487
-0.048239
-0.0340179
-0.010977
-0.0183717
0.0793595
0.0743334
0.0244161
-0.0599076
0.0861148
0.0574899
0.00839642
0.0398607
-0.00379415
0.0724934
-0.0747591
0.085201
0.0506473
-0.0138495
-0.110484
0.005033
-0.0764942
-0.0155363
0.0580095
-0.0207595
-0.0081261
0.0376278
-0.0727891
0.0030623
0.0521397
-0.0381726
0.0632065
0.0453571
0.0906851
0.00188589
0.0292678
0.0366004
-0.0651531
-0.0271436
-0.0485032
0.0214979
0.0478393
0.0921593
0.0114164
0.0520481
-0.0686667
-0.0534248
0.0622612
-0.0633544
-0.0471867
0.0240661
-0.0452985
0.0558351
-0.0360905
0.0594259
0.0450754
0.010087
0.057264
0.0396565
0.0361649
0.0726705
0.083534
-0.0053072
-0.0492565
0.0628514
0.0259197
0.0617117
-0.0384113
0.0357159
0.0151389
-0.048721
-0.0924326
-0.0555158
-0.0157117
-0.0525124
0.0300643
-0.0392932
-0.109911
0.0185607
0.0461602
-0.058102
-0.0564472
-0.0146247
-0.0523676
-0.0509444
0.0404362
-0.0830904
0.00892439
0.0531038
-0.0579804
-0.0915862
-0.11463
0.0524872
0.0126416
-0.0078707
-0.0236861
-0.0920253
-0.0197133
-0.0147092
-0.0889312
-0.0298723
-0.0341545
-0.0089955
-0.038159
0.0414014
0.0030306
0.0180974
-0.00313944
-0.0114354
-0.0151549
0.0482432
0.074236
0.0150972
-0.0210879
0.0457093
0.0394069
0.0550265
-0.0487437
0.0516371
0.0412319
-0.00494783
0.0517233
0.0401385
-0.0270509
-0.00281852
0.0891465
-0.0580963
0.0643555
0.0848613
0.0651405
0.0626067
-0.0235943
-0.0334586
0.0651086
0.0503761
0.106565
0.0572383
-0.0434889
-0.0793318
0.0922734
-0.102508
-0.0324471
0.0265038
0.0853852
-0.0708046
-0.0615739
0.0390608
-0.013028
-0.0212463
-0.0578255
-0.0216328
0.0629599
-0.00420025
-0.0615446
-0.0750647
-0.0372304
0.0356469
-0.00133146
-0.0157554
-0.0745614
-0.0307273
-0.0548544
-0.0524065
-0.0498398
-0.0502783
-0.051779
0.0189723
-0.0878285
0.0119032
0.0483675
0.0542389
0.0294393
0.0192779
-0.062206
-0.0946806
0.0325766
0.0765118
0.0179538
-0.00432473
0.0585774
-0.0399708
0.0113457
-0.040876
-0.0526702
0.025792
-0.0438835
-0.0841413
0.0527726
0.055579
-0.00590583
-0.0502564
0.00822698
-0.0795647
-0.0690135
-0.00703924
-0.0670021
-0.104875
0.0275683
-0.0584515
0.0357231
0.0376474
0.0727329
0.0558227
0.0113583
0.0378522
-0.0305372
-0.0741262
0.077642
-0.0442599
0.035175
0.0140813
-0.0758132
-0.0557531
0.0791885
-0.0572764
0.0563089
-0.0581703
0.0140649
-0.0732981
0.0486817
-0.0205313
0.0185065
-0.0277434
0.0481978
0.0343379
0.0369707
0.0780166
0.0562067
0.0217478
0.0542234
0.0668596
-0.030651
-0.065871
-0.0306014
-0.00825446
0.109744
-0.103945
-0.0808495
-0.133643
-0.0244254
-0.126809
-0.0768817
-0.0148681
-0.0388011
0.0481192
-0.0827384
-0.00671373
-0.0872276
-0.0663901
0.00670955
-0.0218693
-0.0666744
0.0683937
0.123514
-0.132588
0.00656969
0.0496776
-0.0500194
-0.0735541
0.0866681
0.0256947
-0.0015695
-0.0113191
0.127424
-0.0614821
0.132842
0.011225
0.143686
-0.060566
0.0998761
0.00240223
-0.0951697
0.0143893
-0.0670157
0.0612353
-0.0867476
-0.0464241
0.0767909
0.0655488
-0.0185252
0.0585393
-0.0469131
0.0853997
0.0533476
0.0877182
0.0449205
0.0880699
-0.014749
-0.0554439
0.0153566
0.0162952
0.00824853
0.00214591
-0.109438
-0.0296395
0.0163084
0.100375
-0.0278543
0.0627968
0.0542802
0.102962
-0.0267355
-0.0626869
0.0437787
-0.0738392
-0.0392124
-0.0139552
-0.0690443
-0.0875523
-0.0502627
0.137471
0.0413342
0.0112732
-0.0316653
0.05044
0.0143354
-0.0547399
0.103187
0.0233043
-0.0827266
-0.0664011
-0.069208
0.0219895
0.0328244
-0.136031
0.0474952
-0.11167
-0.146351
0.0227988
0.128029
-0.0612104
0.0773323
0.076805
0.0174612
0.0947262
-0.0735537
-0.0749682
0.0540812
0.0800578
-0.00260444
-0.0892825
0.105261
0.0375443
0.0851417
0.0182853
-0.0862184
-0.0595016
-0.115958
0.0344225
-0.0146222
0.0675324
-0.0295194
-0.114705
0.0994346
-0.0606137
-0.109587
0.117973
0.00148129
-0.113854
0.150715
0.000390757
-0.0557349
0.0313117
-0.0619197
-0.00333045
0.022075
-0.00201056
0.065213
-0.0201422
-0.0246149
0.0264962
0.05141
0.051603
0.0129734
-0.0125005
0.0363581
0.0324654
-0.0546201
-0.0561117
-0.0346992
-0.0476634
-0.00556608
-0.0927612
0.0050594
0.0527193
0.0669904
0.0653181
0.0397809
-0.0670655
-0.00344535
0.0866142
0.0686695
-0.065258
-0.00634901
-0.0766966
-0.0249375
0.0545645
0.0336039
-0.0314249
-0.0839916
0.0103029
0.0792417
0.0237199
-0.0575085
-0.0430167
-0.0761062
0.0323164
-0.0401848
-0.00810877
-0.0749527
-0.0535169
0.0334949
-0.0800083
-0.00616006
-0.0661738
-0.0239951
-0.011363
-0.0314737
0.0713723
0.0501232
0.0432891
-0.0878098
0.00556378
0.0848697
0.0319785
0.0718777
0.0237641
0.0266443
0.060894
-0.0024547
-0.001574
0.042211
0.0436151
0.0651811
-0.0262364
0.070055
-0.0386412
0.00370656
-0.00343571
0.0307178
0.087434
-0.060269
-0.0296049
-0.0206776
0.0730349
-0.0216936
0.0593902
0.00542966
-0.0444314
-0.0214592
0.027033
0.0376157
-0.046993
0.0355055
0.00296351
-0.034596
0.0363845
0.00551433
-0.0221997
0.0230364
-0.0675087
-0.0193397
-0.0271019
0.0281788
0.0119802
0.0416438
0.00773241
0.0777447
0.035341
0.0250359
0.0420562
0.0570531
-0.0903818
-0.100198
0.033126
-0.0492729
-0.0272647
-0.106587
0.0139197
-0.0450204
-0.0632564
0.0396541
-0.0130145
0.0231808
-0.0246534
0.0757835
-0.00743732
0.0255546
0.0153322
0.0727236
0.127924
0.0905757
-0.088659
-0.00750292
-0.117592
-0.0546573
-0.0347914
0.0526647
0.196305
-0.048575
-0.0935392
0.113588
-0.0710572
0.149856
-0.142738
0.107948
0.298285
0.105374
-0.0170147
0.0899758
0.0692499
0.155467
-0.055502
-0.000437786
0.109672
0.01367
0.0257597
0.0812495
0.104187
-0.0109043
-0.0482837
-0.0779361
0.070103
-0.0231482
-0.0854012
-0.149964
0.0617389
-0.0542758
0.0195876
-0.0193185
-0.0413334
-0.0666328
-0.128153
-0.0377627
0.116832
-0.140496
-0.00900697
-0.154705
0.0512224
0.162784
0.0768931
-0.100773
-0.0805525
0.0979583
-0.113257
-0.0817124
-0.0702321
0.0255354
0.104872
0.074258
-0.0890076
-0.0818026
-0.12476
-0.0183743
0.140994
0.0514843
0.0377371
0.0646685
-0.0242536
-0.0523223
0.0746009
-0.0216309
0.0167978
-0.0977056
-0.0532898
-0.203663
0.085524
-0.0113162
-0.0402184
0.0394523
-0.0852662
-0.0144602
0.056029
-0.0674464
0.27694
0.0329998
0.0229285
-0.0663319
0.105193
0.0170639
0.126998
0.104937
0.0355657
-0.0155988
0.070535
0.0671105
-0.00825279
-0.0753815
0.0130566
0.0288437
0.000298395
-0.080071
-0.0270759
-0.0186896
-0.17579
-0.114355
0.117148
-0.102044
-0.113369
0.0862951
-0.0952512
-0.0799085
-0.0234261
0.0175379
0.00878655
-0.247155
-0.159319
0.136846
-0.0571597
-0.0918122
-0.049002
0.10757
0.135556
-0.0439243
0.0192101
-0.0350084
0.202226
0.0295028
-0.158857
-0.145818
0.189101
0.0337735
0.17674
0.0633686
-0.0624942
-0.162784
-0.202339
0.119801
0.00154023
0.119937
0.00549868
0.0211236
0.0710286
-0.189085
-0.520125
-0.195932
-0.0325694
-0.119397
-0.312242
-0.264913
0.0609338
0.0470662
-0.161299
-0.0583385
-0.050728
-0.0490325
-0.0225827
-0.0416762
0.186783
-0.00923459
-0.0487727
-0.0766036
0.0153974
0.430793
-0.0225191
0.0123673
0.0787427
-0.0582588
0.282224
-0.0200286
-0.0592087
0.0613998
-0.0202193
0.260179
0.0118186
0.402156
-0.138051
-0.1889
-0.014571
0.218318
-0.0634731
0.110233
0.0782676
-0.099814
-0.0189613
0.0461114
0.0119135
-0.00915887
-0.0088466
0.0786311
-0.0266907
-0.144593
-0.118789
-0.128696
-0.312074
0.0311071
-0.0220488
0.03469
-0.0144534
-0.0281377
-0.0926939
0.162708
0.0262989
0.293754
-0.489449
-0.00540031
-0.127709
0.0271038
0.113714
-0.219302
0.0949822
-0.00165813
-0.329835
0.213692
-0.0513935
0.132767
-0.049273
-0.0858574
-0.117199
-0.0349526
0.143384
0.00824793
0.0115256
-0.0512289
0.107436
0.105557
0.10979
0.073779
0.0823601
0.221004
0.183839
0.0492619
0.456803
0.235604
-0.118083
0.379906
0.0117667
0.14539
-0.0733406
0.0519796
-0.279674
0.0499505
-0.0363714
0.409191
0.133755
-0.0255911
0.189708
0.0316722
-0.0833797
-0.129264
-0.225066
-0.0728863
-0.134213
0.195789
-0.0476325
0.164819
0.0820104
0.0637541
-0.0854591
0.00213391
0.00553651
0.0791017
-0.13525
-0.0344073
-0.0935666
-0.127312
0.0299583
-0.00919143
0.0530625
-0.0240615
-0.116796
0.0904965
-0.0686294
-0.0353815
0.130539
0.0779514
0.0668084
-0.0437026
0.0182579
0.0479356
0.00787035
0.0152941
0.0965893
0.0982261
0.036359
0.136121
-0.00352566
0.0553197
-0.00353594
-0.00618121
0.0135511
-0.08407
-0.00455601
0.0433936
0.0456029
0.0761793
-0.0318042
-0.0318056
-0.0819611
-0.0936675
-0.0059505
0.091433
-0.0201581
-0.0279614
0.0328907
-0.0382223
-0.0144358
0.0672686
0.0403609
0.0438858
-0.0731306
-0.081591
0.00265486
-0.117968
-0.0400358
-0.103314
-0.0625485
-0.0454856
-0.0332211
0.0741282
0.00144562
-0.0261969
0.0678188
0.0635367
0.0491911
0.0267315
0.0189838
0.154118
-0.0117516
0.0541267
-0.0551248
-0.0368596
0.0548078
-0.0150938
0.0227479
-0.00504623
-0.0678916
-0.0209494
0.0346772
0.115154
-0.0533225
-0.0270375
0.039688
-0.00360654
-0.00602821
-0.0130185
-0.138396
0.134669
0.0251308
-0.141503
0.0148356
0.0449538
-0.0217005
-0.0739292
-0.0971802
-0.136244
0.0283737
0.00348985
0.058751
0.0583122
-0.045896
-0.0793062
-0.00763234
-0.0105943
-0.105247
0.0470376
-0.0554531
0.042265
-0.0564989
-0.108116
0.00954892
-0.176667
0.0030044
-0.0194204
0.0190351
0.0106984
-0.0524975
0.0720044
0.0895432
0.000183659
-0.0421311
0.116379
0.0193883
0.00970275
-0.0341786
0.0416508
-0.0507189
0.0785925
0.0531211
-0.070676
-0.0352658
-0.0465643
-0.0258707
0.0221348
-0.0517919
-0.0828758
-0.000753627
-0.0304912
0.00228252
0.0328765
-0.0310157
-0.00514964
0.0713804
-0.0523124
0.0253628
-0.0697155
0.0449106
0.0472056
0.00397462
0.0385816
0.0832854
0.0446076
0.00405623
-0.0816148
0.0774391
0.0392284
-0.0321026
-0.0308934
-0.0394474
-0.0606169
-0.0232595
0.0733257
0.066965
0.0368277
0.0261106
-0.0710794
-0.062085
-0.054443
-0.0216304
0.0504757
0.0589592
-0.00684397
0.0223199
0.0159564
0.0829764
0.0245482
0.0760383
0.00643858
-0.0390197
0.0357663
-0.0220918
0.079863
-0.0751906
0.0485915
0.0271121
0.0539634
0.0531391
0.0310039
0.0549734
0.0606011
0.00654207
0.00586566
-0.0260532
0.0617563
0.0705668
-0.0403553
0.0751058
-0.0822939
-0.0478764
-0.0319455
-0.0281944
-0.0208299
-0.0367969
0.0549606
0.0367668
-0.049393
0.024167
-0.0376363
-0.0395824
0.0348479
-0.0815342
-0.0443996
-0.0812143
0.0654981
-0.0714865
-0.0581603
0.0752824
-0.06669
-0.00429637
0.0161919
-0.00165765
0.0375904
0.0499469
0.012985
-0.0479586
0.0701965
0.0324942
-0.0381391
-0.0549411
-0.0117492
0.0253348
0.0685968
-0.0034707
0.0221532
0.0120106
-0.011339
0.0173067
-0.0186391
-0.0241091
0.00724269
0.0594751
-0.0114154
-0.035257
0.0796592
0.0342425
0.0809698
0.00794437
-0.0346764
0.0563089
0.0973747
-0.0339788
-0.0412998
-0.0908044
0.0245307
0.0189674
0.0747812
-0.0895238
0.0977524
-0.0899313
0.0740769
-0.0524127
-0.097812
-0.0361329
-0.0646342
0.0570758
-0.0907318
-0.0189119
0.10763
0.0826796
0.00933799
0.160534
0.0433302
-0.0177166
0.0682289
0.0114209
0.0579474
0.108713
-0.0904886
0.0669157
0.0149873
0.0416936
0.116072
-0.113851
-0.0169537
-0.00801627
0.0640466
-0.0179018
-0.110545
-0.0942872
-0.0536059
0.0147951
0.0474044
-0.101575
-0.0511627
0.0062025
-0.12503
0.0354243
0.0664531
0.065333
-0.0963846
0.0415147
-0.00504598
0.000189174
-0.0421676
0.109896
0.0334654
0.0683291
0.0545387
-0.0205447
-0.0676734
-0.0262592
0.000812381
0.096791
-0.0151599
0.0851086
0.00653604
0.0315386
0.0657948
0.142459
0.125597
-0.120279
0.121585
-0.00930431
0.16569
0.0714417
-0.0819629
-0.101289
0.0138477
-0.0470192
0.0251849
0.0106655
0.09843
-0.0793665
0.100814
0.0225979
-0.0210449
0.0897685
-0.014705
-0.0685661
-0.0744103
0.079331
0.103874
-0.148655
0.0783081
0.0210164
-0.0849257
0.0934251
0.0304183
-0.0641023
0.0130421
-0.122335
-0.04855
-0.0319494
-0.0823686
-0.10898
0.0948563
-0.104507
-0.115953
-0.0175767
-0.00948251
-0.0314871
-0.0162498
0.0852954
-0.0603973
-0.0933017
-0.158751
0.106764
-0.111367
-0.0737456
-0.0463178
-0.113126
0.112611
0.056283
-0.0467281
-0.00742521
0.105146
0.0435263
0.0670483
0.0572139
-0.0346384
-0.045962
0.0432293
0.0758678
0.0778658
0.0089247
0.0565397
0.0399796
-0.0238741
-0.116202
0.0347907
0.0181077
-0.0160962
-0.00317599
-0.0215628
-0.00235157
-0.12075
-0.127728
-0.0894166
0.0541358
0.0818289
0.0169469
-0.084166
-0.0392971
-0.0617049
-0.108792
0.00974086
-0.0422994
-0.0385509
-0.0773221
0.071008
0.0485624
0.0537447
-0.0367231
-0.0258818
0.0521686
0.0108675
0.0548427
0.0807024
0.0635995
-0.0272981
-0.0478764
-0.0050876
-0.0156661
-0.00872554
0.0308081
-0.0140524
-0.0192655
0.109752
0.0185197
-0.0762553
-0.0166289
0.0269995
0.0625708
-0.0942083
0.0300327
0.0347119
-0.012058
0.0121626
-0.030401
-0.0166932
-0.0606556
-0.07395
0.0461803
0.058054
-0.0202512
0.0139147
-0.0780011
0.0313946
0.0759775
0.091376
-0.0188793
-0.0609228
-0.033475
0.0199356
0.057462
0.0959913
0.0490098
0.000114353
0.0853287
0.00248015
0.0668636
0.0487657
0.0500438
0.00118507
-0.107075
-0.0685461
0.067807
-0.0618267
-0.0920773
-0.0116223
0.0431798
-0.00560368
0.0827835
-0.0927859
0.0570002
-0.0656582
-0.0180945
-0.0611414
-0.0879569
-0.00825246
-0.0190173
0.0107114
0.0455065
-0.0192797
0.0608331
0.076745
0.0684679
0.107854
0.0843621
0.0275442
-0.0768637
0.0395722
-0.147318
0.0724618
-0.104603
0.0688684
-0.0347655
0.0111783
0.0740447
0.00824866
-0.0218039
0.063825
-0.0832456
-0.0338451
0.0174863
0.119303
-0.00116311
0.0059852
-0.00742812
-0.0429883
-0.0384261
-0.0443449
-0.0240025
-0.00663981
-0.0775063
-0.0538007
-0.0651527
0.0533064
0.023534
0.00148513
-0.0356179
-0.0301505
-0.0642386
-0.0444766
-0.0619741
-0.0320361
-0.0867499
-0.0472862
-0.0323791
-0.0623121
-0.00979995
0.055407
0.053341
-0.0417917
0.0475591
0.0168028
0.0619495
0.0324475
0.0263886
-0.0355829
0.0430534
0.0450984
-0.0861628
-0.0556958
-0.00946151
0.0638671
-0.0850921
-0.0174259
-0.036564
-0.0190973
0.0248434
-0.0579388
0.0233249
0.0998882
0.00393412
-0.0514651
-0.0699724
0.0828858
-0.0585007
0.0556918
0.0516759
0.0806033
0.0156536
-0.0686733
-0.02105
0.0415025
0.0018323
-0.0284932
0.086385
0.0603834
-0.0420365
-0.0893826
-0.0187484
-0.0800898
-0.0751662
0.0554663
-0.0398382
-0.0807987
0.0137158
0.0896025
0.0214898
0.0659832
0.0383029
0.0498152
0.0139366
0.0552766
-0.00653803
-0.0675795
-0.0794174
-0.0341704
-0.0428308
-0.0605243
0.00513525
-0.0289315
0.0360372
-0.0365674
0.0841725
-0.0883467
-0.058849
0.0732922
0.0765825
0.0435174
-0.0704617
-0.0386319
-0.016853
-0.0278148
0.0318268
0.0448413
-0.00654127
0.0519208
0.0460496
-0.0128032
0.052982
-0.00137677
0.084768
-0.00699098
0.0242977
0.0391946
-0.0305676
0.00342228
0.0607865
0.0352322
0.0420655
0.0339363
0.024624
-0.0442461
0.0235364
-0.0264453
-0.00160305
-0.0126191
0.0333314
0.0624283
-0.0733146
-0.0717204
-0.0301508
0.0802664
-0.0470523
0.0586758
-0.035299
0.00271691
0.0711187
-0.0297906
-0.0109121
-0.0357129
0.0493417
-0.0303349
-0.0761222
-0.0110334
0.042198
0.070116
-0.0449498
-0.0626397
-0.0301934
0.0856889
-0.104052
-0.0394501
-0.0179289
-0.0244129
-0.0216097
-0.0671594
-0.0519549
-0.039922
-0.0305339
0.00463565
-0.0234235
0.0231367
-0.00224117
0.0190076
-0.0263189
-0.100909
-0.0411997
-0.061144
-0.0543202
-0.0910004
-0.0764294
-0.0817127
0.0512067
-0.0551521
0.0270844
0.0744466
-0.0264643
0.0668742
-0.0652578
0.123762
-0.0021798
-0.0227531
-0.0453383
-0.0350128
0.0373256
-0.0382999
0.0956538
0.00858596
0.00100806
-0.0659995
-0.0451485
0.0680015
-0.0496566
-0.0570198
-0.0646336
-0.0606697
0.0540822
-0.00321721
-0.00271631
-0.0511867
-0.0480878
0.0726028
0.0363849
-0.0762134
-0.00826472
-0.0110694
0.032094
-0.0028578
0.0244178
0.0641897
-0.0235601
-0.0442229
-0.044899
-0.0959696
-0.087764
-0.0574988
0.0238944
0.0155755
-0.056516
0.0656528
0.0623817
-0.0213852
0.0859267
0.0623569
-0.0246979
-0.0124398
-0.0640475
0.0614911
-0.0778828
0.0805405
0.0921924
0.0217016
0.0350753
0.0150746
0.0449596
0.0494345
0.0881996
0.0485675
-0.0674087
0.048588
0.0134717
-0.0695087
0.0837894
0.0758282
-0.0719372
-0.0714713
0.0409874
0.102923
0.0162876
0.0692648
-0.00219179
-0.0538894
-0.0508914
0.0080465
-0.0140566
0.0346029
-0.0467101
-0.0854436
0.0874803
0.0889605
0.00884766
-0.0186858
0.0814224
-0.0603317
0.0375655
0.0150244
0.0109233
0.0262588
0.048445
-0.0581706
-0.0203014
0.00968958
0.0246189
-0.0545316
-0.00582778
0.0614486
0.0725921
0.033301
-0.0341623
0.0533859
0.017692
-0.0673853
0.093988
0.0179376
0.0624568
0.00444902
-0.0223456
-0.0383732
0.0752091
-0.00734984
-0.0825469
0.0133605
-0.0371885
0.0314772
-0.0984091
-0.0283587
-0.0675305
0.0580119
0.0639232
-0.0323151
0.0236515
-0.0919576
-0.0770697
-0.0737236
-0.05067
0.0148006
0.00509959
-0.0262046
-0.0234153
0.0162957
0.046217
-0.00789126
-0.00817586
0.0478742
0.0359384
-0.0430762
0.0290211
0.0369022
-0.0121154
-0.0713811
0.00508424
-0.00675832
-0.0184845
-0.0370271
-0.030735
0.0725857
0.00909071
-0.00639353
0.0605851
-0.0371615
-0.0910058
0.0415496
0.0431168
-0.0637543
0.036552
-0.0326481
-0.0154271
-0.0370124
-0.0392276
0.0136323
0.00252588
0.0398175
0.0309023
-0.0288443
0.0112036
-0.0278261
-0.0545497
0.0278452
0.0563399
0.082325
-0.0276868
0.00387667
0.0709722
0.0405523
-0.0188713
0.0664603
-0.0955689
-0.0241341
-0.0989163
-0.0457757
-0.0448595
0.021886
0.00350256
-0.0573574
0.0413085
0.0354197
-0.0498519
-0.00829361
-0.0522125
0.0239039
-0.0854528
0.0760122
-0.030097
-0.0121916
-0.025279
-0.0827574
-0.0154998
-0.0304462
-0.0044521
-0.0429809
0.0583018
-0.0569852
0.0760731
0.0790129
0.0117731
-0.0361825
-0.0738732
0.0719963
-0.0521405
-0.0200634
0.0694277
-0.0069467
-0.002178
-0.087441
-0.0588388
0.0658424
-0.0780635
-0.0657554
-0.0314938
0.00229277
0.0560841
-0.043838
0.0500767
-0.0751499
-0.0461864
0.0270824
-0.0382097
0.0284189
0.0815825
-0.074523
0.015016
-0.0352734
-0.0721001
-0.0148513
0.0132521
-0.042881
0.0214244
-0.0123407
0.0437363
-0.0895515
0.0293049
0.066691
0.0464322
-0.0195691
0.0604305
0.0798954
0.0460352
-0.0606417
-0.0292328
0.0313492
-0.0634246
0.0549183
-0.0509306
-0.0821759
-0.0812143
-0.0282177
0.0018436
-0.0634276
0.0279637
-0.0877871
-0.0723279
-0.0481766
0.0609323
0.0581277
0.0413917
0.092459
0.03598
0.0926227
0.0146171
-0.0558143
-0.0685979
-0.0723445
0.0707662
-0.0147091
-0.00440617
0.0491732
0.0580518
0.0442964
0.0196488
-0.0241612
-0.0379218
0.0678732
0.082978
-0.00590231
-0.0372978
-0.0292426
-0.0144439
-0.0682149
0.0685031
0.00629234
-0.0373517
-0.083404
0.00065046
0.0440957
0.0540542
-0.0765337
0.0628714
0.0211888
-0.0391308
-0.0915913
0.00281994
0.0618441
-0.0450302
-0.0426377
0.0432334
-0.0696474
-0.0609372
0.0662057
-0.0720952
-0.000472554
-0.00542184
-0.0151922
-0.0704279
0.000410728
-0.0653457
0.0531516
-0.0623489
0.0527722
0.0578955
0.0518105
0.0150373
0.0229511
0.0406341
-0.0437464
-0.0181376
0.00875135
0.0215106
0.0405648
0.054284
0.00031737
0.043022
-0.0649364
0.0112672
0.00177508
-0.0503615
0.0321804
0.0804347
0.0342406
-0.0216897
0.044839
0.0353935
0.0344677
0.0536281
-0.0667382
-0.0115713
-0.0625209
-0.0172953
0.0134731
-0.0115335
0.0772704
-0.0337419
0.0145417
-0.127573
-0.0233512
0.0248976
-0.060972
-0.149222
-0.00171554
-0.0695895
0.0815201
0.0662472
-0.0426092
-0.00275547
-0.0265001
0.0818215
-0.0802776
0.035012
0.0162273
-0.0169773
0.0713142
-0.0524878
0.00648635
0.0427704
0.0272653
-0.024292
0.0525701
0.045075
0.0365528
-0.0943609
-0.0574287
-0.0079398
0.120629
0.0720104
0.0435204
0.0794156
0.0661062
-0.0835704
0.0876274
-0.0615335
0.0123247
-0.0833235
-0.0211175
0.00334201
-0.0308513
0.0233346
0.090783
-0.0634638
0.0503107
0.0798447
0.0278694
0.0277044
-0.0505698
-0.0141706
-0.000154091
0.0739106
0.0582059
-0.0250155
0.0458819
0.0737168
0.0136597
-0.0395898
-0.0882171
-0.0609568
-0.00564006
-0.0134967
0.0281137
-0.0209576
-0.0199459
0.0568321
0.0618769
-0.0349236
-0.0270326
0.0232781
0.0573134
-0.0184634
-0.0643639
0.0380028
0.0457342
-0.0538959
0.060418
-0.0146431
0.0183368
0.0679982
-0.0667954
0.0151146
0.0829804
0.00769891
-0.076365
0.0502933
-0.0826292
-0.00819943
0.0964827
0.00514359
0.00348193
-0.0124088
0.00290097
0.0865399
-0.052663
-0.121652
0.0457195
-0.0373295
0.120979
0.0456416
0.10089
-0.0245606
-0.0748317
-0.0594163
0.0364392
-0.0716272
0.0724666
-0.0322602
0.0979029
0.0250571
-0.0223245
-0.160329
-0.0414821
0.0782517
-0.00133242
0.170143
0.0435431
-0.0312659
0.0431847
-0.0958604
0.128576
0.116993
-0.0975569
0.127644
0.0245133
0.0339784
0.0179314
-0.275257
-0.194009
-0.09047
-0.00791204
-0.117168
-0.174632
0.00456722
0.0206723
-0.0414563
0.0897
-0.173756
-0.0255469
-0.0892308
0.014596
0.122118
0.0380508
-0.0726727
-0.132983
-0.0704801
0.237647
0.0557087
-0.00287648
-0.0733399
0.0618602
0.12614
-0.150817
0.0782224
-0.033921
-0.142976
0.0394676
0.0422729
0.359279
0.0423174
-0.0562651
-0.0866357
-0.0603729
-0.0642569
0.0825602
-0.0267726
-0.180512
-0.155396
0.0763811
-0.0751473
0.0955172
-0.0602731
0.0334853
0.0960676
-0.0270977
-0.214404
0.101006
-0.194164
0.120164
0.0759371
0.0778601
-0.060443
0.0214284
-0.0208104
0.157359
0.165388
0.187267
-0.210136
-0.0415966
-0.022391
0.120059
0.0610305
-0.014381
0.111446
0.0499899
-0.105324
0.177539
-0.0191728
0.0999272
-0.145822
-0.0189744
-0.00809524
-0.0198059
-0.0612248
-0.226184
-0.0246611
-0.167012
0.0734303
-0.0441478
-0.11781
-0.1281
0.120201
0.106586
-0.00316631
-0.0454476
0.148331
0.303638
-0.111299
0.0402922
0.00349664
0.158565
-0.16611
-0.0885281
-0.211513
-0.015754
0.00417611
0.149169
0.0400739
-0.101433
0.205244
-0.0208592
-0.068289
-0.00170583
-0.143744
0.0416477
0.00780811
0.0379458
-0.121522
0.133004
0.012617
0.0880772
0.0743607
-0.0908626
-0.091074
-0.0198077
-0.0867515
-0.0840647
0.0101919
-0.00454086
-0.100287
0.038222
-0.0466558
0.00483629
-0.0531325
-0.0585853
-0.0437963
-0.0172374
-0.0339346
0.0421227
-0.0461843
0.0404682
0.0090155
0.0818616
0.0516611
-0.000740525
0.0817516
-0.0233256
0.0999545
1.90523e-05
0.0168456
0.020076
0.0322595
-0.0370601
0.0313593
0.0960775
0.102668
0.082459
0.0502537
-0.0791458
0.0423932
-0.10715
-0.0974004
-0.0548405
0.068881
0.0446057
-0.0134853
0.147276
0.0788508
0.127085
0.0571422
0.170301
-0.110276
-0.0863318
-0.0921793
0.0743061
-0.0811843
0.00227877
0.0770348
0.0224239
-0.00436722
-0.04279
0.021949
-0.0828919
0.0856449
0.0111604
-0.0676875
-0.0334006
0.00421312
-0.0132297
-0.00999252
0.0762897
-0.0843488
0.0080184
-0.0441165
-0.142582
-0.0326752
0.0439516
0.0174989
-0.0766784
0.0470616
-0.14079
0.147582
-0.0410362
-0.122385
-0.0362324
-0.0982759
0.0342142
0.102368
0.0238024
0.0194146
-0.0723868
0.086322
-0.117174
-0.0508691
-0.0350341
-0.0351425
0.0996772
-0.0186127
-0.0649338
0.0258997
-0.0913432
0.124292
-0.0346229
0.0818761
0.118962
0.0824121
0.0247608
-0.0335158
0.0594212
-0.0414347
-0.0565934
-0.102534
-0.0519906
0.0832987
0.113131
0.0887662
0.112064
0.0635309
0.00846042
0.0187005
-0.0194632
-0.00990792
0.0476051
-0.0386122
0.0281245
0.103135
0.0123044
-0.0210316
-0.0268439
-0.0370461
0.0637676
0.0064123
-0.0150776
-0.0730102
-0.0298014
0.0229061
0.00115384
-0.00908447
0.00679123
0.0161795
0.0258718
-0.110733
0.0385988
0.00217962
0.00702495
0.0143888
0.00478984
-0.00459206
-0.0153434
0.0100861
-0.0412089
0.158154
0.0186892
0.201378
-0.000289979
0.0231163
-0.0265505
-0.0138447
0.0109479
-0.00070905
0.0367211
-0.00954156
0.0135339
0.0466292
0.0163064
-0.019638
-0.159995
-0.0147142
-0.00234321
-0.00741618
-0.0565137
-0.016503
0.0463717
-0.00117823
-0.0305386
-0.00143423
-0.0264099
-0.0152282
-0.0244593
-0.0394555
-0.00628086
-0.0380639
0.0257988
-0.00714403
0.011493
0.0107997
-0.00347412
0.0192039
-0.0152639
0.0626519
-0.0529186
0.0229988
-0.0255207
0.0266854
0.0367943
-0.0325187
-0.00277091
0.335083
0.019821
0.00948929
0.0140322
-0.0147809
-0.0117657
0.022286
-0.00920851
-0.529829
0.0368654
0.0295624
0.0865958
-0.0183805
-0.0977451
-0.0117576
0.118076
0.0054549
-0.0324902
-0.686343
-0.00133446
-0.434419
0.00569426
-0.024953
0.0519179
0.0772117
-0.0761164
0.0107711
0.129322
-0.028443
-0.104197
-0.081627
-0.0990249
-0.00909557
0.597538
0.026279
-0.00917955
-0.135908
0.0393195
0.0116349
-0.0228441
0.00678744
0.0506781
0.0374409
0.086042
0.0102996
-0.233802
0.486215
0.113648
0.00991143
0.23953
-0.0473737
-0.00530972
-0.0904801
-0.0128469
0.00866125
-0.0085394
0.261142
0.0803922
-0.371264
