spz-net-v2
415 128 64
-0.127464
-0.0146114
-0.0165403
0.00814977
0.00468596
-0.0469549
0.0211075
0.0367562
0.0480586
-0.0351588
0.00488308
-0.00315616
0.0255668
0.0298023
0.0153102
0.0650461
-0.100281
-0.056832
0.00896144
0.0623935
-0.0427399
0.0552535
0.0504427
-0.0212668
-0.0498687
-0.0196987
0.0182154
0.00458817
-0.0719044
0.00799193
-0.0283878
0.0156112
-0.0316951
0.0390788
-0.0593664
-0.117893
-0.0566212
-0.0174308
0.0339906
-0.0175113
-0.0216425
0.00164059
-0.0316136
-0.00669578
-0.00985029
-0.0412985
0.0256919
0.0129346
0.0069392
-0.0319334
0.00522246
0.045983
-0.0820947
-0.0477679
0.0451719
-0.035086
0.023926
0.0130837
-0.0829018
-0.0110247
-0.04147
-0.0217435
-0.0434885
0.00934438
-0.0249999
-0.0169752
-0.00882455
-0.0204563
-0.0258289
-0.0167362
-0.0256447
-0.0607275
0.0421792
-0.0246561
0.000546565
0.0807153
-0.0341287
0.00254295
-0.0349584
-0.00866708
0.0129934
0.00969168
0.0328808
0.0708327
-0.00219976
-0.0208526
-0.00743136
0.0649837
0.0899943
-0.0980662
0.0178669
-0.0535037
-0.00846616
-0.0449305
0.0266663
-0.0288342
-0.0317682
0.0459496
0.00236435
-0.0226002
0.092767
-0.00689045
-0.0217116
-0.0162599
0.0285804
-0.0362666
-0.0249293
0.000396083
-0.00875089
0.00989164
0.0219162
0.0138153
0.00265925
0.0455928
-0.0485664
-0.0384402
-0.0291003
0.0412486
-0.01703
-0.0123883
-0.0389468
-0.0109779
-0.00917293
0.0160755
0.00779565
0.0320635
0.00725074
0.0123048
0.00397717
0.0287822
0.0580931
-0.0048767
0.0452944
-0.0279986
-0.0219523
-0.0342844
-0.00739294
-0.0184962
-0.015918
-0.0356528
-0.0278739
0.0358798
-0.0257964
-0.032228
-0.0257362
-0.0251466
-0.039288
-0.0350931
-0.0576149
0.0399436
-0.0536951
0.0366184
-0.018834
0.0145989
0.0391684
0.0186334
0.00225085
0.0047981
0.0155032
-0.0340025
-0.0211645
-0.00858389
-0.0010841
-0.00861586
0.0605905
-0.0227842
-0.0459228
0.0213131
-0.0404038
0.0114768
0.0179731
0.0240785
0.0316759
-0.0467374
0.00262667
-0.0439854
-0.033538
-0.0279412
0.00919091
-0.00917782
0.0203996
-0.0148383
0.0379908
0.0224457
0.0495301
0.00110105
-0.0121479
-0.0275581
-0.037833
-0.0132513
-0.0287442
-0.028443
-0.0162899
-0.0102413
0.0125279
0.0183061
0.0230327
-0.0450928
-0.031237
0.0269131
-0.0195528
-0.0485241
-0.030638
-0.0234289
-0.0221883
0.0283067
0.0421491
-0.0283545
-0.00942115
-0.0247803
-0.0154948
0.0543892
-0.0234425
0.0299658
0.0127905
-0.0245123
-0.0435361
0.0373023
-0.0465288
0.00456261
-0.0568587
-0.0256732
-0.00949208
0.038692
-0.0647615
0.0153582
-0.0302924
-0.0674534
-0.00287372
-0.0260155
0.00595673
0.0111816
0.0322007
0.0420396
0.0151341
0.0172668
0.0445466
-0.0513356
-0.061748
0.011925
0.0733975
-0.0629969
-0.00107881
-0.054599
0.0236523
0.0244679
0.0257409
-0.0611084
0.0249821
0.00856578
0.0367216
-0.00738473
-0.0288021
-0.0316215
-0.000235453
0.0704822
-0.0325623
0.0560577
-0.0434027
0.00303
0.0542513
-0.0463211
0.0500859
0.0290163
-0.0314499
0.0464448
-0.0544004
0.0347444
-0.0476311
-0.0112515
-0.121126
-0.0103213
-0.0373947
-0.0565696
-0.00852567
0.0637342
0.00153726
-0.0332285
0.0498559
0.000715725
0.0280863
0.057066
-0.0308462
0.007067
-0.0278802
-0.0107874
-0.0158728
0.0157048
0.0244831
0.0368251
0.029872
-0.00948556
0.000296006
0.0577821
0.0515098
0.0368906
0.0106546
0.0263457
0.0042882
-0.0150002
0.0101956
0.0162541
-0.0632318
-0.0227888
-0.0767788
-0.061307
-0.0208674
0.0543678
-0.00101575
-0.0182972
0.021947
-0.0522169
-0.00162191
0.0122091
-0.0371797
0.00488137
-0.0162118
0.00920927
-0.0461662
0.0541839
-0.0453617
-0.0447415
0.0216389
0.00600979
-0.00363471
-0.0542972
-0.0086258
0.00788071
-0.0409829
0.0334435
0.0228397
-0.0260029
-0.0233037
-0.0319864
0.0342541
0.013392
-0.0337606
0.00702718
0.0407467
0.04764
0.0114426
-0.0408376
-0.0123326
0.0102976
0.0165553
0.0386966
0.043218
0.0288125
-0.0199212
0.0448887
-0.0241144
-0.0368078
0.0487666
-0.0221083
-0.007786
-0.0471283
-0.0350191
0.0173733
0.0252554
0.0168258
-0.0383977
-0.0356115
0.0251548
0.0454942
0.0443748
-0.0461465
0.0181385
0.00760326
-0.0373113
0.0394798
0.0331566
0.0348253
0.0338292
0.0365509
0.0411453
0.000509777
-0.0414386
0.0056729
0.0264105
-0.00086143
-0.0432744
-0.051752
-0.0220255
0.00744388
0.0121893
0.0247356
-0.0363403
-0.0390828
-0.0269813
0.0289698
-0.00339362
-0.0284151
0.0483867
-0.0467875
-0.0390563
-0.0365123
-0.0264004
-0.0198731
0.0363463
-0.0321234
-0.0219567
0.00691275
0.0348539
-0.0491794
-0.016089
-0.0219667
-0.0154632
-0.012748
-0.00556471
-0.014722
0.000815995
-0.0379269
-0.039771
0.0315327
0.0147396
-0.0951981
-0.0139123
0.0214303
0.01871
-0.0144929
-0.0507733
-0.0374266
-0.0518629
-0.018628
-0.0573689
-0.000518755
-0.0248099
-0.0229057
0.0795891
0.0421928
0.015696
-0.0893526
-0.0538191
-0.0285316
-0.0141443
-0.0142322
0.0312952
0.000815939
-0.0180566
0.0156347
-0.00197215
-0.036293
0.0419031
0.0331058
-0.00328181
0.00206175
-0.0366758
-0.0049533
0.0334139
-0.0471055
-0.0489711
-0.0471239
-0.0261762
-0.00675072
0.0303517
0.0164885
-0.00736691
0.00816972
-0.0300371
0.000383528
0.0153009
0.0187187
-0.0719279
-0.0588188
-0.00302481
0.047602
-0.0177606
-0.0230465
0.0128238
0.0458117
-0.0315166
0.0144744
-0.00161838
-0.0877338
0.0318945
0.0203811
0.0561716
0.0442384
-0.0261382
-0.0190734
-0.0104633
0.0406424
0.0207968
0.00370299
-0.0234392
-0.0271605
-0.00772762
-0.032505
0.0158068
-0.0404135
0.0691362
-0.0105804
-0.0280484
-0.0126671
-0.0121163
0.0112757
0.0422823
0.0128475
0.0400597
-0.0721251
0.0620958
-0.00317736
0.0654037
0.0276353
-0.0381827
0.0496385
-0.038721
0.0321356
0.0402003
0.0206925
-0.0971498
-0.0301041
-0.0475818
0.0285198
-0.067866
0.0734638
-0.0048942
0.0343213
0.0678898
0.000925474
-0.0102365
-0.0161977
0.0255833
-0.0244221
-0.0259143
0.0142833
0.0122354
-0.0202143
-0.02171
0.0396674
0.0572298
0.00308713
-0.0277301
-0.0249737
-0.0375564
0.0346414
0.00173608
0.0427224
0.0187791
-0.0193497
-0.0597157
0.0360562
0.0365414
-0.0451272
0.0252408
-0.0135041
0.0413251
0.0255626
0.0778221
-0.0378559
-0.0132971
-0.0405215
-0.0152379
0.0380009
0.0317566
0.0546684
0.0452716
0.000818055
-0.0390819
0.0431569
-0.0405956
-0.0561617
-0.0147101
-0.0445931
0.0146542
-0.0298131
-0.0350976
-0.0436635
-0.0460335
0.00851217
-0.0258391
0.0305132
0.035833
-0.046423
-0.0187211
0.00940155
0.0299558
-0.0402867
-0.0290172
0.00277628
-0.00549664
0.0182731
-0.0416067
-0.0433722
0.00830228
0.0147207
-0.0305731
0.0428219
-0.0200115
-0.0378484
0.0183629
0.0191497
-0.0289182
-0.0239335
0.0273443
-0.0110698
-0.0337421
0.040486
-0.0294081
0.0216831
-0.0186202
-0.0510989
0.010173
0.0240459
-0.0449467
-0.0139442
-0.0368745
0.0416074
0.0428416
0.0358037
0.0376282
0.0384952
-0.0487903
0.0258432
0.0188154
-0.0181477
0.0290281
0.0348117
0.0241034
0.0228369
-0.0285176
0.0101867
0.0354476
-0.026562
0.0485294
-0.0340509
-0.0116428
0.00822192
0.00881969
-0.0067765
0.0498368
-0.026152
-0.00133208
0.000153229
-0.0200413
0.0259271
0.0260493
-0.0386087
0.0250187
-0.0613851
-0.0166218
-0.0390723
-0.0539631
-0.0520031
-0.0212544
-0.0752448
-0.0432914
-0.00856156
-0.00735844
-0.0493106
0.00870145
-0.0501809
-0.0364285
-0.0286726
-0.00453416
-0.000467697
-0.00375766
-0.0336015
-0.0379633
-0.00885678
-0.00831794
-0.00152248
-0.00858818
-0.00577553
0.00245209
-0.00245471
-0.0291402
0.0417104
0.0202968
0.0341815
0.0204104
0.0333382
-0.00490823
-0.00458577
0.0154386
-0.0308539
0.0123465
-0.0181799
-0.0169114
0.00838784
0.0239017
0.00783126
-0.0166673
0.0186928
0.0713846
-0.0772432
-0.00791496
0.0268349
-0.0452947
-0.0162812
0.082196
-0.0225539
-0.0192809
0.0845355
-0.0237508
0.021896
0.0793071
0.0336374
-0.0407142
-0.0404152
0.00869225
0.0153515
-0.0102657
0.0402117
0.00889974
0.0520525
0.0721807
-0.00939395
0.00178462
0.0311644
0.0122104
0.028258
0.0235424
-0.00538996
0.0212107
0.0272831
0.0520472
-0.0121246
0.0279891
-0.0434194
-0.048543
-0.018618
0.0428538
-0.0389341
-0.0254231
-0.0270223
-0.0513272
-0.0519754
0.0299121
-0.0473697
-0.0372125
-0.0201172
-0.0448046
-0.0305006
-0.0302511
-0.0366539
0.0143791
-0.0142864
-0.0798559
-0.0263673
0.0116192
-0.0192451
-0.0252119
-0.0158297
-0.0280269
0.00348791
-0.0757743
0.082246
0.00715965
-0.0105837
0.00467757
-0.00210082
-0.0234352
0.0432214
0.0424065
0.0224308
-0.00882858
0.0250693
0.0162802
-0.019103
0.00351828
-0.0297561
0.042275
-0.0308307
0.0332435
0.0103335
-0.0391329
0.00828036
-0.0281808
0.0372772
-0.0212687
-0.0153697
0.0087209
0.0238697
-0.0227039
0.0311624
0.0233794
-0.00424439
0.00342084
0.0105843
0.0157115
0.0390714
0.0451395
-0.00891283
-0.02387
0.00184646
-0.0196904
0.0283893
0.0204518
-0.0376577
0.046977
-0.0443458
0.0214109
-0.047973
-0.00923603
-0.0259831
0.00469076
0.0144524
0.010354
-0.0183936
0.00352667
-0.02854
-0.00654079
0.0234228
0.0397021
-0.0121801
-0.0358219
-0.0354682
0.0428557
0.00896972
-0.0106191
0.0106426
0.0292404
-0.0252368
-0.042531
-0.00259171
-0.0506846
0.0211399
0.0373745
0.0382551
-0.0170843
0.0043565
-0.0187085
-0.0456185
-0.0121527
0.00472299
0.0302168
0.0123527
0.0184946
-0.0206167
0.159089
-0.0246775
-0.00483998
0.0335072
0.0141389
-0.0113466
0.0167453
0.0329992
-0.00222564
0.0420245
-0.0431453
-0.0291524
0.0392211
-0.0859087
0.0191364
-0.0518712
0.0293843
-0.00847218
-0.0342179
0.0124376
0.0375533
0.0311135
0.0227219
-0.040855
-0.0243265
-0.010231
-0.0128412
-0.022257
0.0286845
0.0643198
0.00464365
-0.0326361
-0.00803526
0.0830079
-0.0735375
0.0431827
-0.0620873
0.0481602
0.0227233
0.0109756
-0.0191567
0.0284932
-0.0314324
0.0323466
0.0210504
-0.00380591
0.000124656
0.0139313
-0.00714959
-0.0460161
0.0267443
0.00302727
0.0118413
0.0410551
-0.0137893
-0.0301201
0.00756768
0.0343872
0.0558442
-0.0295313
0.0598075
0.0237421
-0.0453344
-0.0154747
0.0104532
0.0475411
0.0284912
-0.0179307
0.00842045
-0.00507342
-0.019787
-0.0163288
0.0258463
0.00622415
-0.0542943
-0.0898398
0.0505532
-0.0137228
0.0333693
-0.000805033
-0.0304709
0.0231427
0.0155738
0.0839822
0.044463
-0.0090592
0.00172752
-0.0583206
-0.0526005
0.000705847
0.0331212
-0.0281398
-0.0205719
0.0227059
0.0166723
-0.0567715
0.0225656
-0.047873
-0.0463158
0.0234786
-0.0188383
0.00745109
0.0155586
0.054006
0.0428347
0.0366316
0.0102316
-0.0321169
0.00451508
-0.0484199
-0.0312128
-0.00581912
-0.0204274
-0.0439679
0.0248845
0.0627771
0.0328999
0.0170486
0.0362067
-0.0186871
0.0206544
0.00771509
-0.0375117
0.0334058
0.000686844
-0.0420462
0.0358876
0.0179194
0.0308919
-0.0357256
-0.00642796
-0.0719527
-0.0244279
0.0124792
0.0296195
-0.0141008
0.0124043
0.00707358
0.0231959
-0.000535405
0.0530817
-0.00467003
-0.0194336
-0.00966976
-0.00218016
0.0158992
0.0120604
-0.00494413
0.0339959
0.036496
-0.0372646
-0.0424642
0.0231659
-0.0445638
-0.0457619
0.0182125
-0.0102678
-0.0277331
0.027625
-0.0422436
-0.028587
-0.0191173
-0.0471824
0.0483378
-0.0136653
0.0271527
-0.0140217
0.0289965
0.0117452
-0.0324437
-0.00209618
0.0241105
-0.00995319
-0.0160082
-0.0283244
0.0231573
-0.0561084
0.0135853
0.0220542
-0.016553
0.012326
-0.0240045
-0.0365318
-0.0119006
0.0410648
-0.0450576
-0.00613239
0.0176299
0.00204194
-0.0284397
-0.0247801
-0.0336461
-0.0179628
0.0357903
0.0340266
0.0570641
0.0139675
-0.0384713
-0.0392044
-0.00855512
0.0420971
0.0436521
-0.0460945
-0.0318161
-0.0268393
0.0390532
0.0246376
-0.0437585
-0.00902038
-0.0412222
-0.0310047
-0.00729128
0.0221184
0.03166
-0.00944261
0.0272952
0.0175308
-0.0188214
-0.0390401
0.0346414
-0.00447936
0.0164413
-0.0440311
-0.0128601
-0.0055097
-0.00048699
-0.0269812
0.0591158
0.0482348
0.0126856
-0.0147929
-0.0357712
0.0226292
-0.0436499
0.0154018
-0.023808
0.0197219
-0.0307152
-0.00840388
-0.0165263
0.00347048
-0.0490984
-0.00499984
0.0268306
0.0193077
-0.0240378
-0.0223775
0.0676223
0.0231599
-0.0083603
-0.0534262
-0.00407863
-0.0144277
0.0156074
-0.00418717
0.0336177
0.0492409
0.0231988
-0.0377123
-0.0182657
0.0204387
0.0691721
-0.0320959
0.0440459
0.00361025
0.00963583
-0.00399396
0.0187662
-0.000736031
0.013015
0.0123774
0.0307089
-0.0178311
-0.0425078
-0.0111809
-0.0697297
-0.00838978
-0.0422761
-0.0513233
0.0398881
-0.0516599
0.0139946
-0.0460936
-0.003502
0.0288887
0.0138007
0.027521
0.00033187
-0.00562687
-0.0156575
0.0292656
-0.018652
0.0387705
-0.0134195
0.030351
0.0349961
0.0231954
0.0164198
0.00289921
-0.0483692
0.000438537
-0.071639
0.0453316
0.0121437
0.0119225
0.0130529
0.0122587
0.0139197
0.041102
-0.00506592
-0.0610639
0.0103891
0.0145242
0.0508204
0.0346329
0.0304449
-0.00107046
-0.0033956
-0.0247201
-0.0106691
0.00568272
-0.0340843
-0.0687957
-0.0445887
-0.0371614
0.0295276
-0.0346976
0.0230592
-0.0035826
-0.0168138
-0.0527175
0.0255368
0.0411633
-0.028008
0.0499152
-0.0162225
-0.0444631
0.00560101
-0.0194724
-0.0227454
-0.0203166
-0.0172662
0.0124147
-0.00860027
-0.00633308
0.00120559
-0.0199111
-0.00870085
-0.0188049
-0.00798834
-0.00380428
0.0244618
-0.0422622
0.00750309
-0.00882447
-0.0118556
0.0426035
-0.00457973
-0.0087754
-0.0146753
-0.0171163
-0.026308
-0.0338138
-0.0362455
0.0349113
0.0348955
0.0172194
-0.000295713
-0.0253493
0.0244559
-0.0130406
0.0381219
0.0466401
-0.0437833
0.0175017
0.00851763
0.0107654
0.0152916
-0.00182687
0.0206921
-0.00615202
-0.0286495
0.0168998
-0.0106251
0.0214658
0.046525
-0.0269699
-0.0233037
-0.000980603
-0.0465108
-0.0201906
-0.00190637
0.0270478
0.031137
-0.00757391
-0.0106058
0.0283016
0.0105951
0.0124182
0.0406126
0.0512407
0.0258762
0.0374656
-0.0670063
-0.027498
0.0253826
0.0271732
-0.00220481
-0.0345274
-0.0195686
0.0457518
-0.0384855
0.00302288
-0.0346284
-0.0482546
0.0728771
-0.0615917
-0.00856614
0.0070918
0.0108203
-0.0375128
0.0440482
0.0319727
0.0323283
-0.0252933
0.0280793
-0.011017
-0.0249442
-0.082373
-0.0634842
0.0224367
0.0663595
-0.0245732
-0.0648399
0.027059
-0.0221745
0.0386799
0.0271026
0.0437865
0.0311942
0.0315164
-0.014576
0.0278208
-0.0294558
-0.00181745
0.00929326
0.0195223
-0.00115133
0.0312918
-0.124783
0.0671787
0.0364654
0.0960679
0.00695448
-0.0340619
0.0178541
-0.0693565
0.0116593
-0.046909
0.0338926
-0.0236303
0.0121002
0.00820455
-0.0210405
-3.58925e-05
-0.0324905
-0.0457322
0.0391128
-0.0410016
-0.0538004
0.0439785
0.0018249
0.0412214
0.0124578
0.040635
0.0025829
-0.066817
-0.043033
0.0394648
0.0296803
0.0444113
0.0153849
0.00585791
-0.0163786
-0.0667243
0.0622043
-0.00163107
-0.00900356
-0.027249
0.0123846
-0.087887
-0.0110124
0.0402963
-0.0365582
0.0115529
0.0059013
0.0119866
-0.0358995
0.0231604
-0.0572623
0.0204551
-0.0379522
0.0180953
-0.0467904
-0.0282342
0.0111953
-0.0217084
-0.0117382
-0.0278778
-0.0101516
-0.0453335
-0.0147716
0.0403303
-0.00386533
0.016783
0.0109547
0.0417902
-0.038618
-0.00486508
-0.0275782
0.0198989
-0.0373608
-0.039474
-0.0236516
0.0341901
-0.0357391
-0.0261732
-0.00626408
-0.026713
-0.0017286
-0.0340244
0.0389724
0.0176888
0.0399652
-0.0295885
0.0363074
0.0157094
0.042555
0.0132796
0.0395286
-0.0172083
0.040027
-0.00645104
0.0340268
-0.0478264
-0.0187007
0.0571759
-0.0184536
-0.0136025
0.000958336
0.0382926
-0.0295257
-0.00264296
0.0441951
0.0096887
-0.00450664
0.0392369
0.0411207
-3.23307e-05
0.0418524
-0.00380844
-0.0298297
-0.046312
0.000417111
-0.0225063
-0.0486233
0.0403045
-0.0264094
-0.0338651
-0.0104821
0.0122553
-0.0443286
0.0117468
0.0334256
-0.0157608
-0.045467
-0.0310457
0.0370385
0.044069
-0.00310807
0.00167745
0.0522085
-0.023819
-0.0187693
-0.0400437
0.0328068
-0.0350818
0.0316176
-0.0261898
0.0196465
-0.0142181
-0.04959
0.0461492
0.0179811
0.0293604
0.0340905
-0.0203662
0.0411501
-0.00677401
-0.0247259
-0.00401513
-0.0282102
-0.0113923
0.0154815
0.0415471
0.0128481
-0.0463622
-0.0263422
0.00709249
-0.0187657
-0.0509119
-0.019044
-0.0273533
0.0139332
-0.0358706
-0.0271702
-0.0476914
-0.00596853
0.0425859
0.00686724
0.0345914
0.000567819
0.00754612
-0.00374755
0.0426167
-0.0269789
0.030685
0.0217548
-0.0277912
0.107009
-0.039144
-0.0121138
0.0311575
-0.0229158
-0.0260595
0.0231117
-0.0328873
0.00658545
-0.0403352
0.0383944
-0.0815032
-0.0631508
0.0177598
0.0460334
0.0429965
-0.0181911
-0.0407601
-0.00379159
-0.0187906
0.0102041
0.0462969
-0.000142862
0.0225169
-0.00425481
-0.00541342
0.0125175
0.0316484
-0.00144597
0.050356
0.00272967
-0.0646618
0.00571646
0.0924141
0.0494581
0.0161954
-0.0449462
-0.000398697
0.0340242
-0.0135297
-0.00477133
0.00825119
0.0510349
-0.0205446
0.00520053
-0.0370847
-0.0312964
0.0532855
0.0253057
0.00279394
0.0193789
0.0084935
0.0186585
-0.0136181
-0.0316194
0.00330996
-0.0337198
-0.0478986
-0.0160605
-0.0318488
-0.0281578
-0.0322781
-0.0680032
-0.0306071
0.0107474
0.0160702
0.062365
0.0155427
-0.00535859
0.0220187
0.0156338
-0.0415738
0.0565557
-0.021093
-0.0765862
-0.0261261
-0.0328703
-0.0260975
0.0648068
0.0115798
-0.0297917
-0.00539136
0.0500408
-0.0334966
-0.023952
-0.00569185
-0.00716174
-0.0840185
-0.00716831
-0.0315782
0.00137069
-0.0360742
-0.0125874
0.0413197
0.0362305
-0.0106637
0.0314854
0.0464994
0.0161477
0.0155647
-0.0224619
0.0194117
0.029396
0.0103755
-0.0145486
-0.0311886
-0.063707
-0.0149382
-0.0455589
-0.00137631
0.0264802
-0.0225945
-0.0463057
-0.00657027
0.0200537
-0.0399917
0.0364219
0.0363875
0.0765551
-0.0150401
0.0364311
0.0391826
0.0414035
-0.0478582
-0.0424066
0.00971663
-0.0303561
-0.0352774
0.0382134
-0.0194572
0.0472673
-0.0227456
0.00950845
0.0132126
0.0433229
-0.0252532
-0.00218194
0.0302178
0.00291214
-0.00113031
-0.0051152
-0.045349
0.0369978
0.00895871
0.0414985
-0.0305301
-0.0441875
0.0232172
-0.0428461
0.00579423
-0.00973258
-0.0420956
0.0265842
-0.0413707
0.028772
-0.0463224
0.0304872
0.0509884
-0.0361984
-0.027302
0.0239936
0.0402682
0.0014394
-0.0349448
-0.00417373
0.038333
-0.0150028
-0.0273192
0.000309811
0.012351
-0.0404462
0.00260394
-0.0412754
-0.00858455
-0.0231236
0.0172914
-0.0112953
0.0103832
-0.0160137
-0.0455361
0.00514969
0.0341614
-0.0481723
0.00688892
0.0168728
-0.0308737
-0.000779107
-0.00529849
-0.0520172
-0.0746453
0.00349636
-0.0215056
0.0287076
-0.0437748
-0.045199
0.0318029
-0.0585957
0.0112367
-0.0377791
-0.0282149
0.0364518
0.120827
0.0121001
0.00300554
0.0326153
-0.0416744
-0.0334965
-0.00582477
0.0308712
0.0109996
0.0223702
-0.0207086
0.0423171
0.126064
0.00565974
0.0608833
-0.0357833
-0.0742033
-0.00288566
-0.000124318
0.0105348
-0.028452
-0.0326101
0.024129
0.0210766
0.0359168
0.00448542
0.0212346
-0.0335599
-0.0475091
0.0484016
0.0375192
0.0243441
0.0204681
0.0278221
-0.0138029
-0.167403
-0.0503045
0.0314784
-0.0234238
0.0952199
-0.0479659
0.0686977
-0.0112345
0.0158413
0.0390171
-0.0367945
-0.0522369
-0.0222265
0.0012706
-0.0605687
-0.0257184
-0.0236513
-0.0521194
-0.0556444
-0.0411907
0.0105913
-0.0496698
-0.00913866
-0.0197434
-0.0652041
-0.04619
0.00139229
-0.0303731
0.00811374
0.0331769
0.0690707
0.0169506
0.036623
-0.0364255
0.0393596
-0.0628375
-0.0486727
-0.00117793
-0.0123817
-0.0689288
-0.0147186
-0.0494955
0.0422195
-0.0193348
-0.0316471
-0.00569422
-0.00434104
-0.0397902
0.0921731
0.0639523
0.0435226
0.0240961
-0.0332649
-0.0169858
0.00733531
-0.0129983
-0.0759777
0.0333605
-0.0397043
0.0387907
0.0112678
0.0459912
-0.00674447
0.031936
0.00683471
0.0287548
-0.0229272
-0.0123515
-0.00347321
-0.0267386
0.0567029
-0.0153639
0.017992
0.0108439
-0.0468678
0.0174112
-0.0261327
-0.037401
-0.0489716
0.010975
-0.000738831
-0.0373766
-0.0383096
-0.0397363
0.0399071
0.0446561
0.0576708
0.0277007
-0.0213791
-0.0359313
-0.0180006
-0.0717811
-0.0136395
-0.0325477
0.0455533
-0.0249828
-0.0104615
-0.0689858
0.037078
-0.020688
-0.0151148
-0.049382
0.00658234
-0.0107994
-0.0514415
-0.0162107
-0.00176378
0.0166747
-0.0332712
0.0218558
0.0302934
-0.0715431
-0.00540567
0.0244719
0.0429934
-0.0444098
0.00997148
-0.0458044
-0.00618106
0.0404093
0.00780854
0.0563846
-0.0264279
-0.0313321
0.013658
-0.0209147
0.030695
0.0339716
-0.0368662
-0.030634
-0.0226458
-0.0394227
-0.0251281
-0.0404032
-0.0161222
0.0469884
-0.0378231
-0.0140992
-0.0212228
-0.0396468
-0.0171994
-0.0105598
0.0480692
-0.00623302
-0.00301583
0.0283767
0.046004
-0.0154005
0.0441095
0.0369859
0.0136739
-0.00866691
-0.0504058
0.0331437
-0.0443103
0.011708
-0.0211156
0.018184
-0.0331064
0.0361349
-0.00954693
0.00931896
-0.0435392
0.0334046
0.00760994
-0.0404975
-0.0385029
-0.00597406
-0.0353954
0.00928906
-0.0164753
-0.0245211
0.0263782
-0.0283373
0.0184246
0.0109583
0.0255334
0.0339947
-0.0665489
0.0807237
-0.0412775
-0.0318591
-0.0055161
-0.00223279
-0.0212245
-0.0232793
-0.0406427
0.0241823
0.00630699
-0.0760813
-0.0397611
-0.0454024
0.0267712
0.023837
-0.0483352
-0.0233196
-0.0655534
0.0269301
0.0370939
-0.00477364
0.0504387
0.00795978
0.0302992
0.0163639
-0.0449979
0.0454443
0.0406385
0.0158064
-0.0591339
-0.036717
-0.0609099
-0.0134447
0.0795671
0.0360488
-0.0318437
-0.0140624
0.0424196
-0.0140851
0.0022493
-0.0226097
0.0651068
0.0158112
0.0651576
-0.00392094
0.0114571
0.0428534
0.0762498
0.0274602
-0.019545
0.0228618
-0.0405573
-0.00385216
0.0297256
-0.0352153
0.025372
0.01232
-0.0337825
-0.0274856
0.0118689
0.0108111
0.000124875
-0.110598
0.0216503
0.0034453
-0.0551718
0.0200888
-0.0192051
0.0657079
-0.0360317
-0.0403885
-0.00829515
-0.0107121
0.0210801
-0.00933305
-0.0118354
-0.0373971
-0.0396496
0.0767206
0.0817253
0.0275322
0.0179504
0.0770837
0.000703376
-0.0163436
-0.0577841
0.061876
-0.0317178
-0.0264543
-0.0378348
0.0290095
-0.0151641
0.0414436
0.0710127
-0.0440757
-0.00586195
0.00665721
0.0204361
0.00544491
-0.0682539
0.0327978
-0.0301323
-0.0389381
0.0320245
-0.018696
-0.0246647
0.0252967
0.00278845
-0.0342399
0.00116951
0.0118277
-0.0178472
-0.000123732
0.0506436
-0.033052
-0.0549642
0.0189842
-0.0174433
0.0837989
-0.0457751
-0.00961837
-0.0318974
0.0397907
0.00157305
0.0191769
-0.0194665
-0.00856414
0.0243879
-0.0199532
-0.0151632
0.0358979
-0.0440554
0.0436674
-0.0134864
2.13617e-05
-0.0239848
-0.0178147
0.0279385
0.0465884
-0.0425352
-0.01144
-0.00572877
-0.0140774
0.0487463
0.0467192
0.037018
0.00674969
0.0211075
-0.0378899
0.00716972
-0.0328775
0.0225648
0.0468805
0.00477836
0.0397252
-0.035325
-0.00170982
-0.0569403
-0.00746812
-0.0378645
0.0288239
-0.0477813
-0.00758708
0.0426695
-0.0360233
-0.036456
-0.0406018
0.0272404
-0.00859869
0.00770942
-0.00572152
-0.00429831
0.0467111
0.0113635
-0.0323266
0.038738
-0.00977935
0.0326899
-0.0126191
-0.0267303
0.0487995
-0.0182195
0.0200193
-0.0231571
-0.0377451
-0.00707332
-0.0164172
0.000362822
-0.00301641
-0.0325065
-0.0159679
0.0113719
0.00615399
0.00752253
0.0621789
-0.0534577
0.0345094
-0.000582819
0.048142
-0.0280272
-0.00369178
0.0633284
-0.0415012
0.0254955
0.00353947
-0.0230455
-0.0272059
0.0133127
0.0499188
0.0209385
0.0464963
0.0208095
0.0480493
-0.0526264
-0.0690982
-0.0174432
0.0461472
-0.033852
-0.0323874
0.0405677
-0.00435638
-0.057276
-0.0215429
-0.0641484
-0.0139697
0.0278669
-0.00684005
-0.0502202
-0.0151741
0.00232219
0.0257186
0.0231439
0.085042
0.00704497
-0.0305158
-0.0697218
0.0927039
-0.083705
0.0897751
-0.0292704
0.00754357
0.00909446
0.00657047
0.0350969
0.0207179
-0.00771243
0.0428018
0.0181214
0.0372849
0.0358428
-0.0065047
0.00412594
-0.0536825
0.026098
0.02538
0.0512085
0.0203877
0.0382925
0.0228079
0.0235235
-0.0265281
0.0120944
0.0243933
-0.0152719
0.000833672
0.0120845
0.0134672
-0.0359816
-0.00460176
0.0196532
-0.036451
-0.0274703
-0.0313986
-0.0471575
0.015447
-0.0121494
0.0276202
-0.0239325
-0.0245191
-0.0377964
0.0194726
0.0449309
-0.000997816
0.0233327
-0.0392371
0.00421783
-0.0636069
0.0418857
-0.0324085
-0.0311993
-0.0233845
0.0114928
-0.00768753
-0.0407899
-0.00607001
0.0279769
-0.0941348
-0.000850572
0.0276264
0.0226259
0.0248176
-0.0259024
0.0513944
-0.0168561
0.0129137
0.023647
-0.0131226
-0.0381545
0.0124445
-0.044053
-0.0491489
0.0405704
0.0339122
-0.0355
-0.0179839
0.0152281
0.00943336
0.00837152
0.0405677
0.0248609
-0.0381677
0.0970419
0.0367782
0.0447824
-0.0299272
-0.00615205
0.0461996
0.0104079
0.0431625
-0.0297693
-0.0288832
-0.0430642
-0.0248004
0.0262601
0.0577141
0.0385952
0.0372289
-0.0499317
-0.0214677
0.0285248
0.00609976
-0.012155
-0.0111961
-0.0160096
0.0229614
0.00867033
0.0176382
-0.0123717
-0.0157917
0.00921322
0.0321259
0.0492395
0.0203599
0.00448947
0.0200802
-0.0470354
-0.0338371
-0.0502061
0.0182362
-0.0458722
0.0246341
0.0133177
0.0360444
0.0192742
0.0222513
0.0107588
0.0339438
-0.0277814
0.0276971
-0.047762
-0.0139469
0.036551
0.00973105
0.00206231
0.0156217
-0.0372998
0.036213
-0.0103967
0.0376269
0.049044
0.0150653
0.0286578
0.0218672
-0.0246396
-0.0406016
0.0110358
0.0331774
-0.0138029
0.0332527
0.0125617
0.0369326
-0.0481885
0.0288321
0.0294759
-0.0480025
-0.0314808
-0.0231191
0.00658932
-0.0247354
-0.0461735
-0.0262318
-0.0115545
0.00738266
0.00827762
0.0291908
-0.0117569
-0.0256257
-0.024016
-0.0278668
0.0352934
-0.0248956
0.0220288
0.0298745
0.0325639
-0.0448913
-0.0813843
-0.0386994
0.00494234
0.0334247
-0.0237075
0.0110285
-0.0491416
0.00457248
-0.0119696
0.0185677
0.00663201
0.0478986
0.0471951
-0.0571397
-0.0411067
-0.0238522
0.0247058
-0.0150115
-0.0271054
0.00235243
-0.0354973
0.0494137
-0.0123952
-0.0181607
0.00463635
-0.0188166
0.00791365
-0.048574
-0.00983978
0.0210855
0.00554119
0.0488589
0.0234344
0.0110159
0.0337171
0.0249425
-0.00443589
-0.0519043
0.0341709
0.00938478
0.00924911
-0.0374559
0.00742276
0.015292
0.0567105
0.0780053
0.0690741
-0.00576991
0.0128165
0.0138693
-0.0280103
-0.0103801
-0.00236861
-0.0337902
0.068051
0.00912125
0.0195384
-0.0332657
-0.0220338
0.0369125
0.000456277
-0.0247962
-0.00985559
-0.0552805
0.0208116
0.0350204
-0.0339133
0.0596198
-0.0852993
0.0394155
0.0482228
0.0128247
0.00845327
-0.0704513
0.0251023
0.0196308
0.00290499
0.0559974
0.0910754
-0.0388637
-0.00448363
0.0171796
-0.00843203
-0.0265467
0.043469
0.0590946
-0.0617822
0.0883696
0.0905819
0.00558579
0.0562871
0.000137459
-0.0156972
-0.0309958
0.0302116
0.0738474
-0.0505973
-0.00249747
-0.0634519
0.0434587
-0.0173
-0.00650676
-0.0732308
0.0256473
-0.0401199
0.0232015
-0.0332902
-0.0322552
-0.00744186
-0.0230678
-0.00924859
-0.0282353
-0.00632681
-0.059998
0.0281647
0.0487847
0.0222459
-0.0334963
-0.0696948
-0.0576349
-0.0484557
0.00454479
0.00347417
-0.0294732
-0.0144139
0.00173869
0.0271475
0.0358898
-0.0380812
-0.0400323
-0.049908
0.0105585
0.0230607
-0.0171557
0.018022
0.0306488
-0.0123025
0.0355619
0.00902836
-0.0484385
0.0259727
-0.0183383
-0.0331366
-0.0438903
-0.0215724
0.0105493
0.0416445
0.015101
0.0456914
0.0319532
0.0128792
0.0163228
-0.0290775
-0.0302013
-0.0286372
0.0171514
0.00517278
0.0371728
-0.0434154
-0.0125605
-0.0381628
-0.0155738
-0.0242028
0.0188056
0.0239482
-0.0219415
-0.0165528
-0.0492907
-0.0439281
0.0317681
-0.0306698
0.0104423
-0.0198793
-0.00820033
0.0400564
-0.00928235
-0.0469351
-0.00504306
-0.0219894
-0.00994331
0.0246885
-0.0321694
-0.0371237
-0.0253394
-0.00315574
-0.0261556
0.0798971
-0.00862234
-0.0230829
-0.00888763
-0.00594579
-0.0462431
-0.0113661
-0.0374857
-0.00893299
-0.0197358
0.0368262
0.00245166
-0.0329377
0.0092275
-0.013835
-0.0723512
-0.0583415
-0.0483813
0.020878
0.00977813
0.0802788
-0.0203488
0.0210684
0.023992
-0.0392305
0.0429124
0.0435977
0.0255206
0.0715286
0.0106308
0.0243235
-0.06699
0.120205
0.00192709
0.0330259
-0.0012032
0.0355946
0.0624507
-0.00281621
0.0601623
0.0503629
0.0839149
-0.0143904
-0.0628728
-0.002066
-0.0494127
-0.0654148
0.0194731
-0.00274467
0.0035721
-0.118162
0.0266843
-0.0871749
0.0422166
0.00616704
-0.0611957
0.0409527
-0.07377
-0.0738184
-0.0232361
-0.0799683
-0.0554412
-0.0485634
-0.0609177
0.0090335
0.0449842
0.061355
-0.0142368
-0.0575345
-0.151471
0.0396491
-0.0338175
-0.000126648
-0.0534006
-0.0123249
-0.0127743
-0.0190906
0.0129605
0.0313578
0.0408213
-0.00742654
0.0366463
0.00319121
-0.0367756
-0.019541
-0.0473131
-0.021761
-0.0176511
-0.0210812
0.0257295
0.00472607
-0.0156878
-0.0258857
-0.0382624
0.0313824
0.00144562
-0.0210666
0.00722585
0.0548299
0.0354039
0.0272002
0.0064481
-0.0227637
0.034367
0.0758626
0.029533
0.0222345
-0.0121783
-0.0531311
0.0476601
0.0940582
0.0438841
0.0103239
0.0292728
-0.0297825
0.0281733
-0.055596
0.0324591
0.0614044
-0.0104686
0.0450111
-0.0104218
-0.00512309
-0.0328859
-0.0131139
0.0273932
0.017124
-0.0422754
-0.0479939
0.045411
-0.020395
-0.00227962
-0.0528069
0.0217615
-0.0467511
-0.124471
-0.028383
0.0147753
-0.0415861
0.0181429
0.0150577
-0.068359
0.0212888
0.0322698
0.0468257
-0.0956612
-0.0174592
-0.058479
-0.055012
-0.0921547
-0.0721133
0.0336668
-0.0397738
0.0102684
-0.0489231
-0.00401679
-0.0453582
0.0331544
0.0486426
-0.0349461
-0.0264787
0.0459952
-0.0229107
-0.0341067
0.0372228
-0.0117994
-0.0163269
0.0467246
-0.0428482
0.028997
0.00632441
0.0313881
-0.017497
0.0355374
0.0409939
-0.0159248
-0.0488393
-0.0098203
-0.0215118
0.0213442
-0.0134911
0.0210156
0.0192838
-0.0228842
0.00520228
-0.0318983
0.038478
0.0175613
0.0152628
-0.0279573
-0.0473779
0.0272586
-0.0132789
0.040042
0.0101343
-0.0153598
-0.0418089
0.0267055
0.0115201
0.0295019
0.0380235
-0.00252647
-0.0139452
0.0372968
0.0212788
-0.0486605
-0.00370959
0.0189062
0.00489829
-0.024784
-0.0543494
-0.0408426
-0.0423965
-0.0093382
0.00332486
-0.0158246
0.0396673
-0.0405856
-0.029142
0.0299635
0.0252224
0.0022521
-0.0205566
-0.031684
-0.013965
-0.0459228
-0.0159826
0.00633898
-0.0508412
-0.008914
0.0228689
-0.0448268
-0.00741835
-0.0278264
-0.000827112
0.0071607
0.0072444
0.0440726
0.000582149
0.0241114
-0.0256879
-0.0722079
0.051309
0.00435147
-0.0165068
-0.0716436
-0.0759963
0.0382775
-0.00285519
0.0154177
-0.00545751
0.0296614
0.00899192
-0.0349165
-0.0411965
-0.0112838
0.0184498
-0.0466326
-0.0421744
0.0288885
-0.0019596
0.0104618
0.00989612
0.0136788
0.0543117
-0.0449046
0.0306445
-0.0295241
-0.0175347
0.0019865
-0.0345432
-0.0209713
0.0052574
-0.0397304
0.0297645
0.015253
0.031092
0.00998725
0.0330636
-0.0234735
0.023395
0.036711
0.0190949
0.0135217
0.0867662
0.0484672
0.0447061
0.0491326
-0.0355135
0.0385661
0.0248975
0.0169772
-0.0289568
0.0228773
-0.00201242
0.0701718
-0.0588995
0.0170493
0.00787671
-0.0349368
-0.0384942
-0.0528662
0.0152576
-0.00377046
-0.0131953
0.00774232
-0.0236628
-0.0313668
0.108064
-0.00680212
-0.00134801
0.0389815
0.0109895
0.0494349
0.0350975
0.00461869
-0.0595761
-0.136974
-0.0138159
0.00751153
0.00136919
0.0603277
0.0301701
-0.049762
-0.0261349
-0.0338397
-0.00326123
0.121157
-0.00960815
-0.0140257
-0.0430307
-0.00373848
-0.0378019
-0.00183704
0.0960746
0.0231838
0.0629979
-0.00692569
0.0317301
-0.0359306
-0.0295479
0.0154064
-0.00813983
-0.0191756
0.0363983
0.0747091
-0.00960316
-0.03472
0.0234613
-0.000746264
0.035231
-0.00311384
0.0452038
0.0139228
0.0227201
-0.00112463
0.0326277
4.74345e-05
-0.0293993
0.0282867
-0.0203408
0.00112683
-0.0300007
-0.0429957
-0.0128701
-0.0337391
0.00209174
0.0455535
-0.0285633
0.00507761
-0.0236466
0.0445676
-0.00109714
0.000349749
-0.0472826
-0.0448694
-0.00831018
-0.0237791
0.038445
-0.0323386
-0.0425449
-0.0137993
-0.0316409
0.0280248
0.0138214
0.0153096
0.00902779
-0.0404784
-0.0273198
-0.0133009
0.0279686
0.0406654
0.043718
-0.0414738
-0.0232946
-0.0218499
-0.0466179
-0.0522645
0.0373823
-0.0444084
-0.0214292
0.012973
0.0419381
0.0363686
0.0232538
0.0220595
-0.00055506
-0.0378882
0.0137845
-0.00584189
-0.0121437
0.0396084
0.0240299
-0.0104862
-0.0299541
0.0165654
0.0573227
0.0214678
0.00281143
0.0268573
0.00218498
0.0196609
-0.0662823
0.0290861
-0.00890688
0.0173441
-0.0401926
-0.0420047
-0.0218914
0.0276957
0.0420472
0.00265696
-0.0525547
-0.0109818
-0.000474472
-0.045889
0.000477531
-0.0159541
0.00340638
0.0400416
0.0237512
-0.0308779
0.0234818
-0.0948751
-0.011184
-0.0387778
0.0827991
-0.0344903
-0.000589762
-0.0415684
-0.0305411
0.0181219
-0.0189513
0.0207237
0.0240034
-0.054818
-0.0756473
0.0245932
0.0718595
-0.064303
-0.0590485
-0.0440091
-0.050346
0.0440674
-0.0133987
0.15232
0.0207034
-0.015448
-0.0334876
-0.0695867
0.0424427
-0.0297085
-0.012684
-0.0168668
0.0119484
0.0349867
-0.0137276
0.0432207
0.0246437
0.00843413
-0.0331447
0.0357853
0.0782787
-0.00790542
0.049235
0.0171054
0.0427649
0.00308879
-0.0283863
0.0595595
-0.0350349
-0.0209806
-0.0411027
-0.0396203
0.0638931
0.00937016
0.0327272
-0.00139923
-0.0128807
-0.0129105
0.0103119
0.0322807
0.0680065
0.0697177
-0.0146974
-0.0539637
0.0277728
-0.0265637
0.0350102
-0.0109823
-0.0314614
0.00348164
-0.00361765
-0.0393553
-0.0714424
0.0573237
-0.0497078
0.00363319
0.0319538
0.050625
-0.0697971
-0.0226642
0.0445152
0.0231551
-0.0202919
0.0075575
0.0324191
0.0119751
0.0289792
-0.00787244
-0.0538131
0.0136402
-0.0626754
-0.046897
-0.0127432
-0.0521033
-0.0124693
0.0168338
0.0365299
0.0108869
0.0244205
-0.0309443
-0.0178626
0.0127269
0.0227119
0.00582785
0.0436772
-0.035132
0.0165096
-0.0213106
-0.0343652
-0.0135997
-0.0309707
0.0382006
-0.0342206
0.00186736
0.065738
-0.0120171
0.00302648
-0.00534497
0.0579658
0.043745
-0.027131
-0.0746505
0.022433
0.00846307
0.0183856
-0.0255708
-0.034124
0.0262752
0.0276195
-0.0325501
0.00205588
-0.0211083
-0.00673176
-0.000126848
0.061734
0.0285418
0.0238152
0.0138162
-0.0117991
-0.00313291
0.0217328
0.0206423
0.0385195
0.01358
-0.0248694
0.0287007
-0.0170154
-0.0300264
-0.0254894
0.0457441
-0.0211012
0.0223023
0.0308384
-0.0219958
0.00139596
0.0125698
0.0466027
-0.000667143
0.0324697
-0.0479063
-0.0312026
0.0145191
-0.00504834
0.0202225
0.010141
-0.0454398
-0.0432883
0.00976992
-0.0163777
-0.0412249
0.00596345
-0.00239204
-0.00834579
0.0262913
0.0348026
0.0306149
0.0261292
-0.0176942
0.00109429
-0.00865052
-0.00586528
0.0233853
0.0297087
-0.0389605
-0.0481062
-0.0410069
0.0308427
-0.0352541
0.0104287
-0.0351924
-0.0374325
0.00476354
0.0400933
0.0382724
0.0176879
-0.00166523
0.021187
-0.0462232
0.045675
0.0278511
-0.0379839
-0.0106202
-0.0220098
0.0245654
-0.0394705
0.00039567
-0.0303355
-0.0137874
0.057931
0.0168331
-0.0338005
0.0355149
0.0545925
-0.0219402
0.0699533
0.054696
-0.0113851
0.0258531
0.0181139
0.0308822
-0.00398447
0.00696838
0.0279753
0.0228551
0.00556558
0.0258241
0.0636256
0.0504292
-0.0414996
-0.00597029
0.0072961
0.0569818
-0.0503249
-0.0450399
-0.0333479
-0.0441018
0.0354429
-0.0520984
0.0138722
-0.00200014
-0.015786
-0.0448261
0.0406803
-0.0315529
0.0131958
-0.0350598
-0.00709699
-0.0391701
-0.0117687
-0.0251935
-0.0483258
-0.0161417
-0.00698706
-0.0094278
-0.0282929
0.0145958
0.0637892
0.0141843
-0.00409428
-0.0297317
-0.0234642
-0.035576
-0.0305013
-0.0544821
0.0676914
0.047751
-0.0184908
-0.00209963
0.0205347
0.0174298
0.0212968
-0.00978384
-0.0266447
0.0173991
0.0182791
0.0178588
0.0278881
0.025235
-0.0221881
-0.0325505
-0.0101083
0.0165858
-0.013934
0.0166915
-0.0274827
-0.0232917
0.00164528
-0.0189015
0.0306768
-0.0867441
-0.104508
-0.0265819
-0.0299127
-0.0323477
-0.0594845
-0.000791535
-0.00370379
0.0211634
-0.0423085
-0.0281904
0.0326377
-0.0295961
0.0240056
-0.0219572
0.00569615
-0.0486026
0.041197
0.0693326
0.0182321
0.0353372
0.0264391
0.0214688
-0.0260866
0.0375799
-0.00137297
-0.0152975
0.00194719
0.0257609
-0.0468127
-0.00872093
-0.000925738
0.0590434
0.0127349
0.0441288
0.0500191
-0.0368324
-0.0319905
0.00292028
-0.0498157
0.00743759
0.0231911
-0.0300147
-0.00159365
-0.0433737
0.0151916
-0.0362093
-0.0420896
-0.0474305
-0.0452598
0.029267
0.0157174
-0.0121912
0.0364719
0.040298
-0.0236547
0.0279438
0.0168575
0.0124269
0.0247191
0.0432774
0.0150653
0.0136115
0.0227291
-0.0369457
0.0367973
-0.0432561
0.0331322
-0.0138178
0.0265165
0.0309854
-0.00214552
-0.0027779
0.0368882
0.0283453
0.0423246
-0.0219592
-0.0212432
0.0313501
-0.0416514
0.0566601
-0.000770326
0.0238983
0.00951395
-0.0336967
-0.0335309
-0.0332168
-0.0133384
-0.0485252
-0.00971917
-0.0241908
-0.0163006
0.00392813
0.0116104
0.0139295
-0.00527515
0.0161405
0.0310296
0.0150914
-0.0731404
0.0289768
0.0441223
0.00617515
0.0428706
-0.00828217
-0.0157454
0.0287045
-0.0430816
-0.023922
-0.0128554
0.0345849
-0.045179
0.044203
0.0115154
-0.0985741
-6.75726e-05
0.0499429
-0.0556168
-0.00360511
0.0336276
-0.00705519
-0.0434252
0.0226568
-0.0192576
0.00863466
0.0200921
-0.20811
-0.112642
-0.121286
0.0404031
0.00932323
0.00239194
0.0540644
-0.0294796
-0.0321257
-0.0294198
-0.0204339
-0.00287112
-0.0380566
-0.0351182
-0.0231946
0.0151429
0.0194341
-0.0607992
0.0116051
0.000439432
-0.0523478
-0.0181091
-0.0673713
0.178529
0.154099
0.0665096
0.0225586
-0.140824
-0.016578
-0.106881
0.054865
-0.0439505
-0.0676656
0.0699263
0.0617506
-0.0507917
-0.0125631
0.085277
0.00468217
-0.0253368
0.0395563
-0.0199147
0.043066
-0.016542
0.0173785
-0.00305373
0.0106146
-0.00320266
-0.0096244
-0.0723871
-0.0227186
-0.0539278
0.0783367
0.0138418
0.00807196
0.0490611
0.0259514
-0.0886118
-0.0494071
0.0614926
0.0663953
0.058956
0.0726362
-0.0374583
0.0361678
-0.0172639
-0.0238776
0.0338315
0.00686985
0.0504394
-0.0333041
-0.0118134
-0.102043
-0.00451268
0.0282327
0.0316079
-0.0249024
-0.0289828
0.040849
-0.0088791
-0.0188855
0.0108104
0.0391174
-0.071476
0.0182279
0.0111738
-0.00245374
0.0433855
-0.0869135
0.0204481
0.0167784
-0.0272836
0.0232811
-0.0273845
-0.00597352
-0.00998338
0.0414685
0.00482095
-0.00597903
-0.026908
-0.00304712
0.00882176
-0.058305
0.00592189
-0.0490462
0.00772311
-0.0269307
0.0536983
0.0302271
-0.0795488
-0.00252455
0.000865852
0.0123509
-0.0387024
0.0427773
-0.0431898
0.0291347
0.0355157
-0.0111078
0.094334
-0.0168256
-0.0225888
0.0207134
0.0428425
-0.00777216
0.0425846
0.021767
-0.0321616
0.00395525
-0.0452158
0.037648
-0.00347702
-0.0203816
-0.00118248
-0.0275986
0.043593
0.0451909
0.0428395
-0.055248
0.0268242
0.0140909
0.0028933
-0.0278256
-0.0434991
-0.0476612
0.0108468
0.0169675
-0.0100558
-0.021473
0.032686
-0.0121294
0.0127208
0.0180805
-0.00550089
-0.0290825
0.0416595
-0.00329404
-0.00579915
-0.041415
-0.0118649
0.0329197
0.0211411
-0.040516
0.0479564
-0.0241223
-0.00283266
-0.0035817
0.0259225
0.00452952
-0.0070759
0.0111639
0.00504047
0.0470141
0.0317162
-0.0368829
-0.0150906
0.00885124
0.033967
0.0371286
-0.0249734
-0.0329854
0.0152693
-0.0411643
-0.0473118
0.0191937
0.0147188
-0.0259158
-0.0380755
-0.0377291
0.0122285
-0.0129106
0.0232603
0.00591771
-0.0148672
0.00394206
0.0139562
0.00369346
0.0465045
-0.0221209
0.00648638
-0.0333921
-0.00127352
0.0616032
-0.0514944
-0.0762203
0.0255673
0.0352724
-0.00716724
-0.0282741
-0.00967378
-0.0435589
0.029184
0.0870145
-0.0588106
-0.012364
0.0106014
0.0199676
0.0368536
0.0373994
0.0207474
0.0422857
-0.023253
-0.026154
0.047461
0.0155548
0.0592535
0.10298
-0.0372804
-0.0321474
0.00445216
0.0572258
0.0149061
-0.0159175
-0.0219769
-0.0276382
-0.0236773
0.0023755
-0.0667952
-0.0114873
0.00728725
-0.00472658
0.0307853
-0.0185134
-0.0329498
-0.0330644
0.044546
-0.0110884
-0.0395909
-0.0564993
-0.0621591
0.0123389
-0.0716215
0.0260728
0.0394747
0.00291694
0.0440648
-0.00458165
-0.0386001
-0.0186039
-0.0313243
-0.0198153
-0.0625121
-0.00160332
-0.0174037
-0.00376846
-0.00143479
0.0200634
0.0631582
-0.00154103
0.0219797
0.0597954
-0.0211067
-0.0195349
-0.0836032
0.0458689
0.0202135
0.0588001
0.0430108
0.00946561
-0.0219754
-0.0988012
0.0117268
-0.0658965
0.0598939
0.00454286
-0.00482889
-0.050116
-0.0631133
-0.0244823
-0.0546132
-0.070909
0.0388612
-0.0163697
0.0398642
-0.0202779
-0.0184659
0.0126665
0.0153229
0.0227092
0.00600357
0.00728235
0.0367303
0.00979922
0.0427969
0.0873393
-0.000304248
0.0760604
0.0576187
-0.0505486
-0.0362044
-0.00501713
0.0335388
0.0432
0.00319917
-0.0119161
-0.0224612
0.0330515
-0.0149544
0.053476
-0.00997896
-0.0678515
0.00957158
0.0388584
0.0317692
0.017651
0.00715596
0.0390009
0.0229245
-0.0729315
0.0224575
-0.0248517
0.0373273
0.0330266
0.000391083
0.0182824
-0.0278522
0.0259682
-0.0105269
-0.0266935
-0.0364905
0.0436637
-0.018044
0.0459424
0.0286968
0.0223928
-0.0435498
0.0223296
-0.0119834
0.00445556
-0.0123943
0.0389817
-0.00883514
0.0256722
0.0430023
0.0427887
-0.0273588
-0.0096061
-0.0439442
0.0174408
0.0045292
0.0384039
-0.010542
0.0404609
0.00197173
-0.0229713
-0.0410998
0.0157364
0.046315
-0.0126538
-0.0132475
0.0310277
-0.0193542
-0.0251002
-0.0248907
0.000497661
0.0115825
-0.0241824
-0.0105561
0.0409822
0.0466106
0.0307528
-0.0321357
-0.030012
-0.0297054
0.011542
0.0230301
-0.0273298
-0.000295401
0.037688
-0.0466251
-0.00764429
0.0102744
-0.00847953
-0.0246433
-0.0041161
-0.0564547
-0.0879484
0.0379289
-0.020935
0.0244312
-0.00223548
-0.00835077
0.0469163
0.120293
0.0217935
-0.0325288
-0.0464452
-0.0211361
0.0026154
-0.0386061
-0.053383
0.0483753
-0.0146433
-0.00809537
-0.0175399
0.22956
0.0302522
0.0929061
-0.0366681
0.0227107
0.0670342
0.0351709
-0.0269139
-0.0048683
0.0313074
0.0100089
0.0165363
0.0331642
0.0136038
0.0574302
0.0262517
0.0127707
-0.0340958
-0.00556494
0.00174571
0.033007
0.0146729
-0.0147389
-0.0525572
0.0341721
0.00712217
0.0600527
0.00565145
-0.0189568
0.0451717
-0.0343771
-0.0128978
0.0838203
0.0315884
-0.0255828
0.0703086
0.0587708
-0.0635058
-0.0212319
0.0136599
0.031565
0.015477
-0.0105723
0.0370366
-0.0176481
0.0427808
0.0131517
-0.0183988
-0.00212104
0.0389771
-0.0591052
0.0228195
-0.00437184
-0.0222522
-0.0178894
-0.0293982
-0.0219752
0.0290099
0.0152528
-0.0202599
0.0305868
0.013588
-0.0478994
-0.0203069
-0.00857531
0.043318
0.0481471
-0.00431173
-0.0466174
-0.0288404
-0.054054
-0.0207421
0.0141086
0.0325805
-0.0213516
-0.0458317
-0.0385369
0.0450726
-0.00215451
0.0128674
-0.00767483
0.0528992
-0.0114396
0.113803
-0.0423684
0.0111616
-0.0151885
0.0498653
-0.00752535
0.0418712
-0.0338791
0.0333416
-0.00824125
0.00639195
0.0193357
0.0307
0.0313017
0.0400859
-0.0358019
0.028379
-0.0478178
0.00284743
0.0382288
0.0133217
-0.0378995
0.04801
-0.0253885
-0.0365534
-0.0619571
-0.00700157
-0.000336054
0.00112793
0.0247704
-0.0446706
-0.0281139
-0.0039239
-0.0467507
0.033209
-0.00425418
0.0144268
-0.020567
-0.0985943
-0.0768892
0.0103058
0.0297449
0.0411974
0.040675
-0.00486037
-0.0390624
0.0106594
0.0384455
-0.00351519
-0.0274345
-0.0124953
0.0357688
-0.0428212
-0.0109736
-0.0489783
-0.0197477
0.00706857
0.00798291
-0.0191192
-0.0351567
-0.0272156
-0.0165966
0.0175486
0.0479517
0.0243047
0.0216257
0.0190689
-0.0486195
0.0132974
0.0210312
0.0163219
0.0680584
0.0253323
-0.0266907
0.0145102
0.0441718
-0.0423804
-0.00179428
-0.00660775
0.0289194
0.0414597
-0.0170114
0.0306076
0.0107128
-0.025621
0.00121488
-0.0176414
-0.037218
-0.0359283
0.057635
-0.00139584
0.0442714
0.00663999
-0.024064
-0.00779268
0.0156445
-0.0217925
-0.0411971
-0.0309495
-0.00297677
-0.0200892
-0.0366118
0.0222509
0.0517223
0.0221582
-0.0248534
-0.0222088
0.0392404
-0.0470686
0.00716601
-0.0156397
-0.0327859
0.00832387
-0.0143621
-0.0237793
-0.00946773
-0.0132559
-0.0327661
-0.0184002
0.10078
-0.0502379
-0.0131516
-0.0266242
-0.0375135
0.0383548
0.0472216
-0.0312758
0.028956
0.0110117
-0.011746
-0.0271717
0.0209565
-0.0113805
-0.00160402
0.0324561
0.00701616
-0.0114897
-0.0199307
0.00505391
-0.020477
-0.0232636
0.0481068
0.00641939
0.0470157
0.00322909
-0.0441014
-0.000125991
-0.0203316
0.00601753
0.0445328
-0.0782146
-0.0519692
0.00127509
0.00173028
0.00463715
-0.0319892
0.0151082
0.03447
-0.0152489
-0.0534177
-0.0394772
-0.0345252
-0.0245294
-0.00543498
-0.0263056
0.0115642
0.00942709
-0.00837574
0.0274127
-0.0348566
0.0161832
0.00846862
0.025818
-0.0515978
0.00322866
0.0960078
0.0333282
0.0240981
-0.0188532
-0.0492331
-0.00105026
-0.0872763
0.0513646
-0.0647557
0.0535091
0.0113509
-0.0770824
0.0730921
-0.0394704
0.011058
-0.0232263
-0.0110189
0.0189273
0.0121915
0.03185
-0.049655
-0.0387622
0.0104134
0.0600239
0.0510931
0.0117137
0.0346235
0.0243291
0.0193148
-0.0465202
0.00637557
-0.115723
-0.0673705
0.0278598
0.0265092
0.0630838
-0.0189606
-0.0210827
-0.0334946
-0.0720523
-0.0566973
-0.0119465
-0.0109746
-0.0509741
-0.0469036
-0.0213745
0.0475482
0.0355447
-0.0421237
0.00939446
0.0435261
0.035612
-0.0208021
-0.0052719
-0.0639067
0.000517833
0.0282755
0.0615383
0.00359481
0.0115455
-0.0375793
-0.00774467
0.0360102
0.0620988
-0.0225736
-0.000646734
-0.0522961
0.00215278
-0.0247785
-0.0183844
0.0532901
-0.0338452
0.0439563
-0.0159108
-0.0248886
0.0154402
0.0124323
0.027513
0.0172108
-0.00956425
0.0158576
0.0391594
-0.0426752
-0.0457899
0.0426978
0.00314838
-0.0381742
-0.0091477
-0.0215033
0.0339648
0.009424
0.0388554
0.0448513
-0.00482369
0.0108204
-0.018283
0.00243407
0.0183603
0.0487214
-0.033108
-0.00892369
-0.0375277
0.0435058
0.0345401
-0.00367874
-0.00664014
-0.031733
0.0246248
0.0131284
-0.00417624
-0.0307752
-0.0471271
-0.0451552
0.0478154
0.0332854
-0.0457342
-0.00177542
-0.0377285
0.0446651
0.0395219
-0.0193547
-0.00313622
0.0413871
0.0258611
-0.00205405
0.037466
0.00390815
0.0365653
0.000873355
-0.0247742
-0.0548784
0.0151347
0.0225943
0.0111304
-0.0365664
-0.0449224
0.00677083
-0.0231885
-0.00769398
-0.0191378
-0.00402938
0.0111046
0.0285963
-0.0274673
-0.0263642
0.134897
0.00944322
-0.0733393
0.0410783
0.00567582
-0.0537338
-0.0181366
-0.0180388
0.0118772
0.0381027
-0.0523226
0.00837272
0.0593627
-0.136523
0.0631381
0.00506753
0.0665056
0.0593468
0.0535794
0.00651572
0.0515838
0.0246451
-0.0671514
0.0061964
-0.0354413
0.00637918
-0.0622863
-0.0328984
0.0265812
-0.0790095
-0.0736355
0.0198945
-0.0119058
-0.00698372
0.00611315
0.220228
0.0149041
0.0313835
-0.0343323
-0.0463755
0.00371108
-0.00824497
0.00815271
0.0576151
-0.0292512
0.0316293
0.00407892
0.0597307
0.00102703
0.00782205
0.000537598
-0.0283709
0.0571143
0.0140791
0.042706
0.00651158
-0.050425
0.0285159
0.11688
-0.0328504
-0.0205889
0.0433894
-0.0181968
-0.00605807
0.0472786
0.0402566
0.0384002
-0.00300214
0.0116969
-0.00714029
0.0343175
0.0376049
-0.033694
0.0191583
-0.025576
-0.00270543
0.0772821
0.0402264
0.0169893
-0.0320042
-0.0276024
-0.0181046
0.0281456
-0.0663084
-0.0433443
-0.0392262
-0.0178882
-0.0598105
-0.0200277
0.0906431
-0.0969405
0.0196812
-0.0278007
-0.0156645
0.0243994
-0.0302874
-0.031374
0.0418737
0.0340287
0.0350458
-0.0539434
-0.00962142
-0.0499478
-0.0647828
-0.0467315
0.0106587
-0.0224647
0.0200566
0.0268201
-0.00605885
-0.00137272
0.00155777
0.00450604
0.0315729
0.00952693
-0.0276785
0.00581584
-0.0156554
-0.00978917
0.0255969
0.00321465
-0.0171197
-0.00310153
-0.0109588
0.01676
0.0277071
-0.0141529
-0.00770728
-0.0198805
-0.012978
0.0372821
0.0187209
0.0132012
-0.0422686
0.00758824
-0.006489
-0.0057857
0.00522015
0.0348544
-0.0377412
-0.0301326
0.0273825
-0.0404373
0.0484803
-0.00702294
-0.036286
0.0123826
0.00264927
0.0198475
-0.0208361
-0.00089096
0.0277195
-0.00250784
-0.0311688
0.0349858
0.0327431
0.0274056
-0.00157885
-0.0252453
-0.0185018
-0.0069359
-0.0324876
-0.00654208
-0.0331191
0.00321876
0.0324051
-0.0270307
0.0166276
0.0225764
0.00565394
0.0244458
-0.0457857
0.037422
0.0168901
0.0290675
-0.0319042
-0.0500054
-0.0257468
0.00487472
-0.0188919
-0.000840936
-0.0241389
0.0152963
-0.0267785
-0.0439246
0.0190471
0.0413932
-0.00286476
-0.0211444
-0.0203449
-0.0076162
-0.0414599
-0.0322549
-0.0334193
-0.0135483
0.0284242
-0.00609262
0.0144686
0.0453972
-0.0390677
0.00431412
0.0393405
0.0354214
-0.0234341
0.0452733
-0.0314351
0.0322322
0.0539401
-0.0427625
0.00908924
-0.0390318
-0.0741193
-0.0072125
-0.0149726
-0.0535955
-0.0355922
0.0360318
-0.00962198
0.000884082
-0.037279
-0.00621494
-0.0212108
0.0287424
0.0437223
0.013647
0.0330629
0.0313479
-0.0195133
0.034047
0.0278707
0.0480427
0.0393788
-0.0284454
-0.00144859
0.00945532
-0.020639
0.0242718
-0.0134333
0.0642762
0.0393787
-0.0126981
-0.0184218
0.0390094
0.0409993
-0.0270696
0.0184143
0.00798133
0.0460143
-0.0210596
-0.0256279
-0.0435693
0.0408787
-0.00285779
-0.0351569
-0.024809
-0.0680518
0.0458757
0.000129386
-0.0358587
7.16761e-05
0.0339139
-0.0167669
-0.0345062
0.0109611
0.0576552
0.023278
-0.0316934
-0.00712402
-0.0199087
-0.0581628
0.0944263
0.00143624
-0.00689966
-0.0175086
0.0210588
-0.163609
0.126622
0.0442421
-0.0631924
0.0448344
-0.0259849
-0.0170548
-0.012929
-0.0115566
0.0196337
-0.00305614
0.0297745
0.00376419
0.0623565
0.00739475
-0.00561682
-0.0930741
-0.043738
-0.0206256
0.0389312
-0.0341994
-0.00655232
-0.0155419
0.0277566
0.0550121
-0.0570509
-0.0651476
-0.0275769
-0.00441237
-0.038991
0.0431951
0.00803642
-0.0462559
0.0169779
0.0272903
-0.0375229
-0.0161224
-0.00235607
-0.0388799
-0.0205186
-0.0262897
-0.0549795
0.0301363
0.00208659
0.00588328
-0.0297058
-0.0230232
-0.0587113
0.0457799
-0.02271
-0.0157793
0.0437975
0.0307485
-0.0566699
-0.0306332
-0.050603
0.0764036
-0.0721177
0.0477355
-0.0643025
0.0623524
-0.0194097
-0.00307001
-0.0108213
-0.0274303
-0.0528774
-0.0435971
-0.0143832
-0.0292885
-0.0104345
0.0366283
-0.014238
-0.0422853
0.00544873
-0.0129038
-0.0521551
0.0286929
-0.0369016
-0.0364028
-0.00914354
-0.019095
-0.0304268
0.046136
0.0468527
-0.016983
0.00676646
0.00071916
-0.0380198
0.00548679
-0.0235189
-0.026615
0.0025255
-0.0181014
0.0237045
-0.0378127
0.0231377
0.0184525
0.0223422
-0.0406074
-0.0218315
-0.0334498
-0.00980959
0.000947287
-0.00872723
-0.0392839
0.0363723
-0.00240372
0.0507532
-0.0109466
0.0435586
0.0370382
0.0475156
-0.0345977
0.0335877
-0.00496684
-0.0337519
0.0436349
0.0423927
-0.0355149
0.00401202
-0.0100148
-0.00474664
-0.0334549
0.00783321
0.0293771
0.0146508
-0.0363434
-0.034217
-0.0251441
0.037934
0.0130096
0.0454394
-0.0416461
-0.0199762
0.0316639
-0.0415743
-0.00627799
-0.00767319
-0.00570429
-0.0341944
-0.113055
-0.0149055
0.0133705
0.0159016
-0.0632824
0.0672899
0.0514787
-0.0455884
-0.0858269
-0.0468201
0.0471824
0.0259689
-0.0691574
0.0406067
0.0067667
0.0514474
-0.0204832
0.0188364
0.0168802
0.00175911
-0.0264055
0.0220743
0.0975819
0.0497707
0.00339181
0.0200564
0.0138459
0.0347971
0.0259001
0.0214462
-0.0538429
-0.0150402
0.0456272
-0.00259762
0.0309185
-0.10518
0.0544487
-0.0125272
0.0402602
-0.0262313
-0.0263283
0.0137874
-0.0199436
0.00932749
-0.0653814
-0.0327377
-0.076564
-0.0707711
-0.00267481
0.0390622
-0.0212062
0.0353391
-0.0281897
-0.0391269
-0.157277
-0.035015
-0.056388
-0.0214926
-0.0576973
0.00893348
0.0382475
-0.0840395
0.0584136
0.00460074
0.00570042
0.0118556
0.0312576
-0.022773
-0.056736
0.0473275
0.00762691
0.00574729
0.0520198
-0.0261458
-0.00859795
0.036243
0.00595458
0.0325672
-0.0349118
-0.0173568
-0.000340736
0.0276889
-0.0339851
-0.0331962
-0.0360781
0.0209821
0.0103798
0.0108886
0.0100494
0.0447253
0.0393536
0.000140759
0.0026687
-0.0340772
0.00771016
0.0134994
-0.0457256
-0.00110462
0.0450443
0.0248622
0.0619761
-0.0219931
-0.00144544
0.0422125
-0.012085
-0.0230913
-0.0393193
-0.0397542
-0.0270884
0.0121722
0.0449365
-0.0127461
0.0349591
0.0143036
-0.00361879
-0.0903333
-0.00233638
-0.0257863
0.0507834
0.0428391
-0.0590214
0.027774
0.00481126
0.0183246
0.0010477
-0.035298
-0.0833535
-0.00959637
0.0339072
-0.00118159
-0.117661
-0.0393864
-0.0999063
0.0852995
0.00271438
-0.0372098
0.00143832
-0.000966734
0.0139104
-0.0145071
0.0183863
-0.0275383
-0.0272827
-0.0174147
-0.00146804
-0.0256178
-0.0188225
-0.0273663
-0.0504684
0.0133039
0.00939106
0.0200995
0.0286052
-0.0615648
0.0490766
-0.02737
-0.0214383
0.0425868
0.0252345
-0.0188352
0.0438528
-0.0359908
-0.0299836
0.0453334
0.0111802
0.0307609
0.0580803
0.0327639
0.0286407
0.0432863
0.0052418
-0.0460916
-0.022629
0.0417866
-0.0104809
0.0155153
0.0176517
0.030845
-0.0437425
-0.0266372
0.0465257
0.0240231
0.0373978
-0.0363155
-0.0311528
0.0127012
-0.00775138
-0.0400503
0.0319976
-0.0252304
0.0237661
0.0155716
-0.0250942
-0.0117376
-0.0147973
0.00188224
-0.0034739
0.0352755
0.0291848
-0.0430246
0.0282351
0.00919813
-0.00742576
-0.0196867
0.0118251
-0.0250676
-0.014189
-0.039466
0.00935521
-0.018417
-0.0285293
-0.0294434
-0.0143239
0.0113337
-0.0437669
0.024794
-0.0246968
-0.0291164
0.0229926
-0.0534506
-0.0356713
0.0364123
0.00344291
-0.0497369
-0.00970173
-0.000852924
-0.0676564
-0.0122875
0.0130553
-0.0263055
-0.0554315
-0.0435978
-0.0133658
-0.0386147
0.0224143
0.0222148
0.0492076
-0.0597352
-0.022188
-0.114904
-0.0778863
0.022004
0.033219
-0.0343674
0.012118
-0.0176853
0.0190775
-0.029354
-0.0215748
0.0542045
0.000775809
-0.00669464
-0.0419964
-0.0164144
-0.0480753
-0.0279491
-0.0394508
-0.0151158
-0.0123209
-0.00412642
-0.0106104
0.00845606
-0.00199845
0.0294284
-0.0422848
-0.0488061
-0.0583835
-0.0198154
-0.0466781
0.036788
-0.02863
-0.0202738
-0.026516
0.0353805
0.0330019
0.0902025
-0.0813881
0.0183194
0.0445707
0.0159763
0.0376379
-0.0236572
0.0882774
-0.0364979
-0.00737759
-0.022042
-0.0268589
0.061658
-0.044764
-0.00161622
0.012353
-0.013652
-0.0787524
0.0208259
-0.0459609
0.0249016
0.0536577
0.0388688
-0.0576453
-0.0223208
0.0286673
0.0886647
-0.0417897
-0.00524406
-0.0425941
-0.0323987
0.0799982
-0.0071794
-0.0133111
-0.00379516
0.0289673
-0.00115127
0.0209383
-0.0107831
0.030877
-0.020604
0.00720362
-0.0490147
-0.0394642
-0.0269898
0.0156358
-0.0147543
0.0627019
0.0491817
0.0264666
0.0571846
-0.013137
0.0438973
0.0582409
0.0465089
0.0651946
-0.0743668
0.110773
0.0314067
0.00143891
-0.00526303
-0.016947
-0.0386929
-0.00966237
-0.00246659
0.04596
0.0104372
-0.00342873
-0.0124127
0.0205739
0.00754535
-0.0347349
0.00146024
-0.00595585
0.0289601
0.0392955
-0.0146158
0.0244409
0.0102676
0.0134313
0.0104084
-0.0135197
-0.0086368
-0.0498944
0.0327993
-0.0439395
0.0298485
-0.039681
0.00840036
0.0379384
-0.0227851
0.0454467
0.0192345
-0.0296067
-0.0384617
0.0117813
-0.0516107
-0.0455658
-0.0250705
-0.0155138
0.00923465
0.00333255
-0.0240419
0.030041
0.00954763
-0.0366825
-0.00326342
0.00891981
-0.024905
-0.015955
0.0317752
0.0393246
-0.0457262
-0.0166636
0.0190521
0.0327836
0.0174088
0.043269
0.0214062
-0.026592
-0.0448687
0.00747627
0.000816405
0.00523117
-0.0390109
-0.0333616
0.0481221
-0.0379564
0.0139688
0.0284765
-0.040899
-0.0304106
0.00791135
0.0660456
-0.0715431
0.0387162
-0.0240007
-0.0378375
0.0227242
-0.0193905
-0.0699026
-0.0677297
-0.0426673
-0.00953377
-0.0600013
-0.0132847
-0.0399908
-0.0230346
-0.0157072
-0.037293
-0.0413759
0.00422249
-0.0565337
0.0181993
-0.0262446
-0.0489109
0.0489838
0.0143371
-0.0269993
0.00851706
-0.012388
0.0219053
0.024297
0.0335643
-0.0503203
-0.0352327
-0.00318937
0.0117205
-0.0191428
-0.0357406
-0.0730653
0.007707
-0.00463171
-0.0142739
0.0420753
0.0294137
0.100595
-0.0418738
0.00573233
-0.0190188
-0.0646499
0.0043947
0.0352308
-0.023008
-0.0601401
0.0161287
0.00933305
-0.03269
-0.00343467
0.00362979
0.0125075
0.0283086
-0.00724161
0.00250824
0.00214987
-0.0159021
-0.0204916
-0.0228325
0.0139091
0.0194814
-0.0239622
-0.0200801
0.0170822
-0.00603394
-0.0338966
-0.00743679
-0.0419795
0.0299381
-0.0530447
-0.0455915
0.00866081
0.00473196
-0.00985522
-0.0526742
-0.0133739
0.0396328
0.0316425
0.0292901
0.0449047
-0.00738629
0.00566302
-0.0274914
0.00174578
-0.0587155
0.0446242
0.0187045
0.0402135
0.0333728
0.0251076
0.0268931
-0.00229937
0.0383347
0.0106347
-0.0430997
0.0260748
-0.000153813
0.0449084
0.0174111
0.0375202
-0.0495801
-0.00689623
-0.0259244
-0.0232599
-0.0546294
0.0379776
-0.0493387
0.00921612
-0.0339688
-0.0233212
0.0536705
-0.00234388
0.0361686
0.011364
0.047898
0.0578688
-0.0358008
-0.0453439
0.0412357
-0.00583815
-0.0102588
-0.0392998
0.0210486
-0.0151986
0.0358565
0.00494696
0.013145
-0.0329948
0.0071607
0.0118441
0.0126453
-0.0629951
0.0427213
-0.0412523
0.0996576
0.0527457
0.0391907
0.03364
-0.000704578
0.00515984
-0.0191476
-0.0401093
0.00560607
0.00806836
-0.0210455
0.0170277
-0.0305306
0.0338898
-0.00786344
-0.0501968
0.0126443
-0.0260461
0.00370862
-0.0417913
0.0396961
-0.00259282
0.0260104
0.0160562
0.0147219
0.00654165
0.0133001
0.0336042
0.0139236
0.000844055
-0.00353727
-0.0543852
0.0255899
0.0399132
0.0155165
0.0486943
-0.0458602
-0.010296
-0.0214756
-0.0261988
-0.0307668
0.023827
0.0423394
-0.000645304
-0.00849895
-0.000498097
0.0205622
-0.00232305
0.0404388
0.0222132
0.0172879
0.0255523
0.0163483
-0.0162806
-0.00758891
0.0147704
-0.0294399
-0.0268689
-0.0147854
-0.0340214
-0.0176105
0.00527504
0.0501842
0.00670428
0.00888713
0.0244815
0.0453515
-0.00731968
0.0224214
-0.0225784
0.0128899
-0.0375382
0.0126322
0.0174411
-0.0369782
-0.0347544
0.009806
0.0316892
0.00290348
-0.0223421
-0.0342757
-0.0280246
-0.043637
0.0398512
-0.0459301
0.00888811
0.025034
0.00583084
0.0190911
-0.0424873
0.00652359
-0.00141587
0.0249698
0.053208
0.0292649
-0.0235284
0.0388143
-0.0400857
0.0360995
0.0429835
-0.0291443
0.0565177
-0.000808285
0.0185472
0.014356
-0.00760956
0.0075359
0.0375479
0.0189049
-0.0297047
-0.00314305
0.0173613
0.000919027
0.0650038
-0.0275134
0.0356601
0.0389479
-0.0352482
-0.0326114
-0.00469623
-0.048712
0.00423062
-0.0589016
-0.0318059
-0.014094
0.0166519
-0.0271453
-0.0172951
0.0448034
-0.0138492
0.00415721
-0.0234161
-0.0439123
0.00740315
-0.0596435
-0.0103921
-0.00488792
0.0235324
0.0497658
0.0160096
-0.0044582
0.0508906
0.054566
0.0560355
-0.0453266
-0.0457643
0.045989
0.0115756
0.0469894
-0.016875
0.0294107
0.0012139
-0.0274911
-0.0385506
-0.0190392
0.0180897
0.0194239
0.00428839
0.0337525
0.0030034
-0.0348218
-0.0624716
-0.0547549
-0.0100361
0.0560985
-0.0301723
0.0644659
-0.0344776
0.096695
-0.0191179
-0.0243894
-0.0120461
-0.0254236
0.0466737
0.0152742
-0.0494671
-0.00792943
-0.0244553
0.0262589
0.00801538
0.00895375
0.0292146
0.0271894
-0.00966535
0.0235385
0.0273486
-0.0049103
-0.0161848
-0.0161812
-0.0265181
0.00911715
-0.0187099
0.0229171
-0.0324652
-0.0163097
-0.0235656
0.0104038
-0.0121595
0.0251197
-0.0332492
-0.0558626
0.0505579
-0.00214797
0.0103428
0.0292809
-0.0370286
-0.00885527
-0.0483755
-0.0174001
-0.00949082
0.0304223
0.0023857
0.0102038
-0.0212631
-0.0100873
0.0178442
0.0386335
0.0413187
0.0212515
-0.0447185
0.0216829
0.0412158
-0.0196455
0.0419145
-0.0161446
0.028009
-0.00555021
0.0410228
0.047601
-0.0173879
-0.0388696
0.0248685
0.0105153
-0.0222869
0.00938655
-0.0282976
-0.0307092
0.0273201
-0.0195212
-0.0191529
-0.0249213
-0.00851365
0.000121752
0.00721511
0.00806149
0.0278194
-0.0244955
0.000531147
0.025938
-0.0248521
-0.0353082
0.0272124
0.0324373
-0.0104644
0.00154093
-0.0142818
0.0437636
0.0408476
-0.0180604
0.0399848
-0.0375023
-0.0111752
0.0454429
0.0468658
0.00607996
-0.0425737
-0.0109054
0.02947
0.00324307
-0.0512027
0.0602827
-0.0168313
-0.0419254
0.00960196
0.0141675
-0.0061157
-0.0599882
-0.0169929
0.0337775
-0.0269661
0.0473969
0.00836034
-0.154803
-0.031667
0.0134622
-0.0173884
0.0191
0.0547708
-0.00319338
-0.0621539
-0.0492769
0.0271314
0.0280013
-0.00140853
0.123873
0.124723
-0.00829562
-0.0343088
-0.0473543
-0.0133363
-0.0889723
-0.00304451
-0.0486929
-0.0377658
0.0364496
-0.0407009
0.00387017
-0.0279371
0.0874559
0.00907015
-0.0219444
0.016405
0.0105002
-0.0932623
-0.0188517
-0.0420885
0.0616554
-0.252288
-0.00493493
-0.0232906
-0.0164077
-0.0150472
-0.0840643
-0.0198405
-0.10111
-0.0252054
0.00566352
-0.137068
-0.12022
-0.0526676
-0.0632915
-0.0281191
0.0340599
0.0275687
-0.060016
-0.0887189
-0.0577387
-0.0118718
-0.0660915
-0.0356442
-0.043116
-0.066992
-0.0128474
-0.0384416
0.0738564
0.0310439
-0.0455084
0.0179641
-0.0110575
0.0213646
0.000328469
0.030227
-0.0615869
0.00462763
0.0321196
0.00266136
-0.0497055
0.0437281
-0.00492173
0.00699289
0.0311413
0.0055159
-0.0320248
-0.0445045
-0.0270452
0.0658156
0.0372619
0.0293602
-0.0192793
0.0519464
0.0576755
-0.0416783
-0.0238929
0.00721721
0.00234569
-0.0138333
0.0192647
0.017332
0.0419031
-0.0203117
-0.0302472
-0.0645359
0.0373414
-0.0415751
0.00470312
0.0215975
0.0352341
-0.0281627
0.021296
-0.0434199
-0.0337045
0.0449262
0.0269132
0.00983767
-0.0358312
0.0149487
-0.0107041
-0.00605378
0.0300275
0.00631056
0.0322331
-0.0113091
-0.0974862
0.0321802
-0.00330694
0.031089
0.026227
0.00317053
-0.120683
0.0197194
0.016732
0.0170236
-0.0366168
-0.0207024
-0.000978041
-0.030633
-0.0448295
-0.010138
-0.00435954
-0.0467441
0.0269163
0.0392244
-0.0452274
0.0288633
-0.0417862
0.00835286
-0.0112667
-0.0258216
0.00436261
0.0490312
-0.0247395
-0.0207621
-0.0215152
0.0145772
-0.013101
-0.0103903
0.0207458
-0.0442482
0.0164159
-0.04359
-0.0220185
0.0391149
-0.0128444
-0.0351237
0.0366803
0.0399755
0.0353319
0.0311169
-0.0160811
-0.0456015
-0.0221418
0.0178895
-0.0424373
-0.000725929
-0.0135767
0.0325507
0.0409134
0.0161226
0.058726
0.00330433
-0.0273885
-0.0733884
-0.0401082
-0.0055908
-0.0162148
-0.01412
-0.0453784
-0.0126346
-0.042176
-0.000996504
-0.0289403
-0.0171343
-0.000116358
0.00207691
-0.0105091
0.0345805
0.00590072
0.0310094
-0.0183786
0.0120022
0.0176336
0.0478062
-0.0167768
0.0465884
-0.016458
0.00325605
0.0159854
-0.0192288
-0.0191458
0.0265165
-0.0428777
-0.00576806
-0.0131484
0.00374423
-0.032477
-0.0394909
0.00610501
0.0549977
-0.0714897
-0.0289404
-0.0391271
0.0283627
0.0422549
-0.0317732
-0.00367114
-0.0432925
-0.00454487
-0.081258
-0.0743042
-0.0314334
-0.0376854
-0.0230364
-0.0420383
-0.073171
-0.0120888
0.0213611
0.0220868
-0.0402567
0.0315684
-0.00700392
-0.0947371
-0.00284397
0.051456
0.0230233
0.0136595
-0.0570444
-0.0144125
-0.0702185
-0.00297482
-0.0143253
-0.0275545
0.0110177
0.0718537
-0.0244109
0.0148677
-0.0346809
-0.0103025
0.0562036
0.00519022
0.0141193
0.0388946
0.029263
-0.0213935
-0.00371773
0.00420301
0.0744209
-0.0422852
-0.0529335
0.0398407
-0.0296127
-0.0588764
0.092688
0.027493
-0.0476044
-0.0298766
-0.0104954
0.0208159
0.072943
-0.0911754
0.0507489
0.00763241
-0.067242
0.0157297
0.031672
0.0379417
-0.0228541
0.003768
-0.0262652
-0.020358
0.00774024
-0.0517769
-0.0635452
0.0218567
0.0340921
-0.094793
0.0560938
0.0672233
-0.0155108
0.0123864
0.0328863
-0.000989845
-0.0114345
0.042453
0.000638709
-0.0425734
0.03487
0.00704414
-0.066707
0.0289496
0.0387077
-0.0486824
-0.0453864
-0.00261481
-0.0268891
0.0403108
-0.0161426
0.0075656
-0.0436585
0.0286014
0.0314645
0.0798199
0.0604781
0.0930605
0.0245087
0.0183037
-0.00625007
-0.0725034
-0.0824272
0.0536566
0.00522505
0.0179549
-5.69042e-05
0.0676949
-0.0777238
-0.00648556
0.0038727
0.0474301
-0.0184608
-0.0570437
0.0227291
0.0209425
-0.0419488
0.0755252
0.00895839
0.0233169
0.0362367
0.0238605
0.0104939
0.0143176
0.0283787
0.0178582
-0.00639279
0.0281235
0.00987159
0.0206924
0.0345278
0.0044753
-0.0206173
0.00878486
-0.0163977
0.00981155
-0.00870288
-0.0452216
-0.0208921
-0.0230716
0.0115872
-0.0124305
-0.0474938
-0.0266448
-0.0388549
0.0165124
0.0336837
0.00469324
-0.0177818
0.038343
-0.0132429
-0.026541
-0.00133943
-0.0373781
-0.0314703
-0.0463488
-0.0374504
-0.0335248
0.0244731
-0.0171811
0.0247956
-0.0345531
-0.00690116
0.012767
0.0422829
0.00603993
-0.00774323
0.019485
0.040288
-0.0275847
0.00804461
0.024461
-0.0139801
0.0474529
-0.0303607
0.0428428
0.0140188
-0.00521446
-0.00425148
0.00852393
-0.0304853
0.0294856
-0.0153149
-0.0126795
0.0102016
0.079378
-0.0715246
0.0107023
0.0474247
-0.00747981
0.0420488
0.0174433
0.0481821
0.0665951
-0.0149119
-0.0507503
0.00242472
0.0302581
-0.00185828
0.0137148
0.0388778
0.0175478
0.0561162
0.00593956
0.261454
0.0393553
0.0924503
-0.0463659
-0.0607275
0.00998847
-0.00938584
-0.0465761
-0.0215732
-0.0292259
0.0263998
-0.0164657
0.018035
0.0167613
-0.0290005
0.05012
-0.042249
0.0760461
-0.0222133
0.0558972
0.0452966
0.0300047
-0.00946333
-0.166095
-0.11631
-0.0447764
-0.00656859
0.0961989
-0.0603054
0.0570326
-0.0372579
-0.000865406
0.0220566
-0.0359486
0.0354284
-0.00333388
0.0738439
-0.0731501
-0.0514932
-0.0144013
-0.0635393
-0.0528141
-0.0558972
-0.0193097
-0.00350127
0.0514556
0.0269029
0.0168568
0.0279265
-0.0291745
-0.055848
-0.0256804
0.0320435
0.0783932
0.0364335
0.0349792
-0.00388078
0.0290399
0.0130257
0.0370394
0.0177792
-0.0164391
0.00408745
-0.0408488
0.0293142
-0.0198718
-0.00636454
0.0434667
0.0122974
0.0117971
0.0206581
0.00957943
0.136644
-0.015099
-0.00230634
0.0318531
-0.0397933
0.0643096
-0.0251676
-0.00632293
0.0243339
-0.0407567
0.0435617
0.0971888
-0.0433665
0.0156835
-0.0109711
0.107525
0.0531156
0.00802958
0.0163493
0.0129009
0.0550558
-0.0280886
-6.48456e-05
-0.0412041
0.0063475
0.0152737
0.0156738
0.032592
-0.0121705
0.0106235
-0.0466672
0.0280502
0.0076265
-0.0171125
0.0204111
-0.0432585
0.00267252
0.0320855
0.0593538
-0.041623
0.0188854
-0.0329199
-0.0116864
-0.00937811
-0.00042383
0.0444014
-0.00535691
-0.0548756
-0.0313837
-0.106589
-0.0559874
0.00209361
-0.0465195
-0.0310838
-0.00621195
-0.0028017
-0.00310472
0.0256577
-0.00409064
-0.0423975
-0.0449717
0.0263575
0.0375613
-0.0139013
0.0643903
-0.0347531
0.0592486
-0.0126959
0.0163489
-0.0556753
-0.0413054
0.00688115
0.0446078
0.00581303
0.0318758
-0.0424579
-0.0172693
-0.0112608
-0.0407505
-0.00620574
0.0150803
0.0491129
0.0252014
0.0130514
-0.0334199
-0.0447115
0.0153276
-0.0382507
-0.0373567
0.0449731
-0.0428449
0.0488069
0.0242029
-0.042504
-0.0240083
-0.0333632
0.0196365
0.000105038
0.0283516
-0.0335974
0.00586816
-0.0114231
0.0161297
-0.00730725
0.0171673
-0.0441043
-0.0221766
0.000606039
0.0327322
-0.0248081
-0.0372014
0.0106863
-0.0331672
-0.0236124
-0.0302402
-0.0465902
0.0391243
0.0458386
0.0186711
0.0018447
-0.00542158
-0.00306894
-0.00611
0.0170229
0.043086
-0.00316274
0.0190873
-0.0190403
0.0426868
-0.000125105
-0.0430986
-0.0185411
-0.0788474
0.0246366
0.017723
0.0696497
-0.0077132
0.0274455
-0.0381079
-0.0145152
-0.0380643
-0.0258278
-0.0489034
-0.0502348
-0.0530732
0.0417849
0.0745772
-0.0634773
-0.0222602
0.0465322
-0.0120855
0.042512
0.0102636
0.0403563
-0.0425707
0.0642538
0.0330059
0.0233117
-0.0351906
-0.0484719
-0.00297932
0.00976624
-0.0191639
0.039459
0.00214933
0.0179064
-0.0577715
-0.0237401
0.0453359
-0.0430721
0.0432416
0.0773377
-0.0065344
0.0117903
-0.0185701
-0.0283219
-0.0172897
-0.0015388
-0.0141229
-0.00472485
-0.00438866
0.0526722
0.0588592
0.000486056
-0.00986517
0.0132004
0.0314501
0.0260439
-0.0288758
0.0381965
0.01552
-0.00491094
0.0103883
0.0428246
-0.0416324
-0.0495495
0.0288323
-0.0817802
-0.0540356
0.0353114
-0.0307753
-0.0063907
0.0255103
0.0700718
0.0283321
0.0126046
0.0157974
-0.0471948
0.0449672
-0.0198049
0.0340201
-0.0674405
0.0216372
-0.00600494
0.0152448
-0.00833044
0.0380187
-0.0671929
-0.00400232
0.0208238
0.0308477
0.0288917
-0.0512239
-0.0341674
0.0121939
0.0207694
-0.0273312
0.0161975
0.0211135
-0.000300742
-0.0412148
-0.013664
-0.0288035
0.0419888
-0.0473601
0.0620179
0.0655311
-0.0376099
0.0528739
0.00528123
0.02163
-0.0286222
0.0117676
0.00416961
-0.00427055
-0.0440898
-0.0406912
-0.0568309
0.0421784
0.0689664
-0.0238113
-0.0240812
0.024531
-0.0327514
0.0482165
-0.0198798
0.0310386
-0.0138301
0.028379
0.00109906
0.0238968
-0.0380897
0.00934115
-0.0291796
0.0549847
0.0481778
-0.0119619
0.0392173
-0.0337617
0.0172685
-0.0384872
-0.0397499
-0.0268419
-0.0220899
-0.0415222
-0.0181847
-0.00275415
-0.0162701
-0.0402847
0.0400081
0.0232984
-0.0400396
-0.0383091
-0.00242793
0.0133301
-0.0395466
-0.0404465
-0.0669514
-0.0338353
0.00143606
-0.0233036
0.0105617
-0.0321781
-0.0347007
-0.00875093
0.00970769
0.047711
-0.0442086
0.0275152
-0.0143893
0.0195101
-0.0355636
0.0216773
-0.00979933
-0.0220732
-0.00140788
-0.00717044
-0.0091768
-0.0356167
-0.0316706
0.0253212
-0.0412747
0.0144065
0.0380544
-0.0216909
-0.0413557
-0.00190912
-0.0024042
0.0270948
0.0512396
0.0356962
-0.0160383
0.0485453
0.044141
0.0776951
0.000110234
-0.00970704
-0.0296972
-0.0485763
-0.0129016
0.0120535
0.155166
0.0265501
0.0563459
0.0121763
-0.033195
-0.0275131
-0.0407997
-0.015663
-0.0470745
0.0612005
-0.0863253
0.000712359
-0.503886
-0.235961
-0.244296
0.0628788
0.0790065
0.0808819
0.0977112
-0.107276
-0.0323699
-0.0458198
-0.12167
-0.0957688
-0.017085
-0.112808
-0.00528348
0.00479414
0.0921769
-0.112682
-0.0200383
-0.205122
-0.0301284
0.0487746
-0.0951457
0.387102
0.244425
0.0425537
0.00408931
-0.110738
0.0492995
-0.0171275
0.113979
0.0343461
0.0106819
0.101097
0.144361
0.0359116
0.0335994
0.174289
-0.0103463
-0.0226658
0.0576194
-0.0357123
-0.13056
0.0206889
0.0445476
0.0337716
0.0314912
0.303437
-0.043382
-0.135385
0.0156456
-0.169996
0.282796
-0.0340742
0.0441114
-0.00142588
-0.019299
-0.0431602
0.0403512
0.0249828
-0.0655303
-0.187058
-0.189663
-0.0803541
0.0826718
-0.0604147
-0.00290669
0.00461178
-0.0260473
0.0656696
0.159795
-0.122743
-0.0556972
-0.00605744
-0.0806685
-0.0769904
-0.00536729
-0.0407659
0.0914504
-0.0167948
0.0140716
0.0346697
-0.086536
0.239676
-0.0271781
-0.0136702
-0.0234126
-0.0951728
-0.0154855
-0.0927891
0.162727
-0.00157472
-0.0713753
-0.00691999
0.00695145
0.000725395
-0.0355281
-0.0553814
-0.00397262
-0.0317618
0.0301881
-0.00620432
-0.0246062
-0.0588707
0.0381059
-0.0573305
0.013448
-0.0335856
-0.0211307
0.0974069
-0.0247602
-0.0134445
-0.00823044
0.0343131
0.198205
0.0290084
0.0141055
-0.0370535
-0.156606
0.0633384
-0.0836753
0.155222
-0.0768297
0.0374618
0.0949206
6.05814e-05
0.0156373
-0.00642843
-0.105206
-0.0277381
-0.0127373
0.0218416
0.0140615
0.0285624
0.00223126
-0.0436268
0.0348207
0.0417826
-0.0623143
0.00851874
-0.0213028
0.00808301
0.0390402
-0.022998
-0.0237751
0.0377967
-0.025407
0.0228884
0.0228516
-0.0355796
-0.0109874
0.039887
0.140385
0.0699491
-0.100978
0.00750196
-0.0223406
-0.031771
-0.0257739
-0.0344955
0.00114468
0.00385558
-0.0170799
0.0339474
-0.0420561
0.0111657
-0.0401146
0.0394866
-0.020926
0.0142093
-0.043257
0.0265617
-0.00825775
0.0248257
-0.05664
0.0585645
-0.014564
-0.0224811
-0.00738443
0.0265406
0.0420268
0.0154907
0.0455784
0.066835
-0.0781657
-0.0304132
0.0183486
0.0490249
-0.0270517
-0.0439324
0.00553477
-0.00141023
0.0266523
0.0133999
0.0446205
0.112184
0.049005
-0.00959161
-0.0599538
0.0013584
0.00422006
-0.0119608
0.0214408
-0.0413549
-0.132574
-0.0369124
-0.0172114
0.0215188
0.0597326
-0.0215702
-0.0369839
-0.0222039
0.0712464
-0.0678511
0.0945911
0.135757
0.103084
0.115248
0.00416408
0.0199978
0.0655483
0.0340878
-0.0377729
0.0602732
-0.062773
-0.0170198
0.13999
0.0635141
0.0183457
0.0453671
0.0322929
0.0204844
-0.0668157
-0.0638659
0.0328091
0.0601266
0.0459092
-0.0783487
-0.0159203
0.177843
0.0351104
-0.0200882
-0.0715758
-0.0665497
0.0172296
-0.106061
0.00747294
-0.0770706
-0.0606515
0.0126455
0.0180716
-0.0560724
0.0294783
-0.00252197
-0.033049
-0.0318687
-0.0127239
-0.105146
-0.0318197
-0.0313619
0.00875941
-0.0398351
-0.0164181
-0.236341
-0.527693
-0.0413011
-0.170208
-0.0013052
0.0060392
0.327938
0.30466
0.0179214
-0.020896
0.0515859
-0.00678838
0.0505693
0.243223
-0.150722
0.128674
0.079742
0.175468
-0.157902
0.0347819
0.0738488
-0.0391282
0.0336411
-0.0465068
0.232816
0.140417
0.221196
0.0706549
0.000688392
-0.0782652
-0.107139
-0.0872812
0.133675
-0.0263883
-0.00938065
-0.0289458
0.0984101
0.186182
0.0466573
-0.0483831
0.0401069
-0.274115
-0.013886
-0.238101
-0.00258825
0.213293
0.134771
-0.0220401
-0.0704957
-0.00417076
0.0832909
0.12711
0.08454
0.103946
0.0529288
0.107752
0.152621
-0.0853639
0.0213296
-0.00654769
-0.00173526
0.0410531
-0.044278
0.0198692
-0.0313307
-0.0784324
0.0396839
0.0339298
0.0137956
-0.028078
-0.00273765
0.0335349
0.00631433
0.0107279
0.0190888
-0.0239093
-0.0296879
0.0298263
0.0357948
0.0455308
0.0515547
0.0190091
0.020475
0.0405243
-0.0207913
-0.0300356
-0.0070038
-0.0124812
-0.0091562
0.0427312
0.0462222
-0.0239596
0.0245799
-0.0431916
-0.0287586
0.0582221
0.111969
0.00123596
0.00444807
-0.0196983
0.0555504
7.60542e-05
0.000158595
-0.0390228
-0.000496968
-0.0346227
0.0548999
0.0265502
-0.0254317
-0.0335979
0.044913
-0.0214603
0.00318318
-0.0310008
0.00834725
-0.00646321
-0.0134813
0.0348313
-0.0240055
-0.0238166
0.0177968
-0.0195127
-0.00694742
0.0226047
0.0492186
0.0456418
0.0948911
0.0528007
-0.0298789
0.0118736
0.016705
-0.0117267
0.00748101
0.0635408
-0.0209744
-0.0350104
-0.0355272
-0.0328956
-0.0100524
0.0120884
-0.0731644
0.0108667
-0.119772
-0.0116621
0.0107163
0.0135339
-0.0248097
-0.0327967
-0.0813197
-0.0456394
-0.0112397
0.0661244
-0.935404
-0.399058
0.358621
-0.00121934
0.0664364
-0.626403
-0.326711
-0.206281
-0.16389
-0.0724747
-0.245028
-0.22286
-0.126422
-0.149847
0.0136322
0.0377121
0.12126
-0.365702
-0.292383
-0.171286
-0.062814
0.0056405
-0.0961583
0.539078
0.0863839
0.331679
-0.120267
-0.399246
0.288502
-0.0186652
0.141959
-0.00644243
-0.0934633
0.142421
0.074553
-0.010835
-0.0326114
0.282955
-0.0306723
-0.0512799
0.544029
0.152102
-0.0938601
0.0328799
0.0867243
-0.0126608
-0.0461722
-0.498274
-0.0928828
0.675042
-0.00971797
0.231132
-0.250193
0.00152203
0.0308568
-0.0213657
0.11902
-0.257126
0.0808684
-0.177068
0.100594
0.12971
0.107248
-0.0767593
0.0279491
-0.128332
-0.122064
-0.0121258
-0.0443835
0.190087
-0.0642909
0.494588
-0.0925558
-0.00155529
0.0163264
0.0836228
0.15191
-0.436033
-0.363825
-0.0223995
0.0054062
-0.0135232
-0.0546909
-0.599352
-0.0466186
-0.0439566
-0.0288346
-0.122204
-0.0501745
-0.0337989
0.137385
-0.0418018
-0.0608631
-0.0239876
-0.031301
-0.000208662
0.00173467
-0.177031
-0.0421278
-0.0131199
0.0361857
-0.00717941
-0.0420713
-0.0571884
-0.00744625
-0.195114
-0.0743114
-0.0232319
0.0497784
0.140297
0.0531081
-0.0402959
-0.0864018
-0.0113201
0.314496
-0.0168906
-0.0346149
0.0348204
0.115285
0.346915
0.012545
0.0967314
0.0342829
-0.0387353
0.0560156
0.000403758
-0.0251203
0.101416
0.0323744
-0.0284275
-0.039948
0.0327149
-0.00469492
0.101502
0.124095
-0.00856128
-0.0470455
0.0480182
-0.0592583
-0.00854521
0.0175476
-0.056848
-0.0086199
-0.0488608
-0.00246541
-0.00501923
0.0288777
0.0320208
0.00807765
0.0237783
0.029968
-0.0234633
0.0722545
-0.0619842
0.00524904
-0.0176876
0.00561954
-0.0049225
0.0218566
-0.0394099
-0.00462873
0.0135375
-0.0411054
-0.0206466
-0.00990783
-0.00997244
-0.0241007
-0.102199
-0.0921642
-0.0334726
-0.00945024
-0.0192412
0.0506332
-0.0303597
-0.0966356
0.0417712
0.0240069
0.0286416
0.0137346
0.0182981
0.0256799
0.0100817
-0.0363575
-0.0801853
0.088475
0.0476546
-0.00248194
0.023454
-0.0105592
-0.0100786
0.028642
0.0430711
-0.0175867
0.0316224
0.0430697
0.121361
-0.0451994
-0.0455742
-0.0738009
0.0156923
-0.0696936
-0.0602842
0.259256
0.0429005
-0.40991
0.0166748
-0.0145069
0.0760398
0.093284
-0.0329295
0.043687
0.212575
0.28232
0.24764
-0.0714943
-0.021364
-0.0409599
-0.102756
-0.0549749
-0.0373183
-0.00710846
0.00498763
0.0323052
-0.0152617
0.0219449
0.0277427
0.138025
-0.0120686
-0.0801656
0.10202
0.0202864
0.0668177
-0.102198
0.0382006
-0.121824
0.0165504
-0.00693952
-0.082286
0.117184
-0.200339
0.0389015
0.00206602
-0.00945826
-0.286174
-0.178123
-0.106226
0.00423248
-0.0507076
-0.0131834
-0.125281
-0.0920078
-0.00478282
0.091892
-0.108706
-0.0827587
-0.0569225
-0.0965353
-0.183405
-0.300377
-0.114718
0.0141629
-0.124086
-0.0507114
0.203177
0.317813
0.0580142
-0.171849
-0.00116439
-0.0259296
0.598438
0.0484691
0.0330511
-0.00763319
0.136097
0.00707975
-0.0601777
-0.167622
0.136969
-0.126283
-0.0209917
-0.168059
-0.117442
0.124031
0.408802
0.0162512
0.149785
-0.14973
-0.311499
-0.364437
-0.167282
-0.115907
0.0121833
-0.193972
-0.225032
-0.228462
-0.23849
-0.106979
-0.055445
0.0618943
0.0258623
-0.335279
0.218865
-0.0153194
0.0301079
-0.26373
-0.0614017
-0.0149574
-0.0637271
-0.169986
-0.0595109
-0.0747023
-0.003665
0.0385358
-0.0443886
-0.127406
0.0748999
0.0174427
0.00322286
0.0634308
0.0416226
0.117393
0.0717266
0.00319229
-0.0361284
0.0619276
0.0341686
0.0108503
-0.0352431
-0.172644
-0.0101843
-0.0317279
-0.0413824
-0.0599011
0.0363363
-0.0484577
-0.0448945
-0.0280084
0.0306922
-0.0740934
-0.0136987
0.0370277
0.0440249
-0.0248869
-0.0284279
-0.0515555
-0.000220511
0.0128293
-0.055238
0.0163854
-0.0336492
-0.00848952
0.0100824
0.0358739
0.020888
-0.00646017
0.000942553
0.0109631
0.0253764
0.053512
0.125425
0.0196156
0.00845496
-0.0335583
-0.0222502
0.038785
0.0408315
-0.0287127
0.044953
0.0324494
0.0600858
-0.012731
-0.0147377
-0.00631077
0.0101853
0.0379449
0.0136981
0.0230549
-0.0450451
-0.00381744
-0.0376002
-0.0315318
-0.0259761
-0.00174848
0.00173151
-0.0512962
-0.00704252
-0.0219812
-0.0611338
-0.0937922
-0.219913
-0.00262022
-0.0106124
-0.0229972
0.0396684
-0.0187145
-0.0465405
-0.0348342
0.182776
-0.119902
-0.00380654
-0.0260311
0.00209693
0.00599474
-0.137504
0.00440281
-0.0327398
-0.0289571
0.0367699
0.0118632
0.0473239
-0.00568506
-0.00797544
-0.0472993
-0.0573601
0.0538979
-0.299326
-0.0419488
-0.118494
-0.0204798
-0.013928
0.0272729
0.00693378
-0.0355768
-0.000292316
-0.0128561
0.0212564
-0.0165286
0.0305353
-0.02596
-0.0292217
-0.0258015
0.0372375
-0.0267334
-0.00756579
0.018377
-0.0521161
-0.0102321
-0.1247
0.192806
0.136809
0.0218415
-0.0273402
-0.141204
0.0120007
-0.0857105
0.0466068
-0.00354693
0.0138165
0.0961014
0.0715094
-0.010222
-0.0365083
0.100608
0.00189379
0.00677341
0.0797168
-0.06491
-0.0235515
0.0106645
0.0328849
-0.0364299
-0.0934503
0.00630779
-0.0373224
-0.0619428
-0.0208878
0.0168418
0.0234629
-0.0676628
-0.044928
-0.0048107
0.0103761
-0.0427479
-0.0244747
0.00547166
0.0446023
0.0228985
0.000250235
0.0153938
0.0143623
0.000625676
-0.0312626
0.0148906
-0.0323621
0.0755397
0.0217442
-0.0183365
-0.126757
0.0396657
-0.0133106
0.0316707
0.0415312
-0.0812024
0.00158423
0.0542223
0.012112
-0.0509405
-0.018863
-0.0805296
0.0154466
-0.0278836
0.0402226
-0.00702845
0.00517524
0.0233925
0.0260835
-0.0194829
-0.0108401
-0.0568303
0.00532347
0.0264761
0.00862881
-0.0220258
0.0180017
-0.0150481
0.0353351
-0.0389718
0.00353021
-0.0436662
-0.032586
-0.0346379
-0.0459626
0.0587002
-0.0198839
0.0245208
-0.0323691
-0.0169053
0.0200692
0.0199019
0.00996299
0.0279826
0.0347101
-0.0260702
0.0539096
0.0211103
0.0345694
-0.0250642
0.0492975
0.0316683
0.0520484
-0.0279177
0.0187955
-0.0149343
-0.0237842
-0.00742456
-0.0337477
0.0417505
-0.0277983
0.0017591
0.017984
0.0419566
-0.00306251
0.0168751
0.0298842
0.00966136
0.0241204
-0.0425877
0.0355153
0.00319119
0.0290719
0.0387548
-0.0205705
-0.00982435
0.00245654
-0.00128184
0.028516
-0.0219038
-0.0474848
0.0750506
0.0480641
0.024492
-0.00326754
-0.0147596
0.0150374
-0.0378446
0.014263
0.0259028
-0.0191964
0.045695
0.00506658
0.0166328
0.0258581
-0.0280241
0.00952511
0.0425074
-0.0388038
-0.00936799
0.0300194
-0.00215656
0.0341128
-0.0161341
-0.0355686
0.0153035
-0.0232354
-0.0422511
-0.0368411
-0.0269628
0.0220954
-0.0404873
-0.0181422
-0.034436
-0.0373217
-0.0141454
0.0207522
0.0125021
0.0161563
0.0356835
0.0171068
0.0243837
0.0190784
-0.00842876
-0.0363656
-0.0209892
-0.00966507
0.0490138
0.0303659
0.00731588
0.0635864
-0.0092985
-0.0699176
-0.0171529
-0.0178055
-0.0206304
-0.0139293
0.0260517
0.0258425
-0.0408662
0.0450239
-0.0624491
-0.0685587
0.021476
-0.00682153
0.00114084
-0.0317778
0.00409075
0.0272632
-0.0101259
0.0257723
0.0372416
0.0431611
0.0161617
0.0109172
0.000369933
0.0182235
-0.0113239
-0.00763955
-0.0132497
0.0417486
-0.0574523
-0.0243731
0.00915794
0.0122508
-0.0192386
-0.00596177
-0.0181222
-0.04204
-0.0232849
-0.0703607
-0.0409215
-0.00490954
-0.0136884
-0.0729639
-0.0453882
-0.0668261
-0.0170721
-0.0186368
-0.0491346
-0.00901649
0.00157167
-0.0567786
0.0103365
-0.0887551
-0.0786902
-0.0313085
-0.0166903
-0.0158049
-0.0309342
0.0404955
0.0744025
-0.113595
0.0184415
0.100995
-0.0290737
0.0549342
0.00807877
0.0140883
-0.0443476
-0.0103162
0.0455629
-0.0137527
0.094743
0.0643636
0.0862871
0.0687375
-0.014155
0.0102198
0.0272127
-0.000189737
0.0768859
0.0348346
0.070455
-0.0560729
-0.0975812
0.0465889
0.0218339
-0.0610515
-0.0480852
-0.0555892
-0.0361131
0.070533
0.0267993
-0.00994328
-0.00521342
-0.0276939
-0.00935169
0.00175366
-0.00390748
-0.0260418
-0.0178453
0.00171296
-0.01723
0.106727
-0.016342
0.00370621
0.0075827
0.0406922
0.0306016
0.0300709
0.00772637
0.0378834
0.0423352
0.0365325
0.0503544
0.0810954
0.0191445
0.0309074
-0.0575663
-0.0208374
-0.00338509
0.00661699
0.02556
-0.0204576
0.0115589
-0.0279669
0.0438534
0.0363107
-0.0258867
-0.0322198
-0.0440306
-0.0248399
-0.018215
0.0379736
0.0244583
-0.0189044
-0.0359008
-0.0474598
0.0173073
0.00837628
-0.03924
-0.0434675
-0.0262609
-0.0355618
0.00935229
-0.0338748
-0.0109038
-0.00370908
-0.0226723
-0.014578
-0.0184012
0.0153678
-0.00169569
-0.0307354
0.00263592
0.0216502
0.0488103
-0.0481629
0.0452471
-0.00112955
0.0193124
-0.0101455
0.0180422
0.0328469
0.0240803
-0.00121729
-0.0389614
0.0528341
-0.0433515
0.0382407
0.00291703
-0.0276069
-0.018191
-0.0137287
-0.0412005
0.00731682
-0.00279291
0.0426738
0.0506869
-0.0132562
0.0262795
-0.03455
0.0325241
0.0443544
0.0182914
0.00241638
-0.00294849
0.00888931
-0.0364526
0.0263543
0.0338824
-0.00140841
0.0347644
0.00644753
-0.00970881
-0.0604552
-0.0108553
-0.0274032
-0.0110359
0.0435417
-0.0851908
-0.0208219
0.0232299
0.00481088
-0.0312738
-0.0430512
-0.0198841
0.0389006
-0.052666
-0.0528883
-0.0577343
0.0122654
-0.240893
-0.0959278
-0.186982
0.0371461
0.0657723
0.0170759
0.0318268
-0.0746966
-0.0252005
-0.0390065
-0.125255
-0.119358
-0.0487513
-0.0986622
-0.00744678
0.0171986
0.0446671
0.00175493
-0.000858074
0.0142245
-0.0259627
-0.0227732
0.00285737
0.204519
0.123016
0.0126486
-0.0166653
-0.0518605
-0.00427493
-0.0471091
0.0235269
-0.0314585
-0.0133584
0.0546861
-0.0212792
-0.0805421
-0.0700448
0.0627238
0.0106395
-0.00612419
0.065043
0.0441851
-0.0928794
0.0189895
0.0723751
-0.0143936
-0.0672893
0.0702368
-0.0410602
0.00694525
-0.0264451
-0.085655
0.0558215
-0.0234749
0.0304046
-0.017073
0.058646
-0.061806
-0.0411378
-0.00469361
0.0214147
0.0118276
0.0293197
0.0711925
0.025902
0.0224001
-0.0335316
0.0155212
-0.0468683
0.0354878
-0.0187057
-0.119968
-0.0923851
-0.00803362
0.0310331
-0.0244773
-0.0237158
-0.118769
-0.0429301
-0.0363831
-0.0291205
0.00485235
-0.0419567
-0.0191079
0.00844556
-0.0164944
0.00467071
0.0387353
-0.0470386
0.00503027
0.110372
-0.0418436
-0.0191787
-0.0629243
0.0299965
-0.0262944
0.0175645
-0.0385548
-0.0204956
0.0486978
0.0257436
-0.0392198
-0.00138438
-0.0305745
-0.0404851
-0.0085155
-0.0308738
0.0479782
0.0576381
0.0266
-0.0260497
0.0299336
0.00531627
0.0494193
0.0347225
-0.0175003
0.0431897
0.011265
-0.0717906
0.0335232
-0.0608758
0.0500852
0.0359281
0.0464212
0.0394562
0.0268181
0.0415575
-0.00104893
0.0220694
-0.00111102
-0.0318895
-0.0403942
0.0121391
0.0202325
0.0134385
0.00651761
0.0327079
-0.04896
0.0181954
-0.0467621
-0.00654582
0.0269703
-0.0139992
0.0204258
-0.011275
0.00186155
-0.0488617
-0.0321561
-0.00849388
-0.0158692
0.011194
-0.0219906
0.0957823
-0.0576233
0.00430674
0.00565142
-0.0118791
-0.0283677
0.0191594
-0.00289721
0.00734416
0.0453487
0.0139446
0.00910498
0.0117498
0.0359101
-0.0351057
0.0473171
-0.00510576
0.00953686
-0.00510997
0.0368622
-0.00211446
-0.0356828
-0.0552563
-0.00727981
0.00695634
-0.00639202
0.0407574
-0.0042607
-0.0248198
0.0429291
0.0403385
-0.00335263
-0.0470096
0.00329614
0.0382922
0.00136458
-0.0213122
0.0238698
0.0286074
-0.0488213
0.00171551
-0.0432069
0.0177341
-0.0253789
0.0138686
0.0450111
-0.0431432
-0.0446506
0.0194319
-0.0292906
-0.0524839
-0.0216054
0.0222411
-0.042399
-0.0195626
-0.0550627
-0.0230154
-0.0199731
-0.0111201
0.0688351
0.103453
0.0452824
0.0452677
0.00542929
0.0180028
-0.0104664
-0.0312418
-0.016488
-0.0110648
-0.025703
0.0272364
0.039624
-0.0344459
0.0542959
0.0539595
-0.0589204
0.000496903
0.0173136
-0.0135658
-0.0235931
0.0421827
-0.0512784
-0.00589365
-0.00661425
-0.012003
-0.0315458
0.0753042
-0.00354162
0.0226468
0.00792393
0.000158181
-0.0611967
0.0477549
-0.0113262
0.0559379
-0.00146086
0.0310957
0.0138974
-0.0623587
-0.054594
-0.00330738
0.0319009
0.00529771
-0.0284051
0.0356127
-0.0540708
0.00615809
-0.0191049
0.0592805
-0.00357323
-0.00359777
-0.118684
0.0309384
-0.0204016
0.0600761
-0.0216517
-0.027938
0.0418024
-0.0504836
0.0296289
0.0403603
0.0265537
0.0464622
0.059999
-0.017931
0.0439729
0.00448428
0.0485939
0.0853772
-0.0773722
-0.0768021
0.0145829
-0.0596365
0.00955745
0.00802794
0.0533197
0.0427267
0.228421
0.151716
-0.0423647
-0.0606551
-0.0957858
-0.0230287
0.0273359
-0.0648251
0.0942682
-0.00250866
-0.0293108
-0.0559171
-0.0325709
-0.046812
-0.0242921
-0.0503165
0.00170584
-0.00233794
-0.015512
-0.0467973
-0.0279294
0.0377653
0.0001796
-0.0200255
0.0598701
0.0090828
0.0269828
0.0552649
0.0238195
0.0403288
0.0153602
-0.0937151
-0.106415
-0.041019
0.0475336
0.0464748
-0.0242544
0.041658
-0.0381722
-0.0173297
0.00811828
-0.00529511
0.0444385
0.00211393
-0.0294294
-0.027011
0.037931
-0.0398131
-0.0129048
0.0059627
0.00892455
-0.022458
-0.0109394
-0.0429406
0.00442575
-0.036431
0.0138272
0.0399939
-0.0426989
0.00319224
0.0161572
-0.000417059
0.042908
-0.0074905
0.00933015
-0.0115714
-0.0020949
-0.0250003
-0.0201435
-0.000967242
0.0584861
-0.0433571
0.0184233
0.0158102
0.0181335
-0.0361101
-0.0271612
0.011558
-0.0157755
-0.0324517
-0.0326866
0.032469
-0.022828
-0.00824566
-0.0461654
0.0294867
0.0109285
0.0243091
-0.0203759
0.0351864
-0.00909626
0.00926869
0.0302788
0.00791584
-0.0414798
0.0290726
-0.0473056
-0.0176531
0.00396648
0.0935102
0.00358217
-0.0182365
0.0532373
-0.0319252
-0.0142962
-0.0174392
-0.0398317
0.0109113
0.0500015
-0.0649262
-0.022857
-0.0305749
-0.0233533
0.0312111
-0.0469273
0.0615279
-0.0267664
0.0321159
0.0175347
0.0166407
0.0265649
0.0202206
-0.00945743
-0.0207798
0.0315927
-0.003265
-0.0455088
-0.0496775
-0.054081
0.0149152
-0.0199311
-0.0281994
-0.0275427
-0.0340408
0.0290626
0.0483611
0.00202207
0.0115637
-0.00122685
-0.0238728
-0.0483193
-0.0114884
0.0416839
0.0196811
-0.0319019
-0.0220016
0.0453875
0.0508202
-0.00809111
0.10135
-0.0256447
0.0166915
-0.0236613
-0.00846708
0.0760258
0.0154257
0.0550486
0.0483295
0.00989644
0.0309613
0.0165048
-0.003453
0.0171064
0.0150881
0.0151692
0.0127878
0.0620117
0.00112473
0.0366184
-0.0486858
-0.0275076
0.0166554
0.0109371
0.00703415
-0.0153366
0.0419957
0.0270857
0.0316892
-0.064562
-0.00274942
-0.0292555
-0.00684678
-0.0542428
0.0401397
-0.0140104
0.0202087
0.0314982
-0.00489944
0.028729
0.0242466
0.0123389
-0.00230768
-0.043896
-0.0183683
-0.0534432
-0.00835089
-0.0126572
-0.072138
0.0112789
-0.0173074
-0.0370246
0.0141997
0.0445568
0.0071484
-0.0387101
0.0559049
-0.0446586
0.0110827
0.0280924
-0.0850365
-0.0212774
0.00965349
0.0429466
0.0437571
-0.0584492
0.015973
0.0441401
-0.015128
0.00709223
0.00178269
0.0164894
0.0465605
-0.0412478
0.0398369
0.00722903
0.00948602
-0.00224294
0.0365159
0.0122064
0.00942634
-0.00592042
0.0256262
-0.0347953
0.00581885
-0.0260278
-0.032546
0.0263396
0.0131999
-0.0335863
-0.0353533
0.0803968
-0.00166969
-0.0253771
0.0355756
0.019084
-0.0142375
0.038844
0.0366368
0.0381503
0.0402386
-0.00354634
-0.031887
-0.0148285
0.0141986
0.0179442
-0.026738
-0.0176294
0.0358209
0.0125725
-0.0195963
-0.0363279
-0.0452527
0.0215601
0.0123577
-0.0349369
-0.0427399
0.00582755
0.0787132
0.0319693
-0.0298138
-0.0503389
-0.0411648
-0.00528753
0.00865142
0.0358138
-0.027153
-0.0104641
0.0309107
-0.035574
0.0476515
-0.0593091
-0.0509766
-0.00269269
-0.0438161
0.00384759
-0.0265389
-0.00141097
0.0301093
0.0266532
-0.00283559
-0.0244287
0.0110893
-0.00352238
-0.034947
-0.0199812
-0.0427493
-0.0159444
-0.023815
-0.0359617
-0.0148432
0.0218029
-0.00277427
-0.0335006
0.0235789
0.038103
-0.0157188
-0.039688
-0.0180818
-0.000250241
0.0447842
-0.0364667
0.0276998
-0.00141943
0.0401063
0.0381122
-0.0378008
-0.00541341
0.0486461
0.0362522
-0.00849683
-0.0474155
0.00848768
0.0242001
0.0130503
0.0264041
-0.0555794
-0.021374
-0.0225121
0.00764312
0.0433213
0.044317
-0.0106105
0.0263389
-0.0560424
-0.015983
-0.0191133
-0.0225862
0.0596462
-0.00930865
0.00383207
0.0248186
0.00215
-0.0464257
-0.0385506
0.0304266
-0.00712374
0.0485929
-0.0199305
0.00353618
0.0492368
0.00260692
0.0604017
0.0330411
0.0160302
-0.014287
0.0114063
0.0250318
0.00901306
0.0218311
0.0196962
-0.0015109
-0.0238432
-0.00825464
0.0390844
0.0639482
0.00803121
0.011997
-0.031364
-0.0231309
-0.0368079
-0.0241747
-0.0213733
-0.0138818
-0.0111148
0.0361916
-0.0420773
0.00221638
-0.0294827
0.0301748
-0.0256119
-0.0331119
-0.0282982
0.036508
-0.0575291
-0.0443786
0.0297483
-0.0455916
-0.041543
-0.0118673
0.030328
0.0831802
-0.0601597
-0.0263148
0.0157211
-0.0216286
0.0775267
-0.0534524
-0.0265749
0.0230926
0.0233692
-0.0241515
-0.00699311
0.0494139
0.0395923
0.00480654
0.0184835
0.0145848
-0.0501514
0.0187036
-0.0350146
-0.0613552
0.0149163
-0.0101243
0.0842883
-0.0576426
0.0411859
0.0756424
0.0301112
-0.0432578
0.00445221
-0.0306993
0.012302
0.0179174
0.011961
0.0401142
-0.029676
-0.0621905
-0.00252826
-0.0313333
-0.0479561
-0.00445741
-0.00386432
0.0142096
0.0405685
-0.00108003
-0.0215845
-0.0591438
-0.00227324
-0.0406611
0.0403555
-0.0336021
-0.0169971
-0.0415345
-0.0489975
0.00803379
0.0326879
-0.0331695
-0.0464188
-0.0364049
-0.0419365
-0.0256992
0.0226073
-0.0376506
0.0430572
0.015475
-0.00082057
0.0205487
0.0435024
0.0170681
-0.0433988
-0.00298272
-0.010433
0.0429332
-0.038235
-0.0396833
0.0100766
0.00725576
0.032993
0.0451325
0.00359392
-0.0449047
-0.045571
0.0196831
0.0100644
0.011492
0.0347062
0.000396761
0.0453344
-0.0269626
0.0339839
0.0230002
-0.0306649
-0.0476521
-0.0443378
-0.00250558
-0.0380733
0.0360273
-0.036392
-0.00159442
0.00157391
0.0318432
0.00830348
0.0208053
0.0160875
0.00940055
-0.0362932
-0.0130481
-0.00376162
0.0384454
0.0194486
0.0130227
-0.0441999
-0.0455361
0.0184999
-0.0336398
-0.0142998
0.0182117
0.03708
0.0164485
0.0211085
-0.0035258
0.0178073
-0.0324554
-0.0486083
0.0271158
-0.0604848
0.0418502
0.010958
0.00485289
-0.0383203
0.0123012
0.0159425
-0.00151521
0.062851
0.0126234
-0.0321893
-0.0298702
-0.0481626
0.0176091
0.431676
0.02543
0.0582854
-0.0552974
0.0341524
-0.102257
-0.00605776
0.0835499
0.158854
-0.0332649
-0.0378002
0.0302499
-0.480994
-0.343828
0.297553
0.00388523
0.325577
0.151421
0.0470933
-0.16442
-0.0363058
-0.144306
0.0613953
0.118737
0.127163
0.0214514
-0.188401
0.0387772
-0.00145862
-0.0379074
-0.0607516
0.0969198
-0.0643872
-0.040932
-0.107052
1.14554
0.380867
0.164081
-9.0585e-05
0.12569
0.108355
-0.346004
0.167383
0.0424038
0.00393115
0.098954
0.155972
0.0543519
0.0359661
0.0503846
0.0461332
-0.0770025
0.347089
0.202064
0.070745
0.00973041
-0.0796211
0.034476
0.0895977
0.19493
0.0415606
0.0221992
-0.0599585
0.0786109
-0.00394345
-0.0179917
0.00804414
0.0272996
0.1494
-0.266331
0.069476
-0.135581
0.171383
0.145429
0.150445
0.00933864
-0.0910285
-0.0810251
0.00409677
-0.00605826
0.00249613
0.176923
-0.0479563
-0.0636381
-0.304892
0.0178231
-0.00218319
-0.00716348
0.0563434
0.0723141
0.129934
-0.081579
0.0398853
0.00351382
-0.0124447
0.000376462
-0.039505
-0.0324262
0.0347696
0.116593
-0.125079
0.09985
-0.29718
0.0039758
-0.0841569
0.0515418
-0.0205313
-0.0173303
0.118597
-0.00388048
-0.000606627
0.0133755
0.0129732
0.0292524
-0.0486512
-0.0722819
0.0154226
0.0521768
0.0340278
0.0766881
0.167007
0.0646763
0.0275432
0.035826
0.0298871
-0.0156573
0.301707
0.0110227
0.0459041
0.0219858
-0.0996142
0.29252
0.0353043
0.0801619
0.0673837
-0.0261291
0.0421143
0.0192018
0.0276703
0.00311153
0.0214703
-0.021149
-0.0304066
-0.0171687
0.0415348
0.0146703
0.0427186
0.0315769
0.06598
0.0654434
0.0160757
0.0394322
-0.00280778
-0.0260909
-0.0278883
0.0681518
-0.00478914
0.0111121
0.0120869
0.00560549
0.0291925
-0.0275008
0.0179393
-0.0129174
-0.195994
-0.0161846
0.0174346
-0.0097332
0.0428071
-0.0313204
0.0312152
-0.0437511
0.0476109
-0.025858
-0.0310264
-0.0221312
-6.81132e-05
-0.000429888
-0.028261
0.0467035
-0.00961424
0.106134
-0.038414
-0.0168097
0.0884397
-0.0231564
0.0335618
0.0473104
-0.0379819
0.000311411
-0.0467758
0.024253
0.0472601
0.0210566
-0.0143726
-0.0139339
0.0237878
0.00522285
-0.0335347
-0.0215038
-0.0367972
-0.0204394
-0.00457893
0.0200254
-0.00943613
-0.0101629
-0.0485296
-0.030015
-0.0286102
-0.00786553
-0.0354863
0.00880686
0.0129972
0.130025
0.0758502
0.00701559
0.152411
0.0163592
0.0916537
-0.103485
0.176656
-0.0157441
-0.0314216
0.0160225
0.179538
0.183621
-0.00435584
-0.0972965
0.156077
-0.042091
-0.0105804
0.0959893
0.0619459
0.00500061
0.0936722
0.0462504
0.0366705
-0.157627
0.22569
0.16041
-0.0128851
-0.0339959
0.00602399
-0.0155295
0.0181015
0.115111
0.0614314
-0.0198163
-0.00278502
-0.0106144
0.0206565
0.0583394
0.00421
0.0259737
-0.0420123
-0.220224
-0.0386796
0.0850575
0.104487
0.096924
0.129299
0.227423
-0.00892826
-0.0220179
0.0234217
-0.00133473
0.0397542
0.023657
0.051469
-0.0688279
0.126004
0.196099
0.0115785
-0.047419
-0.0159083
-0.035743
-0.154881
0.0974104
-0.0482022
0.0308016
-0.00285685
-0.130955
-0.229344
0.0344119
-0.0272715
0.153907
0.317851
-0.0302601
0.265227
0.245904
-0.000825218
-0.0290706
-0.0697178
0.00407465
-0.138852
-0.0598546
-0.0240685
-0.0407552
-0.167146
0.00533803
-0.0185424
0.130558
-0.0156936
0.0497678
0.0328587
-0.0258176
-0.113551
0.399639
-0.0303665
-0.477204
0.0564799
0.0172507
0.306998
0.148696
-0.0490659
0.0255786
-0.306772
-0.119159
-0.189681
0.181087
0.294125
0.25367
0.141792
-0.244613
0.0526456
-0.0276404
-0.0380782
-0.0298287
0.00126785
-0.00559667
0.237561
-0.0347286
-0.26799
-0.184171
-0.0770473
-0.00579777
0.0675896
0.0419342
-0.0376295
0.0379143
-0.250367
-0.0129284
-0.0459256
-0.0159916
0.0285676
-0.0188506
0.0110162
0.0442421
-0.00641071
0.0407096
0.000518224
-0.0173758
-0.00287052
0.0410162
0.0413456
-0.0391052
0.023737
0.00931931
0.00343025
-0.0271596
0.046691
-0.0269084
-0.0127874
-0.039904
0.0411086
0.0432063
0.0275746
0.00161531
0.0391357
-0.0272359
0.00656851
0.0938737
-0.0246231
-0.0212144
0.0476208
-0.0226165
0.0468353
0.0258205
0.0265017
-0.00987528
-0.0272061
-0.0179295
-0.0149972
-0.0333638
0.00898787
-0.0181783
-0.0349637
-0.0232306
0.0215294
0.0411778
0.0377173
-0.000843397
-0.0147644
-0.0236535
0.0296574
0.0414885
0.0136898
0.0187384
0.00572959
0.00477752
0.000157481
0.029663
0.053367
-0.0536665
0.00331011
-0.00106749
-0.0356521
-0.0192084
-0.373679
0.121494
-0.0904761
-0.0120437
-0.0229474
0.00997749
0.0343571
-0.0382137
-0.0106814
-0.0124822
0.0162508
0.00499526
-0.0545531
-0.00133058
-0.0491949
-0.00152751
-0.0666241
-0.013863
0.023357
-0.209137
-0.0915576
-0.0674141
0.0244704
0.0514334
-0.0318574
-0.0192668
-0.0884117
0.0431086
-0.0126192
-0.0777819
-0.0723163
-0.0311305
-0.0273161
-0.0589527
-0.00330245
0.0365134
-0.0620813
-0.0139284
0.022283
-0.0455337
-0.0128057
-0.123106
0.257518
0.194027
0.0342924
0.00417638
-0.0973962
0.0419416
-0.123205
0.0586772
0.00759298
-0.0274061
0.0213969
0.0910278
0.0119276
0.00402338
0.0491674
0.0212122
-0.0107335
0.104353
0.00141931
-0.013369
0.0415711
0.0119793
-0.0451741
-0.0669916
0.0550356
-0.000915922
-0.0803713
-0.0328017
0.039298
-0.00123989
-0.0334957
-0.0296291
0.0396405
0.0360113
-0.005274
0.00404302
0.0724996
0.0295769
-0.0323799
0.0368959
0.0231938
0.0299064
0.0334919
0.00594435
0.038985
-0.0179668
0.0816723
-0.0239688
-0.09476
-0.104598
0.0264807
0.00331538
0.0389193
-0.0332694
-0.0597784
0.0168818
-0.0136883
0.0385924
-0.0377855
0.0418351
0.0568904
-0.0244961
0.0427386
-0.015346
0.0352175
-0.00521785
0.0206018
-0.0250967
0.0251737
-0.0425953
0.0132889
-0.00229747
-0.0269868
-0.0113991
-0.0339473
0.00862151
-0.0442878
-0.0350013
0.0366822
0.00109691
-0.0508956
0.0188083
0.0168967
-0.0076779
-0.008757
0.0373303
-0.0718222
-0.0180651
-0.0217616
0.0340337
-0.000834414
-0.0140808
-0.0361857
-0.0179122
0.00958327
0.0189246
0.0489118
0.053135
-0.0590476
-0.0480397
0.0108076
0.0486594
0.0365716
0.0379834
-0.038955
0.0332629
-0.0377365
-0.00120087
0.0431839
0.00738785
0.059665
-0.0155822
-0.0324988
-0.000902515
-0.0477636
-0.0221878
0.0433353
-0.0113201
-0.0278494
-0.0222498
0.0190494
-0.0331812
-0.00626019
0.037985
-0.0106724
0.0270824
0.0327008
-0.0490542
0.0377912
-0.0256973
0.0324742
0.0301918
-0.0405442
0.00781046
-0.0328955
0.00420938
-0.0287791
0.000486433
0.0144234
0.0197378
0.0311488
0.0134481
0.0117386
0.0280651
-0.0042838
0.043375
0.0305954
-0.0365303
0.00665453
-0.0100037
0.0152263
-0.00130102
-0.0396125
-0.0451526
-0.0353197
0.00937496
-0.0291735
-0.00641812
0.0268816
0.0456771
-0.0262005
0.0120643
0.040137
0.0389941
0.0413012
0.0102769
0.0346531
0.0172259
-0.0304087
-0.0155822
0.0148135
0.00877814
0.0310093
-0.0369225
-0.0329536
0.0139774
0.00680396
-0.0171111
0.0415077
0.040053
0.0245497
0.0313552
-0.0517271
-0.0179235
0.0376683
0.0221732
0.0430908
0.00489704
-0.0158001
0.099735
-0.0498861
-0.040032
0.052636
-0.0114888
0.047383
-0.0172149
0.0477942
0.0224661
-0.0515808
0.0161767
-0.0122627
0.00381404
-0.022249
0.0336007
-0.0579594
0.013993
0.0109503
-0.00261161
0.0318434
-0.0350111
0.0299653
-0.0258898
0.00057415
0.0375849
-0.0107277
-0.0407262
0.0252359
-0.0473165
0.0441127
-0.00836558
-0.0712664
-0.0140107
-0.0211989
-0.0433605
-0.0758525
-0.0114129
-0.00102763
0.000854552
0.0130798
-0.0293099
0.0104592
-0.0184892
-0.00896848
-0.00472794
-0.0482722
-0.0211998
0.0295472
-0.0555635
-0.0232342
-0.0272746
0.0612774
0.000602977
-0.0205657
0.0402107
0.00756914
0.0696826
-0.0214361
0.0658545
0.0127404
-0.0232748
0.0086002
0.0365567
0.0773334
0.0347856
0.0296235
0.0648373
0.00789299
-0.124426
-0.0757127
-0.0480877
0.0889819
0.0302391
-0.0083515
-0.0359504
-0.056284
0.0353507
-0.0584134
-0.0783815
-0.0286684
-0.0323964
0.056173
-0.00633929
0.0331922
0.025532
0.00268728
-0.0124561
0.0172264
0.0167917
-0.00377428
-0.0485441
-0.0207988
0.0420458
0.03708
0.123202
0.00396276
-0.0141742
0.00183108
-0.0429311
0.0435653
0.00605218
0.0777343
0.0319325
-0.0126923
0.0276265
0.0398149
-0.0196749
-0.0205752
-0.00233474
-0.0361387
-0.0198338
0.0620598
0.064215
0.00217408
-0.0211505
0.00427704
-0.0908062
-0.0288069
0.00315715
0.048202
0.0342185
-0.0325176
0.0324005
0.0463215
0.0277362
-0.00747307
0.0103461
0.033644
-0.0232006
-0.00749285
0.019744
-0.0076378
-0.00653406
-0.0159419
-0.0293276
0.0187703
-0.0353384
-0.00614997
-0.0303563
0.0214883
0.0302361
-0.0323327
-0.0270887
-0.02081
0.0430863
0.0175339
0.0334287
0.0714813
-0.0295205
0.0401284
0.00655537
0.00519172
-0.00722615
0.0392899
0.0461013
-0.0210312
0.000862739
-0.00683297
-0.00420671
-0.0454503
0.00972875
0.0459002
0.0440765
0.0119216
0.00140553
0.0453856
0.00173425
-0.0488663
0.0121575
-0.01281
-0.00741098
-0.0285783
-0.0166883
-0.0147754
0.00038871
-0.00460296
0.00484429
0.00134141
0.0363493
-0.0591704
0.0240859
-0.0287501
0.0186679
-0.0544669
-0.0686329
0.0541503
-0.0329433
-0.0203249
0.00104297
0.048007
0.027587
0.075608
-0.00984702
0.0228827
0.0208896
-0.0476113
-0.0880958
-0.00903796
0.0216191
-0.00533707
0.0185385
-0.0215599
0.0185408
-0.250593
-0.167851
-0.247415
-0.00954304
0.0801615
0.0711777
0.0609839
-0.0630825
0.0369698
-0.0583702
-0.0282073
0.00561767
-0.0358272
-0.0399278
0.054565
0.0135214
0.0493271
-0.0339638
-0.0379972
-0.0661404
-0.0232825
0.0244596
-0.000907286
0.160707
0.133443
0.0757348
0.0313046
-0.11833
0.07482
-0.0195854
0.0574457
-0.0640508
-0.00201102
0.0451303
-0.0376782
-0.0403978
0.0443341
0.0982251
-0.0357777
-0.00121474
0.144424
0.0112184
0.0861199
0.00311732
0.121499
0.0377038
0.00907117
0.0575663
0.016195
0.0233679
-0.0205696
-0.0911291
0.0102808
-0.135831
0.0291501
0.0360382
-0.0173515
-0.0392998
0.00442752
0.0761095
-0.058386
0.0327426
-0.0553451
0.0382123
0.051444
0.00254664
-0.00567093
-0.0320492
-0.0470554
0.0313464
0.00262094
-0.175812
-0.0016743
0.0473722
-0.00754001
-0.0882507
-0.0769984
0.0598836
0.0120165
0.0167682
0.0368337
0.00996197
0.0064558
0.0424031
0.0259515
-0.0385849
-0.00748626
-0.0272448
-0.038433
0.00665714
-0.000964426
-0.0222428
0.00571199
-0.0164103
0.0110806
-0.0391886
-0.0229673
0.0373013
0.0155198
0.0335247
0.0358874
-0.0317903
-0.0295711
0.0268921
0.0355972
0.0133334
-0.0193529
-0.0372819
-0.0638093
0.0356069
-0.00431799
0.00874038
-0.057428
-0.00660287
0.0772893
0.0223159
-0.0176754
0.0485958
0.116132
0.101335
0.0504246
0.0838774
-0.0420047
-0.00407355
0.0248515
0.0387047
-0.0455026
0.0246491
-0.0177838
-0.0471778
-0.0318896
-0.0474725
0.0207314
0.0173397
0.0346045
0.00675493
-0.0377089
-0.00696067
0.0155182
0.0259023
0.0274544
0.0637012
-0.0266386
0.0021938
-0.0256603
-0.00550817
-0.0125943
-0.0172054
-0.0454575
0.0403927
0.00551456
0.0240495
0.0209297
0.00260038
0.00715712
-0.00314223
0.0187516
-0.0140681
-0.00327054
-0.0296161
-0.0454203
0.00338107
0.0120014
-0.0157887
-0.00745086
-0.0272136
0.0397919
0.0708275
-0.0124134
0.00700296
0.0105996
-0.0421557
-0.0163173
0.00925996
-0.00577548
0.0698704
0.0362939
0.0311386
0.034444
0.00330098
0.0181855
-0.0129134
0.000748477
0.02582
0.00668063
-0.00307747
0.0461425
-0.00737917
-0.0109979
0.0405476
0.0481537
-0.0138482
-0.0197598
-0.0133815
0.0340896
0.0618651
-0.0470371
-0.00244245
-0.0366503
-0.0123738
-0.061076
0.0354209
-0.00591451
-0.0423567
0.186115
-0.0191357
0.0366142
-0.0291702
-0.0390571
-0.0362772
-0.00296689
-0.0410127
0.0398507
-0.0353341
0.0654214
0.0709816
0.0547389
0.0633297
0.021901
-0.0184254
0.0116802
-0.0150364
-0.0246771
-0.0484418
-0.0742153
-0.00287614
0.0963414
0.153361
0.0228971
-0.0287484
0.0566266
0.0641677
-0.020742
-0.0419151
0.0214578
0.0831042
0.0239796
-0.0265429
-0.0066615
0.0772638
-0.0267004
-0.0335966
-0.0506194
-0.116837
-0.0123314
-0.13651
-0.023595
0.00145758
-0.0125558
0.0316264
-0.0208481
0.00857861
0.00893719
-0.0406563
-0.0220749
0.0610553
-0.0397277
-0.0804986
-0.0402378
0.00211437
0.0190542
-0.0344608
0.0142737
-0.128917
0.157537
-0.0081927
0.0407188
0.0493331
0.0636274
-0.0373941
0.0955083
0.0224907
-0.0160361
-0.0606486
-0.0233895
-0.0523817
-0.0370848
-0.0342427
-0.0136465
0.0432784
0.0635493
0.000223614
0.0125519
-0.0355878
-0.0266417
0.00481699
0.013492
0.0731527
-0.0384465
0.111706
0.0877098
0.0170717
0.0576668
-0.0370036
-0.148694
-0.0416828
-0.0070967
0.0970733
0.0279195
0.00543276
0.0277364
0.045857
0.0475226
0.0269191
0.233294
0.0568761
0.166404
-0.0631385
-0.0914374
-0.0594206
-0.0718104
0.000954118
-0.0353
0.0953675
0.0368204
0.0539424
0.015922
0.0153936
-0.0801011
0.115351
-0.0636141
-0.0315151
-0.0288115
-0.0692475
-0.0227194
-0.0420453
-0.0467656
-0.00565808
-0.0911977
0.0192465
-0.0137137
-0.035828
-0.0280277
0.0272391
0.0064711
0.042841
0.0248065
-0.0103537
-0.0370716
0.0247265
-0.000125264
0.0299157
0.00464381
0.0106677
-0.0326603
-0.00574859
0.0449617
0.0152175
0.00363518
0.0294326
-0.038934
-0.0262834
-0.0298987
-0.0392992
0.0366056
-0.00637378
0.0205778
-0.0459695
0.015018
0.0536319
0.0131591
0.000545388
-0.0321891
-0.0205329
-0.0309311
0.00746171
-0.0190522
-0.0190076
0.0171511
-0.016689
-0.0202102
0.0396934
0.0430144
0.00425042
0.0129898
-0.015736
0.0208458
-0.037644
-0.0154027
0.0462018
-0.019546
0.0345826
0.0253562
-0.0156994
0.0128492
0.0047411
0.046693
-0.00841897
0.00445024
0.0415296
0.0295186
-0.00554988
-0.0288923
-0.0347374
-0.0384934
-0.0620174
-0.00519881
0.0314335
-0.0442857
0.0441659
0.00924821
-0.0327791
0.0320109
-0.0386848
0.0476842
0.00532073
0.0593989
0.0111174
-0.0162508
0.013604
0.0486919
-0.0602707
-0.00895524
0.000395404
-0.0462854
0.0684178
0.0576522
0.00551417
0.00629816
-0.0622367
-0.0559047
-0.0634809
0.0224727
-0.0329849
-0.00216836
0.0238494
-0.00849305
-0.0342453
-0.0128262
-0.0379312
-0.0211081
-0.0390494
0.0469097
0.045759
-0.0553194
0.0490341
-0.000212373
-0.00651701
-0.0865867
-0.126024
-0.00931882
-0.0367537
0.0811442
-0.0482199
0.00323225
0.0054496
-0.00626075
-0.0149889
0.0331584
-0.0325199
0.0225059
0.0151508
-0.0637508
-0.012163
0.00854414
-0.0393408
-0.000856964
-0.0530337
0.0315448
0.00166291
-0.0443512
0.0667095
0.0201576
0.039745
0.00250789
0.0196906
-0.0215289
-0.0537451
-0.00617341
0.0282851
0.0247228
0.00864883
0.0493167
-0.0206282
-0.0517407
-0.0331014
-0.054215
0.026737
0.0620724
7.51826e-05
0.00599721
-0.0245889
0.0358488
-0.0447277
-0.028285
-0.0207064
0.0395646
0.0243928
-0.027068
-0.0292187
-0.032847
0.00911285
0.0370952
-0.0212215
0.0236306
0.0402925
-0.0448944
0.0373692
-0.099642
0.0138237
-0.0225921
-0.0463702
0.0414295
0.0224093
0.0247206
0.0146528
0.0459735
-0.0504662
0.0165378
-0.00603469
-0.0349404
-0.00901138
0.0109214
-0.0133075
0.0165462
0.0320547
-0.00308776
0.0256502
0.0782975
0.0397695
-0.0331379
-0.0272801
0.0358103
-0.018876
-0.0155945
-0.0283745
-0.0252612
-0.0139395
-0.0320682
-0.00610267
0.021209
-0.0297901
-0.0396238
-0.042288
-0.0734822
-0.0502037
0.0190975
0.0674486
0.00893603
-0.002036
0.0196719
-0.0240962
0.0232641
0.0638749
-0.00255685
-0.021388
0.00977976
-0.0336092
0.0150141
0.0158324
0.017049
0.0260335
0.0382462
0.0109292
-0.0441817
0.0413766
0.0143972
-0.0457155
0.0341281
-0.0201159
0.0101747
-0.0112323
-0.0160308
0.015969
0.00372416
-0.0236866
-0.0183376
0.0201846
-0.00489754
0.0306036
-0.0194427
0.00143538
0.0433121
-0.0397805
-0.0171943
-0.00582231
-0.0370204
-0.0029471
0.0276411
0.0133039
-0.0212375
0.0201051
0.0303484
0.0076568
0.0233427
-0.0435892
0.000451518
-0.00177446
-0.0146872
-0.0347551
0.0328968
-0.0453396
0.00619183
-0.0259173
0.00137367
0.0117192
0.0307352
-0.00350932
-0.0382471
0.0615114
0.00879663
-0.000576318
-0.0186552
-0.00640164
0.0322752
-0.000882352
0.037712
-0.0139387
0.0267162
0.0280236
-0.00655108
0.00982297
0.0192629
-0.0240469
0.0112355
0.0208842
-0.00757498
-0.0168915
0.00810161
-0.00301963
-0.0354272
-0.0518587
-0.0201342
-0.0203591
-0.0163435
0.0472648
0.0299241
-0.0381137
0.0334074
0.0501379
-0.0278714
0.0197977
-0.0486467
-0.0379812
0.000252316
0.0296155
0.0399321
-0.032985
0.0211871
0.0124354
0.00494951
-0.00600151
0.0276039
0.0354726
0.0221013
-0.0291209
-0.00721468
0.0223618
0.0720914
-0.014457
-0.0546876
-0.0349905
0.0487847
0.00927167
-0.0124253
-0.0385914
-0.0422868
0.0222081
0.0587819
-0.0108869
0.0246976
0.0145074
0.0785865
0.0421008
-0.0416148
0.050995
0.0461978
-0.0086559
-0.0265861
-0.0522738
-0.0152624
0.0217203
-0.0244598
-0.00824775
0.0265156
-0.024782
0.0147996
0.0550708
0.00869626
0.075942
-0.0542572
-0.0566006
-0.047313
0.0131683
0.0239896
-0.007057
0.027856
0.0397931
-0.0111227
0.0385931
-0.0388414
0.0499492
0.0369508
0.0223991
-0.0237267
0.033335
0.0428465
0.0161227
-0.0474782
0.00361377
-0.0474177
-0.0281249
0.0724781
-0.0631424
0.102346
0.0459182
-0.0177415
-0.0159553
-0.026801
-0.031501
-0.0237366
0.0325365
0.0447178
-0.0461608
-0.00152549
0.0448191
-0.0201035
0.0128569
-0.038622
-0.0903203
-0.0340114
-0.0465657
0.0114273
-0.0502527
-0.00995314
0.0394928
0.00108973
-0.00795656
-0.0342104
0.00637256
-0.0386453
0.0207435
0.0387786
-0.0279572
-0.0250675
-0.0675351
-0.011387
0.0134975
0.0227712
0.0288276
-0.0393415
0.00609877
0.012499
0.0383548
0.0239071
-0.0424686
-0.0159607
0.0106906
-0.00110805
0.0102644
0.0369429
-0.0117017
-0.0358942
0.0062919
0.0313898
-0.0334324
0.0423833
0.0176756
0.0268174
0.011453
-0.0348937
0.00801953
-0.0106238
0.0286823
0.0448744
-0.0106555
0.0105024
0.0038264
-0.0282201
-0.0357336
0.0284116
-0.0287101
-0.0118519
-0.0419135
-0.0402001
-0.0417634
-0.0348053
0.0206443
0.00515353
-0.0465619
0.023555
0.0122653
-0.0141695
0.0332575
-0.0306019
-0.00688523
0.0332869
0.0290495
-0.0116476
-0.0424299
-0.0370983
0.0368181
0.0386122
0.0425475
-0.0366691
0.0303326
-0.00374496
-0.0109749
0.0160397
-0.0105053
-0.00268622
-0.0299744
-0.011907
0.0150407
-0.0264558
-0.0430495
0.00796427
0.00849427
-0.0383446
0.0374979
0.0339167
-0.022753
0.0199033
0.00890133
-0.0305749
0.0196186
0.0405492
-0.0359395
-0.0785327
0.0338999
0.0291447
0.0307546
-0.0430942
-0.06044
0.0391496
-0.0343818
-0.016745
-0.00275468
0.0089551
-0.030883
-0.113074
-0.0303758
-0.0440295
-0.0208083
0.0797806
0.0162746
0.0238193
-0.0309435
-0.0183245
0.0476071
-0.0562999
0.02841
0.0391924
0.040263
-0.0934191
-0.02711
0.0110965
0.0105607
-0.0588324
-0.0129127
0.0392477
0.0477288
0.0349014
0.136837
0.0605807
0.0570849
-0.0318464
-0.0781635
0.0382651
-0.0521138
0.0300953
-0.0193053
0.0334512
0.0662624
0.0437643
-0.00208332
-0.0363393
0.00897797
-0.0313447
-0.0198361
0.0372043
0.063172
-0.0407037
0.0159039
-0.00740265
-0.0456652
0.0500449
0.0489042
-0.0123719
-0.0308575
-0.0396838
-0.0749774
-0.033089
0.0151956
-0.0384525
-0.0125931
-0.0703621
-0.032683
0.0226166
-0.0240435
-0.0242039
0.0436762
0.0535485
-0.0134659
0.0761363
-0.0285553
0.0243904
0.0493571
-0.0099898
0.061852
0.0450747
-0.0395412
-0.0737245
-0.0652201
0.00599863
-0.0435068
0.00147724
-0.00868939
0.0170639
0.0257117
-0.0124875
0.035467
0.0110614
-0.0849932
0.0360358
-0.0205645
-0.0151156
0.019404
-0.0496321
0.00336138
-0.00456901
-0.006673
-0.00893328
-0.00298974
0.0352247
0.0132071
-0.0312882
-0.0470319
-0.0322203
0.00768373
0.0317547
-0.0217163
-0.00703069
-0.00899151
-0.048658
-0.0291787
0.0575661
0.0214211
0.0146533
-0.0127054
-0.00328334
-0.0033212
0.0228168
-0.0106364
0.0900022
0.0165529
0.0336801
-0.0395319
-0.0417636
0.0335919
-0.0473711
-0.0882148
0.0210211
0.0672244
0.024673
0.00274825
-0.00796863
-0.0437786
0.0183736
-0.0424606
0.0125334
-0.00208404
0.0348592
0.0500269
0.0601155
0.0415441
0.0447167
0.0119609
0.0213215
-0.0478468
0.0299281
-0.0122465
0.0353865
-0.0310472
-0.0284047
0.0021242
-0.0115798
0.0372742
-0.0249325
0.00882862
-0.031715
0.023737
-0.0171368
0.0044015
0.0388894
-0.00317152
-0.0257028
-0.0452405
-0.00253819
-0.0150296
-0.0183093
-0.0298848
-0.0134741
-0.0123842
0.0102886
0.0392084
-0.000283861
0.0481588
-0.011053
-0.0274554
0.00376171
0.00677793
-0.0119521
-0.0420076
-0.0212845
0.000155137
-0.00240392
-0.0407143
-0.0103366
0.0453994
-0.0259037
-0.0207362
0.00824693
-0.038599
-0.0601412
-0.0083315
0.050791
0.0424262
-0.0419512
0.0270384
0.0366115
0.0436106
0.0170357
0.0129572
-0.000169787
0.0105328
0.000619588
-0.00141955
0.00102974
-0.0439232
0.013688
-0.0396732
-0.0134984
-0.00923993
-0.00414742
0.0329091
0.00107662
0.0340925
-0.0621456
0.0137228
-0.0217624
-0.0201119
0.00821186
-0.0156772
0.0615375
-0.0564112
0.0480631
0.0406342
0.0308749
0.0154901
0.0214461
0.0104987
0.0348227
0.0484828
-0.00271487
0.0228156
0.0628486
-0.019389
0.0112325
0.00881799
0.0243251
0.026431
-0.00248698
0.00923102
-0.00923653
-0.0669843
0.0243102
-0.0310098
0.00248498
-0.0107
0.0107215
-0.0445197
0.0174412
-0.00586888
-0.00882547
-0.0707135
-0.0271406
-0.0283716
-0.0211916
-0.0250043
-0.0501835
-0.00999269
-0.0126255
-0.0092803
0.0355029
-0.0209826
0.0150206
-0.0236704
-0.0526158
-0.0178564
-0.0232017
0.0243503
0.0303677
-0.0391082
0.0690474
0.00994185
0.00458157
0.0362597
0.0386835
0.0522603
-0.0450836
-0.012263
-0.022667
0.0299471
-0.0240581
0.040938
0.0330939
-0.0215476
0.0420769
-0.0443642
-0.0154271
-0.0687667
-0.0134748
0.0247425
-0.0612619
-0.0581347
-0.0115648
0.0687658
-0.0105628
-0.023086
-0.044335
0.0420657
-0.0251323
-0.0246565
-0.0613188
-0.00666969
-0.0174086
-0.0200369
0.0152421
-0.0177805
0.000661681
-0.0315236
0.0366118
-0.0389266
0.0424366
0.0374178
0.000314273
0.0166301
-0.0427906
-0.0206872
-0.00140263
0.00468657
0.0116871
0.00837232
0.0385528
-0.0382718
-0.0236394
-0.0191771
0.00861074
0.0495923
-0.0917206
0.0164636
-0.0501933
0.0563844
-0.00837923
-0.029833
-0.0128325
0.00897087
-0.0726836
0.00838076
0.0327679
0.0390815
-0.0468802
-0.0141413
0.0325228
0.0257312
0.0247531
0.03141
0.00898848
0.0440427
0.0470047
-0.0373204
-0.00961102
-0.00871295
-0.00321933
-0.0310674
0.00264411
-0.0230542
0.0177251
0.0125597
-0.0148667
-0.0102386
0.0118787
0.0242493
-0.0329414
-0.033948
0.0323073
0.0400985
-0.0160571
-0.0134636
-0.0295501
-0.0235865
-0.0432923
0.0273242
0.0252304
0.00553818
-0.0363004
0.0105828
-0.0199442
0.036469
-0.0327898
-0.0321165
-0.00561385
-0.0325372
-0.00804775
-0.0432374
-0.0334358
0.0331497
0.0114137
0.0346824
0.0467792
0.0302723
-0.0231667
0.0308464
-0.0319941
-0.0410787
-0.04691
0.0181646
0.015992
-0.0470024
-0.0239844
-0.00728242
-0.0288015
-0.0315396
0.0123561
0.0376356
-0.0766573
-0.0209286
-0.0289669
-0.0160399
-0.0202034
0.0321123
-0.00736524
-0.0350285
-0.00331751
0.0203109
0.0216992
0.00791369
-0.0121214
0.0160941
-0.00921913
0.0360126
-0.0319012
-0.0439018
0.0365086
-0.0612768
-0.00478385
-0.0614186
0.0318922
-0.0137347
0.0338139
0.0353271
0.0218139
0.0082184
0.0277507
0.0341963
0.0303668
-0.041579
-0.0440352
0.0398314
-0.0430309
0.0134212
0.0516294
0.0297499
-0.0606609
-0.00274334
-0.00983227
0.0180735
-0.0630061
0.0207383
0.0430835
-0.0214993
0.00138727
0.0183238
0.0493302
-0.00617446
-0.00472177
-0.0268032
-0.0307679
-0.0320543
-0.0162042
0.0065694
0.022567
-0.00427995
-0.0279348
-0.0208
0.0015354
0.0196052
-0.0345715
0.0357679
-0.0222114
-0.0561995
0.029195
-0.00147975
0.0420683
0.0166742
-0.046686
-0.0616656
-0.0415564
0.0258694
0.0325987
-0.0538512
-0.0321592
-0.0146927
0.0181291
-0.0619128
-0.014201
0.00295464
0.028339
0.0450189
0.019908
-0.0459059
-0.0109892
0.000983407
0.0497782
0.00824638
-0.0628538
-0.0478202
0.043738
-0.0262072
0.0033266
-0.0255422
-0.0323897
-0.00512394
0.00664616
-0.00548529
0.0199566
-0.0253843
0.0698966
-0.0109761
0.0419184
0.0167998
-0.00653138
0.0401739
-0.0531352
0.00306196
-0.0523879
0.00169039
-0.000288712
-0.0329683
-0.0272189
-0.0457173
0.041803
-0.0127789
0.00245585
-0.0218165
0.00298741
0.0365467
0.005414
-0.0246844
0.0114478
0.0344801
0.0162748
0.022685
-0.00318427
0.044775
0.00389251
-0.0255861
-0.0418445
-0.0395066
0.0450151
0.00753374
0.0383741
-0.0402432
0.0583896
0.00586382
0.0257194
-0.00995079
0.0147277
-0.0131112
-0.0187983
-0.0109802
-0.0176385
0.0013339
0.0102544
0.00845081
-0.0325871
0.0344748
-0.0391274
-0.0460117
0.0348454
0.0290275
0.0415835
-0.00263196
-0.00270912
0.00662626
-0.0199242
0.0197217
-0.00854614
0.0327177
0.021765
0.00316055
-0.0204071
-0.0373123
0.0457557
-0.0282066
0.00435068
-0.0220103
0.013855
0.0259155
-0.0250935
0.0110679
0.0443942
-0.00946767
-0.0373205
0.009545
0.00931569
0.0186593
-0.029862
0.0231195
0.0331934
0.00969082
-0.0172203
-0.0365318
-0.0226594
0.0142253
-0.0177197
0.0279513
0.0233459
-0.0207177
0.0103329
-0.0170046
0.0310424
-0.0385203
-0.0239233
-0.0123169
-0.0283401
-0.0146835
0.0151971
0.0449253
-0.0562999
-0.0080667
0.0408977
-0.00775997
0.0338905
0.0060293
-0.0483633
0.0330812
-0.0426549
0.0344491
0.0167296
-0.0472929
-0.021837
0.00466851
0.0295173
0.0422231
-0.00943523
0.0588214
0.0267828
-0.00472709
0.0420527
-0.0398212
-0.00714735
0.0491761
0.0487274
0.00996117
-0.0110678
0.0445839
0.0254189
0.00515356
0.0391036
0.0235855
-0.0384709
0.0181281
-0.0472568
-0.0395692
0.0142041
-0.00227875
-0.0408752
0.000905562
-0.00315497
0.0102893
-0.0287659
-0.0429963
-0.0275393
0.0345742
0.0193484
-0.0175015
0.00124891
-0.0117461
0.0197823
0.0156792
-0.0244752
0.000212721
0.0116121
-0.0230556
-0.0278536
0.045696
0.00545783
-0.0429756
0.00401715
0.00622919
0.0180976
-0.0251494
0.0374559
0.00212528
0.02499
0.0115729
-0.0500232
-0.00577655
0.0140525
0.033562
-0.0267033
-0.0204821
-0.00185965
0.0289252
-0.0436402
-0.031552
0.0929051
-0.100643
-0.0377761
0.0251515
-0.00837189
-0.0337919
0.0144983
-0.0155069
0.0103011
0.0349124
0.0035735
-0.0781832
-0.0236141
0.00174562
0.0608044
0.0202421
0.00993477
-0.0330515
0.0225179
0.0451817
0.0167445
-0.0201177
0.0534632
-0.0534267
-0.00845781
0.0180485
0.0786606
0.0387795
0.0229084
-0.0343344
0.030889
0.0203186
0.0158688
0.00750668
-0.0174373
0.00018177
0.0234937
-0.0413034
-0.0120293
-0.0108281
-0.00981085
0.0311557
-0.0197215
0.0474844
0.0100495
-0.0157441
0.0462907
0.0425609
0.0248108
-0.0394214
0.00891343
0.059406
0.00175026
0.0119465
-0.038051
0.0177458
0.021443
-0.00501749
0.0367369
-0.0486281
0.0345303
0.00927229
-0.0420222
0.0259789
-0.0057059
0.00455918
0.0442171
-0.0452757
-0.00306027
-0.00278115
-0.0332796
-0.0203375
0.00696589
-0.018648
0.00679907
-0.0410882
-0.0365825
0.0449939
-0.0440195
0.0120404
0.0463833
0.0470779
0.0261679
-0.0445954
0.0023897
-0.0288723
-0.0408976
0.0189142
-0.0149601
-0.00735228
0.0279267
0.00834583
-0.00181956
-0.0215597
0.0461195
0.0379059
0.00702914
0.00726314
0.0135182
0.0445964
-0.0368537
-0.0370177
-0.040903
0.0244466
-0.0169432
-0.030116
-0.0403771
0.019815
-0.00131037
-0.00310907
-0.0262802
-0.0134291
-0.0376672
-0.0109806
-0.0420107
0.0179807
-0.0360394
0.00643782
-0.0241509
-0.0486226
0.0370328
0.0141934
-0.0323673
-0.0075329
0.04228
-0.0545484
0.0576144
0.0373945
0.00168195
-0.015396
-0.0411518
-0.025553
-0.0134175
0.0731777
0.00927276
-0.0100232
0.00635693
0.0250012
0.0307976
-0.00987469
-0.128952
-0.0510916
-0.0259716
-0.0338594
0.0282637
0.0387644
0.0321024
0.0450377
-0.0352427
-0.0160181
0.0419527
0.0107233
-0.137426
-0.0585206
-0.00597273
-0.0222348
-0.000106699
-0.0787207
-0.0311133
-0.037484
0.0202031
0.00296352
0.0320537
0.00462365
-0.000241481
-0.0148413
-0.0342428
-0.00209981
-0.0359603
0.0164619
0.00556829
0.0280369
0.0129779
0.0492412
-0.0542068
0.0761908
0.0566708
0.0423929
0.02675
-0.0854735
0.0117881
-0.107019
0.0331249
0.00444394
-0.0599799
-0.0243852
-0.0392191
-0.0483131
0.00013806
0.108526
0.021786
-0.0514583
0.0747518
-0.0311112
-0.0182717
0.00513396
0.0514955
0.0219005
0.0251116
-0.044525
0.0454838
-0.0734947
-0.0354764
-0.0217254
-0.00296137
0.00722275
0.00743585
0.0280685
-0.017734
-0.0140672
-0.0276735
-0.053462
0.049736
0.0199754
0.0133687
0.0413677
-0.00716529
-0.00402549
0.0242277
-0.00182445
0.00577051
0.0439693
0.030023
0.00716841
-0.079998
0.039198
0.0245533
-0.0447156
-0.0508061
0.0276935
-0.011322
0.0489827
-0.0481768
-0.0501729
-0.0435525
-0.038439
0.0304493
0.0487192
0.00808303
0.0258919
0.00764592
0.0207709
0.0498039
-0.0308849
-0.000266681
-0.0294331
0.0446268
-0.0295299
-0.0309924
0.0019932
-0.0360325
0.0018066
0.00229281
-0.0223719
-0.0467633
0.0314634
0.00311638
-0.00725448
-0.0190397
0.0300232
-0.0231401
-0.045733
0.0188535
0.0191527
-0.0447207
-0.035403
-0.084581
-0.028813
-0.0319781
-0.0220705
-0.00999252
-0.00446576
-0.0470421
0.021879
-0.027697
0.024625
0.0123624
-0.0436741
0.000838161
-0.0295331
0.020764
-0.0289803
0.0287177
0.00220555
-0.0279501
0.0407529
-0.00190841
-0.0460557
-0.0402936
-0.0112308
-0.00628351
0.0102053
-0.0473114
0.0631105
-0.00425992
0.036051
0.0131605
0.0102108
0.0265104
0.0335904
0.0100319
0.0429358
-0.0103913
-0.0266728
-0.0220183
-0.0221977
-0.0309206
-0.0061105
0.00632539
-0.020883
-0.0434497
-0.0122251
-0.0117739
-0.0423199
-0.00123031
-0.0310578
-0.0199955
-0.00505013
0.00902452
-0.0326778
-0.0241237
0.00895576
0.040472
0.0387112
-0.0420475
0.00772569
0.0211139
0.00164735
0.0252645
0.00159314
-0.025967
-0.00293425
-0.0235378
0.0134175
-0.0343934
0.0156885
-0.0372713
-0.00530012
0.00333767
0.0350429
-0.0355581
-0.00641338
0.0488602
0.0283558
-0.0391489
0.0450812
-0.0232486
0.0235835
-0.0018331
0.0463927
-0.0295878
0.0131255
0.0365688
-0.0243306
-0.038729
0.0335604
-0.00345122
-0.0183299
0.0155051
-0.038645
-0.0532628
-0.0012638
0.041081
0.00918622
0.00487247
0.0350625
-0.000439904
-0.0092617
0.0459247
-0.055783
-0.0571834
0.0092437
-0.0105963
-0.0534606
0.0394231
-0.0295862
-0.0134961
-0.054715
-0.0133805
-0.00782253
0.0192333
-0.0513896
0.0465354
-0.0351722
-0.0131055
0.0296826
0.0130035
0.0121967
0.0321207
0.0083134
0.0410891
-0.0860554
-0.0478646
-0.0303222
0.00908371
-0.0452095
-0.057555
-0.0403086
-0.0540184
-0.00242086
-0.0417115
-0.0489621
-0.00220793
-0.0182896
-0.0197368
-0.0287344
-0.0299601
0.0361987
-0.0643006
-0.0129634
-0.107396
0.00736496
-0.00535099
-0.0580302
0.0419905
-0.073428
0.00685662
0.000224604
0.0494398
-0.0197373
-0.0196039
0.00434135
-0.0199101
0.011647
-0.030645
0.027001
0.0305796
-0.0153332
0.0175497
0.0266986
0.0611868
-0.0104141
-0.000515352
-0.0458532
0.0256875
0.00252544
-0.00257586
0.0460662
0.0170999
-0.0292877
-0.0166602
0.025524
-0.0292172
0.026736
-0.0313529
-0.00245189
0.0374832
-0.0308319
0.0195942
0.0301457
0.047934
-0.00482857
0.0422458
0.0400295
0.010807
0.00165089
-0.0232898
-0.0545634
-0.0247742
-0.0538076
-0.00989226
-0.0225251
-0.0370356
-0.0421173
-0.0108727
-0.0318439
-0.0322565
0.00150712
0.0523064
-0.00900284
0.0305398
0.0369427
-0.00135733
0.00035412
0.0487829
0.0248355
0.0266255
-0.0475371
-0.020861
-0.0449627
0.00858641
-0.00346415
-0.0422238
0.0436458
0.00169192
-0.0258104
-0.00877243
-0.00319667
-0.00129547
-0.0255066
-0.0167005
-0.00382772
0.0153881
0.0475268
-0.00971665
0.0356359
-0.0467535
0.0343516
0.0139486
-0.00945875
0.0262825
0.0228675
-0.0387593
-0.0370609
0.0251222
0.00849094
-0.0436098
-0.0150108
-0.0421512
0.0444658
-0.00879394
0.0629364
0.0325953
-0.00208724
-0.0441385
-0.00280987
-0.0215137
0.0215703
-0.0391184
-0.0401659
0.0339449
-0.00742773
0.0437313
0.0335354
-0.0316248
-0.00278732
-0.0313695
-0.0419715
0.0450308
-0.00265889
-0.0343015
0.020905
-0.0402584
-0.0185648
0.0359371
0.0260272
-0.00832944
0.0395475
0.0350683
0.0285749
0.0728046
-0.0562315
0.00423857
0.0271721
0.0239651
0.00996226
0.0338307
0.0331744
-0.0688219
-0.0459426
0.000427085
-0.0299405
0.0196661
0.0368543
-0.0214134
-0.0772261
0.00738311
0.00839109
0.0262266
-0.0117799
0.0240121
0.0464287
-0.0366184
0.00813697
-0.0289598
0.0356832
-0.0253265
-0.114311
0.0251925
-0.113773
0.0273617
-0.0428637
0.0336382
-0.0110788
0.0450902
-0.00146639
0.0114918
-0.00917013
0.0110931
-0.0194397
0.0493967
0.0208767
0.0121634
0.0258826
0.0309491
-0.0509858
0.00881052
0.0298863
-0.0200238
0.0466612
-0.0128161
0.0955621
0.0286869
-0.0122974
-0.0421054
-0.00575659
-0.0121769
0.0293356
-0.0421903
0.0108584
-0.0254829
-0.0176287
-0.0481664
0.0017641
-0.0225986
0.0193046
0.0494113
0.00359949
-0.0413942
-0.0496255
0.0283402
0.0313804
-0.0286111
-0.0389864
0.0433712
0.013775
0.0220952
0.048557
-0.0355513
-0.062241
0.0108039
0.0406024
0.0376446
-0.0459602
-0.0396756
-0.0615927
0.0474956
0.0459167
-0.056339
0.00193506
0.0672455
-0.0228187
-0.0428334
0.00657206
0.0138292
-0.0204
0.00137578
-0.0254092
0.0128159
-0.057977
0.0205652
0.0443274
-0.00282456
0.008676
-0.0236612
0.0183022
0.00252389
-0.0481437
0.0365176
-0.0330681
-0.0130064
0.0350696
0.00595043
-0.0204041
-0.0234145
0.0251438
-0.0223877
-0.00584908
0.0193766
0.0294647
-0.0408271
-0.0136763
-0.0343771
0.0142407
0.0499329
-0.00406245
0.00160741
-0.0464845
-0.0438661
0.0317372
-0.0405265
0.0124035
-0.0119786
0.0317201
-0.0528548
0.0203462
-0.00118981
-0.00386894
0.0411639
-0.0289548
0.0314392
-0.0286722
0.0304674
0.0469823
-0.0139304
-0.0013879
0.0504489
-0.0368751
0.038432
-0.0343957
-0.00795117
-0.0033753
-0.0171413
0.041486
0.00487935
-0.0683187
-0.0159993
-0.00582032
0.043621
-0.0460466
0.0349995
-0.0423483
-0.0387351
-0.0514148
-0.0371247
-0.0159899
-0.0301239
-0.0420835
0.0318633
0.0254833
-0.0355421
-0.0136977
0.00288855
0.0119443
-0.0436459
0.0452844
-0.0102936
-0.0284949
0.0211734
-0.0479938
-0.021387
0.0381793
0.0400324
0.0199091
-0.000689269
-0.0338782
0.00995965
-0.01178
0.0413963
0.0301851
-0.0433507
-0.00404377
0.0187424
0.00307159
-0.0239947
-0.00295131
-0.0380715
0.00465973
0.0473472
0.0209513
0.00460257
0.0192689
-0.0329853
-0.0361771
0.0472694
-0.0175913
-0.0215372
-0.0331537
-0.0336325
0.0312793
-0.0552535
0.00955225
0.0217748
0.0465234
-0.039323
-0.0332945
0.0240219
0.0415409
0.00999332
-0.0110052
0.025671
-0.0358602
-0.0222401
-0.00559953
0.02754
0.00669523
-0.00286693
0.0333577
-0.0202169
-0.0134709
-0.0454492
0.00912452
-0.0272575
-0.0144748
-0.0308192
0.023425
-0.0013512
-0.00875866
-0.0296254
0.0422741
-0.0657993
0.0093734
-0.0351118
-0.0106789
0.0173046
-0.0136213
0.0242564
0.0579575
-0.00351627
-0.024824
-0.00211552
-0.0377579
-0.02511
0.0138979
-0.0471814
-0.0115072
-0.0274438
-0.00273594
0.0133815
-0.0475665
0.0213153
0.0420618
0.00924422
-0.0171826
0.031334
0.0160457
-0.00896221
0.00234176
-0.00511776
-0.042809
-0.0637473
-0.0351747
-0.0092033
0.00501284
0.0481848
-0.031321
0.0211939
0.038555
-0.0134959
0.029287
0.0365325
0.010553
0.0297851
-0.00827006
-0.055205
-0.0526626
-0.0242705
0.0113705
-0.0209875
-0.0285245
0.0758316
-0.039429
-0.0249815
0.0307743
-0.04117
0.0291093
0.0136256
0.0278457
0.0363682
-0.013726
-0.0125633
-0.0605516
0.0235812
-0.0399707
0.0464023
-0.0295591
0.027014
-0.0520591
0.0174128
-0.00950497
-0.0485921
-0.0179285
0.0833295
0.0383793
-0.0173159
0.00775131
0.119317
-0.0562634
-0.0144734
-0.0305349
-0.012024
0.0564058
0.00513549
-0.0558816
-0.000380989
-0.00276132
-0.00140476
-0.00100257
-0.0472752
0.0433108
0.026787
-0.0102416
-0.0555219
0.0228324
-0.0310323
-0.0217783
0.04532
-0.00104492
-0.0344195
-0.0368828
-0.0294315
0.0249194
-0.043522
-0.00578173
-0.0223019
0.0164284
0.0192068
0.0700656
0.0087428
0.00895222
0.0391191
0.00715851
0.0484399
-0.0106797
-0.0385637
0.00629282
-0.0478043
0.028067
-0.0406334
-0.0421359
0.0448651
-0.00230807
0.00870567
0.0458709
0.0278491
0.0366082
-0.0241211
-0.000850459
-0.0268871
0.0220392
-0.0185284
0.021985
-0.0198622
-0.0301105
-0.0159914
0.0422847
0.0229574
-0.0270926
-0.0175465
0.0343925
0.0347267
0.00116286
0.0436961
0.00813065
0.0457833
-0.0150197
-0.0370378
-0.0190729
0.0138785
0.00361707
0.000533581
-0.0411547
-0.0465052
-0.00940713
0.04688
-0.0249826
0.0331399
-0.00709002
-0.0456027
0.0342264
-0.0237159
-0.0161905
0.0142757
0.0445251
-0.0476137
-0.0210646
-0.0315558
0.0239846
0.0463161
0.0186575
-0.00885201
0.00026326
0.0285818
-0.00341421
0.0205466
-0.0254015
-0.0285949
-0.0342743
-0.00767386
-0.0343054
-0.0236062
-0.0217713
-0.0495704
0.00118437
0.0081491
0.0168956
-0.0228007
-0.0113427
-0.00644729
0.0369692
-0.0686545
-0.0486707
0.0159627
0.0149831
0.00349499
0.0105692
-0.00566832
-0.0141979
0.0126592
-0.00161626
-0.0339764
-0.0252731
-0.032329
0.0665928
-0.0288305
0.0564793
0.0104023
-0.00963809
0.00812915
0.0369468
-0.0122686
0.0250849
0.016617
0.0449192
0.0579245
0.0114199
0.0303599
-0.0369552
2.17577e-05
-0.0141695
-0.0103238
-0.0561425
-0.0427815
0.04407
-0.0204191
-0.0133742
-0.0438616
0.0193507
-0.0226777
-0.00657165
-0.0230638
-0.0660287
-0.0215967
-0.0501712
-0.0399084
0.0212116
-0.0644118
-0.0357669
-0.0338731
0.0177289
-0.0356996
0.0320144
0.00865735
-0.0418713
-0.0613796
-0.0113131
0.0499082
0.00764404
0.0405989
0.000656303
0.0380833
-0.0279558
0.0168947
0.0163116
0.0189393
-0.0496801
-0.0481769
0.0360981
-0.0322737
0.0393337
-0.049592
-0.0312385
0.0177904
-0.0107462
0.0456476
0.0490181
-0.0272837
0.025466
0.029245
-0.0492318
0.047266
0.0207844
0.0505292
0.010185
-0.0466487
0.00543503
-0.0487636
0.0412289
-0.0168569
-0.0572077
0.0102248
-0.0398467
0.0296573
-0.031282
0.0524453
-0.0739549
-0.000671816
0.0115596
-0.011845
-0.0132027
0.0332622
0.010194
0.0326801
-0.00681871
0.0264855
-0.000392423
-0.022212
0.0217108
0.0389614
-0.00460831
-0.0345495
0.0401543
-0.0298885
0.0156742
-0.015721
-0.0275636
-0.0112261
0.0310255
0.019383
-0.0215623
-0.0327999
-0.0781645
0.0407538
0.029584
-0.00287757
0.0234083
-0.0703708
-0.0305759
0.00730793
-0.0419193
-0.00950415
0.0646601
-0.00588477
0.0610091
0.0276396
-0.0319998
-0.0201271
-0.016547
-0.0247363
0.0118436
0.0410143
-0.0469959
-0.00722119
-0.0148971
-0.0450741
-0.0385596
-0.0494272
0.0335399
0.0314827
-0.0251803
0.0115495
0.033963
-0.0062923
0.0507552
0.0252212
0.035949
0.0535231
0.0259216
0.0281792
0.00923555
-0.0406651
0.0454371
-0.0322855
-0.02389
-0.0103096
0.0560938
0.0360222
-0.0289996
-0.0354762
-0.00838642
-0.038355
-0.0314108
-0.00403109
-0.0128537
0.0350631
0.0185464
-0.0176095
-0.0170412
0.0394033
0.0218018
-0.00112812
-0.0201049
-0.0209944
0.0287777
-0.0297645
0.0353168
0.0079424
0.0041997
-0.00727892
-0.0271914
-0.00224616
0.0132124
-0.0298903
0.0389796
-0.0211077
-0.00217041
0.0341672
-0.0273331
-0.00630285
0.0289583
0.0246832
-0.0209656
-0.00491507
0.0285054
-0.0157086
0.0164682
-0.0228307
0.0384507
0.0458445
0.0301765
0.022868
-0.0198436
0.0411452
0.0387332
0.0120999
-0.0371093
0.016883
-0.0557375
-0.0444522
0.0123493
-0.0302683
-0.0172982
0.0220594
0.0106225
-0.024368
0.0500149
-0.0584245
-0.0136555
-0.0132718
-0.0374044
-0.0225248
0.0358109
-0.00363311
0.0319801
0.0387683
-0.015214
0.0136502
0.00481493
-0.00986655
-0.00460727
-0.00822871
-0.0352497
0.0270533
-0.0239329
0.0380997
0.0234902
0.0162046
0.0041438
-0.0121776
-0.0378844
0.00575599
-0.0198747
0.0401692
0.0309906
-0.0441495
-0.0457458
-0.0326554
-0.00524193
-0.0480685
-0.0410797
0.0121738
0.0102698
0.0123011
0.0505855
0.0211058
0.0108236
0.0339589
-0.0209282
-0.0109648
0.00288818
-0.104166
0.0269931
-0.0276329
0.00165833
-0.0137535
-0.0600112
0.044765
0.0309504
0.0258968
0.00691657
-0.0312464
0.0180184
0.0369555
0.0152984
0.00513722
0.0251224
0.0370292
0.0263637
0.023183
-0.0136771
0.0435081
-0.0062609
-0.0349266
-0.00610304
-0.038604
0.0363114
-0.0206369
-0.0283328
0.0241531
0.0375761
-0.0571026
-0.0107244
0.00616587
0.014379
0.0223019
-0.0348196
0.0249941
-0.0172188
-0.0159162
0.00738713
-0.0323251
0.00961116
0.0324356
0.0271711
-0.0284068
0.0020824
-0.0113347
-0.00186414
-0.0566421
-0.055653
-0.0461204
0.0150626
-0.058197
-0.053844
0.0350276
-0.0104
-0.0471982
-0.041701
-0.00172846
-0.0301695
0.0597777
-0.0209229
0.00512092
-0.0429579
0.000688878
0.0264504
0.0392513
-0.025276
-0.0483496
0.0415431
0.0339307
-0.00731372
-0.00905556
-0.0187791
-0.00582171
0.020025
0.0289781
-0.0428117
-0.0314625
0.02273
-0.038036
0.00739228
-0.00783211
0.0150667
0.0431784
0.0332507
0.00696595
0.0371907
0.0207155
0.0372629
0.00969252
0.0113185
0.0381229
0.00126325
0.0434142
-0.0297373
0.0399019
-0.0420399
0.0192926
-0.0162878
-0.0176143
0.00526301
-0.00907015
-0.0361884
-0.0474601
0.0405372
0.0274666
0.0141274
0.00240439
0.0422998
0.0253476
-0.0424718
-0.0447752
0.00426378
-0.0225017
-0.0124811
-0.041353
0.0445039
0.0486069
0.0137862
0.00997176
0.00117263
0.0362114
-0.0362393
0.0267922
-0.0103079
0.0443065
0.0025159
0.0296422
0.0294003
0.0551356
0.00520399
-0.026165
0.0086605
-0.0220314
-0.0356567
0.0448326
-0.00082969
0.0183078
-0.0276309
-0.00102726
-0.00626789
-0.0310915
0.0450725
-0.0420577
0.166295
0.036056
0.0185396
-0.0439457
0.0174962
-0.0314349
-0.036244
0.0474382
0.0470316
0.0355225
0.00798287
-0.022554
-0.152105
-0.113152
-0.0223779
0.0181621
0.0983096
-0.077271
0.0132362
-0.0611513
0.059166
-0.0401728
-0.0628957
0.0235576
0.00805239
-0.0310369
-0.107738
-0.0164275
0.00139176
-0.044042
-0.0170092
0.0684659
0.000573975
0.032644
-0.135436
0.240714
0.0600123
0.110117
-0.0571133
-0.0380822
0.080011
-0.06387
0.149839
0.0315869
0.0588404
0.132339
0.10221
0.105609
0.0547492
-0.0306739
-0.00259484
-0.0662068
0.0609098
0.0750917
-0.0101391
0.00203508
0.0680294
-0.00028477
0.0427878
0.103817
-0.018165
0.0560053
-0.00242953
-0.0296942
0.0412685
-0.0255939
0.0389576
0.0474479
0.0845428
-0.0705507
0.0244652
0.0673024
0.0473872
0.017267
-0.0510145
-0.026959
0.0524984
0.00772041
-0.000306742
0.0158894
-4.78327e-05
0.0551577
-0.0553723
-0.0157937
-0.103099
-0.0509804
0.0567474
0.0040498
-0.0356307
-0.0218301
-0.0336305
0.0344205
-0.0222145
0.0374866
-0.0573048
-0.0896914
-0.0143485
-0.0480923
-0.0148175
-0.0308971
-0.0432325
0.02906
-0.0218849
0.00141826
-0.0309648
-0.0523085
-0.013498
-0.0204986
-0.000838015
-0.0368448
0.0094206
0.00856213
0.0408619
0.0481977
-0.0557743
0.0232664
0.0234532
-0.0181366
-0.0401465
0.0153494
0.0945172
0.0654344
0.0226175
0.0221513
-0.0454708
0.017659
0.112399
0.0185243
0.0394907
0.0312828
0.0759596
0.00963596
-0.0225003
-0.0217513
0.0505438
0.038617
-0.0162461
0.00236494
0.0286018
-0.00600697
0.000912597
0.0167196
-0.00438523
-0.0311081
0.0144617
0.0139266
-0.0122596
-0.0190203
0.00317509
0.0605068
0.0210957
0.00399072
0.0419256
-0.00256981
0.00520878
-0.00043667
0.0285051
-0.0174402
-0.0320193
-0.0320861
-0.0134043
-0.0364821
0.043591
-0.030139
0.00891181
-0.0137897
-0.0302458
-0.0348347
0.0345767
-0.0282179
0.0384405
-0.0261972
-0.0146348
-0.0466581
-0.0278584
0.0481964
0.0129448
-0.0113013
-0.00808814
0.0704731
0.0372357
0.00468438
0.0434539
-0.0247957
-0.011111
-0.0298343
0.0509228
-0.0247224
-0.0388234
0.0464473
0.0015931
-0.0292497
0.0400165
0.00322095
0.0241263
-0.0179153
-0.0157337
-0.00743389
0.00460851
0.0172858
0.0352399
0.0287767
0.012531
-0.0132844
0.00985732
-0.0085715
-0.0350357
0.0178093
0.0368176
-0.00569302
-0.0515927
0.0443454
-0.0145101
-0.0303453
0.0389912
0.0125491
0.0518514
-0.0373747
0.0329103
-0.0540409
-0.0436653
0.0147334
-0.0133252
0.0169687
0.0334232
0.0473442
0.0529969
0.0556089
0.0542628
0.0426056
0.00958148
-0.0141479
0.0589627
0.0319782
0.011098
0.018918
-0.0628877
-0.0153679
0.0834225
0.0816565
-0.03593
0.00623156
-0.0411111
-0.0137601
-0.00427376
0.0167491
0.00626073
0.0400628
0.00502513
-0.0453202
-0.00880568
-0.026152
0.0232691
0.0441576
-0.0235371
-0.0649209
0.0247166
-0.0241471
0.0417551
0.0280446
0.0213781
0.0211673
-0.0540876
-0.0542306
0.0306677
0.017332
0.00931908
0.065228
-0.0196017
-0.0530104
-0.0397751
0.0069508
0.00559103
-0.0514015
0.0144839
-0.0337501
-0.0629247
0.0296364
0.053822
0.0153037
-0.00205242
0.0153857
-0.0206
0.0261984
-0.0131101
0.0994342
0.0100171
0.0529738
0.0276083
-0.0403724
-0.0353161
0.0365077
0.0214143
-0.0649925
-0.034399
0.0506594
-0.0310728
0.016546
0.0121913
0.0244403
0.00910065
-0.00769074
-0.00615422
-0.0707681
0.0502143
0.00990929
-0.00773977
-0.0299986
0.0229262
0.0179219
0.0111254
0.0529493
-0.0780764
-0.0183405
-0.019081
-0.0479127
-0.00399043
-0.0342341
0.0102313
-0.0397323
-0.00353454
-0.0448341
-0.0639429
-0.00123969
-0.0207546
-0.00841308
-0.0155011
-0.0272262
0.0357085
-0.0619174
-0.0760117
0.0435048
-0.00487983
0.0324623
-0.0391834
0.0441059
0.0403726
0.0213759
0.0422537
0.0450107
-0.0585967
0.0154907
0.0381715
-0.0323448
0.0123804
-0.00235686
0.0321523
0.0248998
0.0066563
0.00530686
-0.00830384
-0.0517654
-0.00132181
-0.000730132
-0.0312063
-0.0200267
-0.0181566
-0.0444275
0.0484504
0.0298563
0.0389021
-0.0338037
0.044425
0.0355163
0.0478198
-0.00623359
-0.0234462
-0.0252289
-0.027266
0.0097385
0.0516065
0.0650738
-0.0430221
-0.0245785
-0.0225269
0.0494619
0.0209851
0.00391662
-0.0241205
-0.000641491
0.0421085
0.0385913
0.0300048
-0.0413057
0.021714
0.0143609
0.0530719
0.0449609
0.0447276
-0.0185033
-0.0308034
-0.0392149
0.0252908
0.0297825
0.00471134
0.0147638
0.0142222
0.0432335
-0.0194398
0.00219022
-0.00440563
0.0209974
0.0702012
-0.0428638
-0.0092097
-0.0314625
-0.0205966
-0.00897222
-0.0930151
0.0548367
-0.0268298
0.0350058
0.0293087
-0.0377981
0.0413797
0.150454
-0.0581591
0.00334202
0.0211797
0.050861
-0.00163541
0.0380196
0.0258405
0.0259829
0.0157239
-0.00241386
-0.00967382
0.203203
-0.00644814
0.0849176
-0.0329521
-0.0477639
0.0387369
0.0156286
0.00261137
-0.0342725
-0.0259636
0.0176207
-0.00464101
-0.0170401
0.0376611
-0.00656206
-0.023698
0.0133803
0.0243069
0.0503056
0.00307314
-0.0233258
0.00377503
0.000478749
-0.0725565
-0.118898
0.0261094
-0.0525284
0.103517
-0.0311443
0.0655343
-0.0246684
-0.00569173
0.0165837
0.0771388
0.0244981
0.0953716
0.053381
-0.0120852
0.00263541
0.0398748
0.0246222
0.023366
0.0295613
0.0470156
-0.0309778
0.0142901
0.110357
-0.0146361
0.0476509
0.0659084
-0.0115866
0.0282496
0.0996039
0.0858187
-0.0404641
0.0362408
0.00639729
0.0650215
0.0632959
-0.0225024
-0.0463672
-0.0116739
-0.0550079
-0.0540925
0.0229544
-0.030371
0.00126037
-0.00690061
-0.00780351
0.015125
-0.0109002
0.00660843
0.0962331
0.0053737
-0.0267523
-0.0584156
-0.036001
0.028174
0.0399494
-0.0421223
0.00459625
0.0211535
0.0444378
0.0189904
0.0282148
-0.00409679
-0.0489575
-0.0107016
-0.00665808
0.0270482
0.0811167
8.86838e-05
0.0183564
0.0157048
-0.00785557
0.00565102
0.016619
-0.0306708
0.0175991
-0.000227554
-0.000285245
0.00812319
0.0216651
0.10933
-0.0113255
-0.00912735
-0.0140972
-0.015105
0.05298
-0.102227
-0.0123578
-0.00819058
0.0185122
0.0319379
0.0809148
-0.0272176
-0.00799384
-0.000164276
-0.00711985
-0.0138507
-0.0317464
-0.130796
0.0558449
-0.0150904
0.000476037
0.0146377
-0.039804
0.0219942
0.0267312
-0.00583122
0.00744547
-0.026489
-0.00480595
0.0330422
-0.0104228
0.00875176
0.00787935
-0.0296019
0.0337818
0.0200489
0.04796
0.0241314
0.0278971
-0.00940873
0.035406
-0.0411237
-0.0171584
-0.036858
-0.0125955
-0.00243404
0.0486062
-0.0131851
-0.0066761
-0.00934124
0.0256098
-0.0297366
0.0386735
-0.0100371
-0.0119334
-0.00159857
0.0464168
0.00630553
0.0060565
-0.0437383
0.0114133
-0.0377465
0.0328792
-0.0121862
-0.0270623
-0.0284015
0.01058
0.0179322
0.00259869
0.0231523
0.0448738
-0.0205355
0.00449797
0.0346143
-0.0251629
-0.0186932
0.0300494
0.0330355
-0.0171304
-0.0183231
-0.0276438
0.00280996
0.0130332
0.0201008
0.00530492
0.0339206
0.0206511
0.00204997
0.0133822
0.0219914
-0.00670585
-0.0180239
-0.0187037
-0.0316427
0.0298875
-0.0076834
0.0168908
-0.00232089
-0.0815538
0.0473915
-0.0157869
0.0301216
-0.0249831
-0.0333968
0.00266614
0.0231169
0.0240685
0.0456113
-0.110572
0.0451357
0.0382198
-0.0109194
0.0396898
0.0412358
0.0613415
-0.0383515
0.0284378
0.000178941
-0.00885452
0.0699035
-0.00210475
0.0198361
-0.0200698
0.0110278
0.0235078
-0.00827669
0.0103262
-0.0181338
0.0393501
0.0373617
-0.0510494
-0.0150329
0.000194858
0.0222314
0.00214003
0.0304025
-0.0397565
-0.0258395
0.0409523
0.00316801
0.00248569
0.012318
-0.0169774
-0.0152313
0.0521385
-0.0116323
0.028003
-0.0235411
0.0446682
0.015189
-0.0055639
-0.0288727
0.0599326
-0.0225902
0.0189023
-0.0225758
-0.0258613
0.0327617
-0.00728796
-0.113287
0.0283526
-0.0188405
-0.0994787
-0.0283424
-0.0034152
0.064354
-0.0388946
0.0460121
-0.0257509
-0.0621231
0.0879368
-0.0672707
0.0470647
-0.0158239
-0.0387937
0.0336274
0.0513364
-0.0373257
-0.0167539
-0.00739742
0.0046938
0.00975484
-0.0109967
0.0471979
0.0131504
-0.104692
0.0345023
0.01132
0.00500114
0.0888422
0.0077131
-0.0157873
0.0639958
0.0172899
0.0259425
0.0154746
0.0362259
0.114418
-0.00563664
-0.0236227
-0.00789064
0.0374728
-0.0756521
0.076843
-0.0186485
-0.0387446
0.00567889
-0.0123058
0.00672834
0.0387429
-0.0216742
0.0168783
0.0106601
0.0534818
-0.00995998
0.0713178
-0.08115
0.0280755
0.0278836
-0.0518373
0.00205761
0.0088997
-0.0401541
0.022393
-0.00248041
-0.0138626
0.00450976
-0.0184978
-0.0298154
-0.0293674
0.0427563
0.0127818
0.0413489
0.0477077
-0.0260368
-0.0161672
-0.0229951
-0.043991
-0.000555133
0.0459509
0.0279476
-0.0067707
-0.0288932
-0.0480748
-0.00428871
-0.00869973
0.00270754
0.0380759
-0.0437236
0.0235845
-0.00306805
-0.0374233
-0.0308477
0.0225128
0.0188239
0.0224136
-0.025029
0.0280921
0.0356134
-0.00403215
-0.0261203
-0.0213693
0.0429772
0.0479882
-0.00206503
0.0216893
-0.00177974
0.0364314
0.0174346
0.0206218
-0.0217534
0.0100185
-0.0420314
-0.0449181
-0.0170905
-0.0391516
0.0343331
0.0284044
0.00822551
-0.00806631
-0.0128205
-0.0376775
-0.00616963
0.0261458
0.0412969
0.0161202
0.0401809
-0.0542645
0.0207261
0.014315
0.0196998
-0.0048742
-0.0779446
-0.0253328
0.0371251
0.0117318
-0.038239
0.0179907
0.0364069
0.117069
0.0651918
-0.00698815
-0.0287826
0.0443246
-0.0423747
0.0388776
0.068017
0.0109173
0.0271736
0.0412458
-0.00264559
-0.0875321
-0.0331872
0.0125276
-0.0247971
0.0645781
-0.0183928
-0.000760726
0.0148116
-0.00452395
-0.0072246
-0.0199807
-0.0311482
0.0105585
0.0134252
-0.0425787
0.0227578
0.0549431
-0.039218
0.00455673
-0.0464826
-0.0347753
0.0517488
-0.0319014
0.159996
-0.0666245
0.127326
-0.00462425
0.0196274
0.097376
0.023499
0.0537107
0.0587255
-0.0185168
0.0602553
0.087971
-0.00630817
0.0553139
-0.0496629
0.0464059
-0.0572603
0.0538713
0.0198714
0.0754675
0.0190323
0.0403003
0.0476507
0.0184675
0.06362
-0.0251467
0.0813868
0.0335727
-0.0497326
0.011479
0.050812
0.017958
0.0232434
-0.0153365
-0.057861
-0.0175486
0.0519959
0.00209504
0.0228843
0.0270273
-0.0580804
0.0565481
-0.0181199
-0.0346187
0.0325313
-0.012803
0.0263967
0.0025987
-0.0053902
-0.0522183
-0.0890759
0.0208268
-0.0600846
0.014955
0.0322421
0.00102498
0.0311191
-0.0478149
-0.0298342
0.00503117
-0.0115402
-0.042596
0.0125282
0.0406772
-0.0041288
-0.053805
-0.0279931
0.0394345
-0.0496637
-0.0444441
-0.00363986
-0.0128369
-0.00241047
0.0155434
-0.0573406
0.0209423
0.0122567
0.047385
0.00751408
-0.0169349
-0.0399707
-0.00438211
0.0163406
-0.00151837
0.00258474
0.0940673
0.0278743
-0.0314524
-0.0172337
0.021739
0.0411932
0.0988095
0.0478383
0.00820045
-0.0115773
0.0144866
0.0453744
0.0173199
0.0739545
0.0410153
0.00387029
0.00651819
0.000185119
-0.00032899
0.0108299
0.00203125
-0.0241129
-0.036698
0.000559458
0.0182799
-0.0633921
0.0564727
0.0182456
0.0553511
0.0449881
0.00802976
0.0291746
0.0317365
0.0337772
0.0139933
-0.0250531
0.019394
0.0454495
-0.0451794
-0.0188602
0.0442761
0.0186486
0.00369076
-0.00802877
-0.0015527
-0.0553934
-0.0474674
0.00442314
-0.0125324
0.0391509
-0.000161462
0.0183969
0.034158
0.0470246
-0.0231525
-0.0474335
-0.0504486
-0.035256
0.000638806
0.0411788
0.0111053
0.0340257
-0.014256
0.0343567
-0.0233224
0.0486382
0.0434499
0.0269062
-0.0435084
0.0150121
0.040322
0.0267607
0.0428807
-0.0415901
0.0116217
0.0156347
0.0315651
0.0269806
-0.0220435
0.0209307
-0.0330824
-0.00925243
-0.0289084
0.000553883
0.0121024
-0.0163519
-0.0348878
0.00228162
-0.003959
-0.00711442
-0.00466492
-0.0374047
-0.0147431
-0.00493136
0.017694
0.0142388
0.0784403
0.0349159
0.0289367
-0.0367505
-0.046986
-0.0211999
-0.00340414
0.0749902
0.047682
0.0806699
0.00353777
-0.011846
-0.0127183
0.0219
-0.0027774
0.0344831
0.0246847
-0.00204492
-0.0226484
-0.0115189
-1.56104e-05
0.0377665
-0.00723688
0.0224631
-0.0233608
-0.0370282
0.0211834
0.0407518
0.0768083
-0.00101942
-0.0167309
-0.0359191
-0.0228641
0.0132094
-0.0661003
0.0554734
0.0403199
0.0352975
-0.00887441
-0.07106
0.0401646
-0.0058617
0.0556132
-0.0388748
-0.0140896
0.00196595
-0.00565707
0.0104301
-0.0348927
0.0125463
0.0233296
0.0414783
-0.0257124
-0.0415771
-0.0775721
0.00805973
0.0402563
0.0306704
0.0369925
-0.0870213
-0.0441421
-0.0166067
0.015067
0.0468572
-0.000532318
0.00683596
-0.0168919
-0.00137346
-0.0313815
0.0309174
0.0211121
0.0571402
-0.0657306
-0.0113931
-0.00530019
-0.0300514
-0.0252696
-0.0292697
-0.0484218
-0.0174033
0.0138699
0.0357652
0.000862578
-0.0112721
-0.0282183
0.0330553
0.0248457
0.0363139
0.00843573
0.000851269
-0.019537
0.00608463
0.0357616
0.0049226
-0.00769648
-0.0475613
-0.0596184
-0.049155
0.0340045
-0.00736318
-0.00935198
-0.0245914
-0.0363733
0.0255478
-0.0184336
-0.0375009
-0.00404304
0.0484962
-0.0302111
-0.0179149
-0.0397179
-0.0306962
-0.0228029
0.000644944
-0.0531417
-0.0238804
-0.0006414
0.00175819
0.00504109
-0.0424961
0.00962811
-0.0477688
-0.0325805
-0.0319249
-0.00638138
-0.0395211
0.0213184
0.0238491
-0.021122
0.0302809
0.0247119
-0.0415482
0.025279
0.011295
-0.00417729
0.0445685
-0.000264885
0.0122711
0.0264717
0.0262668
0.0304446
-0.0179018
-0.024417
0.0209156
-0.0402144
-0.0331735
0.0413878
0.0224195
-0.0112163
-0.0304917
-0.00885361
-0.0361704
-0.0104916
0.00590669
-0.0284484
0.0047691
0.0173601
-0.0420623
0.0458049
-0.0130362
0.00978659
-0.0065195
-0.0349855
0.0153104
0.0270915
-0.0238679
0.0423795
-0.00894884
0.0181381
0.0394999
0.0374677
0.0323818
-0.0268011
0.0331962
-0.0209146
0.0342386
0.0227228
-0.0119913
-0.0434153
-0.046825
-0.0131761
-0.0153531
0.0473382
0.0294241
0.0184954
-0.0579204
0.0523107
0.000488706
0.00911727
0.024661
0.0353573
-0.0329556
-0.0280661
0.0617367
-0.00536123
0.019598
0.0440467
0.0391149
0.0251405
-0.0393218
0.00646189
-0.0213568
-0.0462649
0.00119984
-0.00352787
0.0264405
0.0198547
-0.00697471
0.0187504
-0.0100079
-0.00802537
-0.142632
-0.0717502
-0.00769109
0.00172937
0.0172196
-0.0664586
0.0102393
0.0241796
-0.0400384
-0.0300082
0.00889318
-0.0287208
-0.0380749
0.0137668
-0.0232921
-0.00297527
0.0391793
-0.0837056
-0.0693098
-0.0758633
-0.035984
0.0336266
-0.0531927
0.0971306
0.0815509
0.0710524
0.023353
-0.0400138
-0.0668025
-0.0849076
2.02392e-06
-0.00994562
-0.0496436
0.0071822
-0.0405554
0.0165652
-0.0343845
0.084272
0.0494468
-0.0300769
0.0924816
0.0186234
-0.00526232
-0.0158989
0.0399315
0.00452831
-0.0154958
-0.0284404
-0.0263084
-0.0278286
0.0438337
-0.0192255
-0.0178977
0.0304309
0.0224438
0.00191696
0.0253146
-0.0521413
-0.0406822
0.0299894
0.0493505
-0.0374129
-0.0110792
0.0203196
0.0107393
0.0240929
-0.0106504
-0.0289035
0.027798
-0.0247181
0.0308158
0.0178268
-0.0765712
0.047965
0.00429445
0.0174287
-0.0488195
-0.0331793
-0.0206355
0.0453606
-0.012481
-0.0397817
0.003823
0.0029336
0.00809225
-0.0324853
-0.0221081
-0.0167911
-0.00441223
0.0091963
-0.0501786
-0.0282784
-0.0372008
-0.055811
-0.0369969
-0.0198797
-0.0368139
-0.0331324
0.00283771
-0.00434145
-0.0161035
0.000762612
0.0401742
-0.0495245
-0.021703
-0.0487511
0.0357506
-0.00497606
-0.0396398
-0.0481455
0.0109558
-0.00387387
0.0333122
-0.0149536
0.0248488
-0.0440723
0.0271689
0.0400299
-0.0854831
0.0728068
-0.0212037
0.0416991
-0.0308199
0.0149347
0.0539321
0.0216357
0.0443798
0.0277907
-0.0506099
-0.033921
-0.012016
0.0174922
0.0088823
-0.0187897
-0.00276137
-0.00651464
0.00517022
-0.0253149
-0.0201863
-0.00528453
-0.0442645
-0.0213257
0.00880955
-0.0222886
0.00388087
-0.00566212
0.00998315
-0.0428074
-0.00115589
-0.0461551
-0.0307355
-0.00301196
0.0154271
0.0412662
0.0339331
0.014313
-0.0279392
0.00289213
-0.0197554
-0.0118442
-0.0111471
0.0248862
-0.0283741
-0.0418248
0.0397256
-0.0421913
0.0227894
0.0240309
-0.0169391
0.0335899
0.000691874
0.00621828
-0.0429672
-0.00829669
0.0432613
0.0290509
0.0220094
0.00370048
0.0138598
0.0104711
0.016019
-0.0287069
0.0381742
0.0418072
-0.0388232
0.0408442
0.021828
-0.010605
-0.0103697
0.000666201
0.0298932
-0.0300668
-0.0396329
-0.0297398
0.0239904
0.032596
-0.0236326
-0.0165696
-0.00628404
0.0423584
0.0330068
0.023629
0.054264
-0.0365743
-0.00473934
-0.000995779
0.0243218
0.0395759
0.0492061
-0.0373782
0.0435015
0.0125979
0.0367762
-0.0373698
0.00251225
0.0560207
0.00959519
-0.0310924
-0.0506332
0.0597577
-0.0248074
-0.0345134
0.0351302
-0.0528723
-0.0432545
0.021385
0.0618055
0.0130853
-0.0315273
-0.00430158
-0.0376227
-0.0385656
0.00752172
0.0161677
0.00815527
0.0658539
-0.0345332
0.00443076
-0.0254074
-0.0222358
0.0338781
0.0133182
-0.0274804
-0.0892937
0.00620732
-0.0861371
-0.054145
-0.000359443
-0.0411164
-0.0523736
0.0151901
0.00118935
-0.0188614
-0.0362426
-0.0350925
-0.00572828
0.025941
0.0273928
-0.0449164
-0.0027899
0.0591838
-0.0491682
-0.0676389
-0.0571494
0.00118811
-0.0369667
0.0850948
0.00130957
-0.00616204
0.0510875
0.0692015
-0.0434141
-0.00381132
0.0368586
0.00804207
0.0305609
-0.0107516
-0.0114561
0.0242504
-0.0246627
-0.103393
-0.0233813
0.0506626
0.00139293
-0.0258495
-0.00546301
0.0168684
0.00270647
-0.0266704
0.00896819
-0.0507743
0.0160632
-0.0506764
0.0376374
0.0360372
-0.0382822
0.0758223
-0.0126129
-0.0101595
0.00377296
-0.00635479
-0.0561999
-0.0477424
0.0488454
-0.0316236
-0.0570961
-0.0703497
-0.0251412
0.0232879
-0.0145713
-0.0176002
-0.026213
-0.00124212
0.0308158
0.00587441
0.0308114
0.0429205
-0.037275
0.0416744
0.0491347
0.0135937
0.0156672
0.0524811
0.0376965
-0.0134143
0.029272
0.0175513
-0.0260792
-0.0688645
0.0282741
-0.0404887
0.0312041
0.0336694
-0.0467303
0.041178
-0.0224404
0.00565572
0.0319
-0.0190171
0.0151983
0.0260108
-0.037893
-0.0442275
0.00667909
-0.00870683
0.044605
0.00736644
0.0221891
0.0219244
-0.0238128
-0.0468984
-0.0400352
0.032326
-0.0303927
0.0287638
0.0172253
0.0467846
-0.0290959
0.0349014
-0.0252111
0.0271082
-0.0181277
-0.0404867
-0.0358909
0.00225662
0.0453959
0.0333468
0.0215052
-0.012772
0.00264933
-0.0388687
0.0242892
-0.0302368
0.0391533
0.0500193
0.0110189
-0.0276306
-0.0402943
0.035626
0.0460713
0.0328497
-0.0165108
-0.0112314
-0.00217919
-0.0102853
-0.0162361
-0.0163241
0.0143384
-0.00739798
0.0132251
-0.00640468
0.026414
0.0384854
0.0472765
0.027264
-0.0354803
0.0368809
-0.0406251
0.000695229
0.0354616
-0.0281889
-0.00164643
-0.0487155
-0.163919
0.0226613
-0.0188339
0.0394948
0.00201611
0.000975732
-0.0221346
-0.0480065
-0.0487558
-0.0162017
0.0491494
-0.0374228
-0.13283
0.0255068
-0.0374701
0.0456057
-0.0697639
-0.0237936
0.00687109
0.009402
0.0271634
-0.00209165
0.0485223
0.0185153
0.0425473
0.0490794
0.108063
0.0263805
-0.0237548
-0.00247997
-0.0671863
-0.0367568
0.0635509
-0.072396
0.0711536
-0.103864
-0.0434465
-0.0580289
0.0628157
-0.0367853
-0.0256361
0.0396757
-0.00901122
-0.0515274
-0.0398018
-0.0388567
-0.026035
-0.0218311
-0.000693291
-0.0152828
0.0196753
0.0143413
-0.081392
-0.0388329
-0.0866551
0.0199531
-0.00965039
-0.00074659
-0.0500922
0.0213906
-0.00371791
0.0283507
0.0164163
-0.00659645
-0.0339749
0.0101523
-0.0400176
-0.0180781
-0.0170865
0.0283757
-0.0778025
-0.0175602
-0.0629749
-0.0665523
0.0229477
0.137956
0.0056919
-0.00230722
-0.0397558
0.00609237
0.0442957
0.0126508
-0.0129266
0.0550076
-0.0613424
0.0319943
0.0369426
0.0708176
0.068413
-0.000137935
0.0177031
-0.0367497
-0.0392089
-0.0491547
-0.011312
-0.0628572
-0.0409697
0.00928171
-0.0427284
-0.019133
0.096171
0.023707
0.0677656
0.0304767
0.00768511
-0.0269475
-0.00406852
0.0458593
-0.027402
-0.00071323
0.0270845
-0.00610491
0.0255522
0.0486411
0.032516
-0.0682709
0.0342146
-0.0140413
-0.000112413
-0.0310454
0.0225819
0.107459
0.0102324
0.0303247
0.0179987
-0.0106062
-0.0682209
0.015764
0.0368513
-0.0429821
-0.00596396
-0.00960272
-0.000421931
0.0743294
0.0105199
-0.0533559
-0.0300231
0.0275877
-0.00911177
0.0340315
-0.0384902
-0.0041363
0.0366235
-0.0443866
-0.0299158
-0.00941313
-0.0764522
-0.00668138
-0.0183072
-0.00155812
-0.0362295
-0.0419899
0.00493631
0.0200919
0.00666831
-0.0129498
-0.0158177
0.0441949
-0.045863
0.0446785
0.0193583
-0.00840107
-0.000261922
-0.0229656
0.0538085
0.0131055
-0.0124323
-0.0413787
0.0209311
-0.0304452
-0.0453921
-0.019189
0.00519298
-0.0241742
-0.03292
0.0258317
0.0587784
0.0256063
-0.0489269
-0.0469338
0.0235543
-0.0403185
0.00482978
0.0114106
0.0461481
-0.0222858
-0.0471934
-0.0478398
0.00670502
-0.00649819
-0.0306932
-0.0223007
0.0407729
-0.0139972
0.0395402
0.0369751
0.0174699
0.0437644
0.000562561
0.0481141
-0.0183708
0.0149512
-0.0397039
-0.047768
-0.00986456
-0.0414044
0.00218161
-0.0486981
-0.00270863
-0.0431617
0.0117133
0.00262486
0.0411931
0.0494623
-0.0333519
-0.00286746
0.0199384
0.0095111
-0.0260625
0.0120765
-0.0178689
-0.047057
0.0257217
0.0391902
0.0375176
0.0152114
-0.0379536
0.000932425
-0.0419909
-0.028283
-0.0495027
-0.0394467
-0.0213689
-0.0482124
-0.0396209
0.0149976
0.010499
-0.0146826
0.00895798
0.0172255
-0.0512968
-0.0176728
-0.0294238
-0.0176778
-0.00175361
0.00966197
0.0338357
-0.00337919
-0.00695507
-0.0365714
0.0356147
0.0145752
-0.0212861
-0.0448687
-0.030596
-0.0298173
0.0108758
-0.0572477
0.0387816
-0.0213508
-0.0425215
-0.00126778
-0.0143875
0.0231685
0.0227192
-0.0165493
-0.0319982
0.00904223
-0.0202498
0.0559196
-0.0728139
0.0160383
0.00248225
-0.01079
-0.0269431
0.0819172
-0.0164831
-0.0293059
0.0624923
-0.0416134
0.0322855
0.0378856
-0.0516645
-0.019507
0.0180399
0.010264
-0.0649051
0.0923076
-0.0232287
-0.012811
0.060297
0.0117657
-0.0650855
0.0651078
-0.000145371
0.0474763
0.0334088
0.0326168
-0.0222412
-0.0547605
-0.0120752
0.127387
-0.0032649
0.0109395
-0.0588474
-0.0873713
0.0715721
0.00601248
0.019163
0.0132096
-0.026412
0.0228369
-0.0522346
-0.0212439
0.0332126
-0.0294807
-0.0688174
-0.0515018
0.044022
-0.0254913
0.047222
0.0566869
0.061872
0.00341794
-0.0380725
-0.0367993
-0.0156928
-0.020533
0.0350638
0.0313819
0.0773393
0.00727014
0.127883
-0.00720077
0.0118473
0.0290094
0.0481217
-0.0479169
-0.0114467
-0.0336536
0.00724801
0.0411931
0.0359282
0.0178195
-0.0311443
0.0041985
0.0456565
0.0444815
0.0381052
-0.0342639
-0.0367141
0.000192533
0.0333282
0.0272212
0.0347058
0.018156
0.0233807
-0.0362803
0.044431
-0.00699958
-0.0342892
0.000454774
0.0144784
-0.0165827
0.0447714
-0.0464077
0.0402272
0.00929863
0.0137421
0.0355938
0.0423341
-0.0160875
-0.0102111
0.0453921
0.000118004
0.00611546
0.018523
-0.0176188
-0.0471221
0.00441071
0.0315094
0.00478717
-0.0399662
0.010393
0.0228617
0.0338134
0.0326718
-0.0120159
-0.0427134
-0.0333792
-0.00821263
0.0114453
-0.0330285
0.0173225
-0.0296949
-0.0423156
0.0179604
-0.0332575
-0.0364538
-0.00427483
0.0250718
-0.0204571
-0.0127497
0.0665242
0.0382444
-0.0387761
0.0347963
-0.0365529
-0.00689641
0.0176259
0.0339903
0.0337821
0.0467404
0.00300903
-0.013369
-0.00205944
0.00645829
0.00275349
-0.0380396
-0.00641093
-0.0321084
0.0432195
-0.0410693
0.0206398
-0.0344985
0.0392117
0.00774902
0.0436705
-0.00108855
0.0124058
-0.0188776
0.0115925
0.0294421
0.0390815
-0.0496572
0.0431851
-0.0171634
0.000589863
0.0444045
-0.00524355
0.0371377
-0.0129361
-0.0397514
0.00156919
-0.040712
-0.0504417
0.0713128
-0.0176796
0.00438718
0.0260563
0.0118124
0.064711
-0.0946052
0.0554744
-0.0250447
-0.0334282
0.0119012
-0.0764542
-0.0303074
0.059317
0.0320374
-0.00181547
0.0125097
0.0382598
0.0181066
-0.0434769
-0.000774672
-0.0200865
-0.0349148
0.0283558
-0.0236484
0.00361582
0.00581644
0.0534362
-0.0541889
0.0500562
-0.0427692
0.0364715
-0.00808753
-0.018303
-0.0311843
-0.0298282
-0.044483
-0.00994273
-0.0287045
0.049028
-0.0102518
0.0541311
0.0141543
-0.0144842
-0.0751874
0.0113643
-0.0402565
0.0555527
0.00910416
0.0158754
-0.0271232
-0.00763782
-0.00113564
0.0454918
0.0369579
0.0190625
-0.0527441
-0.0535038
0.0183485
-0.0442252
-0.0217605
0.0327325
0.0317319
0.0258042
0.0506728
-0.0182994
-0.0446298
0.0394714
0.033886
0.0192819
0.0380074
0.0220259
0.000698169
-0.00103624
0.0148703
-0.0179406
-0.0449657
0.042059
0.035469
0.00236232
0.00311846
-0.0240979
0.01876
0.00779892
-0.062586
-0.0223099
-0.0397695
0.0311062
-0.0355805
-0.0369311
-0.0178008
-0.0370755
0.00664519
0.0118459
-0.0284194
0.00829085
-0.0408332
-0.0137423
0.0161555
-0.00888856
0.00355639
0.00238887
-0.06205
-0.0418255
0.00669336
0.00753665
0.0432991
-0.0388234
-0.0228959
0.0195266
-0.0326697
-0.00206804
-0.0374457
-0.0473916
0.0350342
0.0482435
0.0372146
0.0556515
0.00886271
-0.0321621
-0.0355897
0.0398314
-0.0514418
-0.0191238
-0.0184588
0.0395157
-0.0117154
0.0237523
0.0197668
0.0188072
0.0401178
-0.0294651
-0.0271322
-0.00244046
-0.0374483
0.029159
0.0452628
0.0465925
-0.0359011
0.0129471
0.0372917
-0.0326842
-0.019474
-0.00298899
-0.025035
-0.0280506
-0.0480636
0.0116448
0.00907858
-0.0125285
-0.0527417
-0.0167586
0.0319461
-0.0383992
0.0105529
0.0204212
-0.0167655
0.00811182
0.0313989
0.00192278
0.0455393
-0.0022559
0.0259466
-0.0421033
-0.00564715
-0.0378948
0.0302008
0.0284164
0.0144137
-0.00888785
0.0381128
-0.0463622
-0.034339
-0.0332428
-0.0407631
0.035219
-0.0365264
0.005
-0.0450551
0.0440969
-0.026015
-0.0171067
0.0278888
-0.0112661
0.00967896
-0.0474182
-0.0264589
-0.0232588
0.0115933
-0.00336917
-0.0489095
-0.00100332
-0.0707112
0.0273592
-0.0887984
0.0422448
0.00869858
-0.0165844
0.052796
0.0762557
-0.020336
0.0504438
0.0172694
0.00958468
-0.0131497
0.0204537
0.0509678
-0.00633119
0.00763899
-0.0010337
0.0401367
-0.000719176
0.039148
-0.00692407
0.0373547
-0.0179459
-0.0423772
0.0123908
-0.0265484
-0.0495924
-0.0404487
-0.0111849
-0.0195317
0.0199791
-0.0500377
0.0411
0.0222761
0.00243696
-0.0416327
-0.0110741
-0.0365907
0.0158107
0.0274682
0.0114686
0.00120905
0.0448676
0.0131885
0.0133999
-0.00227762
0.0994481
0.0201823
0.0382127
-0.0451352
-0.0324746
-0.073746
0.0077951
0.0433171
-0.0180853
-0.00491948
0.00374508
-0.0724358
-0.0107192
0.031265
0.0107993
0.0180786
0.0406993
-0.00980082
-0.0332357
-0.0654649
-0.0602265
-0.0310511
-0.0250203
0.000773387
-0.0180545
-0.0281986
-0.0572338
0.0215174
0.0319724
0.0178173
-0.00484936
-0.0534071
-0.0538907
0.0412802
0.0246883
0.0274257
-0.00480988
0.0098064
-0.0139695
0.00135016
-0.00600606
-0.0342771
0.0402201
-0.0236989
-0.0192539
-0.0480097
0.0255168
-0.00626373
0.0332649
0.0406259
0.0512638
-0.00100065
-0.00495711
0.0589284
0.0218275
-0.0105023
0.0357087
0.0301052
0.0279381
0.0129481
0.014033
0.033767
-0.0159597
0.0407375
-0.0396853
0.00677309
0.00670176
-0.0194159
-0.0109018
0.00184536
0.00152416
0.0428846
0.0211817
0.0319406
0.0222676
0.0215017
0.0489594
0.00634626
-0.00890248
-0.016953
-0.00228295
-0.0414153
-0.0158073
-0.00380213
0.00518879
-0.0442617
0.0240556
0.0251464
0.0386176
0.0288898
-0.0138363
0.0480944
-0.0116653
-0.00424594
-0.00920081
-0.0375664
0.0195304
-0.0385719
-0.0445874
-0.040263
0.0212869
-0.00768375
-0.0456599
0.0250284
-0.018872
0.0284831
0.0350569
-0.0153436
-0.0149738
0.0292606
0.0469264
0.0426683
-0.0206574
0.0228778
-0.00853294
-0.0380507
-0.0176362
0.00247633
-0.0158404
0.0189291
-0.00898058
-0.043969
0.012261
0.0474127
-0.0304035
-0.0371033
-0.00782363
0.0352114
0.0399097
-0.0195429
0.0235203
-0.00174916
-0.0279321
-0.0106519
-0.0186091
-0.0233217
0.0470003
0.0406467
0.0218462
0.0136547
0.021381
0.021773
-0.0308233
0.0205819
-0.00966002
0.0827195
0.18442
0.0480025
-0.0625873
0.0272854
0.107645
-0.0239718
-0.104076
0.0829684
0.064039
0.0100327
-0.0443011
0.681959
0.365504
-0.0725337
0.12136
-0.0752215
0.0242849
0.00993839
0.0476565
-0.0409808
0.0123754
-0.114109
-0.0903233
-0.112454
-0.0787507
0.0516542
-0.0259033
-0.103862
0.195479
0.151001
-0.101071
0.00768435
-0.0887549
-0.015317
-0.468303
-0.298106
0.140329
0.0477356
0.14091
0.024777
0.110662
0.0365979
0.115111
0.0521358
0.0807274
0.0453073
0.0874502
0.0256357
-0.140192
-0.00240722
0.0398799
-0.156448
-0.00335197
-0.0660556
-0.0344131
-0.0567425
0.022638
0.0852617
-0.492107
0.0728096
0.00410985
0.00667393
0.150259
-0.00893336
0.213121
-0.0365211
-0.0211433
-0.342695
0.240736
0.14475
0.116534
-0.157995
-0.125533
-0.156353
-0.0430076
-0.114837
-0.020319
-0.0150391
-0.0135322
-0.00379622
-0.0766272
0.103066
0.0796719
0.113175
-0.0632507
0.0622725
0.0651823
-0.0181161
-0.0658628
0.00287658
-0.0690381
0.0458156
-0.0641145
0.0905544
0.260208
-0.0091074
-0.0320994
0.0478354
-0.045364
0.222967
-0.0416094
0.280511
-0.145893
-0.035886
0.0396221
0.0337761
-0.0430856
-0.0673222
-0.0546869
-0.0334395
-0.0158933
-0.0211177
0.0221405
0.0168605
0.117744
-0.0143791
-0.0239168
0.00523926
-0.0346489
0.0947784
-0.227026
0.0240771
-0.0230138
0.0493301
0.00478911
0.256709
0.0244653
0.0298422
0.00168503
-0.197054
-0.254646
0.0307089
-0.115815
0.114923
0.0288971
-0.119399
0.0176589
0.0433894
-0.00390537
0.185841
0.0441602
-0.0253563
-0.026055
0.013778
-0.0192986
-0.0720573
0.0479415
0.0786069
-0.011482
0.0700688
0.0134301
-0.0215878
-0.0526948
-0.0343757
-0.0545274
0.064544
-0.0128075
-0.0169703
-0.047984
-0.0316258
-0.0335546
-0.0413655
-0.0364663
0.137246
-0.106297
0.0282294
-0.00451798
0.0239026
0.0284326
0.042236
0.00824717
-0.021999
-0.0342617
0.00391661
0.0461679
0.0249356
0.00100949
-0.0181065
-0.0990589
0.0395835
-0.0488395
0.004266
-0.0442642
0.036488
0.0438955
0.0429638
-0.0438542
0.0179553
0.033453
-0.0457945
0.047427
0.00201749
-0.013556
-0.0140389
0.00926177
0.137369
0.00252778
0.0246467
0.0441397
-0.0390156
0.0362398
-0.0248849
-0.047211
0.0307448
-0.000771096
-0.0245523
-0.0433941
0.0218446
-0.0356281
0.124758
0.047997
0.00248548
-0.0625524
0.0641153
-0.00730335
-0.1367
-0.042684
-0.119324
0.085925
0.0651426
-0.0131172
0.012036
0.14466
-0.183531
0.0252629
0.0823239
0.0275277
0.0824609
0.0178089
0.0681849
-0.122564
-0.0332684
0.0515627
-0.0248219
0.0348572
0.0251076
0.012602
-0.0368208
-0.0289235
0.0388822
-0.0777816
-0.0735849
-0.0370277
0.111638
0.0462753
0.0131179
-0.101051
0.0032823
0.0828152
-0.0138826
0.21
0.0452034
0.0216112
0.0863363
0.179612
0.16223
0.00910474
-0.0420672
-0.0378256
0.135438
-0.138721
0.120562
0.0288113
-0.0403197
-0.0174445
-0.0348939
0.0279006
0.00735069
0.141258
-0.00298818
-0.0412655
-0.0555264
0.0387241
0.0448754
-0.136527
0.0464386
0.0626888
-0.455141
0.0592348
-0.159919
0.47969
0.149901
0.0427842
0.0104687
0.258494
-0.294978
-0.148959
-0.203267
0.138066
0.0747981
0.143216
0.128873
0.149165
0.0580883
0.168504
0.109317
0.0160792
0.0948681
0.132965
0.131963
0.10197
0.184873
-0.0344336
-0.108738
0.0459214
0.364519
0.0478305
0.162581
-0.342617
-0.0303053
0.0738295
0.300574
0.103979
-0.0486699
-0.00477272
-0.13906
0.00444306
-0.366162
0.225512
0.130639
0.116189
0.0331574
-0.0324698
0.0184942
-0.0735478
-0.0507886
0.060171
-0.000154182
0.0134123
0.0993367
0.0959203
-0.29049
-0.157068
0.0644355
0.122043
0.0432771
0.0207652
-0.0447809
-0.0335694
0.159502
-0.0123472
0.0208055
0.014859
-0.00112709
0.0282339
-0.0342209
0.0288145
0.0721051
0.0344281
-0.00794331
-0.0339577
-0.0060846
0.0441205
0.0405039
0.0163709
0.0447483
-0.0189228
-0.00264273
0.00660179
0.0230939
0.0353867
0.0148996
-0.0158239
0.0277113
0.0120853
0.0408902
0.0271964
-0.0327331
-0.0298191
0.00128707
-0.113358
0.000909037
0.00119429
-0.0409227
-0.0239158
-0.034985
-0.0378965
-0.0149743
-0.0144647
0.0419116
-0.0163632
-0.0265274
0.00938602
0.0415949
-0.0148932
-0.0111405
0.0215509
0.0110664
0.0304479
0.0318948
-0.0217989
0.0328722
-0.0200601
-0.0466297
0.0310458
-0.00616377
-0.0089544
0.0201415
-0.0245151
-0.00824044
0.0818874
-0.0173248
0.0587649
0.0422261
-0.0454681
0.0103734
0.0548542
-0.122146
0.184289
-0.0527256
0.0349224
0.0321476
0.043876
-0.0150238
-0.0665329
0.069875
0.0307618
0.0172208
0.0259846
0.0403049
-0.0187836
-0.0670794
0.0498352
0.041728
0.0565521
0.0118422
0.1649
0.0641083
0.0378551
0.0110094
-0.0845698
0.0147795
-0.0126729
0.0365961
-0.0391437
0.0246242
-0.0387172
-0.0465268
-0.0717362
-0.0558066
-0.0132614
0.00963009
0.0259909
0.0047681
0.0608036
0.0408771
0.0203804
-0.029003
0.105535
-0.210916
-0.0930587
-0.0519932
0.00343684
0.0914338
0.0246728
0.0581637
-0.0333298
0.0137003
0.0353978
-0.037912
0.0200562
-0.0243096
0.0569951
-0.0862066
-0.0360384
0.047676
-0.0968014
0.0260141
0.0111368
0.00741353
-0.0503351
0.0385753
-0.0135784
0.0618305
-0.0315658
0.0384277
0.0107746
0.0407306
-0.0641466
-0.0212971
-0.0299334
0.0419337
0.0384291
0.00498833
-0.0577166
0.0176286
-0.0203194
0.0298516
0.0326256
0.0323029
0.00911552
0.0567357
0.0155564
0.0390365
0.0361084
-0.0110189
0.0385435
0.0328119
0.017024
0.0180042
-0.0142536
0.0127632
0.0678787
0.00915331
0.0276641
-0.0505454
0.0452253
-0.0124736
-0.0155424
0.0675592
0.0128626
0.0201194
0.0201692
-0.0144904
0.0411653
0.00467794
0.0511881
-0.00451358
-0.0429399
-0.00775199
-0.0286175
0.0246738
-0.0383896
-0.0430029
-0.0169917
0.0335814
0.0251046
-0.00690023
0.0338286
-0.0149905
-0.0365927
0.0512845
-0.0567179
0.0217331
0.00599599
0.0204351
-0.0097526
-0.00961562
-0.0367034
0.00286867
0.0464999
-0.0430488
0.0184101
0.00268456
0.00825934
-0.0590205
0.0443324
-0.0606016
-0.0174914
0.0339939
-0.00284917
0.0446032
-0.0349086
-0.0271597
-0.0120294
-0.0450378
-0.0286314
-0.0369957
-0.035094
0.0129028
-0.0352783
0.0324974
-0.0150731
0.00752578
0.00765725
0.0431819
-0.0490287
-0.0121266
-0.0468848
0.0548488
-0.00342689
0.00403567
-0.0390908
-0.0160992
0.0248025
-0.0415572
-0.0337565
-0.0261964
-0.00690259
-0.0268993
0.0237419
-0.0243679
-0.0133367
0.00125674
-0.0402168
0.0207397
0.0448292
-0.0252379
0.0108329
0.0123911
-0.0144985
0.00793258
-0.0229437
0.00264479
0.0251349
-0.0546777
0.048091
0.0490049
0.05849
0.0387753
0.0155168
-0.0330498
0.0334176
-0.0465768
0.0386973
-0.0255455
0.0303099
0.0130422
0.017813
-0.000512409
0.00731331
-0.0360284
0.0263531
0.035032
-0.00777785
-0.0297799
0.0129438
0.0267461
-0.0352169
-0.00363782
0.00694381
-0.00144673
-0.048515
0.00267091
-0.00101072
0.0397894
-0.0112518
-0.00259409
-0.055685
0.0426453
-0.0368538
-0.0116688
0.0204922
0.00169644
0.0493658
0.0414726
-0.012508
0.0226264
-0.0772129
0.0217397
-0.0184989
0.0028373
0.0357549
-0.052402
-0.00312091
0.00350841
-0.0020127
-0.0150688
-0.026045
0.0496813
0.0653619
0.013989
-0.0614388
-0.0215156
0.028946
-0.0216757
-0.0510438
0.0328698
0.00560908
0.0179676
0.0118383
-0.0887657
0.0281138
-0.0287805
-0.00738586
-0.0194738
0.0353954
-0.0237515
-0.00737247
0.0645754
0.0156855
-0.00970363
0.00414285
-0.028781
0.0473511
-0.0151374
-0.0227129
0.00889498
0.0221763
0.0438275
0.000143804
-0.00123065
0.0368481
-0.0108357
-0.00787424
0.040352
0.0435944
-0.0325023
-0.000532276
0.0908558
-0.080014
-0.00243188
0.0329743
-0.00740793
-0.0210781
0.00585228
0.01942
0.0488999
-0.0170662
0.0084336
-0.0404932
0.0468281
0.00686791
0.0491046
0.0378079
0.057213
-0.00399814
0.0262205
0.0247851
-0.0189017
0.0472454
0.0263159
-0.0396174
0.0340667
-0.00795389
-0.0128021
0.020357
-0.0264194
-0.0180155
0.0144049
-0.0674147
-0.0200185
-0.00276216
-0.00366366
-0.0437211
-0.000455501
-0.0324357
-0.00922288
-0.0452684
-0.033452
-0.0287466
0.0361254
0.0309646
-0.00397248
0.0633802
0.0153768
0.0747973
-0.0450774
0.0107577
-0.00960075
0.0295182
-0.062087
0.00406427
-0.0149075
0.0158819
-0.00508071
-0.00794046
-0.0115089
0.00582767
0.0254229
0.000491263
0.0405775
0.04722
0.0433354
0.0822105
-0.0134893
0.0158977
-0.0490728
-0.0266436
0.0453466
-0.0210815
0.0308105
0.0143247
-0.00173276
0.0298665
-0.0031903
-0.0272239
0.0298268
0.0149945
0.0168828
-0.0364417
0.0350534
-0.0374349
-0.0427928
-0.0404458
-0.0232727
0.0202269
0.0144915
-0.00124456
-0.0480626
-0.0166836
0.031833
0.0149388
0.00680537
-0.0212332
0.0158095
0.022519
0.00288856
-0.0473356
-0.00683039
0.0284304
-0.0214331
-0.00341125
-0.0236396
-0.0338272
0.035229
0.0330651
0.0176209
0.00507083
-0.00277288
-0.0330555
-0.0491106
-0.0325807
0.0197647
0.0408822
-0.0138405
0.0297434
-0.0170047
-0.04407
0.0215005
-0.0366138
0.0110587
0.0273796
0.0174813
-0.0306045
0.0714158
-0.0476688
0.0236054
0.0273332
0.034442
0.0282955
0.0367143
0.0599619
-0.0253578
-0.0157247
0.0485699
0.0439751
-0.0427288
0.0161071
0.101567
-0.0112445
0.00885707
-0.0230932
0.0226687
-0.0142736
0.0377598
-0.0116909
0.0668382
0.0173263
-0.0342217
-0.00501094
0.0558615
-0.0261825
0.0344043
-0.012875
0.00107195
0.0186196
-0.0317961
-0.0198602
-0.0368529
-0.0122065
-0.0317988
0.0163743
0.00689119
0.0253517
-0.0266496
-0.0433116
0.0394329
0.00336256
-0.0432296
0.0219527
0.00432908
-0.035931
-0.0610967
-0.0679244
-8.91616e-05
0.0127461
-0.0312541
0.00485869
0.00338316
-0.0296276
-0.0407111
0.0162148
0.0343462
-0.0552399
0.0263987
0.0159456
-0.0301959
0.016987
0.00390442
0.00130493
-0.046352
0.00384592
-0.026654
-0.0405292
0.0327842
0.00110539
-0.0397469
0.0299719
0.0108969
0.0510212
-0.00796778
0.0377647
0.0321597
0.0633307
-0.0485317
-0.00659235
0.0445868
0.00141195
-0.0212291
0.0428846
-0.00735164
-0.0439589
0.00898988
-0.0355879
0.0124031
-0.0311564
-0.0265461
-0.0273051
0.0447119
-0.00144542
-0.0284378
0.0201857
-0.0576646
-0.0188964
0.0466167
0.0576423
-0.00484357
-0.0446353
-0.0451818
0.000396634
-0.0370194
-0.0264717
0.0323389
0.0325775
-0.0293177
-0.0313325
-0.0197748
-0.0131875
0.0147228
-0.0410987
0.000620371
0.00488327
0.0094655
0.0264658
0.0421156
0.0110117
0.0355004
-0.0474788
0.0114062
0.00822989
-0.0217283
-0.0369854
-0.0421746
0.00516277
-0.0226626
0.0306028
-0.0347034
0.0297961
0.0100911
-0.0497044
0.00237464
-0.00428709
0.0103749
0.0298006
0.0629215
0.0260346
0.0463109
0.000170138
-0.0479945
-0.042097
0.0241601
0.0310296
0.0166233
0.0220224
0.0146786
0.00354717
-0.0145166
-0.0141329
-0.0399087
-0.00646396
0.0157961
0.0412401
0.0137678
0.0256702
0.0132289
-0.0295659
-0.0391067
-0.014439
-0.0417947
-0.00214488
-0.0139479
-0.0412898
-0.0313177
0.0269703
-0.0405146
0.0101088
0.00388438
0.0166759
0.0224576
0.0140184
-0.0150384
-0.0106858
0.0253493
-0.00812432
0.041176
0.0289521
-0.0270785
0.0448172
0.000946942
0.0406486
-0.0406656
-0.0287637
-0.017156
0.0135361
-0.0454639
-0.0490839
-0.0354691
0.0176741
-0.00627119
-0.0229798
0.0448739
0.010449
0.0560908
0.0154805
0.0405256
-0.048379
0.0323445
0.0150104
0.0204466
0.0214334
0.0163279
-0.0215509
-0.0223476
-0.00758648
-0.0574175
-0.0480865
0.0137497
0.0129265
0.0110908
-0.0423656
0.0300344
-0.0443967
-0.00867657
-0.0161784
0.0131728
-0.00466432
-0.00965995
0.0487372
0.0427584
0.0411385
-0.0510813
-0.038233
0.0384518
-0.0050875
0.0325993
0.0443579
-0.015844
0.0210044
0.0511149
-0.0365517
-0.0184163
-0.0476003
0.0224139
-0.0180733
-0.0458947
0.045912
-0.0542805
-0.0370685
0.0425209
-0.0361495
-0.0151115
0.0483308
0.0199431
0.0170089
-0.00393959
-0.0192979
-0.0423426
0.0596237
0.0123939
-0.0375462
-0.0273845
0.0251827
0.00107598
0.0168464
-0.060748
0.0625434
-0.0325731
0.0316991
-0.0375792
0.0406665
0.0106811
-0.0153006
0.0147317
0.014322
0.0217384
0.00601983
-0.0181063
-0.0425712
-0.00656818
0.0497364
0.00567384
0.0583005
-0.0124132
-0.0563057
-0.0204818
-0.000926469
0.0151429
0.00434606
0.0149495
-0.037281
0.0282649
-0.0573311
-0.00221508
-0.0028896
-0.0422198
0.0536946
0.0181205
-0.00332645
0.0153639
0.0124979
0.0423242
-0.019984
-0.0151374
0.0612262
0.00864213
0.0119334
-0.0552685
0.0126872
0.0182758
-0.0507487
-0.0241352
0.00537078
8.60445e-05
0.0244116
0.0320199
0.0496439
-0.0325226
-0.0395539
0.0795745
-0.0814068
-0.0129099
-0.0333207
-0.00452652
0.05868
0.0365912
0.0065766
0.0224252
-0.0239623
-0.0223222
0.0609832
-0.0304321
0.00452585
0.0235185
0.0154561
0.0208542
-0.0395489
-0.0147632
-0.0167914
0.0591953
-0.0151421
-0.00442473
-0.0298874
-0.0207073
-0.0464615
-0.0555664
0.0631668
0.0346904
0.0251791
0.0409318
-0.0488004
0.0256542
0.00511021
-0.038076
0.0340274
-0.0278948
-0.011223
-0.000436679
0.00319171
0.0244964
-0.0029928
0.00920513
-0.0144525
-0.0236717
-0.00981965
-0.00459842
-0.00530981
0.034134
0.0171728
0.00807136
-0.0263435
0.0159719
0.00186282
0.00121088
0.00239719
0.0213215
0.0147901
-0.00924635
-0.0413682
-0.02173
-0.000564458
0.0109185
0.0202062
-0.0226911
-0.0362531
-0.0387561
-0.00807162
0.0267719
-0.0425072
-0.0467083
0.00857591
0.048158
-0.0427022
0.0212422
0.0327528
0.0477969
0.0153281
-0.0195637
0.00824166
-0.00345579
-0.0459577
0.0343493
0.00838819
0.0220402
-0.0468693
0.0119933
-0.0132517
-0.00628002
0.00115223
0.0350414
-0.00663913
0.0486575
-0.037357
0.00865381
0.0331212
-0.01666
-0.00573932
-0.0489032
-0.0349587
-0.0134823
-0.0180187
-0.000515014
-0.048131
0.0526033
-0.0241412
0.0459344
0.0452857
-0.0161841
-0.0260634
-0.0286271
0.0164242
-0.0469697
-0.0212141
0.0345613
-0.0477709
-0.0234583
0.0257395
-0.0208434
-0.00155344
-0.0173603
-0.0111156
0.00780748
-0.00836153
0.0205858
-0.0329868
0.0145407
-0.108782
-0.0384728
-0.108444
0.0499367
-0.00068214
0.0456851
-0.0145263
-0.0189846
-0.0508735
0.0404847
0.0186585
-0.0370116
0.00763765
0.0387063
-0.0127671
-0.000115462
0.043115
0.0542239
-0.0169446
0.000158268
-0.0216523
0.00576383
0.0944682
-0.00698846
0.0847592
0.035111
0.0329379
0.00685544
0.00626788
-0.0310781
0.0630631
0.0311724
-0.0505022
-0.042473
-0.0161133
-0.0316281
-0.0551953
0.00203928
0.0391237
-0.0441934
0.00486894
-0.0392237
-0.0549489
0.0328727
-0.0137072
-0.021132
0.0185772
0.0177529
0.0473417
-0.0701469
-0.0118544
-0.0212632
-0.00138817
-0.0382303
0.0152362
0.0326395
-0.0372462
0.0244581
-0.0180431
-0.00609655
-0.0231272
-0.0642464
0.0439284
0.0585325
0.0588161
-0.0178992
0.0356779
-0.0182604
-0.0552868
-0.00567707
0.0180289
-0.0500559
0.0272995
-0.0459924
0.00285253
-0.0284628
0.0194742
-0.00935017
-0.00257991
0.0241654
0.0447895
-0.0454844
-0.0200106
0.0124818
-0.0412323
-0.0283211
-0.0249312
0.0547849
0.00083101
-0.0195033
-0.0297338
0.0479932
-0.00868695
-0.00821534
-0.0392337
-0.0335157
0.0345907
-0.0404409
-0.00495075
-0.0162526
-0.0440476
0.0209929
-0.0291726
-0.0397349
0.0386872
-0.0481341
-0.0260136
0.00013201
-0.0142202
0.0321752
-0.0489182
0.0428451
0.0229923
-0.0261529
-0.0114698
0.0291151
-0.0231917
0.0469811
0.0115215
-0.0287107
0.0145085
0.0786726
-0.0165946
0.0190839
-0.0160507
0.0333345
0.0270158
0.0161967
0.0156398
0.036084
-0.00598814
-0.0406944
-0.00626996
-0.0199376
-0.0120333
0.0433929
0.00247374
0.00951295
0.0104268
0.0259897
-0.0100391
0.0462563
0.0480472
-0.047727
-0.0180154
-0.0265845
2.87076e-05
-0.0108139
0.048356
-0.00634364
0.00912693
0.0358442
0.0360482
-0.0358433
0.00251729
-0.0389199
0.0324966
-0.0145901
0.0184837
0.0376839
-0.0466337
-0.0278527
-0.0268858
-0.0442941
-0.03041
0.00290727
0.0438495
0.00113781
-0.0326508
0.0389313
0.0252077
-0.0209149
-0.0542869
0.0382778
0.0216437
-0.0395701
0.0147656
0.0472359
0.0130719
-0.0103995
-0.0360584
0.036582
-0.0488799
-0.0100562
0.018247
-0.0264022
0.0181812
-0.0434258
0.0489598
-0.0251854
0.0304468
0.0380006
-0.00348035
0.037966
0.0445974
0.0183888
0.0169472
-0.0158579
0.00289897
0.00498912
-0.0515113
-0.0317347
-0.0124846
-0.00591738
-0.0032076
-0.0276079
0.0150822
-0.0244894
-0.0358343
-0.0380254
0.0432042
0.013908
0.0298277
-0.00647502
-0.0477452
-0.0568868
0.00832109
0.000791895
-0.0552729
-0.011771
-0.0368996
0.0343236
0.0445425
0.00594073
-0.0265355
-0.0136188
0.0190075
-0.019593
-0.0172111
-0.0299748
0.0353213
-0.0387068
0.00801417
0.0161476
0.00664299
0.00745229
-0.0351469
-0.00638418
0.0342566
-0.0526643
-0.0032879
-0.0261647
0.0204795
-0.0581347
-0.0222181
0.0333724
-0.0248541
-0.0343426
-0.0343045
-0.00601301
0.035134
-0.0148419
-0.0435028
-0.0414265
-0.0389406
-0.0536525
-0.0497977
0.00897138
-0.0435715
0.0814839
-0.00653457
0.0411051
-0.00420299
0.0768767
-0.00624356
0.0241134
0.0137318
0.0555615
-0.0418501
0.00568681
-0.0378657
-0.00761664
0.0453226
0.0261338
-0.0365664
0.0336532
-0.0119576
0.0510741
-0.00698605
0.0452397
0.022018
0.00611044
-0.0545248
0.00228331
-0.0436605
0.0541028
-0.0355682
-0.0633259
-0.0545837
0.0294689
0.046497
-0.014796
0.0516646
-0.0145367
0.0517834
0.028956
0.0272737
-0.0330227
-0.000654373
0.00161889
-0.00726907
0.0279603
-0.00828957
0.0181035
-0.0302212
0.00411515
0.0632574
-0.0777032
-0.0244861
0.0444671
-0.00651829
0.0545837
0.00942467
0.0409572
-0.0244324
-0.02804
-0.0233609
0.0487371
-0.0108757
0.0508596
-0.017227
-0.0331542
-0.0426714
0.0152414
-0.0474281
0.0120117
0.00723748
-0.0317887
-0.0223588
0.0168198
-0.0489548
0.0145308
-0.0292829
-0.040889
0.0287052
0.0177635
0.0274724
-0.0226822
-0.0281596
-0.0300725
-0.0301803
0.0432416
-0.00417936
-0.0361551
0.0464525
0.046279
-0.0481432
-0.0182062
0.02085
0.00226432
-0.0128217
0.0456654
-0.0423121
-0.0454222
0.0318399
-0.0161252
-0.042753
-0.00205645
0.00963846
0.0237078
0.0451783
-0.0113435
-0.0177545
-0.0330422
-0.00698284
0.0315601
0.0019103
0.0459899
-0.0319095
-0.0225719
-0.0072292
-0.0101812
-0.0284213
0.0277539
0.0331403
0.0367703
-0.0424106
-0.0159336
0.0182437
0.0223275
-0.0223587
-0.0353464
-0.0347532
0.0232598
-0.00968167
0.0101428
-0.0254022
-0.0408598
-0.0223932
0.0304086
-0.0297415
0.0495294
0.00505158
0.00490734
0.0113953
-0.0142589
-0.00571811
-0.0187695
0.0436635
0.0200468
0.0371513
-0.0339878
-0.0318534
0.134118
-0.0258138
0.0129485
0.0202151
0.00155728
-0.0204196
-0.00541113
-0.0275666
0.00380017
0.0174644
-0.0463804
-0.0075067
-0.0633611
-0.114004
-0.0543315
0.00322403
0.0844017
-0.0128655
0.00719692
-0.0806925
0.00417407
-0.008449
-0.0506532
0.0174476
0.00925177
0.0183907
-0.0758173
0.0208835
0.0549994
-0.0767686
-0.00520582
0.0216444
0.0176802
0.0410204
-0.113632
0.235002
0.036883
0.138244
-0.0449615
0.0132345
0.0352792
-0.00620309
0.0260382
0.0366948
0.00327782
0.00500571
0.0616408
0.040177
0.0189152
0.0213272
-0.0408132
-0.0111643
0.0322539
0.0111614
0.0679993
0.0519121
-0.0242905
0.0338916
0.00526495
0.034184
0.0703222
-0.0726768
0.00221259
-0.0572178
0.0545076
0.0140158
-0.0422054
-0.0121706
-0.000319677
-0.00801497
0.0575169
0.0205424
-0.00777864
0.00485563
-0.0232525
-0.0437254
0.0683044
-0.027502
-0.00865576
0.015704
-0.0413643
0.0348429
-0.0347765
-0.00854116
-0.0777079
0.00104687
0.0195511
0.0128188
-0.0533296
0.010877
-0.00217247
0.0389497
0.0246599
0.0269045
-0.0276414
-0.0333202
0.0113887
-0.030765
-0.00457762
0.0310808
-0.0907573
0.0253502
0.0426012
-0.037703
-0.00825038
-0.00424746
0.0112803
-0.0302637
-0.00257619
-0.00776818
0.028042
0.0465486
-7.80055e-05
-0.0214426
-0.0532295
0.00359011
0.00132414
-0.0377638
0.0478033
-0.0164381
0.0779708
0.00827828
-0.0574047
-0.0221311
0.0283625
-0.0100374
0.0719332
-0.025657
0.0118088
-0.0345793
0.0718391
0.0570325
0.0421383
-0.0449137
0.00832652
-0.00317246
-0.0209977
-0.0473008
0.000515058
0.0369593
-0.0247691
0.0111038
-0.0426207
-0.0152888
-0.0490712
-0.0208307
-0.0287023
-0.019183
0.00574053
-0.0292334
0.035288
0.0215399
0.0406271
0.0103805
0.0176038
-0.00230797
0.000157529
0.0248603
0.0154418
-0.0303349
0.0353086
-0.0135683
0.0464161
0.00423948
-0.0417701
0.0253362
-0.0293506
0.0414037
-0.00123612
0.030944
-0.0239848
0.0435817
-0.0252764
-0.0341159
-0.00224443
-0.0396912
0.00891433
-0.0131001
-0.0483835
0.0520537
0.0201268
-0.0249681
-0.0385029
0.0352329
0.029774
-0.014457
0.00734102
0.0211924
0.00228385
-0.0234735
0.0283776
-0.0164606
-0.0279998
0.0237393
-0.0424634
0.037361
0.0192048
0.0147507
-0.0381643
-0.00983612
-0.0410895
0.0428211
0.0272154
0.0231955
0.0411364
-0.0251966
-0.0207061
-0.0208289
-0.0291756
-0.041024
0.0213246
-0.014891
0.0099242
-0.0273853
-0.0361115
-0.0239091
-0.0003897
-0.023948
0.0153094
0.0297469
0.0323662
-0.0242433
-0.0325876
-0.0328142
0.0615407
-0.0319429
0.0477624
0.0442799
-0.0196392
0.037971
0.0328428
-0.000265428
0.0250681
0.0305323
0.0307401
0.0127892
0.00673879
0.0460004
0.00506377
0.0164905
0.0186922
-0.0266586
-0.0338982
0.0562122
0.00708628
0.0684744
0.0152699
-0.012369
0.0167701
-0.0559681
0.0181416
-0.0189286
0.0265444
-0.0127475
-0.0106254
-0.057795
-0.0155272
-0.0183852
0.00241116
-0.0509959
0.0215868
-0.0614782
-0.0569508
-0.0555031
-0.0233774
0.022383
0.0318156
-0.0372687
0.00291252
0.0180865
-0.0380095
0.0107961
0.00176458
-0.0299141
-0.0303855
-0.0389755
0.0267124
-0.0672973
0.00642908
0.0527424
-0.00748938
-0.0140728
0.0172169
-0.0215672
0.0410117
-0.000902745
0.00602242
-0.0370181
-0.0434727
0.00716247
-0.0404059
-0.0090323
-0.0219192
-0.0136031
-0.0389353
0.0621531
-0.0235095
-0.0159596
0.0156211
-0.0349433
-0.0136099
-0.0952066
-0.0394683
-0.044698
-0.0158681
0.0552754
-0.0245862
0.0215398
-0.0193801
-0.0134231
-0.0335518
0.0139013
-0.0121919
0.0359637
0.0490512
0.0143396
0.0703007
0.0352578
-0.00377409
0.052372
-0.0607131
-0.0393799
-0.0598913
0.0185865
0.0528069
-0.0108335
-0.0142636
-0.017613
-0.0052829
0.0301353
-0.0105998
0.00536996
-0.0157269
0.0625897
-0.0340823
-0.0426997
0.00241427
-0.00117283
-0.0248317
-0.024771
-0.0512735
0.015951
0.0215041
0.0224034
-0.0218265
0.0387813
-0.0446549
0.00371754
0.0017552
-0.035796
0.0128101
-0.0403176
0.0424012
0.0208234
-0.039601
-0.00656576
0.0449476
0.0386787
0.0150661
0.00137782
-0.0450077
0.0140831
-0.0429414
0.000916954
-0.0194861
0.0180574
-0.0439078
-0.0116291
0.0192559
-0.0349476
0.0412166
-0.0131833
0.0341785
0.0434251
0.00179063
-0.0291301
0.0285631
-0.0443041
-0.0324555
0.0395123
0.0311055
0.00430787
-0.0244996
0.0458654
0.0170542
-0.0131539
-0.0106197
-0.000903086
0.0078732
0.048055
-0.0119507
0.0486564
0.0402103
0.0390825
0.0141748
-0.00949406
0.010692
-0.0457703
0.000428093
-0.0358467
0.0128793
0.0234992
-0.0280938
-0.00813311
-0.00726956
-0.0341146
0.0130943
0.018577
-0.0368922
0.0149103
-0.0436358
-0.00145281
-0.0427194
0.0149869
-0.0331895
0.361772
0.148241
0.138003
-0.0957429
0.0575656
0.210278
-0.0110217
-0.197093
0.0839766
0.0507314
0.130181
0.0164498
0.202473
0.0614325
0.76673
-0.0637375
-0.0286848
-0.0105398
-0.246014
0.157535
0.0321988
0.103053
0.295388
0.297376
0.167785
0.152802
0.142655
0.0122385
-0.0907852
-0.0382723
-0.108245
0.302333
0.0414819
0.0702065
0.151707
-0.354066
-0.189292
-0.164255
0.175638
0.191034
-0.00966734
0.114506
-0.136547
-0.0831676
0.0719985
-0.289429
-0.193345
-0.222231
-0.0813898
-0.0051845
-0.0527836
0.0954808
0.0036853
0.0281005
0.13818
-0.0182039
-0.0105829
-0.0191474
0.019269
-0.0479854
-0.0198396
-0.197168
0.00338926
0.242382
0.109593
0.0989678
0.00278397
0.0415985
0.109482
-0.0490084
0.0134801
-0.0198355
0.0459796
0.0871207
0.215455
0.0900469
0.0123821
0.0496923
0.0898195
0.0362342
0.0132148
-0.112819
-0.0756047
0.428235
0.309309
0.0156749
-0.00430338
0.0892883
0.0629371
-0.0434512
-0.331163
0.0219746
0.0208829
-0.0309074
0.125379
0.0242529
-0.00631655
0.0210494
-0.0313674
0.308735
-0.0137002
0.0900979
0.0124152
0.0733043
0.0220484
0.102975
-0.0343094
-0.0398378
0.0136389
-0.0206609
0.0142158
-0.0142424
0.0328324
-0.0484669
0.0754144
0.0426191
0.0225214
0.0226021
-0.0335029
-0.0294628
-0.116545
-0.134006
0.0280207
0.0368421
0.0628887
-0.0676778
0.10104
0.0114405
-0.0152903
0.0120201
0.0875566
0.0202758
0.125818
0.187896
-0.0181281
-0.0691882
-0.0959437
-0.00645203
-0.0204747
0.00154055
0.0582057
-0.041573
0.0296065
-0.0159163
-0.00976723
-0.0816196
-0.0181593
0.0257378
-0.0424578
-0.0973074
0.0650791
0.00969859
0.0037741
-0.0583263
-0.0246098
-0.021869
0.068371
0.0140142
0.0423306
0.0298349
0.0463598
-0.0374873
0.044309
-0.0345623
-0.0247696
-0.0365392
-0.0309998
0.0660213
0.0431788
-0.0483917
-0.0302789
-0.0256944
-0.0324068
-0.00789304
0.0373903
-0.0267933
0.073485
0.03198
0.0137421
-0.0353738
0.00663626
-0.0385784
-0.0201789
-0.00687594
-0.00175789
-0.0214811
-0.0184274
-0.115397
-0.0283345
-0.016907
0.0281132
-0.0279018
0.0490281
-0.0426049
-0.0235529
0.123018
-0.0138735
-0.0123325
-0.0512022
-0.0202888
-0.00363013
-0.000581898
-0.0267454
0.0298924
0.0360687
0.0402223
-0.036923
-0.0136149
0.019096
0.0425091
0.0266537
-0.0559796
-0.00173034
-0.0178061
0.118939
0.0125717
0.11618
0.0339117
-0.065323
-0.0118728
0.0500336
0.0267139
-0.0348131
-0.0400286
-0.0486115
-0.0281206
-0.136125
0.105576
-0.113552
0.0315579
0.0574232
-0.0535032
-0.0180916
0.0748916
0.0918237
-0.0166841
0.0775346
0.028552
-0.102896
-0.0368583
0.0424999
-0.0935103
-0.0378423
-0.0555302
0.0281122
-0.139743
0.0161598
0.261746
-0.0078925
0.048979
-0.00340727
-0.146675
0.0250691
0.0162421
0.0377657
0.0450725
0.0643001
-0.0616088
-0.0321868
-0.0014594
0.0588931
0.108178
0.0754938
0.0450081
0.0319851
-0.0299954
0.0476828
-0.0757933
0.172794
0.148836
0.122868
0.00828658
0.0106831
-0.00325925
0.0440335
0.240208
0.00213424
0.178006
0.469074
0.0330351
-0.0975077
-0.262755
0.215345
0.0174915
-0.0352794
0.162049
0.114992
0.200269
-0.35191
-0.309818
-0.143283
-0.419356
-0.0568996
0.186109
0.150847
-0.00378576
0.0522875
0.0681041
0.0750922
-0.405021
-0.154423
-0.293649
0.0122299
0.0952902
0.0923198
0.0726745
-0.0234968
0.217808
-0.0206646
-0.00399742
-0.0467902
-0.18579
0.239112
0.163803
0.0418235
-0.000444478
0.126584
0.00492371
0.100534
0.328245
-0.144649
-0.0929367
-0.088267
0.106184
-0.0581973
-0.0116452
-0.0703025
0.0325294
-0.0829681
0.0210276
0.218687
-0.151079
0.373405
0.114004
-0.0470546
0.00832133
-0.131351
-0.0321046
-0.0465323
0.0398116
0.133456
0.0345575
0.0418478
-0.00682899
-0.00323657
-0.0294011
0.0111381
0.0141169
-0.00740717
-0.0469581
-0.0163059
0.0185057
0.00232776
-0.0440155
0.0186145
0.00952319
0.0520027
0.043244
0.0358244
0.0367577
-0.0399154
0.0359978
0.0205232
-0.0477293
0.0196505
-0.0518468
-0.00842454
0.00540507
-0.0333755
0.0366235
-0.00101175
-0.125199
-0.0222654
0.00155422
-0.0248379
-0.0391515
-0.00948537
-0.0301754
-0.0170418
-0.02872
-0.00204663
0.00758082
0.0113141
-0.0272904
0.0115635
0.0100119
-0.0506416
-0.00788716
0.00289347
0.0201926
0.0445221
0.0323571
0.0302461
0.0191933
-0.019245
0.0306154
0.0221681
-0.0410999
0.0271091
-0.0529229
-0.189116
-0.0435468
0.0151042
0.0353398
-0.0250008
0.0348421
0.0396696
0.0115658
0.162325
0.0099437
-0.0202215
-0.0426558
0.00994962
0.00522242
0.0158361
0.260317
-0.0584954
0.0347212
-0.0191093
-0.0134363
-0.00249314
0.0308729
-0.00277796
0.091727
0.0274138
-0.104326
0.0771774
-0.355544
-0.216071
-0.0459533
-0.111108
0.183622
0.0872771
0.0890541
-0.0160418
0.0396181
-0.0460347
-0.12419
-0.0739386
-0.0435125
-0.0653463
-0.0244296
0.0322388
0.00951286
-0.0890004
-0.0182911
0.0188082
-0.0171831
0.129669
-0.121488
0.319034
0.15615
0.100355
-0.0303748
-0.0185336
0.00440292
-0.103626
0.153292
0.0522039
-0.0138572
0.267801
0.245422
0.175786
0.130806
0.169518
-0.00281305
-0.0124813
0.1443
0.0440405
0.0111819
0.0520723
-0.221571
-0.00899586
0.136723
0.0589772
0.0540094
-0.194991
0.00274204
-0.072861
0.0527055
-0.0703638
-0.0318497
-0.0334615
0.0589706
-0.105128
-0.0150106
-0.0176649
0.0661774
0.0111297
-0.0340172
-0.131429
-0.00930726
-0.00586569
-0.0363565
0.00935866
-0.0151327
0.0900942
0.0302841
-0.0811111
0.0029821
0.00937259
-0.039147
-0.0486233
-0.0908384
0.0545368
0.0968276
0.00293055
0.0374283
-0.0395221
-0.0389134
0.122276
-0.0218868
-0.00494044
0.0277727
-0.0358072
-0.0435963
0.0167892
0.0209055
0.0128701
-0.0342946
-0.0599559
-0.0284339
-0.0244975
0.0685837
-0.00325021
-0.0102692
0.0488773
0.0185071
-0.028582
0.00494423
-0.0597703
-0.0376598
-0.0494014
-0.0194091
-0.0382399
0.0154723
-0.0534511
0.00691911
-0.0278344
-0.02425
0.0304543
0.0709408
-0.00191771
0.00940448
0.00175022
0.00614759
0.101845
-0.054055
0.00614186
0.0690942
0.0077575
0.0119218
0.0300544
0.015158
-0.0440559
0.0503333
-0.00408502
0.0157526
-0.045847
0.00172992
0.0935176
0.0376497
-0.0151594
0.0251936
0.0348783
0.0502107
0.0109625
-0.033371
-0.0487448
0.0357975
-0.0336138
0.0010186
0.0194562
-0.0316674
0.0385039
0.0357903
0.00891289
0.0478863
0.00228706
0.00592481
0.00974557
0.0535956
-0.0403266
-0.0119423
0.0193071
0.0428658
0.0215662
-0.0046312
-0.000538863
0.0250983
-0.0236715
-0.0292155
-0.0385029
0.0299883
0.0287485
0.043642
-0.0177041
-0.00764996
-0.0470844
-0.0181445
-0.0436372
0.0279864
0.0209381
-0.000382606
0.0149953
-0.00717251
-0.0179985
0.0305496
0.037948
-0.0468003
0.0155319
0.0167816
-0.021343
-0.0118556
-0.0333112
0.00570237
0.0164611
-0.0152368
0.0249083
-0.0310893
-0.0176704
-0.00187068
0.0839611
-0.0049796
-0.0405607
-0.0359238
0.00301858
0.0171163
-0.0469981
-0.0393144
-0.0428207
0.0694967
0.0103485
0.061862
0.0897306
-0.00604365
0.023033
0.0303842
-0.00134116
0.126136
0.079529
0.0853794
0.0629776
0.0798368
0.0896346
0.0564277
-0.0341116
0.00806061
0.00794311
0.0446401
0.0126623
0.0111874
-0.014968
0.0787978
0.0608617
0.0606511
-0.0298877
0.072752
0.0142705
0.0576434
0.0482818
0.0393778
0.172316
0.0360695
-0.0598696
-0.0514756
0.0909133
0.0314948
-0.0235983
-0.0110901
-0.0753351
0.01274
-0.052776
-0.0265808
0.0065592
-0.00477118
-0.0502353
0.0230218
-0.0482837
0.0635468
-0.0461752
-0.000999034
-0.0269846
-0.0673096
-0.106314
-0.0425251
0.0123978
-0.0407174
0.0415167
-0.0167884
-0.384197
-0.0336213
-0.0250583
-0.0825692
0.00954598
0.0560225
-0.152158
0.136147
0.00269851
0.0389576
0.105768
0.0131443
0.0332429
-0.0570903
0.0731708
0.034023
0.0240966
0.0238022
-0.0124251
-0.058054
0.0367126
-0.0406921
-0.0553496
-0.0246016
-0.0232947
0.00686802
-0.0819861
-0.16199
-0.00929166
-0.0180217
-0.00298001
-0.032076
-0.0422814
0.00376791
0.0732421
-0.0138864
0.0151257
0.0242482
0.021581
0.0328452
-0.0482622
-0.129721
0.0207728
-0.105731
-0.016296
-0.137852
-0.0920268
-0.115563
0.0252793
0.0201749
0.0763922
-0.0502204
0.0321778
-0.030884
0.00678913
-0.0669248
0.0679889
0.10272
0.0498393
0.0142507
-0.0410297
0.0255677
-0.0246887
0.00208805
-0.0175897
-0.086091
-0.0312798
-0.0291955
-0.0162168
0.00129189
0.000630985
-0.0470479
-0.027005
-0.0371233
-0.00324047
0.00726369
0.0291228
0.0352635
0.0475083
-0.0480117
-0.0356197
-0.0487816
0.0380236
-0.0422759
-0.0353132
0.0465945
0.0175979
-0.000432047
-0.0473527
0.0294951
0.000968648
0.0356853
0.0261303
-0.0263399
0.0487851
0.0236268
0.0693592
0.03263
-0.0307615
-0.0483772
-0.0126983
-0.0275108
-0.0454093
0.0396415
-0.025485
-0.000277129
0.0577746
0.00293266
0.0368857
0.0316061
0.0203348
0.0247047
0.016126
0.0376494
-0.0272857
0.00429408
-0.0116054
0.0342341
-0.012251
0.00164355
-0.0409073
-0.0125096
-0.00886677
0.00672873
0.0381268
-0.0060247
0.0806028
0.0354771
-0.0476029
-0.0208045
0.0253822
0.0303775
-0.0362948
-0.107033
0.0497312
-0.032644
0.0217118
-0.0176779
-0.0147592
-0.0419544
0.0434813
-0.0199815
-0.00268625
-0.017929
-0.0124501
0.00720883
0.0446087
-0.0247093
0.0403248
0.0243957
0.00728747
-0.0256875
-0.0589306
-0.0736443
-0.0500497
-0.0416755
0.118248
0.0921079
0.0184156
-0.0983403
-0.00654235
-0.0133864
-0.0429472
-0.0456693
0.0130495
0.00851056
-0.0152125
0.0172438
0.00966706
-0.0581402
0.00638018
-0.0098995
0.0249198
0.0397568
0.0185493
0.222082
0.136455
-0.00773881
0.0709692
-0.0266685
-0.0364585
-0.0385061
0.0361366
-0.0114163
-0.0234631
0.0455533
0.0759299
-0.00577369
-0.0484768
-0.0230713
-0.0042085
-0.0131033
0.0176
-0.0142485
0.0669922
0.0432482
0.0287975
0.0392057
0.0685697
0.0422892
0.0387708
-0.0766409
0.0248704
-0.0194745
0.0233404
-0.0310533
-0.0378359
-0.0407578
-0.0523794
-0.0193276
0.0368739
0.0223538
0.0680353
-0.00586455
0.0615214
-0.0861277
0.0692633
-0.0534397
-0.0220443
0.0412476
0.00636641
-0.0252074
0.0415697
-0.031602
0.00876649
-0.042589
0.0181904
-0.00880278
-0.0796425
0.0853843
-0.0265761
0.0280404
0.0331688
0.0212422
0.00230482
0.0750735
0.000917249
0.0342517
0.028948
0.048538
-0.0226977
-0.0195356
-0.0680075
-0.0430116
-0.028491
-0.0523004
-0.0161569
0.00698362
-0.0106701
-0.00290728
0.0409856
-0.0218229
0.0475751
-0.0451732
-0.0315945
-0.0262212
0.0175202
0.0227914
-0.00205964
-0.0251479
0.00701394
0.051612
-0.00534706
-0.00704439
-0.0362568
0.00396112
-0.0813857
0.0224001
-0.0271216
0.00335205
0.0607579
0.0807734
0.0200096
0.000785132
-0.0198121
-0.00757706
-0.0162384
-0.0142206
-0.0287771
0.0388141
-0.0277045
0.0405431
-0.0418113
-0.011633
0.0449777
0.0387488
0.0523423
0.0135754
0.037619
-0.0742802
0.021007
-0.0194736
0.00185684
0.036396
0.0348419
-0.0513142
-0.0352204
0.0413751
0.0247145
0.0267166
-0.00229144
0.0195943
-0.0312051
-0.0397089
-0.0166526
-0.0405523
0.0244225
0.0023319
-0.0298588
0.00480997
0.0248481
0.0350205
0.0418343
0.00968525
-0.0317765
0.0162894
-0.0354202
0.0323687
-0.00486528
0.00289492
-0.00174052
0.0454293
0.0334996
-0.0216353
-0.064722
-0.0459627
0.0195509
0.0262696
0.010229
-0.0436676
0.0124051
-0.0146076
-0.0284089
-0.0388651
-0.0287274
-0.0348148
0.00133409
0.0322126
-0.0053329
-0.0215148
-0.0468807
-0.0252788
0.0293554
0.00653667
-0.0450724
-0.00983253
-0.0208278
0.00786141
-0.0394515
-0.0303702
-0.027227
-0.0338781
-0.0337846
0.061993
0.0172158
-0.0200362
-0.00972347
-0.0215509
0.0746835
0.00069147
0.0702271
-0.0288129
0.0394728
-0.0179307
0.0126629
-0.0116791
0.104342
-0.0254213
-0.0178768
0.0123099
0.0798064
-0.0295956
0.053383
-0.00973105
0.00442274
-0.0122444
-0.0248382
0.0375143
0.0416982
0.0425566
0.0265264
0.0509824
0.0306721
-0.00360032
0.0188681
-0.0278072
0.0366931
-0.00771425
-0.000402789
-0.00775501
-0.0112431
-0.0443956
-0.0334811
0.00801263
-0.025932
-0.0889987
-0.0333221
0.0311747
0.00652928
-0.0267966
-0.0152706
0.0536896
-0.0453533
-0.00309506
-0.027803
0.0367766
0.0477837
-0.00924263
0.050562
-0.0320658
0.112905
-0.00843217
0.0265452
0.0476699
-0.0624738
-0.00236329
-0.027365
-0.00217964
-0.0619288
0.0107946
-0.0420762
-0.0164678
-0.0166369
0.0332505
0.0374419
-0.0495227
0.048931
-0.0423229
0.0604644
0.0581289
-0.0147618
-0.0863847
0.0178069
-0.0615342
-0.048919
0.00524625
0.0162093
-0.00360506
-0.0110282
0.0189203
-0.0195798
-0.0413164
-0.0607829
-0.0570756
-0.0179217
0.0540427
-0.0693602
-0.0288413
0.00154445
0.0348274
-0.0370376
0.00840393
0.0766278
0.0465751
-0.033295
-0.0144274
0.0331175
0.0223621
0.0301186
0.0395659
-0.0219018
-0.00475763
-0.0184864
0.0483824
-0.038846
0.0757574
0.0511773
0.0307629
0.0353146
0.0115931
-0.0791558
0.0328637
0.0634034
0.0740902
0.0299531
0.0172425
-0.0424058
0.0250621
0.0423449
0.0204567
-0.0128083
0.0386522
0.00581998
-0.0295868
-0.00176626
-0.0438953
-0.0301537
-0.041995
-0.00481044
-0.0425656
0.0360999
-0.0342449
-0.011737
-0.0057779
-0.0243065
-0.0310332
0.0355879
-0.0461861
-0.000953664
-0.0457547
-0.0168809
0.0106085
-0.0209375
0.0031449
-0.00585833
0.0230256
-0.0197618
-0.00172789
0.0249405
-0.021511
-0.0255775
0.0156966
0.0332073
-0.0293167
0.00530105
-0.0176131
-0.0336264
0.0170083
0.0467605
-0.0215599
-0.0380007
0.037298
-0.00885023
0.0498917
0.047849
-0.0348006
-0.0244007
-0.0411575
0.0259582
-0.0265942
-0.0122095
0.0105386
0.00769669
0.00865072
-0.0334778
0.0358463
-0.0318781
-0.0189708
-0.0261008
0.0132416
-0.0484545
0.0427584
-0.00274796
0.0270019
-0.0253969
-0.0203623
-0.0244254
-0.0056751
-0.0344647
0.0236152
-0.0231309
-0.0389692
0.0473288
-0.0146624
0.0201877
0.103807
0.0335937
0.0151019
0.0203877
-0.00108891
-0.0227798
0.0337446
-0.0581323
0.0724121
0.00406209
0.0503609
0.0129121
0.189261
0.00320645
0.134908
-0.0164564
-0.0167154
-0.0067871
-0.0739692
0.0480468
0.0225316
0.0306188
0.0673347
0.0459477
0.0182306
0.0116082
-0.0116059
0.0408447
0.0460526
0.0273478
-0.0403606
0.0397085
-0.0559112
0.0109166
-0.0859428
-0.0953894
-0.0137664
0.0408716
-0.00237681
0.0501813
0.0078697
0.031321
-0.065668
0.0400915
0.0792346
0.00249803
-0.0486469
0.0318634
0.0779867
-0.00872638
-0.0403084
-0.0417955
-0.00641169
0.0128792
0.127119
-0.0455907
0.0564715
-0.0283612
-0.0161577
-0.0545244
-0.00484025
0.012934
-0.00580752
0.0108915
-0.00064026
-0.00122924
-0.0342562
-0.018713
0.0268905
0.058797
0.00523658
-0.0451311
0.0402446
0.0133993
-0.0738147
0.0119609
0.0331529
0.0140398
0.0205324
0.0410963
0.0448796
-0.0113657
-0.0663608
0.0550381
0.0182347
-0.0024069
0.0519419
-0.0173368
-0.00402468
0.0265498
-0.0240512
-0.0595994
0.0296123
-0.0285556
0.0287959
0.106091
-0.00197854
0.0106375
0.0461724
0.0206858
0.0404817
-0.0300181
0.021738
0.00994371
0.0490754
0.0476228
0.0419327
0.0169169
-0.0372084
-0.0153428
-0.015317
-0.0472296
-0.0153501
0.0482944
-0.043831
-0.0518177
0.0455853
-0.0264061
-0.020033
0.0439975
-0.0523597
-0.00606216
-0.0370192
-0.00482051
0.0478354
-0.00908737
0.00966076
-0.0296485
0.0314671
0.0228282
0.0212472
-0.04228
0.0189421
-0.0948192
-0.0592861
0.0171832
-0.038273
-0.0458485
0.0150786
-0.0258641
0.0213548
0.0422727
-0.0297946
-0.0377241
-0.0423534
0.000426925
0.0289179
0.0447189
0.0330051
0.0614732
0.0402658
0.0289568
0.00908894
-0.0430489
0.0344618
-0.0131846
-0.00732232
-0.0414578
0.0134735
0.0245704
-0.000892793
-0.0269031
-0.010258
-0.0177093
-0.0118626
-0.0358669
0.0213301
0.00199109
0.0347285
0.0340937
0.0266209
0.0375506
0.0124613
0.0365662
-0.00556475
0.0315106
0.0344841
-0.0129242
0.0469527
-0.00528882
-0.0317093
0.0388386
0.0420322
-0.00761945
0.0414235
0.0236231
0.0286925
-0.0372212
-0.0364645
0.0290688
0.0320849
0.0171453
0.0486465
0.0302621
-0.00877464
-0.0445022
-0.0321257
-0.000638419
-0.0439273
-0.0292315
0.00982372
-0.0150156
0.0323719
-0.0198368
-0.00289576
0.00809061
-0.0395373
-0.0191453
0.0262892
0.00925106
-0.0358723
0.0199808
0.0173584
-0.0122255
0.0460162
-0.0559086
0.0316788
0.00380474
0.0183039
-0.0060061
0.040788
-0.00889107
-0.0200005
-0.0415862
-0.02824
-0.0485845
-0.00321784
0.0042776
-0.00326452
0.0561592
0.0110199
-0.0568384
-0.0469238
0.0102707
0.0408818
0.0449555
-0.0112092
-0.0665
-0.0596102
0.0724611
0.0139028
0.0355501
0.00479287
0.010427
0.00787463
-0.0931221
-0.00227287
0.115439
0.0147648
-0.0225189
-0.0543925
0.0660784
-0.00695068
0.0450728
0.0249535
-0.00161862
0.043515
0.0735396
0.026637
-0.0311043
-0.0253558
-0.0261852
-0.0329513
-0.0020866
0.0461029
-0.0411124
0.0468716
0.013313
-0.0354093
0.118328
0.0170673
-0.0497593
-0.0305745
0.0389945
0.00448243
-0.0569106
-0.0731456
0.0781808
0.03554
0.029444
0.00812859
-0.0606829
0.0998814
0.0249444
-0.0218367
0.0096642
0.0315667
0.0485315
-0.0613962
-0.0408139
-0.0518369
-0.0281973
-0.0151169
-0.00794219
0.0105042
0.0442393
0.0267602
0.0342767
0.00755397
0.000455982
0.0233409
-0.171174
-0.100033
-0.0191211
0.0204468
-0.00298571
-0.0182682
0.0509686
0.0350835
-0.0776547
0.00973669
0.0652776
0.00616909
0.0342725
0.0437376
0.0193205
0.0606837
-0.00557858
0.00217767
-0.0323385
0.109046
-0.0195034
-0.00982887
-0.00921675
-0.0550308
-0.0294783
-0.0563247
0.0142366
-0.0324246
0.00314442
-0.0405903
-0.0586629
0.0638067
0.0385835
0.0130618
-0.0481797
0.0319467
-0.0113763
0.0226942
-0.0462241
0.0214143
-0.00495448
-0.0169208
-0.0434793
0.0354969
0.0304524
0.0269534
-0.0117434
-0.00842564
0.00898448
0.0135648
-0.0158613
0.0394662
0.0450574
0.0268659
0.0228217
-0.00700229
0.00786901
0.0224706
-0.0252424
-0.0384856
0.0129198
-0.0169452
0.0358268
0.0456535
0.000375263
-0.0363199
-0.00802957
0.0468596
0.034337
-0.0161087
-0.0576751
-0.0195806
0.0160262
0.022582
-0.00255397
-0.03195
0.0462609
-0.00873464
0.0423639
-0.00524519
0.0309634
-0.00250752
-0.0276543
0.00860199
0.0186375
-0.04116
0.0149394
-0.0186973
-0.0168438
0.0390656
-0.0388378
-0.0420352
-0.00817354
0.0280703
-0.00818963
0.000244719
0.0182545
-0.028573
-0.00257424
-0.061817
0.00990643
0.0221827
-0.0689777
0.0248513
-0.039969
0.0270587
0.014351
0.0196034
-0.0287572
-0.0162027
0.041263
0.0147972
-0.00399699
-0.0424314
-0.0475713
0.00988022
0.045485
-0.0251732
0.0461509
-0.00306869
0.0343126
0.00736477
-0.0106887
-0.00727982
-0.0543276
-0.0106759
-0.245889
-0.0741615
-0.114366
0.0384714
0.092968
-0.0449619
0.0170986
-0.032201
-0.0325362
0.00671029
0.00908977
-0.028841
-0.0405658
0.00460598
-0.0383002
0.0311716
0.016866
-0.0762272
0.0105396
-0.0573854
-0.0345239
0.0190108
0.00167706
0.182155
0.0747551
0.0444726
0.00692601
-0.0594325
0.0233657
-0.084055
0.0519452
0.010733
-0.0505685
0.0655563
0.0422733
0.0200424
-0.0742071
0.108061
0.0235666
0.015362
0.0341517
-0.00414185
0.122139
-0.00691646
0.0244918
-0.0429763
0.0525608
0.042635
-0.0215776
-0.0776696
-0.00650268
-0.0336354
0.0063321
-0.0717068
-0.0202342
-0.0445282
-0.0284577
0.0157134
0.0133568
0.0338265
0.0173596
0.0138581
-0.00571874
0.0305413
0.0493336
-0.0441624
0.0254736
-0.00502313
-0.0284389
0.0389794
0.00822017
-0.0758325
-0.0276263
-0.0857032
-0.0442141
0.000887239
0.0155527
0.0253809
-0.017368
-0.00276536
-0.00345081
-0.0230101
0.00811637
-0.140373
-0.0197178
0.00300416
0.0477242
-0.0437256
0.00572674
-0.0558423
-0.0659325
0.0137574
-0.0484676
-0.0301715
-0.0249498
0.00862444
-0.00710683
0.0382813
0.0392634
-0.00179649
-0.00121732
0.00920087
-0.0573323
-0.00302313
-0.0116213
-0.0128392
0.0286027
0.0164317
0.0219668
0.0208506
-0.00747156
-0.045499
0.0255032
0.0443317
0.031746
-0.0385623
0.0121542
0.0331232
0.0253777
0.0427929
0.051861
0.00405138
0.0092259
0.00947269
-0.018907
0.0174633
0.0453334
0.0311218
-0.0403669
0.0269491
-0.0464749
0.0384173
0.047749
0.0656026
-0.00619445
-0.0207104
-0.000313483
0.0183499
0.00201761
0.00257112
0.00618331
0.0471421
-0.0451859
0.039252
0.0148649
-0.0477392
0.0487112
0.00642182
-0.00991575
-0.0127098
0.0257212
0.0044871
-0.0326426
0.0110472
-0.0656236
-0.0166171
0.0453051
0.0485686
0.0364126
0.0125018
0.0423902
-0.00558986
-0.0366759
-0.0269035
0.0252555
-0.0393268
-0.0383141
-0.0152208
0.0319031
0.0136177
-0.0446815
-0.00707421
-0.0338424
-0.0131521
-0.0163302
0.056333
0.011541
0.0267922
0.0336161
-0.0461561
-0.0263533
-0.028322
0.0204226
0.00362717
0.0465295
-0.00285476
0.0468654
-0.0183461
0.0190985
-0.0207927
-0.0340948
0.00913939
-0.0055511
-0.036046
-0.0381096
0.0197944
0.0106808
-0.00632716
0.0194141
0.00580553
-0.0145214
0.0513519
-0.099129
0.00192731
-0.0061077
-0.00917655
0.0589262
-0.0652222
-0.066597
0.0409424
0.0392943
0.0451162
0.0439537
0.0213731
0.0465143
0.0272008
0.0380251
0.0406628
0.0354025
0.0364419
0.0211385
-0.00362193
-0.0132907
-0.0462795
-0.00376133
0.0587824
0.0770366
-0.0242524
-0.0213441
0.0205335
-0.00113543
-0.0149669
0.0230928
0.0224133
0.031856
-0.0554432
0.0115483
0.0251216
0.0285574
-0.021509
-0.0474616
0.0239805
-0.00843208
-0.0344934
-0.0703937
-0.0519296
0.0472576
0.0344888
0.00243351
-0.0191295
-0.0399488
-0.0404175
0.0459445
0.0242001
-0.0240589
0.0298607
0.00432765
-0.0473125
-0.0513803
-0.0333164
0.00961733
0.0333894
0.0154403
0.0298038
0.0204275
0.015368
-0.0010524
-0.0339665
-0.00670234
-0.0423724
0.0148217
0.00362141
-0.00449966
0.0409692
-0.0165841
0.0192159
-0.00246448
0.0196603
0.0443068
0.0318497
0.0364391
-0.0457576
-0.00567417
-0.00860631
0.0108773
-0.0136113
-0.0494817
0.0447553
-0.0306441
0.0725612
0.090465
-0.0208077
0.0218443
-0.0150549
0.00146919
-0.0494858
-0.00772529
0.0313944
0.0319879
0.051394
-0.0261331
0.0150381
-0.0407827
-0.0357986
0.0227293
-0.0269389
-0.0148652
0.0286801
-0.0510297
0.00519288
-0.0102989
0.00371189
-0.012515
0.00474678
-0.012945
0.0292553
0.0390424
0.0295756
-0.0266601
0.0179328
-0.0513557
0.0323463
0.021984
0.05915
-0.0138542
-0.0220931
-0.0347089
0.00332043
-0.00545307
-0.0398717
0.0336916
-0.0231392
-0.0224418
-0.0368365
-0.0252286
0.0138226
-0.0122784
0.0393389
0.04523
-0.0342675
0.020102
-0.0175654
-0.0147985
0.0480451
-0.026936
0.015109
-0.0426951
0.0322215
-0.0322861
-0.0366993
-0.0391455
0.0265417
0.0302048
0.0101062
-0.0448002
-0.0078347
-0.0160028
-0.0202672
-0.0145143
0.0640883
0.0168362
-0.0380973
-0.0356431
0.000978491
-0.0414138
0.0401125
0.0380428
0.0418612
0.00890693
-0.0234515
-0.0175302
-0.013014
0.0371688
0.0121212
0.0157737
0.0462367
-0.022072
0.0468599
0.0404234
-0.0407403
0.00138545
0.0118583
-0.043788
0.00338217
-0.0243823
0.018999
-0.00784866
-0.0477829
0.0729861
-0.0352158
-0.0323319
-0.00521235
-0.0478692
0.0248259
0.0183614
-0.0150169
-0.0533732
0.0280935
-0.0085455
0.0224656
0.0396425
0.0168774
0.0334043
0.326502
-0.11481
0.0526715
0.0593329
-0.00914132
0.0598158
-0.00443208
-0.013568
0.0217367
0.0157173
0.102937
-0.0523008
-0.47118
-0.0800375
0.407891
0.200638
-0.305321
0.193108
0.0915601
-0.0866684
-0.203369
-0.0934614
0.0819122
0.180963
0.0710185
-0.0873956
0.375752
0.0282026
-0.189977
0.183028
0.109932
0.0266712
0.00817559
0.0844878
0.0625822
0.142472
-0.118484
-0.10236
0.0246735
0.289583
0.137187
0.187923
-0.0139989
0.0458564
0.162449
-0.131195
-0.0348213
-0.0555011
0.086103
-0.00443799
0.0191889
0.112745
-0.306584
-0.115907
-0.240559
-0.00744606
-0.0352251
0.0115443
0.0248565
-0.0353877
-0.0389307
-0.29171
-0.00323019
0.228981
-0.108279
-0.154702
-9.2379e-05
0.039997
-0.0779015
0.272644
-0.181917
-0.0650985
-0.0809834
-0.139426
0.135996
-0.00918352
-0.235699
0.0284451
0.0425859
0.0193689
-0.0463053
-0.121898
-0.0446417
0.487989
0.223289
0.305273
-0.127089
0.111928
0.405274
0.0772463
-0.0502229
-0.124694
-0.00356657
0.00430678
0.0136572
0.151461
-0.0183354
-0.0218816
0.00192857
0.105321
0.243684
0.0395044
0.0697586
-0.242266
-0.09688
-0.00182686
0.0476975
-0.0212982
-0.062683
-0.0222396
-0.039449
0.0370787
-0.041221
0.0317003
0.199264
0.0344992
0.0429541
0.0116229
-0.0258495
0.112697
-0.00330069
-0.0803512
0.0472458
-0.0138066
0.0257415
-0.0886607
0.258104
0.0079996
-0.0470071
-0.0248011
0.169957
-0.283649
-0.126515
0.00900052
0.0507165
0.0413783
-0.0165933
0.0392903
0.0323277
0.0480203
0.0104738
-0.035146
-0.0121838
-0.0411575
-0.0263878
0.0493704
0.0151997
-0.0285941
0.0130988
-0.0263764
-0.031272
-0.0388441
-0.0202257
-0.0738642
0.00623993
0.0119224
0.0258328
-0.0251031
0.0475457
0.0451457
-0.00648367
-0.0235824
0.00362758
-0.0422034
0.0931683
-0.305548
-0.165163
-0.0785132
0.0117921
0.00560733
0.0039006
0.0347151
-0.0296349
-0.0208433
0.0468545
-0.029866
0.134711
-0.0168583
-0.0169574
-0.0943605
0.0156785
0.061814
0.0328736
0.0184339
0.00194241
4.94166e-05
-0.057407
-0.083083
-0.030469
0.00473685
-0.0247869
0.0125291
0.0119829
-0.0421324
-0.039597
0.0741837
0.0841919
0.0235745
-0.035027
-0.025965
0.0108376
0.0128533
-0.0268507
-0.00873748
0.0267761
0.025165
-0.00715281
-0.033099
-0.0355155
0.0186309
0.115804
-0.0448902
-0.00665884
-0.0971411
-0.193458
-0.213172
0.155592
-0.0509284
-0.114967
-0.0863159
-0.00133221
0.016551
0.0307723
-0.106418
-0.33829
-0.0747394
-0.160495
0.0606753
0.0176942
-0.112815
-0.0127586
-0.117523
0.00326407
0.0280959
0.0308421
-0.0841659
0.0245073
-0.0625338
-0.176271
0.135919
0.166093
-0.225345
0.0146507
-0.0214139
-0.0053862
0.144339
0.0199607
0.443713
0.0556364
0.00979706
-0.0382509
0.064447
0.00139115
-0.0153256
-0.145041
0.267499
-0.15383
0.130745
-0.150634
0.00625379
0.117516
0.112632
0.11416
-0.0082776
-0.015102
0.0220631
-0.0385348
0.0129822
0.0601139
-0.013786
0.0565831
0.030261
0.0794261
0.0106677
0.17803
0.00895475
-0.221874
0.353409
0.827458
-0.00154293
-0.1881
0.13269
0.447565
-0.0267456
-0.0119258
0.218039
-0.218558
0.298545
0.0181022
-0.247581
-0.0877185
-0.239278
0.40685
0.263276
0.132341
0.0667354
0.0378095
0.0973739
0.16791
-0.0550704
-0.228402
0.332063
-0.108642
0.383165
-0.116052
-0.502301
-0.0371348
0.111357
-0.149901
0.27567
-0.0565914
-0.117365
0.395232
0.199909
-0.00708574
0.0421001
-0.434549
0.0436746
-0.0581439
0.274259
-0.0917585
-0.147914
-0.122507
0.0564875
-0.136165
0.016746
-0.0155056
-0.0352519
-0.0243943
-0.0318644
0.346652
0.010531
0.258623
0.146171
-0.0941956
0.0129482
-0.135389
-0.00666347
0.00772743
-0.0399304
0.0608552
0.025041
0.0298229
-0.036362
-0.0297972
-0.0274675
0.0380038
-0.0410599
0.0355162
-0.0175023
-0.0150003
0.0382883
0.0453459
-0.000245716
-0.0388989
-0.0618715
-0.0224158
0.0330324
0.000767426
0.00448687
0.00121247
-0.0625252
-0.016776
-0.0167355
0.0443164
-0.0349082
-0.0230453
-0.0333654
-0.044103
0.0215007
-0.0717864
-0.060808
-0.0433124
0.0375878
0.0114594
0.0290863
-0.0356459
-0.0418313
-0.0458637
0.0250028
0.0169227
0.00994702
-0.000452907
-0.0112994
-0.0035339
0.0211399
-0.0654058
-0.00622194
0.0248909
-0.01916
0.0485398
0.0483098
0.0480344
-0.0402321
-0.0125651
-0.0147638
-0.0503053
0.00833368
-0.00180081
-0.122112
0.120423
-0.0767562
0.105798
0.0754955
-0.041623
-0.0114191
0.0323953
0.0594087
-0.0038755
0.0561498
0.0782627
0.0108603
0.00973955
-0.0140091
0.0075199
0.0982945
0.0209141
-0.0390861
0.0369321
-0.0267548
-0.0163868
-0.0226438
0.0440692
0.0485489
0.0236149
-0.00388982
-0.0293829
-0.141752
-0.031111
-0.0192737
0.00642804
-0.0231688
-0.0574631
0.0116815
-0.077486
0.0266551
0.016162
0.0312983
-0.0163973
0.0376452
-0.0154848
-0.042329
-0.043933
-0.0191711
0.0198396
0.0168385
0.0227551
-0.0708488
0.0632056
-0.0923707
0.228333
-0.00515327
0.0961319
0.00383357
-0.00160202
-0.00159491
-0.0723815
0.11617
0.0295271
-0.024777
0.0031986
0.0278475
-0.0592943
-0.0338318
0.0496094
-0.0434735
-0.0206441
-0.0113806
-0.00469861
0.0660749
0.0381859
0.0210615
-0.0280529
0.0236003
0.059687
0.0250101
-0.000120707
0.0321554
0.0101513
0.00501302
0.00530499
-0.00727877
0.029841
-0.00622713
0.0218135
0.0111324
-0.00327047
0.0486672
0.00778533
0.0159129
-0.0855297
0.0774402
0.0388697
-0.0509144
0.040415
0.041685
0.0443003
-0.0216094
-0.0286425
-0.0124285
-0.0764862
0.0506469
-0.0575911
-0.0525359
-0.0734547
0.0584304
0.0468854
0.0400946
-0.0405201
0.0404737
-0.0280035
-0.0185809
-0.0158366
-0.0108875
0.009548
-0.0214025
0.0153373
-0.000516885
-0.0213346
-0.0378543
-0.061797
-0.0303318
-0.0340374
-0.0101936
0.000279239
0.0170426
0.0459941
0.0224621
-0.0369795
0.00874227
0.0922139
-0.0323131
0.0269114
-0.0277889
0.0358497
0.0932763
-0.00683728
-0.00974043
-0.0457612
0.00430467
0.00680666
0.0506666
-0.0201907
0.0185623
-0.0213791
0.00440003
0.0118029
0.0192083
0.0262639
0.0214335
0.0706586
-0.00396239
0.0279181
-0.0130771
0.0466596
0.0151099
-0.0173341
-0.00200158
-0.0149455
-0.0194303
0.0162361
0.00441241
0.0424625
0.0581693
-0.0170266
-0.0239922
-0.0385935
0.041998
0.0160401
0.00684592
0.0462979
-0.0372353
0.0488504
0.0422385
-0.0241121
-0.0246849
0.0346169
-0.0341043
0.0161141
0.0308569
-0.0348328
0.0109583
-0.0574988
0.00916908
-0.0490522
-0.0146373
-0.026348
-0.0129805
0.0176439
0.0342768
-0.00693944
0.0236863
-0.0140282
0.0472168
0.0138669
-0.050379
0.0497245
-0.0454591
0.00708217
-0.0130739
-0.00938749
0.0319648
0.0120485
-0.0206794
0.045219
0.0294838
-0.0153553
-0.00857432
-0.0383359
-0.0188742
-0.0235164
0.0396229
0.0484103
0.0209041
0.0214886
-0.0369588
-0.0467267
-0.0454008
-0.024216
0.0180301
-0.0256254
-0.0408576
0.018117
0.00710536
-0.0269887
0.0256629
-0.0182947
-0.0516905
0.0295193
0.0100335
0.0366702
0.00368828
0.03424
0.0134744
-0.00874409
-0.0611216
-0.0381952
0.0264182
0.0154653
-0.0219533
-0.0513247
0.0111404
0.0295043
0.0353894
0.0269745
0.00156173
0.0692567
-0.0275847
0.0208895
-0.043697
-0.00678942
0.0151414
0.0541375
0.0356808
-0.0327186
-0.0208101
-0.0090595
-0.0214033
-0.014872
0.00896714
0.0214585
-0.0281407
-0.040318
-0.0156684
-0.0633817
0.0190399
-0.0446352
-0.0384507
0.00548416
0.0445944
-0.00811068
0.0494009
-0.0374284
0.01687
0.0283027
0.0636652
0.0106582
-0.0325823
-0.00236558
-0.025968
0.05161
0.00418575
-0.0516159
0.0704435
-0.0287273
0.0323925
0.0152338
0.0416691
-0.0434732
0.0126373
0.0294418
-0.0308784
-0.0574499
0.0498656
0.0496347
-0.00109169
0.0348707
-0.0772931
0.0452474
-0.023327
0.0755789
-0.0282736
-0.00636304
0.0145965
-0.0107363
0.0213071
0.0611832
0.10038
-0.0898072
0.0391916
0.0797905
-0.00147026
0.00207864
-0.00211205
0.0204166
-0.0552467
-0.0374971
0.0610285
0.0155491
-0.00166572
0.055672
-0.0997979
-0.0139037
0.0274624
-0.0216512
0.0223119
0.0374876
0.0157361
-0.0106744
0.0346726
-0.0440345
0.029254
0.00702935
-0.0539834
-0.0495549
-0.0837121
0.0281813
0.00787098
0.00227034
-0.00496683
-0.000548844
-0.0650588
-0.0454659
-0.0329352
-0.0131154
-0.0371365
0.00427478
0.0210484
-0.0452813
-0.0202069
-0.0513576
-0.00929521
0.0037114
0.0153468
-0.0481322
-0.0448352
-0.0479907
-0.00640359
-0.0234646
0.0173688
0.0445222
0.037862
-0.0451957
0.00514887
-0.00959579
0.0294077
0.0393969
-0.00229945
-0.0478952
0.0232468
0.00882494
0.0370438
0.0354289
0.0303981
0.0438639
-0.00736422
-0.0413936
0.0111053
-0.0384626
0.0300128
0.0356519
-0.0143703
-0.0101637
0.00881189
0.0451976
0.028423
0.0378397
-0.0331901
-0.00996451
-0.0286781
-0.0105075
-0.0258146
0.00959409
-0.0136116
-0.046427
0.0226081
0.048898
0.042446
0.0266781
0.0479754
-0.006575
0.0214112
0.046004
0.0272251
-0.0179253
-0.0467034
-0.0163699
-0.044457
0.0234583
-0.0173998
-0.025208
0.0142877
-0.00106963
-0.0239078
0.0299056
0.0459024
-0.0161189
0.0581614
-0.028028
-0.00688984
0.0359213
-0.00473655
0.045693
-0.0137472
0.0341133
-0.0608128
-0.0350476
-0.0405236
-0.0024707
0.0408197
-0.204095
-0.173603
-0.11464
0.0889224
-0.0681816
0.107233
-0.0179774
0.075813
-0.0289833
0.0481763
0.159261
-0.0980319
0.319008
0.451136
0.274252
-0.179291
-0.0967546
0.279477
0.200244
0.207274
0.120778
0.139833
0.371185
0.281027
0.258831
0.302107
0.345762
-0.0442025
-0.0999536
0.0592924
-0.0776803
-0.124875
0.0245265
-0.0489983
0.1786
-0.86374
-0.269395
-1.22584
0.286655
0.106387
-0.118116
0.374245
0.0187546
-0.0895906
-0.140632
-0.334886
-0.250342
-0.366333
-0.227724
0.0207994
-0.0250055
0.0424425
0.0897159
0.149111
-0.815292
0.0273764
0.0559523
-0.00561366
-0.11624
0.0457007
-0.018319
0.374668
-0.0194429
0.0610431
0.112369
0.416165
-0.00421907
0.0149615
-0.0790217
-0.0106363
-0.130954
0.0567586
-0.137342
0.0343503
-0.0383123
0.0394647
0.129526
0.0570752
-0.0657672
-0.0222486
0.121857
-0.117906
-0.0158579
-0.195365
0.00164666
-0.00195573
-0.00648379
0.0798253
-0.166091
0.0631603
0.26059
0.0623186
-0.0186199
-0.0626965
0.0649885
0.36531
0.00929447
-0.0478859
0.0281442
-0.171423
0.047675
-0.10004
0.0476657
0.10075
-0.0428487
0.00278193
-0.0203919
0.0339091
-0.0334826
0.1016
0.0184259
-0.0104654
0.0291067
-0.00137681
0.130401
-0.0357787
0.0163392
-0.0305045
0.0572848
-0.0365637
0.145479
0.443833
0.0567136
-0.0285593
0.0471058
-0.075495
-0.357947
0.00278536
0.00311921
0.00842353
-0.506142
0.0413967
-0.394797
0.336455
-0.0287604
-0.0794782
-0.164207
-0.0229405
0.031793
0.0160321
0.0614718
-0.0216649
0.00910541
-0.0188596
-0.00693194
-0.0899052
-0.0213115
-0.0083964
0.0121872
-0.0787669
-0.0218518
-0.0144083
0.0373074
0.0716106
-0.0263067
-0.0144937
0.102484
0.0404204
-0.040722
-0.0399809
0.0196528
0.0131725
-0.0102795
-0.0155
0.000822291
-0.0380431
-0.00331284
-0.0711531
-0.0109963
-0.0185038
0.0464888
0.021711
-0.0121562
0.00426
0.0376513
0.0368909
0.0711455
-0.018205
-0.027611
-0.0767516
0.0900733
-0.0297076
0.010209
-0.0377478
0.0120384
-0.038941
-0.00854423
-0.0982866
0.0400113
-0.00748932
-0.0121017
-0.012223
-0.015689
0.0159189
0.0417892
0.0641684
-0.0243882
0.0176356
-0.00486527
-0.00519187
-0.0424295
-0.031763
0.0100464
0.0294879
0.0109279
-0.0218348
0.0321372
-0.181693
-0.000620718
0.0134863
0.057309
0.0089226
-0.047137
-0.0173719
0.0950752
0.020411
0.0449018
0.00331696
0.0238982
0.158832
-0.0189764
0.0397845
-0.0406516
-0.0260013
-0.0631822
-0.102885
0.160441
0.0191837
0.0492757
-0.0128574
-0.0943782
-0.0601865
-0.0384402
0.0608567
0.0207598
0.0459037
0.127439
0.0990362
-0.226098
-0.206242
-0.103141
-0.015318
-0.0180388
-0.115708
0.0311391
-0.137316
-0.03002
-0.073518
-0.0088269
-0.0124053
-0.0466884
-0.149154
0.0217779
-0.0266095
0.0675168
0.109162
0.0913394
-0.120044
0.201014
0.176214
0.1645
0.0631754
0.0729451
0.0829968
-0.0919373
-0.0916086
-0.0741714
-0.125188
-0.116458
0.148384
0.312148
0.0218808
-0.0305276
-0.0146979
0.0582165
-0.0620726
0.0513086
-0.105697
0.0618765
0.0912132
0.00954548
-0.0801846
-0.163449
0.0150243
-0.0307329
-0.467432
-0.0999304
-0.30766
-0.194328
0.0802407
0.0587119
0.0132308
-0.236861
-0.0151603
0.104407
-0.125314
0.0247849
-0.0267765
0.0835915
-0.0413644
0.4255
-0.431151
-0.162192
-0.0524596
-0.104641
0.299154
-0.242318
0.372433
0.0272355
-0.226244
-0.0444717
0.0981547
0.186847
-0.105578
0.0468941
0.0417628
0.0144769
-0.156935
-0.0276974
-0.0049522
0.375169
0.327475
0.259603
0.193602
-0.0502742
-0.0886943
0.0265574
0.0921766
0.00968095
-0.0158784
0.24804
-0.167505
0.0873556
0.169094
-0.0147438
0.0265362
-0.0991587
0.0393078
-0.014061
0.0623517
0.225265
-0.0275527
-0.0435751
0.0390136
0.0578488
-0.0465496
-0.0353347
-0.0453537
0.0520157
0.00145698
0.0117149
0.0657675
0.044798
-0.0375597
0.0188946
0.00154572
0.0515952
0.0463998
-0.0116668
0.0355822
-0.039027
0.0175379
0.0785161
-0.000341459
-0.000863719
-0.0106418
-0.0385607
0.0237326
-0.0244341
-0.00673741
-0.00801821
-0.138389
0.00348348
0.0322442
-0.0103163
-0.0455367
-0.0367583
0.0196626
0.0137236
-0.0427723
0.00783927
-0.0600865
-0.0382931
-0.0308691
-0.0232709
0.0365167
-0.0478943
-0.0501081
0.000837778
0.0144998
-0.0355673
-0.0439529
0.00550282
-0.0748197
0.00126207
0.0064992
-0.0277076
-0.00530123
0.00125283
-0.0123792
0.129947
0.0864085
-0.093397
0.0919158
-0.033238
-0.0166459
0.033328
0.0840738
0.426921
-0.0788712
-0.0430641
-0.0246629
0.0124708
-0.0315809
-0.00769392
-0.0819657
-0.0578182
0.0176442
-0.0406601
-0.0240993
-0.0109457
-0.014858
-0.012053
-0.00872547
-0.00579744
0.0126145
-0.0279071
-0.165944
-0.0026905
-0.0107705
0.0345688
-0.016125
-0.0444752
-0.0204371
0.0408417
0.0158828
0.0012047
0.0174542
-0.026119
0.0531757
0.0430721
-0.0138155
0.00929747
-0.0286967
-0.0633088
-0.00105303
-0.0361169
-0.00238562
-0.0250577
0.0747632
0.0589758
0.0925062
-0.000550188
0.0559802
-0.0457051
0.0489316
-0.00790457
0.0445215
-0.0266346
-0.0437828
-0.0204193
0.0154986
-0.0508024
-0.02345
0.0621247
-0.0191355
0.00121346
0.00772713
0.0451756
-0.0273943
0.0158633
-0.0338953
0.00716995
-0.0574026
0.0244937
-0.0198861
0.0132031
0.033854
0.000497871
-0.0223715
0.00907131
0.0469632
0.0459399
-0.0396751
-0.0651957
-0.0360761
-0.0372343
-0.037052
-0.0425714
0.0308144
0.0947186
0.000169223
-0.00281198
-0.0123898
-0.00355441
-0.00412629
0.0285223
0.0135625
-0.0301251
-0.0148287
0.0371366
0.0244051
0.0653906
0.0431348
-0.0244803
0.0198125
0.0100483
0.031652
-0.0200053
0.027598
-0.0216039
-0.0129229
-0.013213
0.0475021
0.0285674
-0.00509312
-0.0492793
0.015484
-0.0318906
-0.0150726
0.000532435
-0.0292135
0.0198074
-0.0192363
-0.00926019
0.0194323
0.0151957
-0.00455903
0.0185285
0.0147907
-0.0128754
0.00395929
0.0128173
-0.0338955
-0.0370281
-0.00291994
0.0549693
-0.0248582
0.0125174
-0.00656467
0.0437772
-0.0143227
0.00287631
0.010735
0.000462793
-0.0341328
0.104918
-0.047268
0.0153752
-0.0369461
0.0458226
0.0030169
0.00595493
-0.0443183
-0.0183977
-0.0559197
0.0352132
-0.0488139
-0.00127182
-0.029554
-0.00655049
-0.0248516
-0.048707
0.00607732
-0.0208112
-0.0257174
-0.0120639
0.0470235
-0.0201695
-0.0246989
-0.0274102
-0.010268
-0.0359113
-0.0173047
-0.00512717
0.0254451
-0.001048
0.0101515
0.031812
-0.0280512
-0.0204801
0.0238898
0.0166698
0.020397
0.0138025
-0.0378426
0.00467545
0.0483719
0.030234
0.00533589
0.00975328
0.0361694
0.0239443
0.0463695
-0.00289193
0.0254151
-0.00924835
-0.0305733
0.0360151
0.00638419
0.0379357
0.0230548
-0.0237175
-0.0364244
0.0362869
0.0308086
0.0180089
0.0177579
0.0102948
-0.0419778
0.00931402
0.0314213
0.0009521
-0.0370485
0.0250702
-0.0273465
0.0456517
0.000392063
-0.0196967
-0.00460071
-0.0368877
-0.0415938
0.0158887
-0.0332336
0.0347686
-0.053098
-0.036368
-0.0244901
-0.0243401
-0.0236926
-0.0254706
-0.0429971
0.00899274
0.0251719
-0.0289308
-0.020187
-0.0427516
-0.0467729
-0.0141636
0.0850469
-0.0193125
-0.00954205
0.0311193
0.0245792
-0.0182123
-0.0170693
0.0134706
-0.0164864
0.00431494
-0.026262
-0.022624
-0.0213265
0.0116258
0.0153036
-0.0577314
-0.0411342
0.0217992
-0.0285886
0.0482668
0.0125366
0.0800351
0.0273298
-0.0339373
0.0288944
-0.033521
0.00652397
0.0254294
0.0367189
0.00754909
-0.0282856
-0.0205053
-0.064896
-0.031593
-0.0161742
0.00354997
-0.0322521
-0.0513791
0.0208408
-0.0453017
0.0404285
-0.0138535
0.0184641
-0.05091
-0.0329089
-0.0456006
-0.00646181
-0.00891449
0.00945608
-0.00159937
0.0222561
0.0432909
-0.00770135
0.0391785
0.0368634
-0.0249518
-0.0499156
0.0363322
-0.0281346
-0.0128503
0.0364019
-0.0381325
0.00752421
0.0421239
-0.00457744
0.0302767
0.0114602
-0.0193092
-0.0264297
-0.0201379
-0.048128
0.0481736
0.0167124
0.0672222
-0.00128477
-0.00294926
0.0509193
0.080818
0.00429348
-0.0210223
0.0281334
0.0127665
0.0054796
-0.0128821
-0.0154009
-0.019503
0.0251882
-0.0589209
-0.0519834
-0.00556064
-0.0388355
0.0304303
0.0111196
0.00272827
0.0305021
0.0260477
-0.0511555
0.0454976
-0.00681008
-0.0213427
0.0472618
0.0562654
0.0182017
-0.00952646
-0.0437286
-0.0300064
0.00265793
0.047861
-0.0374493
-0.0482523
-0.00282796
-0.0144445
-0.00515664
-0.0217744
0.0405581
0.0381236
-0.0191754
0.0167081
0.0128822
0.0457818
0.0370901
0.0123967
0.047522
-0.0210426
-0.0216545
0.032639
-0.000136255
-0.0266827
-0.0423711
0.0279599
0.0129474
0.0298236
0.00189302
0.0234428
-0.0492552
-0.0291615
0.0483423
0.0346036
0.00632115
0.0444687
-0.0271646
-0.0158348
-0.0181878
-0.0254198
0.0356266
-0.026272
0.0333683
0.0333325
-0.0240159
0.00801841
-0.0263933
0.0287527
-0.0178231
-0.00463715
0.00274542
0.0312914
0.0137989
0.0334148
0.0207689
-0.0175783
0.0177089
0.0407498
-0.00222668
-0.00173094
-0.0374516
-0.0255703
-0.0363636
0.0269204
-0.0309303
-0.0313999
0.00373131
-0.0213557
0.00467187
0.00411677
0.0161437
0.0165224
-0.0220012
0.033824
-0.0130572
0.000395862
-0.0322173
-0.0347014
0.0101249
-0.0481618
-0.0413689
0.000168796
-0.000345366
-0.0350878
-0.0271514
0.0484051
-0.0135677
-0.185794
-0.0160092
0.00121072
0.004718
-0.0289214
0.015685
-0.0367037
-0.0183383
-0.068138
-0.0658793
0.0130951
-0.0322207
-0.0157973
0.0300302
-0.0246746
0.0167262
0.0267774
0.0369575
0.0421256
0.0218093
0.0422967
-0.0304199
0.0141798
0.0209554
-0.0189121
0.0327254
0.000407065
-0.0147159
0.00721453
-0.069898
-0.0343257
-0.0225063
0.032349
0.0153498
0.0365783
-0.0487307
0.0184122
-0.0580507
0.0377155
-0.0616627
-0.0279168
-0.0817467
-0.0186791
-0.0144094
0.000730686
0.00343341
-0.0600806
-0.00946642
-0.000645921
0.0358954
-0.0305159
0.0201395
0.0155454
-0.00229607
0.0184333
-0.0425083
0.0780918
0.0299032
-0.0389865
0.00872408
-0.0424899
-0.0266175
0.039621
-0.0622317
-0.0351677
-0.030464
0.0483258
-0.00323779
-0.0188144
-0.0569975
-0.012406
-0.0188411
0.0153491
0.0017911
-0.0130099
0.120243
0.0031814
0.0199884
0.0215705
-0.0464987
0.0205535
-0.0329107
-0.0134836
0.0248566
-0.0989398
0.0513527
-0.06454
0.0566697
0.0348501
0.00194089
0.0293998
-0.0061068
-0.0108085
-0.0395794
0.0267501
-0.0474313
-0.0110127
-0.033086
-0.0142566
0.0190855
0.050244
-0.0636487
-0.0477932
0.00578625
0.00460161
0.0225208
0.00951356
-0.0170304
0.0256155
-0.0370345
-0.0248452
-0.00251896
0.0136797
0.038651
0.000277045
-0.041801
0.0141581
0.00971811
-0.0172638
-0.0117132
-0.0327672
0.0247175
-0.0469702
0.035441
0.0176395
0.000214218
0.00126327
-0.00390316
0.0283167
-0.010631
-0.0145912
0.0535093
0.0164588
0.0547904
0.0419319
0.0191268
-0.0131901
0.0221502
-0.00488931
0.0258423
-0.0336134
-0.0276286
-0.0328088
-0.0181104
0.045293
0.0210818
-0.0031871
0.0324205
0.0362326
0.00604642
-0.0447119
0.0347317
0.0237702
0.013218
0.0411212
-0.0163175
-0.0515141
-0.0241291
0.00635513
0.0476022
0.045146
-0.00147189
0.000387822
0.0186448
0.0384943
0.0071702
0.019387
-0.0460576
0.0403762
-0.0301969
0.0070477
0.0249772
-0.0221609
-0.0197645
0.00427271
0.00068519
-0.0145494
0.0440399
0.0192538
-0.0515695
0.0365006
-0.0267986
0.0102405
0.00435098
-0.0439689
0.0173766
0.0391087
0.0210665
0.00294277
0.00118611
0.00108934
-0.017755
0.0269701
-0.0014205
0.0465743
-0.00439275
-0.0214521
0.00691911
0.0231799
-0.0156802
0.0340859
-0.0293856
-0.0448652
0.0132627
0.0325841
0.0487809
-0.0409282
0.03172
-0.0462949
0.0217576
-0.00572036
0.0411147
-0.0519161
-0.0405764
-0.0499378
0.0566822
-0.0313793
0.0463126
0.0474317
-0.0548228
-0.0451276
0.0166709
0.0437825
0.0298813
0.0574435
0.032245
0.0214559
0.0124468
-0.0379187
0.0135907
-0.0346824
-0.00698934
-0.029763
0.0323205
0.0587891
-0.000388459
-0.0459358
-0.0178669
-0.0241702
0.0161611
-0.0257759
0.0104544
0.0372808
0.0046037
-0.0346409
0.0245604
-0.0112314
-0.05767
-0.0458901
-0.0158569
0.0597096
-0.0195336
-0.028107
0.0426029
0.0194851
-0.00441597
-0.0726516
-0.0356313
-0.0096951
-0.0113752
-0.0697709
-0.00557037
-0.0342784
0.0355519
-0.0346213
-0.0123704
-0.0563908
-0.0184854
-0.0463755
-0.0135297
-0.0117263
-0.0443446
0.0384479
-0.0319647
-0.0454461
0.0244129
0.0179246
-0.0330291
0.0222173
0.0277699
0.0323435
0.0281681
0.0454841
0.0115246
0.0032644
-0.0163584
0.0244623
-0.026062
-5.41272e-05
0.0531924
0.0592483
-0.000398007
-0.111578
-0.0239268
-0.0431154
0.0115248
-0.0185849
0.00218968
-0.0313983
-0.00558886
-0.0323514
0.130334
-0.0445434
0.000135987
-0.0537218
-0.0636296
0.0372807
-0.0129443
-0.00499123
0.0288246
-0.011851
-0.0412385
0.0244633
0.00082146
-0.0219005
-0.0390648
0.0345978
-0.0615286
0.000699119
-0.0251305
0.00653008
-0.0196665
0.0574887
0.0379107
0.0373685
0.0184918
-0.0179108
-0.0471669
-0.00761817
0.0291369
0.0454927
0.0345208
-0.0194471
-0.000372349
-0.0207636
0.0271892
-0.00772985
0.0352826
-0.0341574
0.039147
-0.00462895
0.0142847
-0.0415683
-0.0134513
0.0259878
0.0112415
0.0247397
0.0304073
-0.0244769
-0.0189941
0.00215388
0.0155024
0.0259913
-0.0374215
0.0195938
0.0295457
0.0264024
-0.0366621
0.0357303
0.0332285
-0.0173063
-0.00895505
0.0348595
-0.0159426
-0.0348096
-0.0481368
-0.00921614
0.0115857
-0.0323826
0.0289205
-0.0429789
-0.0291527
0.0323552
0.0235661
-0.0431475
0.0151804
-0.0400812
0.0226882
-0.00829084
0.000406498
-0.013296
-0.0383905
0.0229282
0.0067523
0.0455237
-0.00192723
-0.0404112
0.0323524
0.0283494
0.0298406
-0.0398696
-0.0369974
0.00591302
0.00545821
0.0411115
0.00890572
-0.0188899
-0.0203978
0.0378016
-0.0504767
0.0560878
-0.0244559
0.030473
-0.0265712
0.0240593
-0.0390699
0.0415592
-0.0117373
-0.0454431
-0.0539767
0.00556077
0.0401537
-0.0113146
-0.028331
0.000169208
0.105463
0.00869456
-0.0357872
0.00224955
0.0585977
0.00053784
0.0247336
-0.00402203
-0.00825968
-0.048261
-0.0363049
-0.00837926
-0.0619607
-0.161096
-0.089443
-0.0254975
0.00163769
-0.0366507
-0.0546295
-0.0300764
0.0160577
0.0240476
-0.0622996
-0.0531528
0.00510061
0.030853
-0.0828673
-0.00135478
0.0172119
0.0542341
0.0847097
-0.0191121
-0.0228996
0.0476166
-0.131364
0.131624
0.0266131
0.177279
-0.0303468
-0.00158013
0.0955021
-0.0172288
0.0966298
0.0364497
0.0316273
0.0288867
0.0181316
0.0358959
-0.0291438
0.0063509
0.0221307
-0.0037506
0.0364701
0.0574811
0.0812503
-0.00907123
-0.0350056
0.00270203
-0.039629
0.0699335
0.031736
-0.0108551
-0.035078
-0.00698594
0.0539123
0.0314918
0.0106666
0.01346
-0.0307833
-0.0576973
0.00518578
-0.0511588
-0.028792
-0.0235694
-0.0165434
-0.0105749
0.00123572
0.0119459
0.0152599
-0.0194229
-0.0152035
0.0350987
-0.0548451
-0.0416564
-0.00371061
-0.0746339
-0.00686776
-0.0163313
-0.00796459
-0.0426797
0.0340182
0.0367809
0.0456627
-0.0274025
-0.0126556
-0.0679864
-0.0261072
-0.00760124
-0.00868906
-0.0283083
-0.0559333
-0.0269211
0.021335
0.0227652
-0.0607661
-0.0342353
-0.0289202
0.0374976
-0.00591817
-0.0254505
0.0462305
0.0366845
0.0372247
-0.0170563
-0.018404
0.107012
0.0364288
-0.0467289
0.0313421
0.0493409
0.0145014
-0.0262684
-0.054161
-0.018045
-0.00156337
0.0413575
0.0742542
-0.0420626
0.00876749
-0.0128091
0.0918159
0.0101913
0.043247
0.021556
0.0118497
-0.0247953
-0.00400811
-0.00105854
0.00673175
0.00659326
0.00919186
0.0134005
-0.0163337
0.0220899
0.0204458
0.0328584
-0.0467893
0.0322989
0.00384986
-0.0155107
-0.0480115
-0.010744
0.0333908
0.0279178
-0.0138905
-0.0352416
-0.0169783
0.0292269
-0.0191775
-0.0307825
0.0288115
0.0051463
-0.0349008
-0.0130149
0.0213183
0.0535465
0.00868739
0.0389637
-0.0247713
-0.00428704
-0.00496964
-0.00400272
-0.0421716
0.0223631
0.0476399
-0.0247523
0.00146438
0.0129665
0.0150462
-0.0339102
-0.0460223
0.0205591
0.0399497
0.0133139
0.030135
0.048789
-0.00200876
-0.00369738
-0.0482172
-0.0333763
-0.0127553
-0.0417984
-0.0241649
-0.0391604
-0.0131621
-0.0320935
0.0297886
-0.0361823
0.015641
-0.00106462
-0.0281574
-0.0196675
0.0438017
-0.0157188
-0.00552255
0.0125879
-0.0479032
0.0273403
-0.00831505
-0.0146556
-0.0502512
-0.0317391
0.0209845
-0.0498575
0.0413238
0.00100601
-0.0235058
-0.00205817
-0.015031
-0.0193184
-0.0514629
0.0317798
-0.0185741
-0.0195321
0.0297936
-0.0350739
-0.0342142
-0.00970898
0.024005
0.0152546
0.0303964
0.0303064
-0.0127856
-0.00669123
-0.0116573
0.0358278
-0.0301419
0.0244416
0.0310017
0.0866632
0.07235
0.0232807
0.0414683
-0.0187856
0.0343036
-0.0578113
-0.0622584
0.0345409
0.000520419
-0.0431881
0.0190714
0.0451095
0.0337695
-0.00387679
-0.0349469
0.0269274
-0.0435843
0.0492964
-0.0318833
0.0272922
-0.0229616
-0.0397901
0.0336294
0.0295882
0.00235093
-0.0131083
0.0493377
0.0360115
-0.0078467
-0.0117699
-0.122713
-0.00607065
-0.0456632
0.0361621
-0.00199249
0.0548769
-0.0529788
-0.00525863
0.0286867
0.0276907
0.0574166
0.033153
-0.0138922
0.0132941
0.0332012
0.0320697
0.0658193
0.0316416
-0.0352145
0.0448166
0.0261232
0.0312885
0.0226887
-0.0310308
0.0465537
0.0877737
-0.0122803
-0.00991171
-0.0499498
-0.0491867
0.0665397
-0.0656407
0.0809929
0.0202281
-0.00105585
-0.0151775
-0.0911422
0.012242
0.0409239
-0.0094209
0.0319781
-0.0405759
-0.0552224
0.0147232
0.0228298
0.00553118
0.00201342
0.0182298
-0.0293974
-0.00145093
-0.00229512
-0.0639367
-0.0470524
-0.073401
0.045023
0.0142617
0.00613399
-0.014266
0.0309586
0.0172426
0.0075978
-0.0102197
0.0165099
-0.0226481
-0.0308436
0.038118
-0.00224792
0.0276892
-0.0332163
-0.0426808
-0.0642244
-0.0433336
0.0259227
-0.0256264
0.0141338
-0.0154671
0.00758771
-0.0337784
-0.0309765
-0.0179837
-0.0251568
0.0156964
0.036665
-0.00968835
0.0351511
-0.00848489
0.0314124
-0.0498594
0.0299609
-0.0279779
-0.0339653
0.00653831
0.0202695
-0.0063134
-0.0149232
0.0158917
0.000481394
0.0130361
0.0312765
0.0474497
0.0110428
0.0665353
-0.00188139
-0.0191897
-0.00753589
-0.0428132
0.0419615
0.0150131
-0.0251223
0.035143
0.0339027
-0.033744
-0.00669915
0.0392052
-0.00856919
-0.0271336
-0.0131729
-0.0174606
0.0140517
-0.0271261
-0.0468196
-0.000572283
-0.0114026
0.0264293
0.016234
0.0146576
-0.0375748
-0.0412158
-0.0351175
-0.0189357
-0.0380232
-0.0350625
-0.0335239
-0.0609648
0.0406862
0.0178135
-0.0259006
-0.0168899
-0.0827031
0.064883
-0.018148
0.00766137
-0.0348479
-0.00150588
-0.0274047
-0.188001
0.12218
-0.0701281
0.0419438
-0.046946
0.0117654
-0.0557741
-0.00456835
-0.0358125
0.244403
0.0268601
0.0167777
0.0251788
0.102877
0.0192517
-0.0480849
-0.119239
-0.00165611
-0.106657
0.0523752
-0.0504095
-0.0147914
-0.0268353
-0.0442137
-0.0454743
-0.0407636
0.258121
0.0456662
-0.00715119
0.131355
0.183255
-0.0747467
0.00391448
-0.063871
-0.0458386
-1.30203
-0.399954
0.249218
-0.206635
0.0713829
-0.00260941
-0.129203
-0.121833
0.0144155
0.072668
0.0870476
0.0844721
0.135304
-0.0026612
-0.243465
-0.00483236
0.0314277
-0.139054
-0.106978
0.231584
0.0149336
-0.0169742
0.0358766
-0.102501
-0.239241
0.00613067
0.824609
-0.033688
-0.0346582
-0.0535661
-0.0848045
-0.022112
0.0355949
-0.142293
0.108053
-0.0705544
0.086198
-0.2927
-0.133378
-0.122294
-0.0212277
0.00380241
-0.0461343
0.0165682
-0.0399361
-0.074215
0.0214424
0.0997598
0.0935256
0.0381455
0.135952
-0.0466182
-0.0377977
0.0506463
-0.0970839
0.0546671
0.0374736
-0.0106837
-0.00410245
0.0365526
-0.144924
-0.0374613
0.0310822
-0.0271742
0.103505
0.217583
0.0209711
0.183404
-0.18491
-0.0445513
-0.0666877
0.0311346
-0.0063445
-0.0418313
0.0215511
-0.0188356
0.0277308
0.0321379
0.029735
0.0349219
-0.0463975
0.0171638
0.0468202
-0.00257014
-0.0132157
0.127259
0.0728651
-0.0776546
-0.0260973
0.070941
-0.00858894
-0.346826
0.0447842
-0.00499117
0.00214286
0.219174
-0.119496
0.0949177
-0.348517
0.172117
0.0629096
-0.0315005
0.0185765
-0.0466388
0.0316842
0.0581265
-0.026049
-0.00877378
-0.0242193
-0.0453758
-0.0554393
-0.0773377
-0.037696
-0.0805711
-0.00134362
0.0501257
0.0144773
0.0258206
-0.0315813
-0.0447527
0.0440361
0.00246627
-0.0253919
-0.019828
-0.0351633
0.0106194
-0.0474625
0.0400939
0.00944953
0.130905
-0.139612
-0.0492165
-0.0199156
-0.00387183
0.0313562
0.0359934
0.0374246
0.0478059
-0.0430282
-0.0368651
-0.023167
0.072101
0.00115649
0.0299395
0.00780138
-0.0230697
-0.00185324
-0.00992618
0.0193832
-0.0457394
-0.0300123
0.0071908
-0.0442826
-0.0432982
0.0121994
-0.0215503
0.0294637
-0.00853693
-0.0188592
0.0343056
-0.0675143
0.104459
-0.000765989
0.0453644
0.0137851
-0.0197972
0.0334531
0.034488
0.017148
-0.0106507
-0.029897
0.0205758
-0.0372725
0.0306044
0.0340588
-0.0192732
-0.00516035
-0.0122891
-0.0457241
-0.17156
-0.0588363
0.138433
0.0476439
-0.133023
-0.0159845
-0.0682759
-0.00395332
0.00101685
0.10474
-0.253807
0.0376547
-0.0506095
-0.0508138
-0.0510937
-0.0668809
0.0349226
-0.0631494
-0.0347844
-2.89888e-05
-0.0816904
-0.0245464
-0.0162578
-0.118806
-0.00922021
0.12509
0.139459
-0.161868
-0.0293756
-0.0357789
0.0301014
-0.193852
-0.0506545
0.236257
0.0254839
0.0839112
-0.155239
-0.122822
0.02282
-0.0219236
0.176034
0.176133
0.203613
-0.147742
-0.174428
-0.0636013
-0.0271991
0.128819
0.0654368
0.0769342
0.0187994
0.0446629
-0.0193346
0.102462
-0.169118
0.11635
0.196859
-0.00129778
0.0255221
0.00123258
0.0259376
-0.181836
0.142343
-0.0730011
-0.0262435
-0.0808595
-0.0518344
-0.0415118
-0.0214799
0.0387279
-0.0030705
0.434466
-0.0258412
0.464325
-0.314389
-0.231825
-0.156559
0.00711699
0.0861919
-0.0897755
0.0651258
-0.0466153
0.035887
0.0413187
-0.0349449
-0.126656
-0.164543
0.17731
-0.139676
-0.010553
-0.0430347
-0.0856673
-0.103291
-0.385673
0.105734
-0.558564
-0.0486781
-0.0370565
-0.0185901
-0.0638433
0.0316118
0.0430468
0.094783
-0.00445894
-0.00211818
0.117552
-0.0590365
0.0111237
0.0102847
0.0147478
-0.0360282
-0.0912584
-0.0364119
-0.116442
0.0108772
-0.0754345
-0.201858
-0.047275
0.0417179
0.161702
-0.0206909
0.0153739
-0.0643622
0.00128434
0.0263019
0.0294382
0.277917
0.041764
0.00171789
0.0100385
-0.00627708
0.0389785
0.0488434
-0.0376872
0.0949112
0.0468647
-0.00429057
-0.0327411
0.0133426
-0.00568583
0.0317754
0.0465348
0.0236629
-0.0322826
0.0387755
0.0264419
0.0415104
-0.0156176
0.0108435
0.0201839
0.0250445
0.0409663
0.0255973
0.0453746
0.0436999
0.0422378
0.00540854
-0.0154535
-0.0160351
-0.0131995
-0.0399008
-0.0117788
-0.0415393
-0.00206871
-0.0247423
-0.0114265
0.000206518
0.0294242
0.0177393
-0.0181614
-0.0126183
-0.00387392
0.0245933
-0.0384472
0.0156498
0.0360137
0.0481297
0.0464635
0.0179926
-0.0245701
0.00871122
0.0112914
0.0283651
0.0322911
0.0157016
-0.0574122
0.0374609
-0.0100258
0.00483924
0.0351093
-0.00622101
0.0402711
-0.0427412
0.127769
-0.233501
-0.0819673
0.122422
0.0177876
0.0144447
-0.0265023
-0.00901003
0.0595366
0.0658473
-0.00966853
0.0230338
-0.0144319
-0.017049
-0.0448633
0.0205508
-0.043117
0.0508724
-0.0595273
0.0254654
-0.04183
-0.151689
-0.0159612
-0.0221258
0.126011
0.0712648
0.00258965
-0.106158
0.035001
-0.0283127
-0.0341612
-0.0572399
0.0376928
0.0503853
-0.00662031
-0.0472346
-0.00149472
-0.151344
-0.11866
0.0550024
0.0272355
0.00568523
0.0288354
0.212797
0.102954
-0.047103
0.0120897
-0.0894985
0.0187621
-0.00892945
0.0268472
0.0207219
-0.0279419
0.0363225
0.0633501
-0.0134613
0.00844131
0.0376952
0.0245829
-0.0468783
0.0889305
0.0954931
-0.0521866
0.0396709
0.0663887
-0.0437764
0.0612588
-0.0141096
0.0104006
-0.0133765
-0.0495256
-0.0201962
0.0553531
-0.0279157
-0.0152343
-0.0340265
-0.0177553
-0.0146544
-0.0134911
0.0187657
0.0386444
0.0763971
0.0797309
-0.0627346
0.0471249
-0.0332329
0.027556
0.0232281
-0.0283168
-0.0305351
0.061961
-0.15754
-0.0691988
0.0254245
-0.0184714
-0.0817178
-0.0371801
0.0255169
0.001654
0.0382327
-0.0385779
-0.0396444
-0.0428648
0.0760337
0.0131742
-0.00979848
0.0373079
0.0472016
-0.0668937
0.00644477
-0.0962068
-0.0764577
-0.0300506
-0.0523228
0.0430609
-0.0412655
-0.0481222
0.0402181
-0.0326189
0.0255277
-0.0242785
0.040001
0.0224883
-0.0391052
-0.00479421
0.0310688
-0.00325419
0.0389023
-0.0453746
-0.058726
0.0288461
0.0100315
-0.00662058
0.0444969
0.00253967
0.0139628
0.0168042
-0.0236243
0.0288006
0.0867483
-0.0108358
0.000100364
-0.00866338
0.0245152
0.0270537
0.0343469
-0.00588581
0.0445044
-0.0157509
-0.00499771
-0.0291184
0.039646
0.0199698
0.055301
0.0546974
0.0286579
0.0580201
-0.0383998
-0.00842327
0.00193594
-0.0210178
0.0435901
-0.0190676
-0.0484159
-0.0388133
-0.0481273
0.0488575
0.0230909
-0.000733605
0.00369593
-0.0233369
-0.0313621
-0.0432404
-0.0439684
0.00639857
0.0215311
0.0423187
-0.0452765
0.0147075
-0.0198848
0.0262829
0.012982
0.035379
0.040562
0.0392192
0.0427751
-0.0418225
0.0569474
0.0258098
-0.00554859
-0.0429193
-0.0133915
0.00507956
0.0018809
0.00469089
0.040744
-0.0437741
0.00991673
-0.00935064
0.0190512
-0.0311247
-0.0294049
0.0361021
0.026761
-0.0263229
0.0459573
0.0581748
-0.00488134
0.0144716
-0.00371522
-0.0454253
0.0115412
0.0204573
-0.00665243
-0.0437322
0.0511017
-0.0176289
0.0250595
-0.0136559
-0.0401315
0.0381547
0.0331258
0.000451273
-0.0532798
-0.0339353
0.0138061
0.0421629
-0.0364326
0.0210493
-0.0369954
0.00127354
0.040392
0.0736143
-0.0602817
0.104398
0.0392982
-0.0113572
-0.00796083
0.0786408
3.63199e-05
0.0597448
-0.0565375
0.0559769
0.050628
0.0433106
0.0506023
0.09997
0.0427989
-0.0370898
-0.0159668
0.0080822
-0.00929488
-0.04109
0.0302832
0.0261697
-0.0161729
0.033897
-0.0500959
-0.0808644
-0.0298081
0.0108638
0.0179765
-0.0336537
-0.0699564
-0.0449158
-0.0593556
0.000930294
-0.0812389
0.0306095
-0.0162077
-0.0439624
-0.0406398
0.0536398
0.0378844
0.00967223
-0.0350716
-0.0262338
-0.0429132
0.1356
0.0444537
-0.0278144
-0.0271281
-0.00305272
-0.0743067
0.0597135
0.00633714
-0.0197701
0.0593625
0.0133327
-0.0652894
-0.0561544
0.0129789
0.00468413
0.0300064
-0.000114235
0.022821
0.0349455
0.0281779
-0.0575502
-0.0755803
-0.102201
-0.0532238
0.0127051
-0.0175139
-0.0191216
-0.0258478
-0.0335742
0.0116534
-0.0264577
-0.101605
0.017657
-0.0421555
0.0342987
0.0250747
-0.0347619
-0.0248249
0.0400503
0.0387667
-0.0168587
0.0473827
-0.0134874
0.0274593
-0.00863287
0.0206785
-0.0348584
0.0146
0.0594773
-0.00499952
-0.0203219
-0.0490517
-0.00551073
0.0417095
0.0466102
-0.00337714
0.0186524
-0.0279
-0.0342405
0.0207892
-0.0744171
0.0425087
0.0215815
0.0112203
-0.0440973
0.0165914
0.0304586
-0.0133632
0.00410423
0.0109465
-0.0233224
0.0142563
0.00944245
0.0343794
0.0445171
0.0246315
-0.043792
-0.0425464
0.00442459
0.0302833
0.0191439
0.0188277
0.0153026
0.0161497
0.024629
0.00221888
0.0265368
-0.0185621
-0.0180664
-0.0241433
0.039661
0.0342957
0.00128258
0.0486163
0.00647415
-0.0381693
0.0190308
0.0174433
0.0410812
0.0263524
0.00184552
-0.0129531
-0.0335243
-0.0269344
0.0248333
-0.0249681
-0.0304049
0.0128883
0.0310502
0.0132212
-0.00993983
0.040366
-0.0299308
-0.000458658
0.0495746
-0.0294137
-0.0244198
0.0448429
-0.0468275
-0.0344043
0.0230097
-0.0140841
-0.0353202
0.0506406
-0.00754864
0.0289237
-0.0391998
0.0382828
0.019983
0.0109256
-0.012436
0.0213119
0.00888933
0.012689
-0.0233974
0.00342643
0.0318567
-0.0404311
0.0291295
-0.0209737
0.0281875
-0.0205412
0.0358217
0.00954634
0.00127202
0.00521131
0.0091331
0.0650673
-0.0169536
-0.0432904
-0.0479575
-0.0133207
-0.0368342
-0.0252923
0.0284018
0.000562325
0.00362304
0.00630866
-0.0305547
0.0094149
-0.0183991
0.0198746
0.0390895
0.00624181
-0.0662102
0.042418
-0.0543953
0.0343739
0.0396297
-0.0259004
-0.00619809
-0.0197448
-0.00460654
-0.0227564
-0.0615404
0.00829475
0.00255092
0.0231476
0.00225333
0.112061
0.0388146
-0.000903607
0.0182696
-0.00446436
-0.0540029
-0.0367281
-0.0537395
0.030058
0.0201179
0.0367636
0.00883574
0.00708089
0.0603137
-0.0436981
-0.03635
-0.00271083
0.0298545
0.0613523
-0.0101475
-0.0540775
0.014703
-0.0335871
-0.0184748
0.0944702
-0.0302457
-0.00568147
0.000993292
0.00694912
0.0121923
0.0339985
-0.000506354
0.0324024
-0.0457852
-0.0469182
-0.0187537
-0.0190512
0.00835351
0.0139409
0.0235096
-0.0122929
-0.0116921
0.0208828
0.0254165
-0.00423987
-0.0338585
-0.0147969
-0.0121053
-0.00571961
-0.0747302
0.0203252
-0.04143
-0.0405593
-0.00867708
-0.0712228
0.0275275
-0.0508861
0.042413
0.03312
-0.0404449
-0.0143177
0.0587175
-0.015742
-0.0349737
0.0401842
0.0301905
0.00870376
-0.0299984
0.013936
-0.0210874
-0.0323433
0.0121553
-0.00407603
-0.0331805
0.00577265
0.0218046
-0.030773
0.0388438
-0.0140872
-0.023864
0.0460449
-0.0320313
-0.0150025
0.00500391
-0.00630226
-0.00302131
-0.0465776
-0.0463011
-0.0237258
0.0348546
0.00088507
-0.0171768
-0.0155514
0.0260617
0.0106352
-0.000772767
-0.000579661
0.0271036
-0.00558351
-0.0325469
0.0412173
-0.0354431
0.0245611
-0.00507684
-0.0101735
-0.0513387
-0.0354625
-0.00712617
-0.0434931
-0.0369077
-0.016843
-0.033674
0.0494856
0.0246653
0.0449239
-0.0429845
0.0288325
-0.00376297
0.00674908
-0.0458032
-0.0383038
-0.0497027
-0.0197902
-0.0279973
-0.0360384
-0.0366746
0.0388177
0.0177109
0.0360212
-0.0270174
-0.0484906
0.0117196
0.0236516
-0.00943239
0.0228575
-0.00417239
-0.039441
0.0156391
0.0365829
-0.00712597
0.0435542
-0.00980935
-0.0234654
0.0405322
0.0293868
0.0516136
-0.00823588
0.0124556
-0.0353981
-0.0118601
0.0434658
-0.0390747
-0.0265292
0.00885048
-0.0203645
-0.0168349
0.0191433
0.0346899
0.0116955
0.0352287
-0.0268686
-0.0285183
0.0296149
0.0430846
-0.0304482
-0.00133854
-0.037893
0.0293394
0.0395228
0.0467048
0.00926515
0.0191774
-0.0213616
0.0334997
0.00306201
-0.0272429
-0.00788181
-0.00279709
-0.00387507
0.0464953
-0.0143326
0.0258339
-0.0216428
-0.016672
0.0362707
-0.04685
-0.0452941
0.00698279
0.0448892
-0.0404016
0.0567918
-0.00279307
0.0799528
0.0349327
0.0285328
0.000129218
0.0280829
0.0400147
0.0478098
-0.0394161
0.0320349
0.0531094
0.0361497
-0.0153311
0.048634
0.0438476
0.0202511
-0.0251912
-0.0114237
0.0300782
0.0148242
-0.0161442
0.0350372
-0.0607893
-0.00687976
0.012212
0.000198879
0.0226646
-0.0146562
0.0119194
-0.00721402
0.0186501
0.00239691
-0.0104745
-0.0240166
-0.0475349
0.028298
0.0361422
-0.0233615
-0.00710063
0.0419964
0.00193698
-0.0341575
-0.00844421
-0.0327222
-0.0257219
0.081192
0.0438475
-0.00677804
0.0114999
0.00921343
-0.0162255
0.0247366
0.0481306
-0.0425792
0.0297214
-0.0535419
-0.0346992
-0.024325
0.0409978
-0.0271698
-0.0257896
0.0373471
-0.0228441
0.0132569
-0.00409798
-0.00739048
-0.0509888
-0.0376506
-0.0628267
-0.00306033
-0.0534057
-0.0521068
0.00268318
0.00456634
0.0542397
-0.0290362
0.00914075
0.0729024
0.0116386
0.0250803
0.0641728
-0.00157003
-0.0438807
-0.0370329
0.0278176
-0.015306
-0.0204527
0.0122195
0.0233837
0.0118282
-0.00783624
0.0322347
-0.0248474
-0.00541261
0.0574114
0.0390719
0.0376549
0.00880355
-0.00229823
0.0317175
0.0359182
0.0014472
-0.0175851
0.0258798
-0.0296757
-0.0108427
0.0181967
-0.0872613
-0.0475295
0.00761075
0.0268035
-0.0185214
0.028727
-0.0290524
0.0402622
0.0415242
0.00413895
0.0366527
0.0256732
-0.0135519
0.0383144
-0.0407037
0.00698025
0.0392526
0.0309248
0.03175
0.0317697
-0.0325698
-0.0358382
0.0426555
-0.0265127
-0.0385827
-0.0152495
0.0443158
0.0284314
0.0462668
0.0175906
-0.0187119
0.0133939
0.0147587
0.0158097
-0.00569019
0.0266908
-0.00172976
-0.0145703
0.00640176
-0.0458921
0.0251862
-0.00342521
-0.0342839
-0.00474472
-0.00748688
0.031253
0.000311991
0.038407
0.00198606
-0.00844488
0.0249582
0.0398699
-0.023589
0.0366522
0.0285559
0.0168568
0.0114632
0.0381419
-0.00781825
-0.0480833
-0.0235442
-0.00440737
-0.0387043
-0.00163258
-0.0204823
-0.0043321
0.0467435
0.0213245
0.0249842
-0.0313287
0.0550527
-0.00857633
-0.0186198
0.0119893
0.0207162
-0.0458532
-0.0390281
0.000735739
-0.0210964
0.0115315
-0.0312617
-0.00750237
0.00174591
0.17997
-0.0494517
0.00869406
-0.0355436
0.0272781
-0.0519451
-0.0284787
0.0238378
-0.013189
0.000957783
-0.0293176
0.00363936
-0.111084
-0.0956357
0.00944874
0.0256578
0.00936742
-0.102443
-0.0541227
0.0329631
0.0143839
-0.0031005
0.00321893
0.0444578
0.0396226
0.0528294
-0.0406378
0.0146071
-0.012115
0.0864523
0.0746009
-0.0360857
-0.0531327
0.00242492
-0.132562
0.144411
-0.0292193
0.0890283
-0.0642873
0.0172337
0.0697968
0.00513858
0.0811898
-0.0305945
-0.0434785
-0.0350007
0.0448001
-0.0325017
-0.0519621
-0.0257005
0.0296697
-0.0171278
-0.00596391
0.0361108
0.14015
0.0356451
-0.00469164
-0.00496851
-0.0296715
0.0576634
0.0334957
-0.00624199
-0.0263279
0.0196584
0.0630587
0.0228508
-0.00776453
-0.0176595
0.0267996
-0.0244033
-0.0217118
-0.0468868
0.0291037
0.0133529
-0.0568526
-0.0657475
0.0553027
0.0213613
0.00702938
0.0495862
0.0382228
0.00517211
0.0326722
-0.00234755
0.0074797
-0.0857573
-0.0244739
-0.0218478
-0.0874739
-0.00236602
-0.0398463
-0.0247647
0.0248422
-0.0200402
-0.031327
-0.056855
-4.74203e-05
0.00251812
-0.00775265
-0.0883671
-0.0332276
-0.012369
-0.0254444
0.040722
-0.0526261
0.00180327
0.00509481
-0.0269961
-0.0234963
-0.0310907
-0.000832874
0.0421999
-0.033753
-0.0418483
-0.0292188
0.0756186
0.0430107
0.0217633
-0.00142533
-0.00464551
0.0750538
-0.024949
-0.00336906
0.0177552
0.0373106
0.0109212
0.0766231
-0.00133612
0.00242955
0.0373509
0.101543
-0.055539
0.0770126
0.0117259
0.0297323
0.0344908
0.00427437
0.0203664
-0.0158573
-0.0171176
0.0520886
-0.0364196
0.0360466
0.00329243
-0.00732945
-0.0219367
-0.00639743
0.0221167
-0.00567781
0.0413004
-0.0236985
0.0268765
-0.0391028
-0.0332501
-0.025508
-0.0239813
0.0531636
-0.000321547
0.0178779
0.0176863
0.0234397
-0.0381912
-0.0277631
-0.0381778
-0.0325599
0.0465756
0.0185286
-0.00466596
0.0228718
0.0216048
0.00744547
0.0175778
-0.0237876
0.0354274
0.0402026
-0.00801073
0.0281552
0.0174196
0.0489051
0.0552873
-0.0307269
-0.02129
-0.0346292
-0.0410253
0.0070562
-0.0349117
0.0130365
-0.0177496
0.00992892
-0.0331756
-0.0127866
-0.0137721
0.0034391
-0.0342582
0.0163655
0.0361974
-0.0131966
-0.0138279
0.018364
0.0413982
-0.0171821
0.0476339
-0.0152809
-0.027716
-0.0242821
0.0328754
0.0188212
-0.0284931
-0.0233194
0.000789791
0.0228732
0.0633066
0.0073554
-0.022409
0.0336613
0.0257421
0.0312815
0.032564
0.0256575
0.0156718
0.0135617
-0.0203897
-0.000382554
0.00268216
-0.0628825
0.0372106
-0.0108407
0.0388001
0.0157711
-0.0352609
0.0241601
0.0609859
-0.000433398
0.00374052
-0.0177212
0.0525391
0.030832
-0.0159152
-0.0366254
0.0652421
0.0219973
-0.00135191
-0.040038
-0.0227686
-0.0246079
0.0657858
-0.037812
0.0636697
0.0439883
0.0240329
0.0170157
-0.0308466
-0.00214276
-0.0258144
-0.0411477
0.046475
0.0381892
0.0120614
0.00341916
0.0587439
0.0315903
0.0275336
-0.00533907
0.0227782
-0.00201845
0.042153
0.00257107
0.039198
0.0791417
0.0228934
-0.0237722
-0.0159513
0.00483529
-0.0483348
0.0452472
-0.00745814
-0.0962841
-0.0355053
0.0020996
0.0492334
0.0168311
-0.0273608
-0.0556862
-0.0487326
0.0204237
-0.0214295
-0.0384229
0.0465052
0.0264495
-0.063594
-0.0164353
0.0436209
0.0707492
-0.0679478
-0.0206522
0.0379585
0.0154143
-0.0435619
-0.00979228
-0.00173042
0.0403127
-0.0488623
0.0572083
-0.0751319
-0.0206402
0.0312796
-0.0326408
0.0419372
0.0260402
-0.00665666
0.00901813
0.0443491
-0.045273
-0.0147409
-0.0167804
0.0351028
0.0104072
-0.0111369
-0.065304
-0.0375172
-0.0417345
-0.00657254
-0.0731648
-0.0143991
0.0160799
0.0464219
-0.0674328
0.00249152
0.00432431
-0.0290122
0.000875331
0.00455289
0.0243903
-0.0388209
0.0242334
-0.039685
0.00254649
-0.0215632
-0.0385577
0.0134578
-0.0631122
0.0423981
0.0143728
-0.0181265
0.00622047
0.00298024
-0.0384388
-0.017001
-0.0129304
0.00532597
-0.043442
0.0261918
-0.0192316
0.043994
-0.0300375
0.00569385
0.0159393
0.0399056
0.000460816
0.0163752
0.0120958
0.028785
-0.0234402
0.033598
0.0402448
0.00214505
0.00373393
-0.0244993
-0.0204714
0.0427537
0.0216349
-0.0242505
0.0464395
0.047614
0.0404899
-0.0174595
0.0367085
0.0393907
0.0405464
-0.00928869
-0.0380733
0.0223078
-0.0353488
-0.0174086
-0.0169579
-0.0321744
0.0169713
0.020843
-0.0111988
0.00487755
0.025405
-0.0142565
-0.0113019
-0.0251645
-0.0131307
0.0262982
0.0344135
-0.0034985
0.0071209
0.00915332
0.0110144
-0.0194309
0.0208723
-0.0221282
0.0282814
0.0158428
-0.0489069
-0.0235336
-0.0170543
0.0621913
0.0358511
-0.026474
0.0366643
0.0185465
0.00326512
-0.172433
-0.0734129
0.0380755
0.0431805
-0.00953545
0.0662872
-0.0216924
-0.0385035
-0.00283016
-0.00422936
0.0345221
-0.031013
-0.207256
-0.0467176
-0.0508999
-0.01093
-0.011704
-0.0102508
0.000164847
0.0159124
0.0175325
0.0561979
0.0806342
0.0160414
0.000704353
-0.0157468
0.0395222
0.0335141
-0.0115357
-0.0740445
-0.033268
0.019846
0.0161606
-0.0307618
0.0202556
0.0199373
0.11054
-0.0144217
0.028304
-0.0405855
0.00931049
-0.0499731
-0.0268643
-0.0485565
0.00934225
-0.0593141
-0.0597034
-0.00292449
-0.0503764
0.0339451
-0.0180316
0.0342366
0.02529
-0.00992727
-0.0775871
-0.00118749
0.0287147
-0.00199772
0.000320628
0.0263275
-0.00103881
0.0166811
0.0487801
0.0170865
-0.0222317
-0.0824768
-0.0452768
-0.0373036
0.0230669
-0.0111214
0.0285389
-0.0565557
-0.0141543
-0.058704
0.0185162
0.0785663
-0.0586919
0.0174514
-0.0333718
0.011746
-0.00673756
0.0394559
0.0251078
0.00912537
-0.0741727
0.0414545
-0.0629841
0.0634615
0.040209
0.0507642
0.0643244
0.0454103
-0.0377777
0.0111696
-0.00204874
-0.0758771
-0.00775732
-0.0234476
-0.0338985
-0.00267658
-0.0201153
-0.020068
0.0347745
0.00285327
-0.0192926
0.0418312
0.00423887
-0.0426034
-0.000930719
0.0606743
0.00746952
0.0263495
-0.0402302
-0.00997469
0.0207841
-0.0107656
-0.0354834
-0.0314799
0.0163113
-0.0192813
-0.0779385
0.063965
-0.0545263
-0.0462387
0.0153937
0.0402687
-0.0805073
-0.0332278
0.0270996
0.00694933
-0.032015
0.0492691
-0.0239423
0.0563347
0.0569914
0.0387073
-0.0356029
-0.000396302
-0.0218389
0.00221232
-0.014939
-0.0114961
0.0361868
0.0235203
-0.00347272
-0.0126911
0.0310097
-0.000402863
-0.0539406
-0.0220099
-0.0499314
-0.00586668
0.019012
-0.00604129
-0.021398
-0.00420344
-0.0136547
-0.0334018
-0.0207905
0.0177309
-0.0244227
0.0387215
-0.0294758
-0.0264568
-0.0410869
-0.0190052
0.000874788
-0.035394
-0.0267914
0.019988
0.0451755
0.0225449
0.00183348
0.00399151
-0.0295263
0.0182177
-0.00739757
0.0451273
0.0112532
-0.0193703
0.0174789
-0.0103287
0.0484856
-0.0467382
-0.000715025
0.0236199
0.0282827
0.0348982
0.0247691
0.0411566
-0.00308567
-0.0440912
-0.0285666
-0.0259333
0.0193539
0.0164724
-0.0370408
-0.0184995
0.0125783
0.0392705
-0.0209886
-0.0477825
0.00906008
-0.00833534
0.0310312
-0.0272631
-0.0154041
0.0173691
0.00484588
-0.0357259
-0.0431705
-0.0480146
-0.00924069
0.0588396
0.0710283
-0.0136337
-0.00940358
-0.0323692
-0.0329209
-0.0523468
0.0230471
-0.0431731
-0.0226016
-0.0202185
0.0899175
0.0443737
-0.0540437
0.00326931
0.0277042
-0.0118386
-0.0929779
-0.0313124
0.013687
0.0217079
-0.016949
-0.0590226
-0.00223447
0.0450517
-0.0195447
-0.0342923
-0.0216314
-0.0237232
-0.0395102
-0.0176643
-0.0714727
0.0112703
-0.0175221
0.0337899
0.0258478
-0.00243802
0.0715996
-0.0169241
0.00765458
-0.0317865
-0.0178784
0.00325112
-0.0616662
0.000527959
-0.0901347
-0.0034672
-0.0360365
-0.0142013
-0.0431379
-0.00125903
-0.0198298
-0.0390375
0.00378269
-0.00521629
-0.0276925
0.0269042
0.011743
0.0235089
0.0660075
0.0349108
-0.00870623
-0.0158157
-0.0579851
0.0125031
0.0807346
0.0142578
0.0362334
0.0196053
0.00676064
-0.038719
0.0374229
0.0183201
-0.0468333
0.0674026
0.0531392
-0.0112555
0.0245832
-0.0282999
-0.0188809
0.0301728
-0.00244336
-0.0157978
-0.0254785
-0.00112878
-0.0145949
-0.0463837
-0.02387
0.100948
-0.0656884
0.047318
-0.0290259
0.0084911
0.11051
0.00506003
0.0424802
-0.00450787
-0.0170072
-0.042091
0.0312312
-0.0306919
-0.0333791
0.0163722
-0.014981
-0.0252028
0.0266173
-0.0677897
0.0136493
-0.0220254
0.0241516
-0.0439123
0.0438337
0.0566507
-0.018133
0.0259363
0.00447357
0.0307318
0.0187409
0.000898989
0.0543803
-0.0171328
-0.0289456
0.0399036
0.030622
-0.0325898
0.0180018
0.044225
-0.0418883
-0.0482179
-0.0442363
0.0450727
-0.0447882
-0.0293917
-0.0313208
0.0155667
-0.0396175
-0.0391317
0.033355
0.0431615
-0.00393208
-0.0399442
-0.0330447
-0.0278452
0.0285109
-0.0340301
0.0478892
-0.0472888
0.0289367
0.00359564
0.0110719
-0.0421093
-0.0152154
0.00319011
0.014151
-0.0303217
0.0230675
-0.0186325
-0.0170402
-0.0236953
0.011946
0.00583363
-0.0356885
-0.039137
-0.0292539
0.0341267
0.0379524
-0.0501054
-0.0336543
0.0216512
-0.023585
0.00450246
0.0162969
0.00314799
-0.00892881
0.0350576
0.0481985
-0.0366073
-0.0485656
0.0146594
-0.0182699
0.0308034
0.015343
-0.0262301
0.0240913
0.0292414
0.0500385
7.27254e-05
0.0533528
0.0293814
-0.0376057
-0.00997191
0.0238793
-0.0369777
-0.0169298
0.00359867
0.0275687
0.00571814
0.00210178
-0.0239682
-0.0474566
-0.0323152
0.0367328
0.108646
0.0819891
0.0286883
0.0117376
0.0216158
-0.0150351
0.0147415
0.0342713
-0.056121
0.050556
0.000376352
-0.0266978
0.068163
0.030978
0.105912
-0.0243709
-0.0945052
-0.0151405
-0.0177934
0.0107108
-0.0568872
0.0303909
0.0468345
-0.00907708
-0.0331438
0.050749
0.00388709
0.0415677
-0.0117433
0.164925
0.0917449
-0.000641552
0.0393253
-0.0494944
0.0390179
-0.177372
-0.218912
-0.165463
-0.0872395
0.106725
0.129657
0.0744897
-0.0437912
0.0536544
0.0230002
0.0095448
0.0351991
0.0500464
0.0303627
-0.047893
-0.0196818
-0.0129272
-0.0838612
-0.0318512
0.158451
-0.0155432
0.161756
0.0302467
-0.0949307
-0.0413924
-0.04948
0.0827913
-0.0465423
0.0156438
-0.00402906
0.0480432
-0.0014515
0.0345023
0.0177101
0.0557313
0.0469303
-0.0906291
0.0187636
-0.0409334
0.0169446
-0.0328488
-0.059745
0.0634858
0.0343269
0.0303885
0.00645556
-0.0753534
0.00947747
0.0970487
0.0151734
-0.00916262
0.00752994
0.00656594
0.0443025
-0.0494881
0.0383828
-0.00264587
-0.0136446
0.0618536
-0.0105146
0.0161957
-0.0325773
0.0449217
0.0373349
0.085474
0.094317
-0.034365
0.0210353
0.000564299
-0.0070119
0.0139146
0.0137926
-0.0423734
-0.0114785
-0.024912
-0.0305045
0.0265132
-0.0257655
0.0404167
0.00872036
0.0929328
-0.0357575
-0.0303746
-0.00922798
0.0205787
0.141339
0.115551
-0.000209898
0.04703
-0.00879796
-0.0523079
0.0119889
-0.00218206
-0.0150546
0.0462069
0.0278123
-0.148583
0.0734835
-0.0431009
-0.0310708
-0.0051132
0.0160067
0.0118762
-0.0311212
0.00927483
-0.0194471
0.0274393
0.0192909
0.0320636
-0.00462549
-0.0300397
-0.00134036
0.0238463
0.0529085
0.0476158
0.00672926
0.013346
0.0100985
-0.035272
0.00833525
-0.00876363
-0.0233693
0.0179464
-0.00123365
0.0022342
0.0293433
-0.0131969
-0.0411468
-0.00168918
0.0458009
-0.0276776
0.00258402
0.0318345
0.0389068
-0.0218795
0.0383616
0.000217974
-0.00103497
-0.00573098
-0.0195227
-0.00564149
0.0577022
-0.00508395
-0.0340371
-0.0611755
-0.0361122
0.0465064
0.0355378
-0.0333697
-0.00304555
-0.000977604
0.0434236
-0.000231513
-0.0191246
-0.0313335
-0.0222424
0.0423579
-0.0238894
0.0397476
-0.046284
0.0346852
0.0206858
-0.0295835
0.00922618
0.0267046
0.00689451
-0.0450516
0.0136336
-0.0181566
0.0063602
-0.0391738
-0.0252424
-0.00697104
0.0132697
-0.0388128
0.0606683
0.0233796
0.0124078
0.0218736
-0.0349319
0.0298218
-0.0167011
-0.0345292
-0.0148609
0.000550003
-0.0135947
0.0195172
0.0102075
-0.00543752
-0.0734637
-0.0558423
0.0311198
-0.0225438
0.00347851
0.00465427
0.002503
0.0163071
-0.0777237
-0.0144481
0.00151891
0.0184424
0.0444059
-0.0690902
-0.100945
0.069183
0.0556155
0.0119397
-0.0508124
0.00643995
0.00516328
0.0389452
-0.0464194
-0.046869
-0.0164102
0.0172102
0.077975
0.0262404
-0.0260225
0.0151177
0.00792866
0.0865877
-0.0151812
0.0809529
-0.0197733
0.00297692
0.0514106
-0.0288525
0.0376779
0.0573935
0.0242183
0.0458959
0.0068099
0.0343589
0.0357504
0.0631517
-0.00841038
-0.0546966
0.00332052
-0.0125708
0.032106
-0.0376639
-0.0166884
-0.00924397
-0.0449155
-0.0188223
-0.0531605
-0.0894335
-0.012591
0.0275871
-0.0115304
0.114787
0.0269052
0.102526
-0.0239495
-0.0370587
-0.00532602
-0.0653253
0.0340649
0.00591452
0.0572006
0.0438593
-0.0265812
0.0242523
0.0764924
-0.0497706
-0.0287873
-0.0555903
0.046547
-0.0126303
-0.0217181
-0.0251745
-0.106414
-0.0583395
-0.0216463
0.0702979
-0.02201
-0.006634
-0.0104432
-0.00318956
-0.0071792
0.00832464
-0.0930322
-0.0309389
-0.106955
0.061751
-0.00507909
-0.0300988
0.00659232
-0.122762
0.00939237
-0.0786964
0.0380066
0.0137049
0.0162333
0.0036962
-0.00778155
-0.0470255
-0.18183
-0.0172127
-0.0614667
-0.021866
-0.0234125
0.0167541
0.00928957
0.0370083
0.0973506
-0.0396276
0.0328992
-0.00568252
0.0350133
0.045937
-0.0369452
-0.0221351
-0.023233
0.0136362
0.00271387
0.032346
0.050838
-0.0243318
0.0385573
0.0342326
-0.00115798
-0.0247402
-0.00982457
0.0294658
0.0155601
-0.0327559
-0.0161662
-0.0125598
0.0210524
-0.00730485
0.0442644
-0.0441364
-0.00698185
0.046681
-0.0449304
-0.0690321
-0.0245212
0.0241068
0.0227644
-0.0512928
0.0351384
0.0205737
-0.00184688
-0.0459304
-0.0165463
-0.0132337
-0.0576153
0.0353025
0.00745342
0.0426974
0.0253197
-0.0419178
-0.0323632
-0.00189064
0.0160099
-0.0260525
-0.039919
-0.0255713
0.0200111
0.0400133
-0.0208601
-0.0470485
0.0189204
-0.0421308
0.00879489
-0.0343059
-0.0460721
0.0139994
-0.0302467
0.00216067
-0.00169216
0.0879752
0.0340768
0.0266122
-0.0107348
-0.0190919
0.0447479
-0.0125561
-0.0154825
-0.0820025
-0.0265153
0.0612366
-0.0207292
-0.0508747
0.0263647
-0.0194809
-0.0531028
0.00824479
0.058255
0.0131683
0.00618571
0.173877
0.198596
0.0513795
0.0232568
-0.113364
0.0788364
0.0512198
0.0751325
-0.0420151
0.0331702
-0.0202596
-0.0581638
-0.0715145
0.0207537
0.0268262
-0.0157599
-0.0837395
0.111056
0.0497535
0.0591251
0.0333704
-0.0284541
0.0123347
-0.278284
-0.0589906
-0.0868746
0.0481943
0.0611659
-0.00184259
0.0788914
-0.0614401
0.0567046
0.0472094
-0.0428176
0.0214995
-0.00846107
0.0298159
-0.0867883
0.0340061
0.0577293
-0.180012
-0.0831404
-0.00150996
0.0338326
-0.00427968
-0.00707757
-0.0286088
-0.0722467
-0.0080014
0.00366216
0.0587788
0.0618498
0.0456438
0.0982686
0.038327
0.0473222
-0.0198151
0.0523625
0.0308766
-0.0572478
-0.00757709
-0.037234
-0.05978
-0.0279217
-0.0624644
-0.0225798
-0.0373624
-0.0228579
0.0317243
-0.0512599
-0.0172962
0.0283163
0.0584697
-0.0143725
-0.00422723
0.0489977
0.0416906
0.00492119
-0.00177884
-0.0841096
0.0325613
-0.00289127
0.0271097
0.0983788
-0.0115755
-0.0167852
0.00351279
0.0313174
0.102227
0.0133151
0.0395843
0.0326777
-0.00745045
0.00963207
0.014762
0.0372249
-0.0288778
-0.00290215
0.0376308
-6.78835e-05
0.0367097
0.0415086
-0.0212497
0.0571658
-0.00669547
0.0336929
-0.0130066
0.00724956
0.0101063
0.064643
0.0407737
-0.00684576
0.0319455
0.0305371
-0.0809478
0.0136922
-0.0457511
-0.0206777
-0.00223137
-0.115234
-0.059646
-0.0426077
-0.00319898
0.00465262
-0.0146113
0.0176502
-0.0469683
-0.0313854
-0.018672
0.0351586
-0.0288111
0.011833
0.0365702
-0.0532798
-0.0453535
0.0257909
0.00277812
0.0347938
0.00795659
0.0372917
0.0308885
-0.0605994
-0.040216
0.0592536
-0.0118825
0.0447045
-0.00268133
0.023949
0.0366413
0.0135912
0.0342385
0.0486556
0.0374703
0.0267075
0.00955466
0.0168053
0.00247456
0.0211783
0.040274
0.0359515
0.0428443
0.0214909
0.0365212
0.0188656
-0.0088483
-0.00385642
0.0260704
-0.0366964
-0.0111783
0.0140559
-0.00661195
0.0302365
0.054658
0.00994537
-0.0546145
-0.00220002
-0.0488995
0.0241403
-0.0400314
-0.0289524
-0.0209572
-0.014414
-0.000961782
-0.0493138
0.00621568
0.000941841
0.0175623
0.013567
0.0469074
-0.0275297
-0.0121727
-0.0318436
-0.0237465
-0.00348316
0.0226174
-0.0683664
-0.0249498
-0.029838
0.0684457
0.0523841
-0.0417816
-0.0401768
0.0197853
0.0382481
-0.066656
-0.038546
-0.0626944
0.0168622
0.0169919
0.0449136
0.00264595
-0.0587629
-0.112916
-0.0615197
-0.0950097
0.0282402
0.00267767
-0.0421547
-0.0541738
-0.050407
-0.0516443
0.0368557
-0.0542354
-0.00808704
0.0176686
-0.0235541
-0.0754012
-0.0927342
-0.0176374
0.0113081
-0.0435589
-0.0534211
0.0569755
-0.011834
0.0351235
-0.04047
0.0437508
0.0255953
-0.00274582
-0.0161533
0.0119191
0.00809132
0.035811
0.134044
0.0176433
0.105623
0.0323806
0.0671281
0.0249362
0.0759773
0.00812212
-0.00591414
-0.00708378
0.010615
0.0317326
-0.0414308
-0.040056
0.0814399
0.0412025
0.044354
-0.0285311
0.022914
-0.0212549
0.0454818
-0.0778889
0.0492977
-0.0395109
-0.0266209
0.0538962
0.0427571
0.00160376
0.0462273
0.0192196
0.0129958
-0.0640786
0.0588211
-0.0410685
-0.0187022
-0.0307454
-0.0015152
0.0495838
0.061128
0.0447311
-0.0362816
0.0175423
-0.0364298
0.0340566
0.00409502
0.0410506
-0.0324483
-0.0278232
0.000262319
-0.0293643
-0.0724361
-0.0274607
0.0729694
-0.017308
-0.026006
0.00842781
-0.0742095
-0.0494412
-0.0704415
0.0403347
0.00841474
-0.0236293
0.0455168
-0.0542283
0.0251061
-0.00559641
0.0425237
0.00478996
-0.00190656
0.0064265
-0.0461554
0.0607155
-0.0314019
-0.0422027
-0.059673
0.0384223
-0.0348123
0.0755888
0.105677
0.0247927
-0.0097169
-0.0279337
-0.0407458
0.0364843
-0.0140483
0.080857
-0.0342927
-0.018618
0.0334945
-0.0380708
0.0347889
-0.0257355
-0.0258252
0.0468742
0.0476606
-0.0148766
0.00849769
-0.00822583
0.0324015
-0.0467037
-0.0499978
0.0324461
0.0012426
-0.000613583
-0.0091262
0.0253326
-0.0375545
0.0211539
0.00861607
0.00052341
0.0355297
0.0180698
0.00625992
-0.0477622
0.029138
0.00714252
-0.0388736
-0.0394742
-0.0159848
0.0468221
0.0130484
0.0450003
-0.011387
-0.0180731
0.00678663
-0.0188207
-0.0234464
-0.0320514
-0.00361422
0.0343039
-0.036765
-0.0359055
-0.0217093
-0.0362612
0.00950316
-0.0127428
-0.00689906
0.00660729
-0.0268739
-0.00516697
0.015853
-0.0472946
0.0221805
-0.00735674
-0.000144336
-0.00686558
-0.00954062
-0.0485333
0.0491981
-0.0203165
-0.0200469
-0.0244409
0.0653261
0.0761751
-0.0796751
0.0458107
-0.0151303
0.0421729
0.0490653
0.0296956
-0.191187
0.0423947
-0.0296012
-0.0316857
0.0302674
-0.0164756
-0.0372917
-0.0423012
-0.0403392
-0.037534
-0.0126693
0.0181773
0.0443464
0.0592227
0.0166886
0.0563412
-0.0784
-0.0176036
-0.0376171
-0.0133712
-0.0111617
0.0462698
0.000605171
0.0247044
0.0039318
-0.0338005
0.0755362
0.0156586
-0.0327778
0.104703
0.0502274
-0.0126792
0.00735236
-0.00421423
0.0599453
-0.12869
-0.033968
-0.0816696
0.024862
0.00380946
-0.0142554
0.0447056
-0.0739095
-0.0556809
3.48534e-05
-0.01316
-0.0115497
-0.0269667
-0.0199654
-0.0159129
-0.0458389
-0.0178265
-0.0802168
-0.00812257
-0.0495984
-0.046758
0.0161877
-0.0306072
-0.0228067
0.00545452
0.0198737
-0.0156535
0.00688014
0.00625943
-0.0277485
0.0331396
0.00758019
0.00511985
0.0222969
-0.0147867
-0.0375245
0.0206074
-0.0351725
-0.070937
-0.00169504
0.0188143
0.0273798
0.0201837
0.0211479
0.0189095
0.012588
0.00788494
-0.0424654
0.0585563
0.0648483
-0.0293658
-0.0402174
0.00150768
0.10518
0.0163558
0.0771667
-0.0288906
-0.00437115
-0.0221986
-0.000280069
0.0162661
-0.0213849
-0.033891
0.0343042
0.000753896
0.0928467
0.00298573
0.0419692
-0.000979693
-0.0154606
0.0478203
0.0477104
0.0416739
-0.0320336
0.031708
-0.0332925
-0.00638008
0.0247228
-0.0374876
0.0521241
0.0643217
0.0445769
-0.0128256
-0.0444956
-0.0327555
-0.0642
-0.0234977
0.0106059
0.0471781
-0.0334617
-0.0537471
-0.0428377
0.0298103
0.0122487
-0.0127199
-0.0208497
-0.0817536
-0.0555548
-0.0287858
-0.0177535
0.014935
-0.0698483
0.00107237
-0.0212583
-0.0505907
-0.0168369
0.0324003
-0.0317055
0.0284231
0.00346859
-0.0381926
-0.0692113
-0.020959
-0.0592271
-0.000386922
0.0258122
-0.00869438
-0.0224838
-0.048639
0.0291657
0.00249903
0.042138
0.0212982
-0.00521779
0.00594536
0.0315641
-0.0406376
-0.0350585
0.0433648
0.0555559
0.000948347
-0.014874
-0.00683235
0.0232779
0.0259719
0.00801994
-0.030356
0.0356492
0.0454953
0.0426625
0.00813891
0.0254449
0.0191598
-0.00347302
0.0111882
0.0296773
-0.0294756
-0.0455884
0.0212679
0.0494425
0.0236332
0.034862
-0.000700193
0.0174349
-0.00426857
0.00624034
-0.00219849
0.0401591
0.0431642
-0.0138654
0.0172474
0.0199256
0.0397437
0.0353718
-0.00549562
0.0206679
0.0246973
0.0221647
-0.038317
0.0416709
-0.0418005
-0.0016463
-0.0402395
-0.0325118
0.0461485
-0.0072422
-0.0432616
-0.00854051
0.0137179
0.0125443
0.0483053
0.00763322
0.0086742
-0.0404265
0.0378604
0.0342919
0.0318477
-0.0311889
0.00471787
-0.0538873
-0.00873034
-0.0136823
-0.0751438
0.0254621
-0.0736437
0.010853
-0.0464866
0.0244655
-0.046857
0.0175721
-0.0653331
0.00111909
-0.0302666
-0.0794837
-0.0487878
0.0381914
-0.0101535
-0.0218909
-0.0391226
-0.0402742
0.0395826
0.0340218
-0.0537376
0.0223066
-0.0189766
0.0632553
-0.0334808
-0.0243478
0.0356673
0.00472633
0.0165494
-0.00753195
-0.00116587
0.0509774
0.0137914
-0.00328064
-0.00345068
0.0208754
-0.0407641
-0.0654303
0.0111224
-0.038678
0.0247399
0.000343257
0.0140298
0.00396592
-0.0301248
0.00367126
0.0133864
-0.026191
0.0977121
-0.0182667
-0.0162326
-0.00631717
0.0190885
-0.0370778
-0.010686
-0.00842785
0.0325481
-0.035513
-0.03695
-0.0782674
-0.0199082
0.0299674
-0.0373444
-0.0235568
-0.0228089
0.0356308
0.0450388
-0.0300067
0.024435
-0.0122193
0.0142156
0.00181134
0.0382264
-0.0424718
0.124618
0.0485372
-0.0207874
0.0151217
-0.040041
0.00442664
-0.00905253
-0.0708595
0.0134801
0.0567
0.010565
0.0198386
-0.00242294
0.043778
0.0367567
-0.00732245
-0.0368217
-0.010704
0.00981899
0.031229
-0.0114988
0.0784112
-0.0266986
-0.057886
0.00257173
-0.00713113
-0.0454718
0.00490519
-0.0312071
0.0190436
-0.0242281
-0.00706083
-0.0324776
-0.0351918
0.0399948
-0.0442785
-0.040247
0.0486486
-0.0281099
0.0479096
-0.0247368
0.0324539
-0.0173637
-0.0276883
-0.00832973
0.0111265
-0.0177935
-0.0302648
-0.00223298
0.0329642
-0.0325063
0.0105619
-0.00722177
-0.0461014
-0.0231752
-0.0422608
-0.0382197
-0.0227076
-0.0438877
0.010775
-0.0340983
0.0333208
-0.0249487
0.0350745
0.0304694
-0.0446512
0.010886
-0.0192209
-0.0362049
0.03474
-0.0313298
-0.0459719
0.019478
-0.014587
-0.00556397
-0.0432765
-0.0400859
0.0375953
-0.0241197
0.0207316
0.0129779
-0.0526864
0.020741
0.021666
0.0215544
0.0269115
-0.0160143
-0.0293896
-0.0223047
0.0292431
-0.00998317
-0.045176
-0.0248709
0.0300865
-0.010986
-0.00745778
0.0137523
-0.0421973
0.000864957
-0.0086004
0.0199417
-0.0286159
0.0366188
-0.0151538
-0.0376155
-0.035649
-0.0348854
0.0135604
-0.0499066
0.0244214
-0.00114481
-0.0147906
0.00756937
0.0320116
0.0456464
-0.0269989
-0.0364391
0.0494923
0.0214556
-0.0690935
0.018873
0.0577013
-0.12255
0.0348565
0.10293
-0.0403516
0.385962
0.334172
0.384373
-0.0888787
-0.115882
0.0741753
-0.0804723
0.0195392
-0.0187678
0.0764837
0.0306006
0.00395747
0.129035
0.135211
0.0617096
0.010941
-0.170677
-0.12371
-0.165943
-0.136958
0.0751267
-0.0117061
0.116022
-0.603704
-0.205714
-0.397564
0.0752173
0.112812
-0.151611
0.166272
-0.218872
-0.0697341
-0.0600662
-0.34396
-0.323174
-0.225283
-0.11149
0.041939
-0.0619204
0.121104
-0.0690684
0.00540049
-0.0628895
0.038909
-0.0279028
0.03438
-0.30254
-0.442953
0.0296406
0.669697
-0.0445126
0.373766
-0.133267
-0.259644
0.000474797
-0.0382062
0.0107255
0.0262611
-0.0656987
-0.018867
0.0448742
0.101652
0.26228
0.0284092
-0.0129313
0.0775916
0.0596762
0.0270588
0.0314039
-0.152694
-0.0975235
0.406373
-0.0896619
0.0187909
-0.0166706
0.0335151
0.015596
0.0110623
-0.0875089
0.0597483
0.0013656
-0.0499242
0.094768
0.336034
0.0275352
0.0143675
-0.0340859
-0.147031
0.156382
-0.0250304
-0.0756926
-0.178046
-0.0128387
0.0854904
0.0196224
-0.043652
-0.0595167
-0.0446166
0.0232433
-0.0221527
0.0130036
-0.0429373
0.0816341
-0.077061
0.0136648
-0.0444834
0.0396227
-0.0667214
-0.341727
-0.202034
0.0184248
-0.00478675
0.037255
-0.0880254
0.203001
-0.0304061
0.032553
-0.020941
-0.00971173
-0.0892564
-0.0622438
0.0445833
-0.112766
-0.149099
-0.0227787
0.0356979
0.0157028
-0.0161345
0.0737117
0.0121521
0.037305
0.0292647
0.00476888
0.0435469
-0.0396291
0.0129524
-0.0284294
-0.136989
0.00796789
-0.0302616
0.0273099
0.000494097
0.00501278
0.0203948
0.0912658
0.0361763
-0.0104223
-0.0291556
0.00896955
-0.028163
0.0338322
0.00839678
0.0475498
-0.12598
-0.0469332
0.0903126
0.0227025
-0.0481668
0.0362425
-0.0121836
-0.0288944
0.0418214
-0.0151478
0.00733824
0.0197156
-0.0468863
0.00963011
-0.0701324
0.0329361
-0.05881
-0.00304675
-0.0280809
-0.0643654
0.0324586
0.0145987
-0.0784759
0.0252327
0.00808812
0.00454601
0.0311945
0.00805272
-0.0189583
-0.0262494
0.0599322
0.0353537
-0.0138525
-0.0340185
-0.0354198
-0.0435868
0.0221112
-0.0224274
-0.0451815
0.0368544
0.0343596
0.0457565
-0.0138966
0.0441832
-0.036054
0.0238592
-0.125459
-0.0406893
-0.0785169
-0.022798
0.0355287
0.195674
-0.0127768
-0.0984118
-0.110152
0.181983
-0.019706
0.0276562
-0.0983333
-0.143107
0.0826853
-0.00793906
-0.0579173
-0.0155834
-0.0181788
0.0113748
-0.109186
-0.0567795
-0.018187
0.0209658
-0.0498375
0.0273493
0.098551
-0.144847
-0.0686142
0.0302407
-0.0286216
-0.0041541
-0.069924
-0.0216835
0.220151
-0.0390486
-0.120882
0.0112924
-0.0239539
0.155764
0.23719
-0.0279887
0.0303044
-0.15579
0.161212
-0.204802
0.0417394
-0.0313686
-0.0543655
0.0185412
-0.00389279
0.0714081
0.049731
0.0167982
0.0192762
0.00644737
-0.0157793
-0.00953747
0.0802012
0.207622
-0.0366093
-0.0121299
-0.0147825
0.0824553
-0.0488771
1.05645
-0.216306
-0.427304
-0.0321666
-0.283054
0.155852
0.292463
-0.0312087
-0.0204762
-0.352605
-0.121457
-0.372516
0.0725967
0.257816
-0.0786163
-0.187862
-0.191832
0.0906812
0.0626621
0.0284507
-0.0125874
0.0386881
0.103988
0.0592086
-0.131132
-0.15174
-0.15554
-0.0846236
-0.153642
-0.0260852
0.0714945
-0.357411
-0.0784905
0.137513
-0.102763
-0.0445734
0.172165
-0.0337599
0.0321137
-0.0329414
-0.117707
-0.0492028
0.0664401
0.221122
-0.0686337
0.094861
-0.0474685
0.115208
-0.0441545
-0.0430004
0.0249734
0.0468827
-0.0593397
-0.00166973
0.272995
0.0483579
0.0655081
0.0750237
-0.0144459
-0.0200081
-0.103194
-0.0338576
-0.0202445
0.00128006
0.200548
-0.0412558
0.0428177
-0.0152141
0.0232717
-0.0215924
-0.037355
-0.0206483
0.0173627
0.00105437
0.0475323
0.0454549
0.0221317
-0.036781
0.00516018
0.0123953
-0.0155322
0.00716764
0.0250747
0.0172167
0.0255709
0.0181803
0.0617622
-0.0148368
0.00508407
0.0207596
-0.0233075
0.0444639
-0.000675495
-0.00625421
0.0029281
-0.151306
-0.00116405
-0.0232143
0.000770326
0.016481
0.00706546
0.0356352
-0.0218846
-0.0223209
-0.0416238
-0.0264352
0.0199959
0.020398
0.0261335
-0.0504324
-0.0497101
-0.0355077
0.0135883
0.0248089
0.0223102
0.0250814
0.00433801
-0.0212206
-0.0254944
0.00955275
0.041331
0.0278171
0.0517204
0.0178739
-0.0803793
0.0223358
-0.0734366
0.0713655
0.0199748
-0.00498025
-0.0162967
0.0153063
0.119204
-0.0131468
0.00444628
0.00696563
0.0337372
0.00578419
-0.023088
0.0192377
-0.0443943
-0.0158804
-0.0286521
-0.0379357
-0.0148629
0.045563
0.0240508
-0.0175182
0.0026213
-0.0241202
0.0335664
-0.0744078
-0.0647793
0.046533
0.0189021
0.00910177
-0.0839736
0.0377144
0.042349
0.0547472
0.00234462
0.0353264
0.053017
-0.0291027
0.011421
-0.0643695
-0.0221578
0.029771
0.0597487
0.0238777
-0.0230455
0.0110703
0.00816229
-0.0981747
0.0794588
-0.00484827
0.0174017
-0.0272412
0.0371348
-0.0415465
-0.0920594
-0.000657985
0.00133633
-0.0104793
-0.016775
0.000134428
-0.00511213
0.00911339
0.0378442
0.0374804
0.00885103
0.0340708
-0.0182776
0.0122132
-0.0407839
-0.00717227
-0.00814029
-0.00686547
0.0209525
0.017212
0.0394938
0.0163858
0.0348698
-0.0263687
0.00723634
-0.0308377
0.0283021
0.0547567
-0.036234
0.0382504
0.0345798
0.0233126
0.0330769
-0.0251851
-0.0899488
-0.0515764
-0.0215111
0.0377387
0.00134493
0.00841767
0.00646027
0.0568711
0.0354711
-0.0240489
-0.0483794
0.0240674
0.0069953
0.0230014
-0.0493755
0.0245612
0.0489093
0.00147793
0.0413554
0.0248615
-0.107788
0.0253372
-0.0012523
0.0198095
0.0290119
-0.0230002
-0.00907335
-0.00163621
-0.013824
-0.0428371
-0.0509766
0.0376828
0.00803147
0.0296715
0.0102759
-0.0242418
0.036715
0.0110987
-0.0368649
-0.0107158
0.0240041
0.0296435
0.0265462
-0.0308615
0.0542693
-0.0094706
0.0204957
0.045637
-0.0294624
-0.0414506
-0.0394606
0.0483894
-0.0289616
-0.00661665
0.0171033
-0.0442679
-0.0324322
0.00109706
0.0390243
0.031833
0.0455575
0.032158
-0.00469873
-0.00566118
-0.00213791
0.0586848
-0.0184947
0.0296525
0.0265331
-0.026238
0.0178512
0.00592921
-0.0011064
0.0496103
0.0380235
-0.026605
0.00250424
0.0475618
-0.00367928
-0.0456067
0.0371552
-0.0156766
0.0436229
-0.021607
0.0234551
-0.0424861
0.0339775
0.0349555
-0.00965236
0.0378212
0.0166897
0.0274956
-0.0250752
0.0148688
-0.0161617
0.0409409
0.0474541
0.00981236
0.018582
0.0131008
0.0379158
0.0256718
0.0342674
0.000218058
0.0413511
0.0266917
-0.0346737
-0.00311465
0.00393207
-0.00908562
-0.0193519
0.0267313
0.0207223
-0.0211907
-0.0408832
-0.0418226
-0.0443918
-0.0324356
-0.037567
-0.0146183
-0.0196023
0.0012866
0.0193707
-0.0174251
-0.0260466
-0.0226615
0.0247959
-0.0280087
-0.016288
-0.0407881
0.0204741
0.00898567
-0.0323429
0.0285347
0.00661783
0.0274785
-0.0463522
0.00856347
-0.0303715
-0.0624161
-0.0390361
0.00929266
-0.0380887
-0.0414379
-0.0196103
-0.0181838
-0.0367658
-0.0315923
0.0222612
0.0349563
0.0148667
-0.0394741
0.0207724
0.0502781
0.0303184
0.00897027
0.0199257
0.037409
-0.0183459
-0.0268174
0.024145
0.00536471
0.00498056
-0.00930016
-0.0247095
0.0606477
0.0153871
-0.0396252
0.00423084
0.00401902
0.0639963
0.0436583
-0.0279896
0.0462766
-0.0362918
-0.0170312
-0.0303937
-0.00357574
-0.0151682
-0.0217536
0.0323173
-0.0374636
0.0441955
0.0189087
-0.0381062
0.0508421
0.0308576
0.0052257
0.00315244
0.0130029
0.0449891
-0.0431866
-0.0411368
0.0133321
-0.000705685
-0.0473736
-0.0360914
-0.0135374
0.0378009
0.0525568
-0.0454888
0.05413
0.00272453
-0.0083834
0.0397464
-0.0139711
0.0522017
-0.0156311
-0.0201284
0.0198933
-0.003888
-0.00946223
0.0149767
0.0339395
-0.0417066
0.0290355
0.00191652
0.0650976
-0.0428421
-0.00514805
-0.010405
0.0389117
-0.0295748
-0.0185948
-0.054038
0.014643
-0.0321388
-0.0025637
0.0199809
-0.00304796
-0.0131698
0.00815649
0.000487439
-0.0228091
0.00360105
0.0147133
0.0358618
-0.00371399
-0.0100234
0.00619591
0.00148109
-0.00923707
-0.0481781
-0.0601738
-0.0209977
-0.0152991
-0.0328287
-0.0614071
-0.0119521
0.0184872
0.0429641
-0.0643994
-0.0203711
-0.00313674
0.0123299
0.0531154
0.0446857
-9.3967e-05
0.00174548
-0.0124745
0.0334205
0.00555438
0.00185172
-0.0349698
0.0064067
-0.0534503
0.0453946
0.0149187
0.0430028
-0.0503324
0.0332533
-0.0315574
-0.0336922
-0.0153363
-0.0251392
0.0409264
-0.0305047
0.0157984
-0.0175203
-0.0374455
-0.0409331
0.0191255
-0.0151977
-0.0184697
0.00785522
0.00028258
0.0243236
-0.0316638
0.0355111
0.0232836
0.00503294
0.0208451
-0.017737
0.0318714
0.00190989
-0.0038503
0.0124279
0.0216403
-0.021624
-0.00907799
0.0323345
0.0427292
-0.0268674
-0.00311984
-0.0451742
0.0387332
-0.0354977
0.0209559
-0.0295608
-0.00727632
0.0173109
-0.00387226
0.0477002
0.0158414
0.0365726
0.00491527
-0.0453172
0.0248405
0.0358014
0.0125101
0.0170208
-0.0131639
-0.00801546
-0.0125585
0.0154769
-0.00979772
-0.0265828
0.00169035
-0.0425874
0.0100036
-0.00357456
-0.0483871
0.00218821
-0.054524
0.000760866
-0.0372246
-0.0460085
-0.0237683
-0.0438157
-0.0275852
0.0605412
-0.0251562
0.0149641
-0.0198115
0.00835286
-0.0211473
0.0485738
0.041932
0.0118365
-0.0131366
0.00441029
-0.0350783
0.10874
-0.0328752
-0.000446251
-0.020708
0.0589814
0.0320119
-0.00087874
-0.010016
0.010683
-0.00416734
-0.00884241
-0.0203627
-0.0284891
-0.0569534
0.0363049
0.0461422
-0.00946055
0.0220781
-0.0258091
-0.0150921
0.00899965
0.0230812
0.085862
-0.0338088
-0.00334874
0.0392662
-0.0553813
0.0321022
0.00940986
0.0657398
-0.0225375
-0.0128107
0.0714894
0.0129897
-0.015963
-0.0302442
-0.0157871
-0.0218972
-0.043369
-0.0367921
0.0210134
-0.0120249
0.0247745
0.0180621
-0.0161579
-0.0341862
0.0303292
-0.0435019
0.028284
-0.000500274
0.0289472
0.0307463
-0.00215194
-0.00437014
-0.0203012
0.00710568
-0.0512185
-0.00875474
0.0237429
-0.0570036
-0.0716716
-0.0416548
-0.0194597
-0.0122813
0.03585
-0.0230664
-0.0299238
-0.0459365
-0.0173983
-0.00274059
0.0478702
-0.0208185
0.0267375
0.0284842
-0.0248015
-0.0065381
-0.0480936
0.0793585
-0.0267417
0.0640414
-0.0272082
-0.0267349
-0.00409166
0.00172824
-0.0201102
-0.0079184
0.0391149
0.00552792
0.0131895
-0.0221322
-0.0109739
-0.0402856
0.0412526
-0.0306974
-0.0313974
0.00105325
-0.00616189
0.0253491
-0.0226869
0.0334351
0.0387145
0.011284
-0.0352336
0.0319098
-0.0455525
-0.0346463
-0.0279861
-0.0439612
-0.00904282
0.00522037
-0.020123
-0.020384
0.000273672
-0.03275
0.0300378
0.0289623
-0.0278013
0.0230006
-0.00689049
-0.023505
0.0124555
-0.0507039
-0.0279858
0.0226817
0.0522025
0.0214231
-0.00722394
0.0157943
0.028525
0.0411781
-0.00597913
0.0347213
0.00197279
-0.0141138
0.0163961
0.00701664
0.0149823
0.00675046
0.0337725
0.0449056
0.0440024
0.0642478
-0.0307571
-0.0265264
-0.0321562
0.0153126
-0.00946877
-0.0264677
0.048599
0.00954051
-0.0160329
0.0338044
0.0555859
-0.0208053
-0.0330677
0.0337236
0.00961363
0.0372467
0.0268096
0.0240972
0.000834652
-0.00215418
-0.00148582
0.0342178
-0.00666148
0.0422296
-0.0355065
0.0290878
-0.0201052
-0.055327
-0.0394021
-0.025125
-0.0382558
-0.0104587
0.00490759
-0.0327311
0.0329149
0.0391005
0.0299248
-0.0370166
-0.000224567
-0.0434503
-0.0256886
-0.00487545
0.0595418
0.0409901
-0.028257
-0.0422988
-0.00699312
-0.0430943
0.0364322
0.043124
-0.0195891
0.0204672
-0.00956775
0.0308935
0.0135412
0.0390382
0.006761
-0.0603912
-0.0405818
0.014935
-0.0455622
-0.00493438
-0.0273943
0.00136045
-0.0362527
-0.0167852
-0.0146941
0.0398128
0.0059327
-0.0112974
-0.0341494
0.0424096
0.0420212
0.02021
0.0236265
0.0232538
0.0678052
-0.00695523
0.0319083
-0.00944727
-0.0107138
-0.0146878
-0.0202296
-0.039966
0.0293624
0.0211498
0.00529542
-0.0485685
0.0294306
-0.0169854
-0.0130583
-0.018816
0.0342233
0.0238134
0.03848
0.00379953
0.0331753
0.0302178
0.0374249
0.0253712
-0.0109948
0.0539556
-0.00352013
-0.0587264
-0.014877
0.0158355
-0.0126571
0.0469094
0.000400342
-0.0382836
-0.0149442
0.0446776
-0.0278913
0.0138012
0.0599117
0.00644965
0.0313771
0.0612686
0.00594464
-0.0142284
0.0274751
-0.069924
0.00621035
0.0235611
-0.0518306
0.0399114
0.0195411
-0.0308252
0.0154562
-0.0422325
-0.025585
-0.0343103
-0.00545999
0.0161546
-0.0251884
0.00535408
0.035204
-0.0484874
0.00315499
-0.0295512
0.0270517
-0.0780398
-0.0133217
0.00157011
-0.0305826
0.0595273
0.000689953
0.0201108
0.0630492
0.00306904
0.0537445
0.0621963
-0.0387298
-0.0309605
0.0516394
0.014699
0.0426271
-0.035575
0.00886468
0.0432334
-0.0160103
-0.026431
-0.00824695
-0.0336453
-0.0121999
0.0476207
-0.0189091
-0.031735
0.0413746
0.010628
-0.0183697
-0.0162641
0.00187325
-0.0137733
0.0329862
-0.053203
-0.0981121
-0.0123439
-0.0786155
-0.0242346
-0.0450394
-0.0291669
0.00714443
0.0296159
0.0423656
-0.0103823
0.0313053
-0.00110881
0.0223879
0.0448262
-0.0435644
0.0365782
-0.0126578
-0.0146167
-0.012327
0.0265561
-0.0268055
0.0351974
0.0186238
0.0312713
-0.000367613
0.0223871
0.00392415
-0.0443407
0.0194239
0.000747432
-0.00144235
0.0253089
0.00167
0.0127888
0.0126619
-0.0483159
0.00338241
-0.0485614
-0.0101364
0.0144692
-0.00826728
0.037212
0.025165
-0.0228847
-0.0463501
-0.0443918
-0.0100092
0.0020387
-0.0317121
0.00133089
-0.0468943
-0.0470344
-0.0170969
0.0219168
0.0132286
0.0254293
0.0223196
0.0345434
-0.0368299
0.0171718
0.0472126
0.0382731
0.0480653
0.00232919
-0.00838517
0.000824326
-0.0397512
-0.0228282
-0.0297193
0.0278806
-0.0186237
-0.0163713
0.0233489
0.0289286
-0.0357845
-0.0269807
-0.0408633
-0.000680439
-0.026488
0.0115199
0.0429441
-0.0351927
-0.0439057
-0.0450935
0.0135892
-0.108471
0.0235705
0.00901537
0.00360001
0.0294451
0.0766289
-0.0321848
-0.0359313
0.0308013
0.0156474
0.0465764
-0.0380697
-0.0204929
0.115527
-0.0286096
0.00477653
-0.0139764
0.0413685
0.0321699
0.0218789
-0.0240317
0.0223764
0.00408118
0.0504706
-0.0548666
0.0259357
0.0261859
-0.0255523
-0.0388216
0.0725143
-0.00661499
-0.0545556
0.067092
-0.0460522
0.104392
-0.184939
-0.0185045
-0.119492
0.0461359
0.0862657
-0.0269559
0.0359101
0.0268453
-0.00207158
0.0415368
-0.0268435
-0.00989554
-0.0633682
0.0280278
-0.0668702
0.00601722
0.029234
-0.0462327
0.000819954
-0.0715107
0.0245423
0.0126751
-0.0543696
-0.0417564
0.0548178
-0.0190459
0.0715355
0.0528202
-0.0254973
-0.0324427
0.0137917
0.00601913
-0.00279103
-0.00276445
0.0777194
-0.0630204
-0.00475013
-0.0761841
-0.052014
-0.0206649
0.0425061
-0.0258021
-0.00532591
-0.0312759
-0.0138653
-0.0370597
-0.040068
-0.00224606
-0.0571965
0.0349375
-0.0172463
-0.0100968
0.0464689
0.0578132
-0.0225242
0.0303429
0.0466619
-0.0129765
0.0422959
-0.00797319
0.0151405
-0.0227141
-0.0453335
-0.032975
0.047513
0.0781311
-0.00902153
0.0172121
-0.000857781
-0.0407203
0.045001
-0.0213099
0.00298957
0.0434125
-0.0118878
0.0308997
-0.0257772
0.0115466
0.0275495
0.0725594
-0.0448717
0.0412442
0.0491614
0.00294522
0.0176294
-0.0105946
0.0998792
-0.0115476
0.0306372
-0.0187817
-0.033254
0.00117529
-0.00331974
0.0461785
0.0169029
-0.080936
-0.0277205
-0.0446658
0.0481792
-0.00325714
0.00223965
-0.0405724
0.0165919
0.00548414
-0.0176766
0.038454
-0.0123803
0.0168413
-0.0233213
-0.0407577
-0.00793474
-0.000686849
0.0392744
-0.0583355
-0.000556906
0.0145284
0.025394
0.0127463
0.0364536
0.000303054
0.040909
-0.0488022
-0.0485282
0.0472737
0.0092931
0.0368335
0.0362476
-0.0343641
0.0434961
-0.0338181
-0.0544469
-0.0343046
0.0216856
0.0394289
-0.0112849
0.0158761
-0.0169962
-0.0260535
0.038822
-0.0179546
0.00507726
0.0418101
0.0149559
0.0339985
-0.0330378
-0.0405439
0.0480565
0.0275212
0.0448657
0.0196362
-0.0411213
-0.0517556
-0.0459092
0.0122806
-0.0306
0.0412065
-0.0132421
0.0244468
-0.0167752
0.0307592
0.0483247
0.0607536
0.0427064
-0.0416373
-0.013438
0.0362852
-0.0202881
-0.0259587
-0.0408557
0.0238336
0.0297968
0.0142862
-0.0530564
0.0419863
0.0372058
-0.0341932
0.0119035
-0.0205111
-0.0400754
-0.00437761
0.0158642
-0.015857
-0.0286063
0.0269468
-0.0483624
0.0655661
-0.0256547
-0.00848202
-0.0062858
-0.0601619
0.00731202
0.00458866
-0.061827
-0.0550266
0.0196286
-0.0023807
-0.0185573
-0.0405612
0.0341203
-0.0165721
-0.00468125
0.0572312
0.0396727
-5.59225e-05
-0.040397
0.0387749
-0.0291146
-0.0534578
0.030533
0.0230338
0.0671288
0.0529833
-0.00589906
-0.0364293
0.0726548
0.0552268
-0.0190515
-0.00145725
-0.0263758
0.0229696
-0.0162396
-0.0671841
0.00179989
0.0429735
0.0590678
-0.0273403
0.0371107
-0.00351187
0.0362192
0.0098826
-0.0318012
0.00516526
0.00298034
0.0212424
0.0541415
0.072683
-0.00802564
0.00126136
0.0423284
0.0560042
0.14088
-0.0334674
-0.0771096
-0.0460824
-0.0465538
0.0021429
0.0169957
-0.0641478
0.0169111
-0.0314224
0.00177166
-0.0515472
-0.0300837
-0.00133152
-0.0298082
0.0165733
-0.0458562
0.0133958
0.0573725
0.00339938
-0.0644768
0.0479379
-0.0285614
-0.00266307
-0.0134502
0.0110976
0.167418
0.0795766
0.0460282
-0.0561837
-0.105557
-0.0294473
0.00619696
0.00853748
-0.0075787
-0.0418098
-0.0619211
-0.0201103
-0.060952
-0.0181093
-0.0345371
-0.0628378
-0.0328473
-0.00562568
-0.0185784
0.0260776
0.053829
0.0944863
0.0483391
-0.00914796
0.0131101
0.0611806
-0.0330243
-0.0017965
0.019172
0.0318113
0.0198566
0.0198215
-0.00337055
0.00807596
0.000801313
-0.0535264
-0.039499
0.000749432
-0.00884542
-0.00348911
-0.0472132
-0.019422
-0.0171317
0.0275398
-0.0292736
0.0413316
0.0397332
-0.0251557
0.0398883
-0.0319199
0.0351755
-0.0210593
-0.0144065
0.0168761
0.0437488
0.029154
-0.0281916
-0.0320309
0.0173988
0.0109572
0.00799402
0.0250135
0.0387445
-0.0246962
-0.0312561
0.0465894
0.045587
0.0365909
-0.00743153
0.00880016
-0.00084733
-0.0428204
-0.00224783
-0.0152522
0.00943437
0.000195077
0.0422024
-0.00384287
-0.0307693
-0.0322936
-0.0373627
-0.0388405
0.0178172
0.012792
-0.0479577
0.0195237
0.0259409
0.0445074
-0.0346982
-0.0233125
-0.00564578
-0.0253609
-0.0117139
0.00287528
-0.0455789
-0.017825
-0.0458603
-0.0389274
-0.0598663
0.0652972
0.045805
0.0423902
0.0621408
-0.0137642
-0.00547616
-0.0229379
0.0117726
0.0904821
-0.055481
0.0337199
0.00237194
0.0234698
0.00480214
0.0239784
0.131346
0.0396335
0.0252813
0.017514
0.0249723
-0.0493242
0.0176355
-0.0279063
0.0372847
-0.0088842
0.0180833
-0.0261689
-0.130014
-0.123448
-0.0457571
0.024295
0.145435
-0.0491845
-0.0293979
-0.0816002
0.0350285
0.0387167
-0.0423309
-0.0511991
-0.0223364
-0.0296137
-0.0850455
0.0187197
-0.00912995
-0.0980334
-0.0466296
-0.0189524
-0.0632644
-0.0131515
-0.0881026
0.224031
0.107273
0.0577996
-0.00869356
-0.0789205
0.0394451
-0.0502049
0.0644686
0.036742
-0.0140033
0.0934777
0.022742
0.0311758
-0.0130249
0.0680688
0.0401914
-0.024104
0.0815966
0.0832916
0.157848
0.0285615
0.0727477
0.0432127
0.0482024
-0.0159339
0.0491238
0.0025628
-0.0449621
-0.0565498
0.0137951
0.0477577
-0.0382292
-0.0329836
-0.00622415
-0.00448517
0.0380303
-0.0165824
-0.0119121
0.0448205
-0.0266269
-0.0527534
0.0754438
0.00163801
0.023748
-0.0232001
-0.0218916
0.0718883
-0.0101441
-0.0356299
-0.123826
-0.0110546
0.00863657
0.000937929
-0.106898
0.0108559
-0.0311879
-0.0281353
0.0162088
-0.0395425
0.0177103
-0.0206229
-0.0172234
-0.0193824
0.013175
-0.0652739
-0.0397282
0.028532
-6.41672e-05
0.00207921
-0.0269342
-0.0401502
0.00796724
-0.025532
0.0179479
-0.050778
0.025242
-0.037493
0.0300713
-0.0476467
-0.0622966
0.0361884
-0.0303433
-0.0160601
0.025877
-0.0309436
0.0347651
-0.00111906
-0.0350703
0.00711952
-0.00376221
0.0319341
0.0660544
0.0451837
0.0317874
-0.0307241
0.0744834
0.0526689
0.1047
-0.0402056
-0.0308518
0.0504501
-0.0200286
0.0474988
0.0140357
0.0307062
0.0542839
-0.0267704
0.0179567
0.0426118
0.0211482
0.0507384
-0.0102715
0.0263362
0.0597519
-0.0434763
-0.0392958
-0.00347584
0.0255117
0.0481314
-0.0382581
0.00831147
0.00902864
0.0416969
-0.0410038
-0.0231275
0.0088112
0.0177376
0.0479554
-0.0155738
0.0282605
0.0186316
-0.0147844
-0.00836213
0.0470154
0.0298306
0.0236155
0.0470638
0.0047201
-0.00349193
-0.0240971
0.0480413
-0.0171566
0.00609354
-0.0458328
0.0130273
0.00609744
0.0184488
-0.0219259
0.0391904
-0.0340019
-0.0235954
-0.00123883
0.0482486
-0.0264261
0.0409933
-0.000653074
-0.0251026
0.00185695
-0.0273924
0.0106005
-0.0171056
-0.0184089
-0.0039044
-0.00188822
0.0250543
-0.0122347
-0.0297503
-0.021345
-0.0419129
-0.0410472
0.0245239
0.0115896
0.0613317
-0.000227188
0.00582995
-0.0605541
0.0257471
-0.0164979
0.00328199
-0.00405313
-0.0186785
-0.0286716
-0.0168425
0.017809
-0.0156815
0.0284882
-0.018146
0.0474117
0.0690323
0.0109967
0.00206075
0.058785
-0.0227723
0.0501177
0.0470989
0.0926172
0.0281738
0.00512985
0.046924
-0.0497076
-0.0163088
0.01723
0.028978
0.0478268
0.0549051
0.0241951
0.0416405
0.0438369
-0.00138258
-0.0278557
-0.00217479
-0.078753
0.0707919
0.0187702
0.0271406
-0.0679758
0.0656971
-0.0417184
-0.0429129
-0.0608769
-0.0463106
-0.0395472
0.0144999
0.0254883
0.0330842
0.0406661
-0.0409451
-0.00258847
-0.0163055
-0.000642248
-0.016492
0.0160407
0.0354223
0.0223721
-0.0421303
0.0387574
0.000502002
-0.0242566
0.0132871
-0.00683027
-0.0250267
0.0722976
-0.0549478
0.00897488
0.032059
-0.0444143
0.0416006
0.00174854
-0.0198859
0.0328823
0.0317231
0.103891
-0.0254519
0.0558872
0.0590318
-0.0561949
0.0326159
-0.0258164
-0.00810491
0.00837537
-0.010064
-0.00309829
0.00860472
-0.0112625
0.0528727
0.00174088
-0.0434976
-0.0570391
0.0176514
-0.00187882
0.0675444
-0.0625297
0.0372816
0.0751721
-0.0252289
-0.0154346
0.0255733
-0.0488194
-0.038433
0.0343872
0.008529
-0.0180152
0.0389766
0.0480328
-0.0372831
-0.0432086
-0.0478685
0.00816142
-0.00044206
-0.0358161
-0.0281497
-0.0245218
0.0519374
-0.0314523
0.00176126
0.0128256
0.0546171
0.077129
0.0247878
-0.0448757
-0.0344101
0.017503
0.0391008
-0.0114593
0.0209511
-0.0774936
-0.0360528
0.00222939
-0.00064976
-0.0367041
0.00936776
-0.0276364
0.039635
0.0241892
0.00958539
-0.00413388
-0.0292979
-0.000660762
0.035125
-0.037075
-0.016058
0.0308412
0.0350536
0.0352968
-0.0236476
0.0390488
0.0213157
-0.0255461
-0.0359171
-0.036447
-0.00933231
-0.00688522
0.00822031
-0.0119511
-0.0274881
0.0458448
0.0299968
0.0093759
0.0162169
-0.00782985
-0.0215392
0.0444293
0.00644931
-0.0373072
-0.00821838
-0.0439561
-0.0282157
0.0470248
-0.00239018
-0.0211243
0.00697569
-0.000424447
0.0373456
-0.0292992
-0.0172753
-0.0114021
0.0362221
-0.0509683
-0.00453647
0.0110018
-0.0254782
0.0274459
-0.00187936
0.00820687
0.0574141
-0.0286231
-0.0164558
0.0127153
-0.0365616
0.046026
0.0140888
0.00483953
-0.0444572
-0.0643076
0.0741292
-0.00129636
-0.0298149
-0.0385458
0.000929174
-0.0306872
-0.0963143
-0.0441645
-0.0172722
5.9189e-05
0.0397749
-0.0372722
0.0473502
0.0231444
0.00133882
0.00405921
-0.0216474
0.0386628
-0.338195
-0.105785
-0.0942903
-0.0162815
0.0191679
-0.0994038
-0.0524588
0.0278321
0.0570961
0.044285
-0.0126216
-0.0337046
0.0286694
0.0140281
0.000212074
0.014042
0.00199884
-0.0540568
0.0211751
0.0121919
0.0181051
-0.0236493
-0.0436621
0.237855
0.154213
0.0514586
-0.0310598
-0.140923
0.0485257
-0.0591715
0.062003
-0.0631737
-0.0563092
0.0578448
0.0346587
-0.0491764
-0.0611389
0.131663
0.0448502
0.0183813
0.0197417
-0.00161858
0.0132565
-0.045574
0.0593295
-0.0481926
-0.0178771
0.0165449
-0.0249579
-0.0639341
0.00478166
0.0170372
0.0249948
-0.0514239
-0.0284175
-0.0176901
0.0460766
-0.033014
0.0222912
-0.00105602
0.0125821
-0.0248615
0.00905487
0.0415684
0.041588
-0.0307712
0.0341946
-0.0294606
0.0223552
0.00803545
-0.00264298
-0.0322993
-0.0712046
-0.00580274
-0.0107742
-0.0175307
0.045028
-0.0962484
0.000932058
0.0318559
-0.00586627
-0.0175013
-0.0488834
-0.138748
-0.0148857
0.0245161
0.0198624
-0.0101255
-0.0401451
0.0252629
0.0545714
0.0227452
-0.022676
-0.0168208
0.0322882
0.0215505
0.00721691
-0.000511463
0.0209804
0.032482
0.0424398
0.041476
0.0309502
-0.00861899
0.00242966
-0.0131117
-7.97876e-05
0.0232766
0.0443792
-0.0361114
-0.00810628
-0.0173163
-0.0138889
0.0182323
-0.0127389
-0.00424219
-0.00160262
-0.0252097
-0.00896658
0.119477
0.0076975
0.0300845
-0.00279491
-0.000785597
0.0416952
-0.0257678
-0.0202622
0.0313632
-0.0415663
-0.0462932
-0.0101419
0.00778424
0.0136134
0.0692202
-0.0326805
0.0489454
-0.0456323
-0.0125957
-0.0341194
-0.00373803
-0.043725
0.0415645
0.0368739
0.0395883
-0.02482
0.00068368
0.00878692
-0.0252536
0.00722949
-0.00851854
-0.0110164
0.00197853
-0.013442
0.0816998
0.0325474
0.0298059
-0.00518793
-0.0406637
0.0119794
-0.00847285
0.0432966
-0.0456778
-0.0243051
0.000962521
-0.0399344
-0.0350412
0.00268283
0.0354831
-0.025969
-0.0260122
0.0299322
0.0414485
-0.0354693
-0.0409468
0.012317
0.0255242
0.0134066
0.00214577
-0.0155158
-0.0209112
-0.0268356
0.00921704
0.0272407
-0.0649811
-0.051839
-0.0325212
0.00142107
0.022796
0.00178952
-0.0439875
0.0255228
-0.00362933
-0.0402985
-0.0479556
-0.0121291
-0.0138082
-0.040905
0.00862227
-0.0259506
-0.0148647
-0.0596888
0.000778307
0.0734414
0.0339742
0.0166808
-0.00886431
0.00799066
0.0301854
-0.0399833
0.00577964
-0.0285363
0.0509771
0.111657
-0.00100956
0.0238307
-0.0282929
0.0219348
-0.0411446
-0.0901222
0.0125056
-0.0109776
0.0146809
0.0313735
0.0268847
-0.0518409
0.0097818
0.0563914
-0.0694733
-0.0143999
0.0302206
-0.0417726
0.0343844
0.0176707
-0.0229498
-0.0141096
-0.0171033
0.00116309
-0.0520782
0.026594
-0.0123636
-0.0207573
-0.0290668
0.00894138
-0.0901354
-0.0671828
-0.0515512
0.0174353
-0.0287133
-0.0499527
-0.0346858
0.0177656
0.0018083
0.0357969
-0.0109497
-0.0172289
-0.0241717
0.00610845
-0.111184
-0.0791569
0.0161372
0.0570008
-0.0326851
-0.00832823
0.0706388
-0.0269962
0.0266732
0.108019
0.0234055
0.055399
0.0226341
0.0177474
-0.0306142
-0.039062
0.0297271
-0.0112673
0.0530837
0.00417842
-0.000585034
0.0590076
0.0123561
0.000937717
-0.0522216
-0.0280382
0.0644322
-0.0146349
0.0715762
-0.0384041
0.014723
-0.0214756
0.0142776
-0.0494988
0.0194146
-0.0349722
0.0077196
0.00132305
-0.0160229
0.0405733
0.00956919
-0.0201838
-0.0406596
-0.0033618
-0.00836361
-0.0118907
-0.021968
0.00439574
-0.0082588
0.0715002
-0.0399205
0.00829314
0.003259
-0.0120134
0.0111986
0.0509689
-0.0172372
-0.0277003
0.00577047
-0.0088967
-0.00781587
0.0909972
-0.00600589
0.076995
-0.0188577
0.0496891
0.0572481
0.0143143
-0.0459134
-0.0422691
-0.0253696
-0.0536307
0.00844009
-0.0487798
-0.0361022
-0.0316416
0.0396329
0.00114048
-0.0442492
-0.0419902
-0.0423374
0.0119379
-0.00619506
-0.0416355
-0.00709494
-0.0228674
0.011471
0.0345479
-0.0434139
0.049424
0.02943
-0.0182145
-0.0160691
0.0389454
0.0467637
0.00233395
-0.00541534
-0.0140633
0.0369681
-0.0300016
0.00363982
0.042441
0.0345112
0.00642254
-0.00738778
-0.0488679
0.00907457
-0.0117026
0.0214124
-0.0415292
-0.0214241
0.0426065
0.0323957
0.039023
-0.0196658
0.0364691
-0.0107845
-0.00969213
-0.0265921
-0.00204587
-0.0085737
-0.0232768
-0.0350185
0.0174333
0.0490735
-0.0182988
0.0223051
0.0219729
-0.0135791
-0.0316974
-0.016722
0.0673714
-0.00709136
0.00780478
-0.0312388
-0.027882
0.041085
-0.0311667
-0.013505
-0.0443831
-0.0119305
-0.0704547
-0.0363881
-0.023426
0.00946542
9.30349e-05
0.112411
0.0163744
-0.0561539
-0.0449277
-0.00760988
0.0124691
-0.0477373
0.00411158
0.110549
-0.0336218
-0.0277459
0.029093
-0.0150835
-0.0704592
0.023834
0.031881
-0.0265504
-0.119621
0.0161135
-0.0333805
-0.00101994
0.0641321
-0.0333589
-0.0137934
-0.0160182
-0.000371699
-0.0228517
-0.0339645
0.0363464
-0.0538021
0.0657275
-0.0487736
-0.0427296
-0.0220645
-0.134305
0.117802
-0.0473967
0.143398
0.0102879
-0.0081523
0.0769917
-0.0116668
0.100386
0.0355149
-0.0472626
0.00339782
0.0880226
0.0250309
-0.00145347
-0.00793259
-0.0169107
-0.0511965
0.0454155
0.0094651
0.0233537
0.010088
0.0748652
0.0170397
0.00184756
0.0204751
-0.0484134
-0.0326434
-0.0571524
0.0312013
0.0185177
0.0661815
-0.0330244
0.0375486
0.0243463
0.00967458
-0.0448823
0.00634221
0.0576401
-0.00538197
0.012246
-0.0668262
0.0364099
0.0132202
-0.0391246
-0.0204414
0.0537791
0.0619773
-0.025083
-0.0150416
-0.0187552
0.0127692
0.0457456
0.0379093
0.0145927
-0.0819505
-0.000771456
0.018426
-0.00292174
0.00201757
-0.00711973
-0.125636
-0.0319507
-0.0159345
0.0191892
-0.0657412
0.018236
-0.0230363
-0.0363049
0.026411
0.0334559
-0.0398884
-0.0374963
-0.0208371
-0.0379503
-0.019058
-0.0131642
0.0334548
-0.0282721
-0.00636587
-0.0702643
0.078178
-0.0308381
-0.0311778
-0.0533512
0.0573681
0.0891557
-0.0521048
0.012441
-0.0100639
0.0103456
0.000286241
0.134199
0.0018979
-0.0218946
-0.0119225
-0.0168742
0.00758041
0.0227685
-0.0177292
0.00244518
-0.0247057
0.0482169
0.0328916
0.0137006
-0.0216689
0.0624172
-0.0271081
0.010795
0.0189821
-0.0366125
-0.0359143
-0.00328464
0.0132348
0.0541913
-0.00611286
0.0413409
0.0261125
-0.0154456
0.0470311
-0.0174403
-0.0191639
0.0504716
0.011105
-0.0223727
0.0407359
-0.0149479
0.0311932
-0.0088305
0.0368711
0.0286961
-0.0242724
0.0220531
-0.0235181
-0.0172146
0.0478746
-0.0125421
-0.0437603
-0.0275332
-0.0278013
0.018985
-0.0304602
-0.0227628
0.047687
0.0214642
-0.03674
-0.0409976
-0.0331141
0.0199369
-0.0454265
0.0178448
-0.0379494
-0.0162175
-0.0507702
0.011748
0.049024
-0.0291614
0.0363236
-0.0174468
0.00601584
-0.019818
-0.0277496
-0.0648074
0.0257312
0.0503814
-0.0368464
0.0192138
0.0186332
0.0101787
0.020803
0.00910294
-0.0286159
-0.00542256
-0.0387273
0.0319619
-0.0258005
-0.000448192
0.0369976
-0.037247
0.0233017
0.0382125
-0.00749815
-0.00332106
-0.0607696
0.0302051
0.00114715
-0.0557014
0.001312
-0.0120759
0.0131084
-0.0642523
0.0233299
-0.0517864
-0.00209331
-0.00439924
0.00823431
-0.0114954
0.0555563
0.0429943
-0.0255163
-0.0313866
0.00506041
0.0169731
0.0015078
-0.0280414
0.0314548
0.0643101
0.0305584
-0.026589
0.0270276
0.014919
-0.0321306
-0.0274816
0.0146033
-0.0092195
-0.00360478
-0.0513959
0.034757
0.00768233
-0.0213123
-0.0383132
0.0286073
0.00912071
-0.00824433
0.0415408
-0.0332527
0.0621643
-0.0238076
0.00495303
0.0268058
0.0510572
0.0328106
0.0508167
-0.0319953
0.0109212
-0.0327485
-0.0182322
-0.0524232
0.0196576
-0.0404665
-0.0103921
-0.0229284
-0.00450594
0.0299551
0.0229448
0.00820455
-0.0213895
0.0790045
-0.0132164
-0.0241139
-0.0444692
0.017366
0.0687616
0.0169818
0.0228215
-0.0292062
-0.0238004
0.0406557
0.0426793
-0.000117108
-0.040363
0.0451974
-0.0145363
-0.00961296
-0.0208654
0.0164873
0.00811805
-0.0600748
-0.0416026
-0.0387032
-0.0442853
-0.0376465
-0.100957
0.0604406
-0.0290632
-0.0247007
0.0314301
0.0236752
-0.0723198
-0.0542913
-0.0361337
-0.036158
-0.0036204
-0.0596724
-0.0112918
-0.034237
-0.056688
-0.0424667
0.00649166
0.0287989
-0.011546
-0.0363214
-0.0461209
0.0506883
-0.0690386
0.0294931
-0.0187466
-0.0526867
0.0841239
0.00650706
0.0288082
-0.00472789
-0.0187087
0.0459947
0.0464404
-0.0364406
-0.0185661
0.037517
0.0220535
-0.0397679
-0.0310531
0.0247993
-0.0417157
-0.0177982
-0.000158553
-0.0411892
0.0215433
-0.0130459
0.0111014
0.0355422
0.0358474
0.0293507
0.0250239
0.0143984
-0.0291248
-0.0221431
-0.00426566
-0.0283713
0.0291775
-0.0318421
-0.0196406
0.00995803
0.0407439
0.0293812
-0.0285613
0.0320806
0.0290191
0.0635425
-0.00728276
-0.0293859
0.00624919
-0.00170015
-0.0459989
0.0312847
-0.0433655
-0.00897331
-0.0180234
0.0278192
-0.0289273
-0.0473322
-0.0458338
-0.0277008
0.0369021
-0.028259
0.0132337
-0.0133089
0.0438205
0.0283162
0.0460484
-0.0461011
-0.00499801
0.00411106
0.0418737
-0.0397084
0.0336475
-0.0536828
-0.0311178
-0.057296
0.0217059
-0.0318835
0.0284064
-0.0455983
0.00591418
0.0302781
-0.0795624
0.0426958
-0.021009
-0.00503086
0.00583959
-0.0420328
0.00326191
-0.00603093
0.141347
0.0400237
-0.0106204
0.0191277
-0.135126
-0.00355932
0.090825
-0.0799576
0.00459881
-0.0363692
-0.00293257
-0.24534
-0.157085
-0.246569
0.0807677
0.161856
-0.140048
-0.106396
-0.194276
-0.0309018
-0.109776
-0.329644
-0.365433
-0.288564
-0.238526
-0.0674877
0.027145
0.141351
-0.123364
-0.0333443
0.0955762
-0.0421048
0.176831
-0.151182
0.264318
0.208239
0.206094
-0.0197869
-0.21529
0.147855
-0.162411
0.296238
0.138532
0.0565687
0.412037
0.39925
0.30289
0.140777
0.0711979
0.0211362
-0.0552564
0.241132
0.0302292
-0.181909
-0.0251642
0.106739
-0.00429239
0.166129
0.300621
-0.0466497
0.0103057
-0.0696058
-0.122202
0.10666
-0.188835
0.0458154
0.0122773
0.119197
-0.141248
0.0841322
0.00891889
-0.198635
-0.0702508
-0.0638631
0.026964
0.18882
-0.0707792
-0.0319284
-0.0286749
-0.0452699
0.0432536
-0.0557413
-0.326389
-0.0409393
0.00105998
0.0480152
-0.0414418
-0.151148
-0.264201
-0.249919
0.0580152
0.0380374
0.0146601
-0.0963644
-0.0643479
0.021375
-0.0464883
0.0452281
0.156073
-0.1635
0.0647312
0.104972
-0.111291
-0.0486262
-0.0509137
0.0126745
0.0326064
0.020108
-0.0325494
-0.0326927
-0.00212148
0.0297029
-0.00887732
-0.0703001
0.0168811
-0.037857
-0.087631
-0.0481062
-0.103262
0.268921
-0.204889
-0.0237414
0.00691903
0.0422514
0.0413975
0.395987
-0.0182251
0.0242872
0.0264175
-0.213734
0.138694
-0.0944102
-0.0305188
0.049547
0.0897791
0.165824
-0.000791375
-0.0255606
0.0280629
0.0211004
0.0367366
-0.0193725
0.0456482
0.0448527
0.0544093
0.0183888
0.0103723
0.143492
-0.00777914
0.0872288
-0.0221296
-0.044362
-6.61929e-05
-0.0110057
-0.0293152
-0.0549603
-0.0126412
-0.0082957
0.0289742
0.0185821
0.0180168
0.0471942
-0.00373711
0.117398
0.0202051
-0.0177849
-0.0589809
0.0105459
0.00960657
0.0096893
-0.0189333
-0.0138886
-0.0351058
-0.00450984
0.0163657
-0.0114545
0.0336316
-0.0474115
0.0314594
-0.0371959
-0.108356
-0.0476841
-0.000639244
-0.00209734
0.0269764
0.0498544
0.0588597
0.0231048
-0.0221595
-0.0205991
-0.0275491
-0.00326846
-0.0440788
0.00614518
-0.0252515
-0.0573578
0.0403908
0.0722915
-0.0189806
0.00282364
0.0302231
-0.0212004
0.0409345
0.0308405
-0.0454507
0.0472527
0.0884182
-0.039931
0.0353852
-0.017559
0.0243875
0.0205796
-0.0518801
0.0480455
0.00526885
0.00840672
-0.0301393
0.0175145
0.0235931
-0.008911
0.0184344
0.0469873
0.0246435
0.182234
0.085411
0.0332723
0.0382834
-0.00831383
0.0952304
-0.0274902
0.0300574
0.00423809
-0.0259874
-0.0052955
0.0239872
-0.108517
0.0332063
0.106006
0.0593763
0.0153718
0.119581
0.0321229
0.0637437
-0.00557707
-0.171298
0.0149805
-0.10156
-0.00926371
-0.0272137
-0.149448
0.166164
-0.0352595
0.029012
-0.0850502
-0.113329
-0.126211
0.0357814
-0.0452005
-0.0809004
-0.100898
-0.0067255
0.0580731
-0.0426843
0.0600508
0.0582035
-0.0473992
-0.0199945
-0.00983194
-0.147215
-0.0392256
0.0552771
-0.0353414
0.0275016
0.00391492
-0.0028187
0.0038977
-0.059877
0.0719277
0.0202026
0.0905777
-0.343607
-0.0270959
-0.0192721
-0.00194192
0.29127
0.195172
0.18272
-0.0625628
0.237733
0.138904
0.0655222
0.124492
-0.297399
-0.0842357
0.0966797
-0.0155876
-0.027916
-0.014777
0.0781565
0.0666424
0.0763092
0.0975599
0.00943209
0.0126174
0.152976
0.281225
0.192143
0.172402
-0.323806
0.101808
0.0327603
-0.191544
-0.0731551
0.0144076
-0.032431
-0.271065
-0.0765828
-0.124602
-0.0931176
0.076622
0.0290987
-0.0611537
-0.0842806
0.0566874
0.043948
-0.022322
-0.0346278
0.0692522
0.0666956
-0.0364625
0.0574849
-0.0234887
-0.0391939
0.0640877
0.175562
0.124325
-0.037724
-0.0385153
-0.0580719
-0.144519
-0.0484526
0.0366965
-0.0431894
-0.0488861
-0.0364747
-0.0251011
-0.042599
-0.00311017
0.0176781
-0.0736525
0.00716823
-0.0100075
-0.0181746
-0.0179336
0.0448107
-0.0576807
0.000775489
0.0209031
-0.0492512
-0.0459668
0.0529486
-0.0304162
0.0306399
0.00696697
-0.0115978
0.0377521
-0.0289952
0.0355801
-0.0152819
0.00217356
0.118618
0.0164727
0.0335623
0.0471675
-0.0094399
-0.0332238
-0.0244422
-0.0102966
0.0233192
-0.00529239
0.0781896
0.0129587
0.056753
-0.000422401
0.0455764
0.0291595
-0.00121051
-0.0308987
-0.0225492
0.00187285
0.0346237
-0.00842184
0.0072977
0.0336817
-0.0307687
-0.0383582
0.000118243
-0.00542025
-0.0220103
-0.0972392
0.0407587
0.100841
-0.032751
-0.0400309
0.0101933
-0.0130935
0.0406538
-0.204896
0.0934446
-0.102576
-0.0349455
-0.00103013
0.0202344
0.049035
0.0919533
-0.0517147
-0.019155
0.0438101
-0.0103559
-0.0379723
0.0410296
-0.026562
-0.0185031
-0.00389736
-0.0027997
0.0164982
-0.0851922
-0.0598465
-0.0626342
0.0155878
0.0686999
-0.0585173
-0.00963572
-0.0434415
-0.0256314
-0.0045353
0.0284306
0.00408828
0.0468272
0.00386594
-0.0810413
0.00138178
0.0653936
0.0270716
0.0565605
0.0264
-0.0356105
-0.0148878
-0.0840025
0.133255
0.0371655
0.165119
-0.0480644
0.0188059
0.0197331
0.00466343
0.0573842
0.0371051
-0.00622957
0.0386825
0.0425257
0.00326223
-0.0392078
0.0066623
0.03666
0.0278904
0.0493645
-0.00571329
0.0530988
-0.0299121
0.0195152
-0.0438991
0.0559407
0.0463105
0.0155502
-0.0305554
-0.0344656
-0.0492312
-0.00441
-0.0334426
0.0475824
-0.00830584
-0.0297043
-0.0117178
0.00416894
-0.0381586
0.000452437
-0.0336195
-0.00737435
-0.0341405
-0.0268335
0.00790354
-0.0211886
-0.041904
0.0116415
0.055262
0.0170342
0.00219981
0.0263846
-0.0129627
0.0476494
0.00466725
-0.0620756
-0.00988288
-0.0565475
-0.0266381
-0.044962
0.0514057
-0.0125788
-0.0638233
0.0152293
-0.0435588
0.0466599
0.00260777
-0.0411187
-0.0257429
0.0462762
-0.0379262
-0.00263806
0.0143689
-0.0298209
-0.0474341
0.0316142
-0.0723884
0.00712374
-0.00672951
-0.034384
-0.0435397
-0.0675158
0.00909697
0.0203392
-0.00428482
-0.0354665
-0.0142959
0.0175226
0.037745
-0.00298587
0.046447
0.00641934
0.0292778
0.0890427
-0.0396562
-0.0253355
0.0122628
0.0266005
0.00777688
0.00358579
0.0220352
0.0356282
0.0500348
0.049882
-0.0152012
0.0481874
-0.0426719
0.0355924
0.0329224
-0.0379239
0.00512639
-0.0174597
-0.0475528
-0.0578597
0.0101893
0.0435734
-0.0336538
-0.0299873
0.0157765
0.00435213
0.0403781
-0.0419826
-0.0403689
0.0140732
-0.0134873
-0.0375546
-7.92071e-05
-0.0303863
0.00620017
-0.0374859
0.0381952
-0.0333699
-0.0307445
-0.0446604
0.0196621
-0.0392467
-0.0266496
0.0436294
-0.0348135
0.00553568
-0.00144195
0.0362884
-0.0427065
0.0332534
-0.0433057
-0.00150855
0.0363331
-0.0161907
0.0223389
0.0171111
0.0244336
0.042526
-0.00281881
0.0428775
0.0241143
0.0141482
-0.00526481
0.0204891
0.0394589
0.0190816
-0.0443875
0.0480784
-0.0321212
-0.00375113
0.023625
-0.0076606
-0.0224061
-0.00342
0.0452346
-0.0358768
0.00799196
0.0257168
0.0237
-0.00398767
-0.0163368
0.0404229
0.029007
0.00291008
0.00811776
-0.045777
-0.0395757
0.0432346
0.019144
-0.0254717
0.00874829
-0.0162187
0.0253134
-0.0476597
-0.02598
-0.0157814
0.049457
-0.040165
-0.0023074
0.0194259
0.0423892
0.0206498
0.0356404
-0.0202772
0.0098122
-0.0147635
0.00350224
-0.0563102
-0.0388446
-0.0304126
0.0145295
0.0338082
-0.011814
-0.000110593
0.0236692
-0.00925736
-0.0255672
-0.0135742
0.0190216
-0.0303069
0.0486593
-0.0239163
0.0190353
-0.0364501
0.0297061
-0.0135097
-0.0244319
-0.012121
0.00714083
0.033117
-0.0449567
0.0138525
0.0353247
0.0352023
0.023998
0.0355448
0.021358
-0.0351496
0.0388195
-0.000417551
-0.0144485
-0.00865872
0.00417757
-0.0819577
-0.051856
-0.0153054
-0.0294789
-0.0344337
-0.00690634
0.0315848
0.0359587
0.00811823
-0.0168467
0.0377217
0.0482194
0.0169131
0.00672704
0.0407395
-0.00215226
0.000183646
0.0374853
-0.0132126
-0.00228608
-0.0176007
-0.0101808
0.0685728
-0.023288
-0.0432642
0.0722021
0.0450789
0.0330916
-0.0531135
-0.0263299
0.0532035
-0.0231322
0.0559291
-0.0507186
-0.0109306
-0.0201588
-0.0432929
-0.00311825
0.0126961
-0.00913071
-0.0400416
-0.0296452
-0.0324314
-0.0412468
0.000701813
-0.013878
-0.0539492
0.0246223
0.0177118
-0.0348779
-0.029575
0.00551712
-0.0566464
-0.0619791
-0.023204
0.0282103
-0.0216649
0.0143942
-0.00354698
0.0213424
0.018293
-0.0163141
0.0100432
-0.0401595
0.0174733
0.00579278
0.0116684
0.0113807
-0.0464962
-0.000516499
-0.051295
-0.0303184
-0.0438756
-0.0104602
-0.0157607
0.0448866
-0.032843
-0.0354652
-0.00987315
0.0244222
0.0304893
-0.00507329
0.00126847
0.00793381
0.0310274
0.0319351
-0.0240146
-0.0237472
-0.0175348
-0.0297735
0.00669974
-0.0332966
0.0321642
-0.000773462
-0.0350042
0.00368017
-0.000264992
-0.0347629
0.0401429
-0.0250532
-0.0405066
0.0370114
0.0161139
-0.0272989
-0.00776478
-0.0298596
-0.0404501
0.0102043
-0.0122076
0.0411596
-0.0275306
-0.00561138
0.00921877
-0.0291209
0.0308906
0.0145732
0.0405899
0.0229628
-0.04707
-0.0141233
0.0101354
-0.00634384
-0.00914387
0.0232143
0.0118609
0.0240212
0.0149344
-0.0155177
-0.0263352
0.0138834
-0.00928653
0.0251411
-0.0161018
-0.0483772
-0.0377448
-0.0259355
0.034711
-0.0286895
-0.0691207
0.0160069
-0.0411291
0.00317013
0.00365335
-0.0134039
0.0373262
-0.111131
0.0171034
-0.0773235
-0.0349657
-0.00385371
0.0268783
-0.0215288
-0.0485234
0.0204625
-0.00193302
0.0395139
-0.00857839
0.210952
0.218519
0.0761923
0.0377456
-0.156513
0.0153616
0.0121358
0.0450848
-0.0804917
-0.0313871
0.0646801
0.0604759
-0.044617
0.0441696
0.0377507
0.0255729
-0.0208266
0.0850187
0.0926303
0.00329752
0.0724778
0.0174207
0.0896967
-0.360915
-0.14902
-0.197139
0.0647765
0.0891326
-0.0315636
0.0568044
-0.0425459
-0.0467912
0.00199441
-0.126658
-0.0331267
-0.0193049
-0.0558181
-0.0759096
-0.0517963
0.0486427
-0.193448
-0.0715448
-0.0413607
0.00636062
0.0712429
-0.0311189
-0.154926
-0.0149888
-0.0657046
0.0598193
0.00490514
0.0593486
-0.135004
0.0643975
-0.0264975
0.015323
0.0200969
0.0999309
-0.0471857
-0.0535691
-0.0635374
-0.0232289
-0.0648688
0.111442
-0.0714143
0.014486
0.0157263
-0.0128958
0.0485434
0.000373921
-0.0309836
0.0798925
0.117139
0.0369135
-0.0019432
0.045448
0.143081
-0.0333041
0.0423891
-0.0327669
-0.0383252
0.00856294
0.0458177
0.0235743
0.0407735
-0.0409035
-0.035634
0.087842
0.131058
0.0222799
0.054178
-0.00470038
-0.00329741
0.0341859
-0.0302777
0.0261828
0.0175095
0.0578866
2.59717e-05
0.0340089
-0.0392303
-0.0258301
0.0324442
0.0614332
-0.0389079
0.00361763
-0.0586818
-0.0360905
-0.0574462
0.0641084
0.0313086
-0.018694
-0.0145471
0.0168543
-0.0310071
-0.0266059
-0.0396276
-0.0318815
0.00629363
-0.0827435
-0.065962
0.0459307
0.0259966
-0.0604641
-0.0875184
0.00477651
0.00149835
0.00935664
-0.0372862
0.0232226
-0.00861738
0.0347901
-0.0240375
-0.0187745
-0.0526394
-0.00878009
-0.0118361
-0.020052
0.0309732
-0.0383871
-0.0310155
0.0096476
0.0450299
0.0123555
0.00127929
-0.0355366
-0.0371754
0.022489
0.0242208
0.00715348
-0.039648
0.0206155
0.0160954
-0.0529788
0.0119709
0.0142084
-0.0210412
0.00464113
-0.0155321
-0.00852587
-0.0470083
-0.0211818
0.0436838
0.0348466
0.0121922
-0.0209839
-0.0227955
-0.0197596
0.00973342
0.0336146
0.022457
-0.00545353
0.0242147
0.0118984
0.00767703
-0.0566009
0.0335674
-0.0388273
0.0153694
0.0201809
-0.0212786
0.0372209
-0.00848433
0.00929621
0.0313319
0.0182535
-0.0471396
0.0357102
-0.0271648
-0.0183759
-0.0376448
-0.0348498
-0.0233277
0.0487755
0.041475
-0.0661012
0.0288928
-0.0122928
0.0588883
0.016957
0.0527244
0.00332426
-0.0166649
-0.00774329
-0.0304337
0.0244914
0.00538735
0.02843
0.0648573
-0.0315398
0.0330445
-0.0525099
-0.137336
-0.00566495
-0.0473034
0.00585184
-0.0654978
-0.0652397
-0.00927264
0.0183898
0.00453719
0.0312219
-0.0445709
0.0197079
0.022731
0.00067072
-0.0940187
-0.0236705
0.0288024
0.0232547
0.00212434
-0.0486021
0.0176334
-0.042146
0.0105254
-0.109759
-0.0115807
0.0128658
0.0124435
-0.0742507
0.0253591
-0.0449072
0.0442285
0.134769
0.000454282
0.0196586
0.0490395
0.0105173
0.0470453
0.033604
0.0721033
0.0391133
-0.0507556
0.0328499
-0.0500278
0.0381164
0.0630288
0.0607641
0.0549729
-0.0199621
0.0134813
0.0200892
0.0395059
0.174108
-0.101384
0.0313881
0.0360457
-0.07664
-0.00286126
0.0691407
-0.0673903
0.0241363
0.0141251
-0.00174255
-0.0946295
-0.0503962
-0.00105774
-0.0174493
-0.00622643
0.0528643
0.0695735
0.0501384
0.045899
0.00161415
0.0159166
0.00941588
0.0389914
0.0575995
-0.0176209
0.116201
0.0979038
0.0423887
0.0122644
-0.0977123
0.0451984
0.0279934
-0.057761
-0.00495713
-0.0308436
-0.0243826
0.0327778
-0.00894684
-0.0109659
-0.0419651
-0.0075498
0.0347909
-0.0039892
0.0431468
0.0936847
0.0956096
0.0372093
0.00315636
-0.00207004
-0.0721439
0.0544507
-0.04104
-0.0185608
0.00196953
0.00582632
-0.104861
0.0189081
0.0137924
-0.0485386
0.0200063
-0.0594084
0.0139954
0.0210195
0.0132613
0.0951291
-0.0204974
0.0209955
-0.0133497
0.015224
0.028041
0.0358449
-0.0150714
0.0297595
-0.0223833
0.0298367
-0.0232179
-0.0306472
-0.00671787
0.0388118
0.0303605
-0.00893055
-0.00776733
-0.0192625
-0.0174656
-0.050093
-0.0454067
0.0108212
-0.0417713
0.0120367
-0.0433422
0.0442283
0.0242315
0.0285501
0.0482742
0.0118873
-0.0865392
-0.00488137
-0.0425972
0.00103598
-0.00297647
0.0259125
-0.0151264
0.043194
-0.0163222
-0.00864735
-0.0562429
0.0169053
0.0116946
0.0354013
0.00742839
-0.0205698
-0.0194488
0.00805632
0.0467324
-0.028551
0.0355634
-0.0441663
0.00233819
0.0464182
-0.0394741
0.0411422
0.00430605
-0.0460204
-0.0619691
0.00976251
0.0374504
-0.0052935
0.0314872
-0.0140474
-0.0026748
0.00755631
0.0230577
0.087429
-0.0730106
-0.0086352
0.0179488
0.0155642
0.0258672
0.0447663
0.0352423
-0.0302016
0.00439646
0.00304446
0.0212371
0.01162
-0.0059398
-0.0158945
-0.0178357
-0.0271963
-0.00768365
0.0365858
-0.100964
-0.0881023
-0.0849715
-0.000820007
0.0677702
-0.0537201
-0.0182752
0.0604491
0.0108465
0.0452088
0.043571
0.0127263
-0.0248848
-0.0331729
-0.0295989
0.0405839
-0.0374422
-0.0691716
-0.00542716
-0.00096356
0.00549801
-0.0335629
-0.0713496
0.0904441
0.0890487
0.00584325
0.00262404
-0.0316685
0.0241875
-0.0293714
0.0278931
0.018292
-0.0628308
-0.0432142
0.0348966
-0.0199535
-0.00469668
0.0314402
-0.0268193
0.00168142
-0.0264988
-0.000990249
-0.0175807
0.0409152
-0.0244359
0.0372008
0.0256326
0.0370659
-0.0362801
-0.000591213
-0.0266809
0.0284548
0.0386694
0.0203134
0.0313852
-0.0241875
0.020482
-0.0459167
0.0446712
-0.0356639
0.00440194
0.00383109
0.0477222
0.0198634
0.0372004
-0.0349924
-0.020567
-0.0162411
0.0252015
0.0344039
-0.0173957
0.00230936
-0.059434
0.0339557
0.00682775
-0.0124008
0.0266059
0.0381164
-0.021276
0.0230161
-0.0208047
0.0181934
0.0060032
-0.0296631
0.0156439
-0.044329
0.0103019
-0.0226678
-0.0485303
-0.0241156
0.013828
-0.0125872
-0.0116918
-0.025731
0.0474592
0.0476738
0.0273904
-0.0388746
0.0301832
0.0270611
-0.0210083
-0.0441504
0.0414859
-0.0477115
0.00196052
0.031097
-0.00106677
0.0119136
-0.0183489
-0.0388767
-0.0172538
0.0112871
-0.013514
0.0331088
-0.0541046
-0.0220162
0.0359551
0.0284708
-0.0558015
0.0820969
-0.0339408
0.0873279
0.0431634
-0.00296746
0.0310014
0.0348441
-0.00505422
-0.00811028
-0.040724
-0.0157676
-0.0475543
-0.0123056
0.015688
0.0086626
-0.0637764
0.0011248
-0.0604455
0.0281075
0.0408327
-0.0248436
-0.0439757
-0.0158586
-0.0166884
-0.0059056
0.0165052
0.0116498
0.0342641
-0.0181883
0.0205088
0.0161726
0.00388789
0.00266036
0.0233205
0.0393501
0.00981172
-0.0274943
-0.0175223
-0.00693076
-0.0115093
-0.0307835
-0.0328437
0.0403944
-0.00285205
-0.0388618
-0.00939768
-0.0391336
-0.0470716
-0.0207356
0.0309472
0.0446081
-0.0105461
0.0197118
-0.0369549
0.0449756
0.021204
0.0429617
0.0266417
0.016904
0.0459753
0.0324248
0.0402262
0.0232281
0.0249352
0.00280096
-0.0458659
-0.00346055
0.0485503
-0.0277758
0.000909148
0.0342718
-0.0193725
0.0149233
0.0165513
-0.0110819
0.0446413
0.0308949
0.0435197
0.0257643
-0.0583129
0.0249101
0.00760087
0.0294586
0.0719186
-0.0307657
-0.0219215
0.0288963
0.0244057
-0.045952
0.0369961
0.029576
0.0210695
-0.032658
0.0890668
0.0198182
0.00375751
0.0571139
0.0177217
-0.0136915
-0.02366
-0.000832004
-0.00817672
0.0359692
0.0373942
-0.0044057
-0.00104968
0.0596215
0.0744593
0.0536927
-0.0260663
-0.000696763
-0.00974446
0.0414191
-0.0574688
-0.0434975
0.0216728
0.0657149
0.0141916
-0.0427128
-0.0588072
0.0150002
0.0101277
0.0311271
0.00765981
-0.0424099
0.00908027
-0.027728
-0.0266821
-0.0167216
-0.0376684
-0.0406578
0.0343827
-0.0465093
0.00580477
-0.00495543
0.0508759
-0.034309
0.0118035
0.00527608
-0.00672753
0.0243007
0.00969319
0.0297948
-0.0182468
-0.05411
-0.0503888
0.0239412
0.0244943
-0.0226537
-0.00678371
0.0303873
0.000651424
-0.0119092
0.0460869
0.0117437
-0.0149462
-0.0818893
0.0228701
0.0118333
0.0230776
-0.0280585
-0.0368557
0.00509485
0.0134064
-0.00156821
-0.0131486
0.0537786
-0.0358586
-0.0257046
-0.0338933
0.0350876
-0.00186794
0.0203306
-0.0183481
0.0644027
0.0721567
0.0278284
0.0288515
-0.0190513
-0.0288966
0.0135935
0.00356353
0.0205653
-0.0191272
0.0226404
0.0132158
-0.00543819
0.0540354
-0.0643087
-0.0226387
0.000969549
-0.0575217
0.0783942
0.0526122
0.0470011
-2.87916e-05
0.0684698
0.019828
-0.0114303
0.0137895
0.02432
0.0740711
0.0514063
0.0056061
0.0149195
0.0334673
-0.0445307
0.0438174
0.0196368
-0.00432793
0.0145241
-0.0128215
0.0108463
0.0265751
-0.0240119
0.0325111
0.00924528
-0.0512098
-0.0354036
0.0171842
-0.0426094
0.0283916
-0.0494864
0.00994609
-0.0290276
0.0403686
0.0075212
0.0131225
-0.0265559
0.0493456
0.00293709
0.0272323
0.0448765
0.0380102
-0.0204908
0.0460083
-0.0411057
-0.0137421
0.0440276
0.0359746
0.0146336
0.0323835
0.013309
-0.0275626
0.0286303
0.0393039
0.0367104
-0.0477635
0.0346749
0.00707575
-0.0255172
-0.0391236
0.0250893
-0.023571
-0.0233577
0.0387338
0.0103221
-0.0223128
-0.00319875
-0.0310001
0.0138932
-0.0343414
0.0337783
-0.0465364
-0.013917
-0.0150234
-0.00686849
-0.0254688
0.0263444
-0.0216348
0.0363137
0.00386561
-0.052346
0.0205407
0.0443413
-0.00384206
-0.00315461
0.0446321
0.0333704
0.0146926
0.0249708
-0.0429583
0.00876749
-0.0289963
-0.0986545
-0.0576299
0.0271328
0.0109352
-0.0496068
-0.0407635
-0.0060566
-0.0431438
-0.0427905
0.0320697
-0.0366285
0.0086237
-0.0596285
-0.0252446
-0.0566886
0.0162685
-0.0186511
-0.00530486
0.0247953
0.0518462
0.00966053
0.00900753
0.0348243
0.0092429
0.021638
-0.0178295
0.0361275
-0.0322866
-0.0503075
0.0395554
-0.00109763
0.0443539
0.0111092
0.0594682
0.0203251
0.00287136
0.0153117
-0.0369521
0.0168075
-0.0512564
-0.0445278
-0.0201843
0.0454183
-0.0477136
0.00816799
0.0488205
0.0221987
-0.0144635
-0.00605035
0.0365911
-0.0367873
-0.0490612
-0.0333291
-0.0257532
-0.0632374
0.010757
0.00770803
0.0458622
-0.0886245
-0.00879866
0.059358
-0.0403013
0.017236
-0.00146792
-0.0153347
0.0251051
-0.0108989
0.00496101
-0.0425833
0.0377814
-0.000746302
-0.0062208
-0.0209033
-0.0441371
-0.0370995
0.0680098
-0.0513037
0.00359115
0.035529
0.00348491
-0.00743555
-0.00520569
0.0299748
0.00477644
0.0280304
-0.0262173
0.0246731
0.00892338
-0.00975454
-0.0502486
-0.0143173
-0.0208349
0.0391889
0.0277931
0.00620434
-0.0346715
-0.0406469
-0.0217527
0.0404426
0.0158703
0.0158519
0.0260138
-0.00406918
-0.0314003
-0.0357175
-0.00952673
0.023371
-0.000293474
0.0567121
0.0164787
-0.00160012
0.00828779
-0.0471052
-0.0355927
0.0296797
0.0535485
0.0471099
-0.00169734
-0.0483021
0.00417567
-0.0148757
-0.0344617
-0.0522064
0.0294341
-0.000803906
0.00841339
-0.0070667
0.0400353
0.0460353
-0.0128802
-0.00747937
0.0418296
-0.0199605
0.0538932
-0.0319698
0.0171067
0.0131221
-0.042646
-0.00962913
0.0109545
-0.0337748
0.0253297
0.00931936
-0.0184096
-0.00727703
0.0538864
-0.0146183
0.00402655
-0.0407564
0.0378292
-0.0492141
-0.00917516
0.00392862
-0.0297893
-0.0401594
-0.0279242
0.0481362
0.037459
-0.0164297
-0.00810024
0.0119534
-0.00133805
0.0328771
0.00267953
-0.0237973
-0.0330933
0.0235891
0.0317431
0.0435881
-0.00124395
-0.0387723
-0.0242717
0.0191091
0.044271
-0.00157418
0.0389249
-0.0488979
-0.034627
-0.0199056
-0.00235329
-0.00424698
0.0528441
-0.0319554
0.0382751
-0.0165584
-0.042389
0.0190236
0.0397551
-0.0204029
-0.0152038
-0.0139349
-0.0196494
0.0290941
0.0489854
-0.0452831
0.0364333
-0.00805135
-0.0222345
-0.00909326
-0.0487677
-0.0290038
0.0385572
-0.0135212
0.044429
0.0315748
-0.0280704
-0.029961
0.0278475
0.00665526
0.00725228
-0.0155553
0.0211619
0.0201207
-0.018522
-0.0224357
-0.0234199
-0.022264
-0.0149182
-0.00028031
-0.0116113
-0.00486187
0.0460076
-0.0141748
-0.0170963
-0.00222952
-0.0213804
0.0310394
0.0290376
-0.0496327
-0.00517262
0.00408828
0.00338415
0.0410304
-0.0188901
-0.0168776
-0.0490642
0.0379407
-0.0128339
-0.0234009
-0.0298602
-0.00349698
-0.0112402
-0.0369012
-0.0465454
0.0414929
-0.0465589
-0.023986
0.02435
-0.038841
-0.0318543
0.0218007
0.0177065
-0.0299524
0.0142343
-0.0564681
0.00994166
-0.0533322
-0.028087
-0.0148463
0.0164045
-0.026547
-0.0510043
0.0283644
0.0102011
-0.053288
0.00100608
0.00148715
0.0248137
0.0194096
-0.0080893
-0.0192413
0.0465156
0.0266722
-0.00162491
0.00724896
0.0368013
-0.0438667
0.00151394
0.0648789
-0.0260281
-0.0136928
0.0394547
0.0221077
0.0445881
0.0425469
0.00671509
-0.0313971
-0.0250315
-0.00490656
-0.0220041
0.0691709
-0.0122354
0.0656065
0.0545984
0.00346426
-0.0169416
0.00518067
0.0281911
-0.0123315
0.042044
0.00238856
0.0359757
0.0134949
0.0397701
0.0524823
-0.0397371
-0.0200839
-0.0231545
0.0596147
0.00870413
0.0387658
-0.0206755
-0.00561959
0.0458015
-0.0006161
0.0236828
0.0132969
-0.0304163
-0.00630683
0.0264164
0.0238319
-0.0184946
0.0325593
-0.0337398
0.0449968
-0.00318074
0.0326729
0.0419131
0.0325351
0.0166224
0.0436852
0.0204827
-0.0250037
-0.0723711
-0.0241342
-0.00868576
-0.013881
-0.042274
0.00015081
0.0195865
-0.0494675
0.00711612
-0.0352267
0.0450347
-0.018285
0.00124976
-0.000739982
0.0419523
-0.0359748
0.0262754
-0.0166535
0.0203948
-0.0308479
0.0449291
-0.0294713
-0.035434
0.00386382
-0.0182407
0.013872
0.0375027
0.035374
0.0244632
-0.0283697
-0.0293372
0.01509
-0.0232059
-0.00423151
-0.0244749
0.0420032
0.0449718
0.0100967
-0.010082
-0.00478198
-0.0414699
0.00638998
0.0340048
0.0102345
-0.0248466
0.0151916
-0.019838
-0.036525
0.0344962
-0.0314507
0.0105185
0.0273202
-0.0280528
0.0254609
-0.0116483
-0.0422975
-0.0495541
-0.0214103
-0.0260615
-0.032988
-0.0079654
0.0335825
0.0256524
0.0324569
0.0201548
0.0320417
-0.0428917
0.0754015
-0.0504097
-0.0336593
-0.0421808
0.0510032
-0.0329095
-0.0349879
-0.00591646
-0.0552936
-0.0240317
0.0139262
-0.0290984
0.037506
0.0376508
-0.0168377
-0.000761658
-0.0211481
0.00793162
-0.0385419
-0.0510546
0.0319671
-7.33171e-05
-0.00914279
-0.000915324
0.0180049
0.0223309
0.0323557
-0.171976
-0.103991
-0.10521
0.013055
0.0441141
-0.0810083
-0.0151331
0.000751202
-0.0191828
-0.063213
-0.0631692
-0.0541362
-0.0437883
-0.00364849
0.0150565
0.0199247
-0.0307266
0.0216
0.031759
-0.0338412
0.00521911
-0.0227753
-0.0317603
0.19511
0.0432549
0.115719
-0.000618373
-0.0516676
-0.0298155
-0.0471955
0.0366543
0.0292685
-0.0284319
0.0191696
0.0584725
-0.048373
0.0159815
0.0890513
-0.00859806
0.0246029
0.0406817
6.11133e-05
-0.0706889
-0.0235759
-0.0439009
-0.0375189
-0.0439655
0.0013756
-0.0404193
-0.0165717
-0.0305527
-0.0480748
-0.0373979
0.0324061
0.0250913
0.0270457
0.0105686
-0.0217018
0.0348229
0.0124138
-0.025231
-0.0160708
-0.00958416
0.0138623
0.0261894
-0.00857595
-0.0190418
-0.028423
0.0080388
0.036267
0.00235423
-0.0617741
-0.0630254
-0.00725498
-0.0182393
-0.0363776
0.0166566
-0.0791958
-0.0729754
0.0206288
0.0401827
-0.0373113
0.0206181
-0.0504595
0.00525075
0.00793112
0.00893751
-0.08359
-0.0418561
-0.0369019
0.0483145
0.00436128
0.0214838
-0.0379277
0.00472213
0.0185559
-0.0366349
-0.0460343
-0.0212361
0.0348165
-0.0139133
-0.0338149
-0.0579645
-0.0357903
0.0463162
0.0115169
0.0256069
-0.0326595
0.0479746
0.0168003
0.00155191
-0.012217
-0.0158408
0.00806588
0.0139467
0.0186149
-0.0433004
0.0120917
-0.0566059
0.0137609
-0.00826022
0.13041
-0.0109293
0.0136011
0.0608825
-0.0186838
0.0200897
-0.0151456
-0.0304091
0.0194709
0.0228273
-0.00646508
0.00580472
-0.0271613
-0.0370903
-0.00300669
-0.01424
0.0281735
-0.00122808
-0.0361401
-0.0464428
-0.00483026
0.0149866
-0.0357381
-0.0284647
-0.0462074
-0.0327474
-0.0388652
0.0152355
-0.00461366
-0.0399854
-0.047386
0.021469
0.0149432
-0.045261
-0.060399
-0.0185308
0.0200089
-0.0193084
-0.0377812
0.0476202
0.0331334
0.00881153
-0.0479002
-0.0532176
-0.017767
-0.0307158
0.00678861
-0.01138
-0.0364445
-0.00140054
0.0339614
0.00549957
-0.00418103
-0.0398706
-0.0396149
0.00841556
0.00344441
0.0346724
0.0410355
-0.0308444
-0.0256716
0.0119575
0.00876648
-0.0310282
0.0239535
0.0534783
-0.0160968
-0.0157005
-0.047372
0.0223106
-0.0425375
0.0301974
0.033467
-0.0271451
0.0218798
0.0420256
-0.0473879
0.0242036
0.0352325
0.0228267
-0.028476
0.0514427
0.0436093
-0.00620658
-0.0280018
0.0596792
-0.00721619
0.00417992
-0.0200347
0.0167439
0.00596506
0.0315893
0.00186972
0.00693164
-0.0219814
0.0278351
0.0472386
-0.0310459
-0.015119
0.0123046
-0.0407357
0.0341105
-0.0316246
-0.0281997
0.000787762
0.0273456
0.0459772
-0.0137092
0.00186087
-0.0248548
0.0114968
0.052798
-0.0113217
0.048711
0.0133665
0.0221616
-0.0469677
-0.0132045
0.022925
0.000319482
-0.0400538
0.0656972
-0.0689483
-0.000872756
-0.00940986
-0.0078396
0.0109047
0.011204
-0.0551373
-0.0522173
-0.021158
0.0195341
-0.00797024
0.0359589
-0.0250348
-0.00451358
-0.0870606
-0.0335796
-0.0510412
0.0171273
-0.0504909
-0.0227085
-0.075591
-0.0164301
-0.0819645
0.0687863
-0.0486373
-0.0341105
0.0962478
-0.0106743
-0.0110137
-0.0458642
0.0301603
0.0259885
-0.0334424
-0.0512425
-0.0253638
0.0179258
0.0140493
0.0328299
-0.0511799
0.0344864
-0.0105577
0.034383
0.00390424
-0.0651506
-0.0353471
0.0456369
0.119864
0.0550717
-0.0387482
-0.0458668
-0.025376
-0.03516
0.0719853
-0.0253714
0.0021547
-0.00902686
0.0516386
0.0140242
-0.0456792
-0.0439556
-0.00271367
-0.0892847
-0.0652619
-0.083149
-0.0539186
-0.00276733
-0.0354923
-0.0450067
0.0047048
-0.0273659
-0.0353423
-0.0274866
0.00862363
-0.0373911
0.0209546
-0.0334041
0.0480911
-0.0425357
-0.0038947
-0.0319176
0.0470395
0.0556883
0.0341757
-0.0390529
0.0122329
-0.0481564
0.0275589
-0.0153249
-0.0343097
0.041543
0.0237887
0.0235784
0.0350165
0.016319
-0.0278334
0.0215927
0.0155666
-0.00179161
0.0307737
-0.0209407
-0.00130418
-0.0317224
0.0104587
0.00146982
-0.00173704
0.00229816
-0.0215966
-0.00451455
-0.0147795
0.0180328
-0.0100864
-0.00347526
0.0301532
0.00959379
0.0283465
-0.0163654
-0.0147468
0.044148
0.0412789
0.0374469
-0.0308528
-0.0196764
0.02265
-0.004751
-0.0402058
0.0265213
-0.0422351
0.0239359
0.0475495
-0.0169173
0.0105834
-0.0163917
0.0275057
-0.00767266
0.0271911
0.0341463
-0.010179
-0.0020477
0.0032095
-0.0208279
0.026808
-0.0447437
-0.0136274
0.0388986
0.023938
0.0252342
-0.0537763
-0.0435077
-0.000500088
0.0192566
-0.0394896
0.00348023
-0.000506132
-0.0440362
0.0106753
-0.0287996
0.0456324
-0.0118386
-0.0478576
-0.00784977
0.266775
0.135263
0.115162
0.00707459
0.00330045
0.0217044
-0.0278729
-0.0225348
-0.0382502
0.0613154
-0.0643677
-0.00162901
-0.174186
-0.173136
-0.0280486
0.00629938
0.148727
0.0171444
0.106172
-0.00800984
-0.0020994
0.0545582
0.0481591
0.0252065
-0.00497811
0.0527162
-0.0944978
-0.0439304
0.0250721
-0.0924643
0.000168721
0.0643077
-0.0653782
-0.0424334
-0.0359623
0.17131
0.072189
0.0866498
-0.0156648
0.0115196
0.152772
0.00830426
0.143149
0.0371958
0.016117
0.186732
0.159986
0.105878
0.0272642
-0.00203743
0.0463083
0.0141472
0.188916
0.052248
-0.0165052
-0.0359758
0.0621777
0.0435594
0.0441038
0.0568471
0.0358538
-0.000263347
0.00234163
-0.0181646
0.0799128
-0.0658969
-0.00435652
0.0177991
0.0933409
-0.053987
0.032697
0.00571882
-0.0273103
-0.0164876
-0.0159914
0.00262997
0.0661154
-0.0563906
0.0095387
-0.0322877
0.00735987
-0.0166446
0.00521421
-0.130294
-0.0601346
-0.0738721
0.0227148
-0.0387606
-0.0756886
0.00321002
0.0717855
0.0252186
0.0362179
-0.0124494
0.010679
-0.0570913
0.00103151
-0.0322267
0.0138594
0.0255231
-0.0627856
-0.00239051
-0.043757
0.0258377
-0.0244416
-0.0274365
0.0307388
-0.0180264
0.00554933
-0.0117837
-0.0160487
0.0204605
0.0291084
0.0260963
-0.023354
-0.000447929
-0.0193193
-0.0190663
0.0480368
-0.008057
0.112152
-0.0273531
-0.0155866
0.0291156
-0.00389521
0.0547553
0.175275
-0.000319895
0.0441946
-0.0163259
0.0122763
0.0469168
-0.0510661
0.00787176
0.0380183
0.0709037
0.0478389
0.00712998
-0.0110111
-0.0326968
0.0105177
-0.0176836
0.046782
0.00171681
-0.00573226
0.02717
0.0491257
0.00377918
0.00945769
-0.032514
-0.00496517
0.0104836
0.000162093
-0.00257229
-0.0213049
0.0483575
0.0183847
-0.0387442
0.00535056
-0.0485722
-0.0197064
-0.0180588
-0.012189
-0.0474234
0.0345559
0.0426374
0.0220073
0.0497487
-0.048763
0.0115191
0.0167508
-0.0477021
-0.0230184
-0.00743599
0.00882692
0.0404741
0.0241656
0.0374308
-0.0364241
0.00361178
-0.0118972
0.0538495
-0.0399208
-0.0360908
0.031433
-0.0373064
0.020668
-0.000438262
-0.019179
-0.0184578
0.0163929
-0.0405852
0.0301333
0.0170037
0.0180495
-0.0399245
-0.000883326
0.00617957
1.90551e-05
-0.00229053
-0.0133816
-0.0106485
-0.047816
-0.0052772
-0.0466261
-0.0264009
0.0169464
0.0510068
0.0431456
-0.00452464
0.0229055
0.0290789
-0.0466772
0.064335
-0.0056791
-0.0485021
0.12846
-0.0446997
0.0745108
-0.018405
-0.0781042
0.0458295
-0.0326671
0.0707283
0.0823274
0.0693113
0.0183059
0.0394036
0.0791867
0.0550351
0.0559255
0.0813326
0.0326981
0.0271473
-0.0107028
0.0473296
-0.00281402
0.0405713
0.0809873
0.0366466
-0.0170396
0.0435406
0.0686075
-0.0119805
0.0277834
0.0334033
0.0202528
0.018687
-0.0420889
-0.0473445
0.0217167
0.104725
-0.0117885
0.0100687
0.0109931
-0.0893518
-0.0029968
-0.0357748
0.0651808
-0.0580736
0.0301084
0.0208636
-0.00397802
-0.0545158
0.0270711
-0.0188996
-0.0357632
-0.0213911
0.0449999
-0.0788316
-0.0376669
0.0352056
-0.0531449
0.0327062
-0.0321667
-0.0179705
0.165185
0.0179126
0.0451091
0.0683504
-0.00677113
-0.111134
-0.000673053
-0.0417394
0.0278701
-0.0177471
0.0765303
-0.0580938
0.0261861
0.0289379
0.0516461
0.0380452
-0.0860985
-0.127458
-0.0777358
-0.00570144
-0.0341622
-0.0634726
-0.0386032
0.00270277
0.00695675
-0.0358897
-0.00888238
0.0295235
0.00758142
0.0370327
0.00976788
-0.08819
0.0990439
0.137763
-0.0192294
0.0493092
-0.0375131
0.0708592
-0.030874
-0.000103323
0.0058029
0.0589021
-0.00971685
-0.116253
-0.177281
-0.0534634
-0.0283073
-0.020914
0.0431547
0.0180598
0.00648434
0.0227837
0.0419501
0.0453544
-0.100402
0.105762
-0.168394
-0.0433829
0.028855
0.0113573
0.0805542
-0.0298188
-0.0137011
0.0031241
-0.0269384
-0.0394538
0.0376222
-0.0478239
0.0126042
0.0368047
-0.0376581
-0.0205808
0.00142742
0.0151789
-0.0561174
-0.0377475
0.0281012
-0.0419322
-0.0175767
-0.0148574
0.0252877
-0.00626324
0.0437565
0.0319673
0.0388659
0.00168048
-0.0420153
-0.0180694
-0.0182695
-0.0397993
-0.0277954
-0.0220109
0.0431247
-0.0354848
-0.00155782
0.0877427
-0.0139938
-0.0263592
-0.0118893
-0.0234392
0.0230577
-0.0331128
-0.00719641
-0.0341128
0.012976
0.0373474
-0.0113844
-0.0446142
-0.0392387
-0.0200802
-0.00444924
0.0203576
-0.039635
-0.0483192
0.0352521
-0.010324
0.00651656
0.0260925
-0.0273455
-0.00747544
0.0346303
0.000296665
-0.0185908
0.0394536
-0.0139691
-0.0134308
0.00559555
-0.0472742
-0.0329247
-0.00452714
0.0245729
0.0305947
-0.100627
0.109102
-0.025851
-0.0212651
0.00720574
0.0436757
0.023455
-0.0108252
-0.0200645
-0.0279286
-0.0212273
0.00778122
0.00768747
-0.0199321
-0.0401946
-0.0128064
0.00793676
-0.0291538
0.00300769
0.236556
0.0466427
0.107976
0.00797119
-0.0280513
0.0835847
0.0239343
0.0199637
0.0113601
-0.0470925
0.0313856
0.0103598
0.0234952
0.030231
0.0958762
-0.0227603
-0.0172458
0.0449646
0.0341436
0.00178004
0.0208701
-0.0311255
0.0925502
-0.19621
-0.0224097
-0.0339166
0.0274882
0.085229
-0.11892
0.0801159
-0.0965209
-0.0425244
0.00626508
-0.127916
-0.0907132
0.00792714
-0.0116727
-0.115587
-0.0313428
0.00485455
-0.0718888
-0.000412535
-0.0439004
0.00779946
-0.0297942
0.045238
0.0144699
-0.00393824
0.037706
0.0884314
-0.0225405
-0.0553882
-0.0364602
-0.0038288
-0.0170578
-0.0296771
0.0230619
0.0424168
-0.0114418
0.0656001
-0.0335719
0.0181676
-0.0406133
-0.0104192
0.0454029
0.0390382
-0.00953799
-0.0286162
0.04043
-0.0640951
0.0509081
-0.0251239
0.0906223
0.0206787
0.0551495
-0.0082914
0.0387458
0.0356377
-0.022141
-0.0589308
-0.00899862
-0.0228613
0.0124811
0.125299
-0.00693688
-0.00810567
0.00177741
0.000441073
0.00461419
-0.016993
0.00400527
-0.0674948
-0.0286208
0.0241796
0.0216408
-0.0113495
-0.0506105
0.0643671
0.0379665
-0.0207383
-0.0199329
-0.000885697
0.0143337
-0.0462924
0.0298493
0.00193064
-0.0132091
-0.0508702
-0.030027
-0.0570877
-0.0196587
0.0297711
-0.00460096
0.0110663
-0.0222574
0.00869265
0.0197579
-0.0317289
-0.0566923
-0.0341952
-0.0803861
-0.0498501
-0.000361597
-0.00264441
0.0188531
-0.0208735
-0.00421818
0.026084
0.0222789
0.0240966
-0.00653087
0.0300475
-0.000668241
-0.0293167
0.0354019
0.0118911
0.0231638
0.020263
0.00184601
-0.0250891
-0.0264683
-0.0250134
-0.0115589
0.0063321
-0.0107555
0.0414152
0.0319601
0.0434003
0.00500239
-0.0331912
0.0233229
0.0232906
0.00524825
-0.0313358
0.0149733
-0.0128116
-0.0481287
0.0351959
-0.0244948
0.00426134
-0.0177666
0.0100238
0.036693
0.0298946
0.0164422
0.0424778
0.0371082
0.0182803
-0.0256862
0.00918481
0.0361435
0.0335629
-0.00674386
-0.000181797
0.0453082
0.036203
-0.0148562
-0.000600471
0.0140713
-0.0449385
0.0345313
-0.0106241
-0.0204946
-0.00742664
-0.0304377
0.0360636
0.0394397
-0.0221178
0.0271854
0.0411488
0.0321499
0.00588029
-0.0357733
-0.0313798
0.0213477
-0.0583384
-0.00937983
-0.0121756
0.0424846
-0.0289496
0.0230438
-0.00328423
-0.0310774
-0.0418957
0.0587941
0.0488388
-0.0523988
0.0501114
-0.00591198
-0.00286698
-0.0361915
-0.0444693
-0.0138775
-0.00242442
0.0124246
-0.00680216
0.0457677
0.0364958
0.00533493
0.0295823
-0.0377745
0.0275302
-0.000753164
0.005209
-0.0197325
0.0523733
-0.0209741
0.000950422
0.00129132
-0.051525
0.0355931
0.0215232
-0.0194224
0.0292259
-0.0110175
-0.0499673
0.0380731
0.0334519
-0.0123737
0.0369871
-0.0340805
0.0477698
0.0371921
0.0552087
0.0307575
-0.0035213
0.0378238
0.0363029
-0.0217997
0.0506349
-0.0261783
-0.012044
-0.00409008
-0.052465
-0.00695214
0.00878652
0.00733825
-0.00256141
0.128312
0.00804167
0.0090118
-0.00950963
-0.0286434
0.0229489
-0.00746909
0.0329381
-0.0457664
-0.0275857
-0.00592365
-0.0356834
0.0185018
-0.0175285
-0.0461603
-0.0681085
-0.0725098
-0.0362258
-0.0677791
-0.0307391
-0.070308
-0.0689535
-0.0468909
-0.00264555
0.0151317
-0.0843269
-0.0526628
0.00836377
0.0287221
-0.0398142
0.0215853
-0.0166677
-0.0380527
-0.0352174
-0.00351881
0.00614586
0.00874729
0.00653571
-0.0469672
-0.0266581
-0.0414177
-0.0396811
0.032714
0.000431655
-0.028414
0.0276042
0.00775808
0.0221269
0.01292
-0.00507621
0.0417834
-0.0135874
0.0192475
0.0226748
-0.0279801
-0.0330822
0.0484602
0.0358936
-0.0237027
0.0311004
0.0396466
-0.0111974
-0.0224035
0.0535896
-0.0027005
0.0193572
0.0381212
0.0347424
0.0165757
0.031781
0.105951
0.00145352
0.00839828
0.027037
0.0327637
0.0131765
0.0482387
-0.0354814
-0.0227207
-0.0302035
0.0224994
0.0410222
0.0428493
0.00337497
0.0285772
0.0127259
-0.00618325
-0.00859455
0.0264501
-0.0319147
0.0483569
-0.00224169
-0.0114134
0.0410775
-0.00749582
0.00760492
0.0415002
-0.00895016
0.00915472
-0.048612
-0.0458099
0.0106815
0.00789144
0.0216707
0.0230501
-0.017555
-0.0124148
0.0314136
-0.00500943
0.0117058
0.00245006
-0.038869
-0.00791483
0.00729991
0.0400013
-0.0282118
-0.0501616
-0.0292086
0.00179054
-0.0334478
0.0106414
0.00656568
-0.032655
0.0459385
0.00083238
-0.0181531
-0.00332387
-0.0226559
0.0335626
-0.0160414
-0.00894218
0.0243047
-0.0232889
0.0650724
-0.0553735
0.0421033
-0.0474335
0.0286265
0.0682879
-0.0129635
0.0133783
0.0380049
-0.0252313
0.0408504
0.0407606
0.104001
-0.0443587
0.00300887
-0.0193156
-0.0711108
-0.00639236
-0.0428664
0.0213283
-0.0190566
0.0940572
0.0464248
-0.0211515
0.321444
0.102004
0.0796984
-0.00640536
-0.0828506
0.149855
0.0587096
0.0380257
0.00697125
0.00835816
0.0733905
0.0421747
0.0530823
0.0396323
0.0875541
0.0103446
-0.0839674
0.077175
0.0521933
-0.0677282
0.0401514
0.0637129
0.12324
-0.268994
-0.097158
-0.141987
0.0302996
0.153021
-0.057087
0.0773516
-0.0710172
0.0980841
0.0809435
0.0476992
0.0220774
0.076493
0.132286
-0.0749119
0.0145054
0.0322972
-0.0876859
-0.037345
0.00765585
-0.0360526
-0.126475
0.0220625
0.0538664
-0.0249611
0.0502165
-0.0191281
-0.00394198
0.0182852
-0.0580107
0.022246
0.035437
0.0279408
-0.0482948
0.0381816
-0.00783588
0.00686781
-0.0224579
0.0184107
-0.0225445
-0.000285179
-0.0825764
-0.0099684
0.0199908
0.0364093
-0.0250434
-0.000422654
-0.0116086
0.0305163
0.090849
0.0539762
-0.0258209
0.0266552
0.0212332
0.0919901
0.065407
-0.0519869
-0.00963491
-0.00605346
0.0375448
0.219605
-0.0397789
-0.0117426
0.000326854
0.0376759
0.0784895
-0.0329338
0.027174
0.014898
0.0288027
0.0394883
0.0080587
0.0239547
-0.00053341
0.0502421
0.00514833
0.0130283
0.029101
-0.0402934
0.0349936
-0.0333743
-0.0361256
-0.0347427
-0.0183552
-0.0277778
-0.0317024
0.0920971
-0.00868684
-0.0283886
0.00307882
-0.0454826
-0.00734574
-0.0282186
0.00817063
0.0472258
-0.037527
-0.121729
0.0492715
-0.124882
-0.00380658
-0.0525052
-0.0349719
-0.0458811
0.0462901
0.00255786
-0.00196198
-0.0232813
0.0168017
0.0412875
0.0057332
-0.0515619
-0.0301876
0.0313977
0.049899
-0.00479485
0.0229062
-0.0120123
0.0475501
-0.0245463
0.0282252
-0.0350039
-0.0305216
-0.0333086
0.0450776
-0.010194
-0.0156842
0.0455968
-0.023848
-0.0220886
0.0349971
-0.000126644
0.0277352
0.0495386
0.00895117
-0.0035099
-0.0129417
0.00343701
0.0305035
0.0463794
-0.00481363
-0.0211072
0.0548344
0.00713404
0.0452386
-0.0374386
0.0444856
0.0336824
-0.0296224
-0.0457278
0.0406461
0.0463797
0.0359007
-0.0408914
-0.00538648
-0.0397598
-0.0276777
0.0247916
0.0458945
-0.0168568
0.0047483
0.0267903
0.048164
-0.0270731
0.035655
0.00437684
0.0409296
0.0442355
0.0200436
0.0301941
-0.015101
0.0162217
-0.0133592
0.035697
0.0170174
-0.00317876
0.01364
0.0458524
0.0504074
0.0278359
-0.104434
0.0168916
0.103666
0.0383651
-0.0350819
-0.0545276
-0.00624408
0.0114289
0.0217427
-0.0294048
-0.120427
0.0245356
-0.00623941
-0.0164352
-0.00185656
0.0459408
0.0441334
-0.0615999
-0.0194703
0.0403795
0.0399144
-0.0424815
0.0544301
-0.0480256
-0.0652188
0.000639238
0.0638364
-0.0477678
-0.0390156
0.0335715
-0.0339568
0.0355755
0.0439825
0.0392157
-0.00188363
0.0209842
0.0351411
-0.0124458
-0.0031795
-0.0286297
0.0814914
0.058182
0.0417456
0.0398585
0.00325914
-0.0292896
0.0194329
0.00899588
0.0160254
0.0515889
0.00113879
0.0600827
0.0156169
0.0487851
0.00381316
0.0669718
0.0385081
-0.0139195
-0.00808736
0.0481271
-0.00392435
-0.0565284
0.0729733
0.0171074
-0.048312
-0.00260556
0.0376278
0.108738
0.0810518
-0.0301084
0.0335636
-0.0116748
-0.0344445
-0.0367204
-0.0153694
-0.0612279
-0.0202829
0.0454177
-0.0329004
0.11033
0.0116213
0.00264368
0.0636627
-0.0413013
0.0206351
0.0937778
-0.0043962
-0.0512362
-0.02655
0.064868
0.0258509
-0.0304488
-0.00791994
0.0172177
-0.0770514
0.0144457
0.00412808
-0.00306859
0.016635
0.0373768
0.0409875
0.017646
0.0112381
-0.0311174
-0.0581629
0.0482765
0.115017
0.0293685
0.0764302
0.0198331
-0.0159664
0.00740579
0.000377003
0.0290497
-0.0626617
-0.0138339
-0.0564399
-0.0751613
-0.120281
0.0138684
-0.00147307
-0.0591331
-0.0339764
-0.0014933
-0.0416451
0.0429431
0.0911488
0.03617
-0.000118597
-0.00491904
-0.0341935
-0.00103232
0.00672141
-0.0215081
0.0597955
-0.0209484
0.0339656
0.0390295
0.0486963
0.024063
-0.0386382
0.0416484
0.0239229
-0.0167246
0.0159933
-0.0422964
-0.0152325
-0.0432013
-0.00916727
-0.0411015
-0.0333515
-0.015089
0.0425208
-0.026566
-0.0189711
0.0275942
0.00939944
0.00703949
-0.0461098
0.000306641
0.00776822
0.0249614
-0.0355807
-0.0359091
-0.0290447
0.0437959
0.00413507
-0.0162706
-0.0236157
0.0108733
-0.00497484
-0.0216966
-0.0486249
-0.0401417
-0.0221396
-0.0307315
0.0221087
0.00634802
0.0145339
-0.00119788
-0.0404827
0.0392793
0.0275208
-0.0332916
-0.00108416
0.0646632
-0.0515903
0.115218
0.0294242
0.00502808
0.0304068
0.0190051
-0.0337795
-0.034291
0.103108
-0.0554271
-0.0193898
-0.00748421
-0.0207777
0.0458864
-0.00164145
0.257175
-0.0755214
0.04272
-0.0134129
0.037706
0.0167064
-0.0311345
0.00646055
0.00871572
-0.0165263
0.0106302
0.0296764
-0.111598
-0.0915074
-0.00962037
0.0305729
0.0249088
0.0231028
0.0390232
0.0159444
-0.0135742
-0.0498388
0.00954248
-0.00543418
-0.013481
-0.00191112
-0.0110675
0.00258933
0.0693959
0.0154361
0.01968
0.0433226
-0.0394653
-0.00685723
-0.13227
0.150786
-0.0251492
0.180976
-0.062026
0.0363982
0.0583421
0.0502978
0.0312212
0.0452187
-0.0122719
0.0494402
0.0372801
-0.0276274
0.0105548
-0.0143943
0.00923932
-0.0429282
-0.0670507
0.0458738
0.0463015
0.0173785
-0.073225
-0.0143301
0.0716303
-0.0220022
-0.0152774
-0.0628653
0.00514136
0.0327529
0.0444763
0.0211449
-0.0371737
-0.0280255
0.0100743
0.010163
-0.0237333
0.00905576
-0.0377014
-0.0373903
-0.0137414
-0.0455976
0.0450962
0.0406109
0.00815796
-0.039138
-0.0410684
0.0165529
-0.00765115
0.0231647
0.0661341
-0.0553539
0.0706523
-0.0220569
-0.104522
-0.000753436
-0.0589367
0.0121266
0.0103401
-0.0191017
-0.0144588
0.0417436
0.0303375
0.0231572
-0.026392
-0.0289945
0.00280841
0.0228827
0.0217227
-0.0448746
0.0194209
-0.0414617
-0.00552769
-0.0422211
0.0266996
0.00280129
0.0355876
0.0473181
0.0211771
0.00420328
0.0249059
0.0065233
0.0436376
-0.0173862
0.0221671
-0.0405071
0.0375725
0.0407442
0.01065
0.00601424
0.0486467
-0.0375314
-0.0292995
0.0149149
0.0237784
-0.0227777
-0.030742
-0.0525936
0.0438435
0.0863904
-0.0341993
-0.0349524
0.003771
0.0424867
0.0290068
0.0205363
-0.0187764
-0.0400741
0.0144584
0.032237
-0.0376128
-0.0311166
-0.00883518
0.0220554
-0.00619041
0.000926688
0.0465179
-0.0266738
0.0485394
-0.0104611
0.00458092
-0.0384611
-0.0267804
-0.0223715
-0.0193729
0.0363954
-0.0352146
-0.0421771
0.00572722
0.0240139
0.00146542
0.0261309
0.0173291
0.0233659
-0.0209849
0.0111454
0.0158783
-0.0360544
0.00491144
0.00615211
0.00109338
-0.0420032
0.0118502
-0.00506381
0.0206044
-0.0136456
0.0299774
-0.0337584
0.0404788
-0.0484324
-0.035445
0.0144871
-0.0361281
0.0359269
-0.0106963
-0.0388486
0.00578522
0.04811
-0.0485811
0.0327988
0.0127697
0.0500623
-0.0204465
0.00722507
0.0200834
0.00335638
-0.0434335
0.045405
-0.0101772
-0.00704105
0.0334763
0.0472675
-0.0251066
-0.0339828
-0.0339207
-0.0374588
-0.0454833
0.0141795
0.0387884
0.0150676
0.0304815
0.0116862
0.0219361
-0.0289803
0.0419971
0.010279
0.0379919
-0.00956762
0.0114049
0.0330178
-0.018565
-0.0261278
0.00553954
0.0248521
-0.0368334
0.00139322
0.054266
0.0214692
0.0144736
-0.0199689
0.0148152
-0.0286022
-0.00339942
0.0507877
0.0281877
0.0143907
0.0434702
0.0254747
-0.0417047
-0.0137771
0.0302539
0.050732
0.0331217
0.103353
0.028374
-0.0459677
0.00365903
0.0545078
0.0150776
0.0412279
-0.0385132
-0.0595885
0.0377266
-0.00113323
-0.00950832
0.0624975
0.0472876
0.0527556
0.0479998
0.0231905
0.0459173
-0.0119945
0.0258796
0.0340077
0.0214387
-0.0372645
-0.0384029
0.0541098
0.0308821
0.011536
0.0265542
-0.0101677
-0.0943039
-7.57758e-05
0.0154779
0.0165224
-0.0157976
-0.0776402
0.00496312
-0.00392067
-0.0111746
0.0349201
-0.0169691
-0.0267887
-0.089289
-0.0490075
-0.0531239
-0.00208059
0.0650194
-0.0481188
-0.0468759
0.0273602
0.0241225
-0.00317219
0.000919679
-0.098936
0.0190921
-0.0463933
0.053908
-0.0809972
0.0324915
0.106851
-0.0172943
0.0416427
-0.0218613
-0.0417897
0.0310592
0.0332208
-0.00864973
0.00278101
-0.000817036
-0.0132711
0.0287832
0.00730013
-0.0124351
-0.0677295
-0.0444802
-0.022347
-0.0317901
-0.0579889
-0.0180177
0.0258595
-0.0511245
-0.0234982
0.00495136
-0.0378872
0.04178
0.00541354
-0.0102324
0.0227207
0.0270641
0.0421156
-0.00530595
0.0471691
-0.0330523
-0.0301346
-0.0718815
0.0163585
-0.0475499
-0.00569558
-0.0260014
0.00998962
0.0243421
-0.0317076
-0.00895174
0.0482578
-0.00757256
-0.0304405
0.0176256
0.00945206
-0.0440281
-0.0299462
-0.026329
0.0196708
0.0190005
0.00382995
-0.0325829
0.0393628
-0.0340112
0.0196161
-0.0342811
-0.0305511
0.0121205
0.0286519
-0.0320707
-0.0276249
-0.00402025
0.0321088
-0.00966924
0.0023377
0.0338689
0.0341235
-0.0178134
-0.0474272
-0.00430133
0.0330205
0.0476641
0.0435976
0.0216462
-0.00350585
-0.0462071
-0.0314675
-0.0202393
-0.0416389
-0.0370949
0.0390203
0.00120724
-0.0166923
0.00252136
-0.0444824
-0.0297497
0.0139074
0.0403335
-0.0237758
0.0418093
-0.00344327
0.045088
0.0405295
-0.0415775
-0.00603781
0.0461662
0.0227787
-0.000502719
-0.0044092
0.0247362
0.063371
0.00149864
0.0227285
-0.0300624
0.00453608
0.00274536
0.220627
0.0664975
-0.0821882
-0.00758469
0.0754197
-0.0885788
0.0371068
0.0172901
0.0326945
-0.0466949
-0.100777
0.0609116
-0.468551
-0.24033
0.00746321
0.0144811
0.222228
-0.118264
-0.00152502
-0.129002
-0.00285779
-0.0330956
-0.248433
-0.281402
-0.173732
-0.171262
-0.00590533
-0.0519755
0.107543
-0.346034
-0.206502
0.138989
-0.126395
0.0390865
-0.194304
0.731534
0.368103
0.0511076
-0.104323
-0.0171338
0.302869
0.117427
0.120795
0.10109
0.120547
0.329308
0.324291
0.307646
0.188294
0.08995
-0.0170457
-0.109751
0.24436
0.0456403
-0.0026741
0.0318824
0.0190985
-0.029832
0.0663232
0.306896
-0.0350871
-0.198417
-0.0437518
0.0792229
-0.0316536
-0.0569981
-0.0428948
0.00925579
0.109239
-0.193116
0.189047
0.013848
0.0220817
-0.0177895
-0.082338
-0.0352293
0.211707
-0.0122013
-0.0288207
0.0253476
-0.0470911
0.112006
0.0416922
-0.227248
-0.00686193
0.0244351
0.0316182
-0.106921
-0.174464
-0.218962
0.0712105
0.0328285
-0.0277889
-0.019575
0.0323196
-0.209048
-0.0136976
-0.0175982
-0.0209678
0.108299
-0.135973
0.0781254
0.113267
-0.094062
-0.0544179
-0.0509923
-0.00321207
0.0115004
0.0129529
-0.040951
-0.0408398
0.0204814
0.0139862
-0.00727457
-0.00245641
-0.126253
-0.0328085
-0.0512186
-0.0158676
0.00600483
0.0156459
0.370532
-0.057564
0.00242369
-0.0716918
-0.00170894
0.363282
0.0192228
-0.0315078
-0.00290924
-0.0115668
0.0871038
0.0139797
-0.0791321
0.119023
0.100376
0.114733
-0.0132186
-0.0457978
0.0878069
0.0730476
0.0337195
-0.00969233
0.00332712
0.0442459
0.0925016
-0.0131826
-0.0107925
0.103897
0.00915665
0.00487504
0.0203787
-0.0122535
0.0833461
-0.0311883
-0.0200924
0.033175
-0.0472083
-0.0229934
-0.00922512
0.00282598
0.0381353
-0.00975037
0.0337507
-0.0124278
-0.102672
0.0322437
-0.0139632
0.0174503
0.0299384
0.0194369
0.00243743
0.0245187
0.0315735
0.0263434
0.00887802
-0.0489604
0.0340382
-0.0080237
0.0372659
-0.094534
-0.0569595
-0.0349551
0.0196245
0.0392459
-0.00472815
-0.00633899
-0.0130557
-0.018386
0.0391497
-0.036388
-0.0360659
0.00240787
-0.0413839
0.0333177
-0.0145397
0.0502979
0.0563862
-0.00884958
0.0154114
0.0482651
-0.0262719
0.0226379
-0.0211278
-0.0147306
-0.0422248
0.03789
0.0925923
-0.0157844
0.0439789
-0.0315227
0.0430783
0.0352655
-0.0346735
0.223047
0.08664
-0.23232
-0.0386619
-0.011053
0.0821206
0.0881871
-0.0209592
0.0328799
0.0355813
0.151576
0.0459604
0.0164893
-0.00772983
0.0646701
0.091305
0.0586634
0.0615817
0.0824641
-0.00346314
0.0210519
0.0648047
-0.0091538
-0.0155497
0.184618
0.106392
0.0543142
0.0923198
0.0137551
0.0412761
0.010452
-0.0955314
-0.0733191
0.0162995
-0.00200825
-0.0244754
-0.0935056
0.0680692
-0.0408272
0.0329619
-0.0473617
-0.119981
-0.106465
0.135253
0.116861
0.0362418
-0.0440132
0.045864
0.0188788
-0.022054
-0.00329636
0.071974
0.045726
-0.0132254
0.0717302
-0.0500015
0.00923851
0.0113752
-0.0647431
0.00155602
-0.0593885
-0.224137
-0.223514
-0.245406
0.251005
0.0119238
-0.0131239
-0.0803543
-0.170993
-0.0164754
0.0414501
0.375464
0.279718
0.105111
-0.024573
0.460815
0.209667
0.180917
-0.165282
-0.313529
-0.03168
0.115604
0.0111517
-0.0396836
-0.0500193
-0.100374
0.156794
-0.0145588
-0.175387
-0.165548
-0.00236386
0.0822471
-0.266541
0.0447566
0.0402528
-0.3762
0.0789695
-0.00208321
0.0449918
0.00302478
0.0179558
0.023048
-0.402107
-0.0729237
-0.146999
0.0473595
0.12339
0.115411
0.074823
-0.124003
-0.0697502
-0.00460154
-0.109145
-0.0264356
0.0202198
0.0400652
0.0725112
-0.0153962
-0.175139
-0.0195172
-0.0445559
-0.0416825
-0.00352638
0.0420007
-0.00344899
-0.0135865
-0.199717
0.01185
-0.0305819
-0.0080195
-0.00779109
-0.0430033
-0.029516
-0.013969
-0.0123371
-0.0421098
-0.0472717
-0.0451703
-0.0191923
-0.00512064
0.0174368
0.0382541
0.0153225
-0.0453615
-6.24888e-05
-0.0540109
-0.0348151
0.0253921
-0.0582773
0.0210808
-0.0430357
0.00173456
-0.0196749
0.0102781
0.0180464
0.0344239
0.0714913
0.0787226
-0.0408448
-0.00222549
-0.0421308
-0.00740453
-0.0179248
0.0127989
-0.00666579
-0.0250416
-0.0248517
0.0163285
0.0580744
0.0241132
0.011624
0.0493402
0.0153664
0.0280469
0.00788609
-0.0388083
0.0343008
-0.019668
0.0140727
0.0428319
0.0503704
0.0107203
0.0351735
0.0428757
-0.00477222
-0.0199266
-0.00925699
-0.0372773
0.0472832
-0.130246
0.0459622
-0.0485689
-0.0253141
-0.0564213
-0.0342958
0.185753
-0.0629312
-0.0303764
0.0449775
-0.0283906
-0.0192431
0.0596433
0.0183889
0.0165296
-0.0411102
-0.0154518
0.00285224
0.0323556
-0.0188348
0.0514619
-0.0459598
-0.00799833
0.0482915
0.115154
-0.0260154
-0.00205461
0.0279093
0.0369504
-0.0605264
-0.0745636
-0.00668738
0.0114375
0.0252429
-0.0110627
0.0437341
0.0287232
-0.0253945
-0.0500711
-0.016749
0.00820449
-0.00921542
-0.027379
-0.0597717
-0.0171655
-0.0274566
-0.0770074
-0.00773757
-0.0681149
0.0231709
0.0379237
0.0159648
0.0584578
-0.0196687
-0.0171618
-0.0237766
0.060046
-0.0409443
0.00677819
0.0371572
-0.034484
-0.0446972
-0.0101306
0.0271197
0.0121255
-0.00777888
0.0303096
0.00275447
-0.015023
0.045104
0.0368594
0.00788935
-0.0567011
0.0374328
0.0324041
0.0412607
-0.025333
-0.0311501
0.00840218
-0.00437189
0.0180827
0.0265831
0.0278481
-0.0309454
0.0494429
0.0540936
0.0319795
-0.0361308
-0.0233462
0.0445545
0.0375688
0.0542308
0.0451594
-0.0282194
0.00414363
0.0193427
-0.0284312
0.012018
0.0496379
0.0423355
-0.0352201
-0.0244671
-0.0140345
0.000221456
0.0250665
-0.00282537
0.0333481
0.0352512
-0.014429
0.027217
-0.0179742
-0.0581572
-0.0072379
-0.0341987
0.0165934
0.0417244
0.016866
0.0116282
-0.0103053
0.0278842
0.00353876
-0.0110466
-0.0221768
0.0141862
-0.0388574
-0.0312232
0.033086
0.00826628
-0.00981265
0.055623
0.0238058
0.00587299
0.0344077
-0.0576376
-0.00695638
0.00911303
-0.0280706
-0.0417362
0.085216
0.0063932
0.0320375
-0.00740744
0.00359878
-0.0208562
0.0663813
-0.0256931
0.00766146
0.0145201
0.00332256
-0.0422568
-0.0204141
-0.00607183
0.030989
-0.0393327
0.0260467
-0.0345561
0.0344018
-0.0100515
0.0224226
-0.00187431
-0.00231198
0.0619131
-0.0148544
-0.0137667
-0.014671
0.0229847
0.00320194
-0.0139763
0.0112062
0.0305981
-0.0486384
-0.0443822
0.0292719
-0.0252409
0.0417044
-0.0459465
0.0256732
-0.00674934
0.0382263
0.0171228
-0.0193897
-0.026874
0.0437325
0.00254942
0.0228642
-0.00404101
0.0359309
0.0244621
0.0482937
0.0242874
-0.0196837
-0.00267932
0.0187951
0.0442608
0.0105231
0.02111
-0.0181014
0.0443775
-0.00314817
-0.0209517
0.00595661
-0.0271112
0.0105398
0.0366011
0.0321747
-0.00948481
-0.025138
-0.0405914
0.0201908
0.037401
-0.0409742
0.0113757
0.0463715
-0.0457171
0.0207225
-0.0271643
-0.0276971
0.00564511
-0.0118288
0.0128464
-0.00710788
-0.0142531
0.0340255
0.0263019
-0.0159184
-0.037932
0.0477553
-0.0482326
0.0294177
-0.0323922
-0.0390955
0.0428282
0.0490241
0.038889
0.0183122
0.0109937
-0.00466037
0.0159423
-0.0264074
0.00386258
-0.000149107
0.0388253
-0.0290686
0.0227228
-0.0196746
0.0319274
-0.0270746
0.0110851
-0.0339054
0.00279662
-0.0169564
0.0263292
-0.0427391
0.0306227
-0.0479757
-0.0124394
-0.0129462
-0.0628048
-0.0659191
0.00358582
0.0183122
-0.0158716
-0.0570658
0.0442305
0.0226605
-0.0478872
-0.063519
-0.02686
-0.0233707
0.027637
-0.0233734
-0.0509362
0.0286443
-0.021035
0.0382143
-0.00716622
0.0305638
0.0118848
-0.019407
0.00703428
-0.023724
0.0117449
0.0154952
-0.0681357
0.0315813
0.0191477
-0.0238673
-0.0521719
-0.0261379
0.0588945
0.0240297
-0.00936198
-0.00877899
0.0415249
0.00355462
-0.0295276
-0.0143345
0.0428681
0.0290287
0.0668165
0.02254
0.0115047
-0.0509888
-0.0274272
-0.0453963
0.0324764
0.00706457
-0.0273536
0.0567241
-0.00810184
0.0219195
-0.00399806
0.0377566
-0.1127
-0.0849902
-0.0530571
-0.00177192
0.0147693
0.00302045
0.00439967
0.00537577
-0.00964284
-0.0220944
0.00327505
-0.0339453
-0.0048392
-0.0421426
-0.00299007
0.0219808
0.0394792
-0.013034
-0.0108235
0.0392152
0.0185347
-0.0215534
0.0093245
-0.00107297
0.0293515
-0.0321165
0.0134063
-0.0486689
-0.0538435
-0.0113676
-0.0293807
0.0171019
0.0178434
-0.0348321
-0.0458468
0.0450755
-0.0338722
0.00868309
0.00733668
-0.0444587
-0.042612
0.0258423
0.00150691
-0.0221291
0.0273417
0.0484977
-0.0176907
0.0112848
0.0241268
-0.014437
-0.0256552
0.0193836
-0.00577992
0.042637
-0.00144151
-0.00927491
-0.0173538
0.036997
0.0335369
0.0434873
0.0241041
-0.0148465
0.0166767
0.00623523
-0.0093639
0.014376
0.0368328
0.0244941
0.045638
-0.006616
-0.00634364
0.0299408
-0.00159324
0.0208516
-0.00299531
0.0335755
-0.0418613
-0.0453614
-0.0472524
-0.0363229
0.00649497
0.0391192
0.0388229
0.0104908
0.0169679
-0.0188835
0.00844515
-0.0404735
0.0167973
0.0245435
0.0286255
0.0484906
-0.030373
0.00922045
0.0493151
0.0117109
0.0259882
0.0355596
0.0285365
-0.0644748
-0.03152
0.0221624
-0.0450968
-0.0278835
0.0310013
-0.0175201
0.0246122
-0.0261129
0.0490912
0.0284603
0.000541167
0.0280489
0.0249961
-0.0462283
-0.0181452
-0.0171455
-0.0179999
-0.0380423
-0.0393052
0.0145179
-0.0118478
-0.0155164
0.00960213
0.000810705
0.0052533
0.0161488
-0.0336167
-0.0250408
-0.00821702
0.000712825
-0.0354003
-0.0215557
0.020943
0.0055019
-0.0217368
-0.0640926
-0.0429505
0.00622164
-0.00836799
-0.035829
0.0476864
-0.0188462
0.0541709
0.0106591
-0.0252586
0.0429644
0.0199008
-0.043032
0.0185196
0.010872
-0.00540908
0.00304807
-0.0437971
-0.0471491
0.0568545
0.0559633
0.0491966
0.0431107
0.0333638
-0.0178116
-0.0101285
0.0272695
-0.019937
0.0386697
0.0075462
-0.0341598
-0.022577
-0.00939055
0.0426031
0.0378007
0.0345957
-0.0458049
-0.0913715
0.0426591
0.0355809
0.0106668
0.0595049
-0.051032
-0.0128323
-0.0311228
-0.0134548
0.0227355
-0.0501345
-0.0334653
-0.0380623
-0.0177372
-0.0170573
0.0294271
0.0391728
0.0752051
0.007428
-0.0247374
-0.0420192
0.036364
-0.0136473
0.0126615
-0.04337
-0.0819065
-0.00772612
-0.0510617
-0.0129985
0.00386182
0.0325897
0.0386734
-0.0131239
-0.00605096
-0.0133886
0.02655
-0.011557
-0.0198727
-0.0361651
0.0204978
0.0305283
-0.0105862
-0.0287847
-0.0435577
0.0312136
-0.0442637
0.024596
-0.02468
0.0201056
-0.030542
0.0548994
0.031339
0.0281563
0.0015193
0.0201208
0.0386762
-0.0277212
0.016379
0.0101983
-0.0174134
0.0422205
-0.0175563
0.00253554
0.0946787
0.00155638
0.0204916
0.0161176
0.0361268
0.0352575
-0.0445027
-0.024153
0.0286006
0.0271851
-0.0170382
0.0109681
0.0378387
0.0361688
-0.029587
-0.0461222
-0.0300167
-0.0249361
-0.0418464
0.0066418
-0.0236126
-0.00234616
-0.00512465
-0.0321329
-0.03244
0.0182059
0.043245
0.0179325
0.0172188
-0.0274544
0.0442734
-0.0307456
-0.0393742
0.00577104
0.0343583
0.0246125
0.0321234
-0.00682583
-0.0106391
-0.0312675
-0.0470769
0.0384781
0.00878501
0.0258992
-0.0127389
-0.0550286
0.0349909
0.00450111
-0.0293921
0.0324861
0.0361505
-0.0264637
-0.0475607
-0.00996328
-0.0436306
0.0397864
-0.0366422
-0.0425895
-0.029845
-0.0290782
-0.0152249
-0.00597426
-0.0251636
0.0412313
-0.0369481
-0.032196
0.00865345
-0.000525113
0.0341851
0.0310418
0.0286347
0.0261598
-0.0490767
-0.0422159
-0.0416698
-0.0235333
-0.0297204
-0.021852
0.0068974
0.0277341
0.0328473
0.000780007
-0.0441625
0.00860821
-0.00552162
0.0382992
0.0131046
0.0225365
0.0193282
-0.00469114
0.022518
-0.0474421
0.0325575
-0.0478552
-0.0181647
-0.0425745
0.00298378
0.0070998
0.0211635
0.0256504
0.00343781
0.0245168
0.0221878
0.00386263
-0.0195438
-0.0111802
-0.0294543
-0.0210817
-0.056067
-0.0111434
0.0094512
-0.00744823
0.000644978
0.0130891
0.0200538
-0.046109
0.0239603
0.0351239
-0.0104166
-0.0468367
0.00930144
0.0262363
-0.00536676
0.025692
0.0159921
0.038429
-0.0220678
0.0404454
0.0188085
0.0464389
0.0337344
-0.0443007
0.0383193
0.00102203
-0.0152163
0.000222588
-0.0499416
-0.0289386
-0.0144325
-0.0385319
-0.0351204
0.0391575
0.0215979
-0.0351982
0.0352672
0.0209781
0.01966
-0.0135867
-9.37249e-05
0.0169386
0.00524324
-0.011281
-0.043398
0.000588203
0.0923212
-0.052452
-0.030761
0.0131283
-0.0581298
-0.0194323
0.00627608
-0.0246632
-0.0489003
0.0222625
0.0238796
0.00383003
0.0141716
0.0275191
-0.0308631
-0.0112701
0.0183953
-0.0305547
-0.00513661
-0.066918
0.0012559
0.0111648
-0.0057837
0.00631108
-0.0213835
0.0531979
0.0763017
0.0284393
-0.0480402
0.0130013
-0.0100614
0.00454197
0.0224551
-0.00790624
-0.00391407
0.0108315
-0.0550738
-0.0617519
0.0428798
-0.0360919
-0.0308562
0.00359657
0.0335372
0.0389708
0.0457843
-0.0122053
0.0335918
-0.0204722
-0.01891
-0.0621135
0.0180493
0.0592167
-0.0243067
0.0170868
-0.0290741
0.0307336
0.00698444
-0.0328832
0.028478
-0.0112101
-0.00800815
0.00287911
0.0119028
-0.0338166
0.0449157
-0.049607
0.00636942
0.0384511
-0.0302679
-0.0462623
-0.0352608
-0.0474024
-0.037443
-0.0177797
-0.0132007
0.0352324
-0.00180533
0.0247578
0.0471872
0.0424924
0.00411896
-0.0478336
0.0315103
-0.0470729
-0.0282582
-0.00446225
-0.0197801
0.0398679
-0.00220199
0.0293317
0.0287051
-0.00999265
0.00115639
-0.00325643
0.0205992
0.04924
-0.0467139
-0.00726555
0.0433058
0.0112179
-0.0490644
-0.0312558
-0.0404021
-0.0433538
-0.0242916
0.00546056
-0.0322593
-0.0248498
-0.0282492
-0.0233562
0.0382926
-0.0430101
0.0419649
-0.0191862
0.0444303
0.0154138
0.0236225
-0.00823474
0.0465018
0.000151874
-0.0399706
-0.0081642
0.00896528
0.0472701
-0.0487397
0.0446369
-0.0383653
-0.0213031
-0.00492559
-0.00616435
0.0186442
0.00813828
0.0124703
0.0382987
0.0279239
0.0170171
0.0177977
-0.0275721
0.0438507
-0.046729
0.0756877
0.00644132
0.0303995
-0.0231306
0.033608
-0.0061055
0.0268504
0.0511514
0.0236536
-0.00824605
-0.00353989
0.0417075
-0.157745
-0.128199
-0.0514287
0.013347
0.162652
0.0144679
-0.0405413
-0.0365246
0.0148234
-0.0167632
-0.03946
-0.0465171
-0.0143926
-0.0161384
-0.0298507
-0.0379329
0.000143595
-0.0748374
-0.0215104
-0.0139332
0.030881
-0.0412027
0.0296975
0.264176
0.112726
0.0756186
-0.0304322
-0.101039
0.00774972
-0.000881541
0.0714945
0.00890772
0.0106974
0.0399919
0.0801876
-0.018934
0.0318436
0.00933423
-0.0169674
-0.0157822
0.0421219
0.0189923
0.00313164
-0.0454522
0.0471003
-0.0311043
0.0802951
-0.0166263
-0.00699374
-0.055995
0.00456614
-0.0576542
0.0751273
-0.0389843
0.0332805
-0.0313047
-0.0475391
-0.0106352
0.0233617
0.0508002
0.0252764
0.00252719
0.029756
-0.0104332
0.0685412
0.0318157
-0.0107225
-0.0364002
-0.0520417
0.00696592
0.0677457
-0.104526
0.00735863
0.0185098
0.0257736
-0.00483958
-0.0589273
0.0480153
-0.09025
0.030838
-0.00770357
-0.048174
-0.0360798
0.0640475
0.0381802
-0.0289655
0.0281441
-0.00531713
-0.091346
-0.0203801
-0.0603252
-0.0510252
0.029686
-0.00431957
0.0282865
0.0393957
0.00322342
-0.00408032
0.0394318
0.036399
0.0430226
0.0454994
0.0130051
-0.00387606
0.0392275
-0.0156768
-0.0235078
-0.0161028
-0.0254406
-0.0562617
-0.0569555
0.0146027
-0.0115779
-0.0163797
0.037627
-0.0331864
-0.019021
-0.0301867
0.111918
0.0858545
-0.0291555
-0.029237
0.0185989
0.0417305
0.0762981
0.00232717
0.0252835
-0.0273804
-0.0149432
0.037577
-0.0116556
0.0288913
-0.0047458
0.0100266
0.0284561
0.0240601
-0.045819
-0.0292944
0.00351309
0.0422245
-0.00399009
0.00858152
-0.0369152
-0.0278375
0.0120525
0.0247365
-0.0448474
0.0340433
0.0358983
-0.044546
0.0360621
0.0447429
-0.0294664
-0.000948618
-0.00764313
0.0249251
-0.0131057
-0.0405523
-0.0209703
-0.0346297
-0.0103341
-0.0263566
-0.00889147
-0.0367035
-0.0386802
0.0039434
-0.00609315
0.0580608
-0.0157255
-0.0266638
0.00264213
-0.00427128
0.00987562
0.043863
-0.0269953
-0.0222661
0.025252
0.042471
0.0487325
-0.0287817
-0.0196872
0.0137417
0.0454391
-0.0420255
-0.054137
-0.00338087
0.0343873
-0.0138468
0.00689309
0.0256474
-0.0440598
-0.0462489
0.0006624
0.027288
-0.00463764
-0.0190148
-0.0366053
-0.0317536
-0.0645782
0.0217677
0.0476393
0.0507039
0.0453607
-0.00814543
-0.0550132
0.0245348
0.0183873
0.0359684
0.0248434
-0.0293819
0.0359889
0.0319524
0.0310377
0.0067598
0.0903778
0.0113192
0.0646425
0.0817829
0.0292615
0.0286957
0.00461837
-0.0429375
0.0481958
0.0254696
0.0356907
0.0786255
0.016366
0.0275332
-0.0310578
0.0539339
0.0099245
0.0207553
-0.0530669
-0.0157557
-0.0472393
-0.0266103
-0.0354621
-0.00455732
-0.0334009
0.00937187
0.0330924
-0.0260056
-0.0218559
-0.042764
-0.043775
-0.0770177
0.0148794
-0.054125
-0.0659484
0.00606327
-0.0506874
-0.0345436
0.0268665
-0.0313235
0.0453405
-0.00982298
-0.0374259
-0.0197001
0.0791936
0.0415841
-0.00756502
0.0333045
-0.0227929
-0.0690167
0.0505329
0.040008
-0.0608597
-0.00668802
-0.00364922
-0.0236276
0.0153648
0.0336578
-0.0293097
-0.0325577
0.031802
-0.052182
0.106911
0.0762292
-0.0638209
-0.0204675
-0.071254
-0.0330599
-0.030449
-0.00104457
-0.037769
0.000159832
-0.00967919
0.0292488
-0.00530577
-0.062979
0.0184202
-0.0690199
0.0209559
0.0538565
-0.000582182
0.029513
-0.0265337
0.00711363
0.0215686
0.0210328
0.00126166
0.0393829
-0.0170021
0.03673
0.00163224
0.0174654
0.0893365
-0.0527181
-0.0710598
-0.0758041
-0.000109423
0.0019239
-0.0339524
0.0574416
-0.00719261
0.0521382
0.0473
0.039342
-0.083763
0.0567457
-0.048869
-0.00451944
-0.0206587
0.042589
-0.0104891
0.00326367
0.0348999
-0.0425581
-0.0982666
0.0417263
0.0150289
-0.0237666
0.0345103
-0.038157
0.0337412
-0.0434972
-0.0335892
-0.0159849
-0.0203173
-0.0124449
0.00869763
-0.0471401
-0.0411175
0.0350946
-0.0214328
-0.00519955
0.0418738
0.0258771
0.0440932
-0.0244275
-0.0478756
-0.0322689
-0.0243839
-0.0424067
0.04569
0.00406635
-0.0170126
-0.0355317
0.0105558
0.00150934
0.0499885
-0.0297163
0.0376271
0.0328763
0.0484876
0.0381376
0.0356558
-0.0255185
0.0467335
0.038723
0.00771727
0.0497032
0.0102114
0.0175444
0.00442889
-0.0376586
0.0272769
-0.0240274
0.026507
-0.00168304
0.0237447
-0.0375427
-0.0205307
0.0370338
-0.0214579
0.0221321
-0.0352633
0.0605891
-0.0319572
-0.0368727
0.0448275
-0.0385531
-0.0433271
-0.00144707
0.0404925
-0.0395301
-0.060598
0.00761775
0.0381361
0.024059
0.0116264
-0.0310451
-0.00409855
0.119168
0.03783
0.00132571
-0.024791
0.00358156
0.0438026
-0.0334439
0.0127323
0.0455236
-0.00933784
0.0315083
-0.0445729
0.133174
0.0634414
0.0599746
0.0386324
-0.020371
-0.0440293
-0.0278644
0.0711434
-0.0200857
0.0193503
0.0314542
-0.0228435
-0.0407611
0.0363048
0.0437996
-0.0319752
-0.0282145
0.0399261
0.0929224
-0.0258221
0.0451952
-0.00201277
-0.0756057
-0.180168
-0.1389
0.022025
-0.0790036
0.0823746
0.00973811
0.0263084
0.0137123
-0.0270783
0.035118
0.0151751
0.0402252
0.0142354
0.0587158
-0.0486635
0.0439088
-0.0276994
-0.107765
-0.0235206
-0.0155961
-0.0329338
-0.0327548
0.0211762
0.0511696
0.0129783
-0.0691193
-0.0128912
0.00301797
-0.0413383
0.0143579
0.0983097
-0.0276937
0.0351721
-0.000334737
0.0347752
0.0115393
-0.0273246
-0.0066792
-0.0268067
-0.104344
-0.00105126
-0.01492
0.0286493
0.0102325
-0.0470356
-0.0320173
-0.0415288
-0.0529745
0.153174
0.0109733
-0.0366441
-0.0252878
0.0356671
0.0212589
-0.0134355
-0.046823
-0.0597784
-0.0146233
0.00453033
-0.0190197
0.022191
-0.0215002
-0.000771144
-0.0257351
-0.0270398
0.0280383
-0.0473112
0.00725451
-0.0365728
0.00130005
-0.0153177
-0.00807347
0.0258545
-0.0455427
0.0148532
0.0367428
0.0489789
0.00879995
-0.0388307
0.0497474
0.103063
-0.0343043
-0.031942
0.0210358
-0.0431964
0.0599695
0.0332069
0.031369
-0.0224054
0.013345
-0.0596697
-0.0218377
-0.0114716
-0.027204
-0.0490863
-0.00666932
-0.0510967
-0.0252169
-0.033608
0.0308104
-0.0413559
-0.0345518
0.013304
-0.0231986
-0.000119148
-0.0190468
-0.0312307
0.0261023
-0.0251301
0.0459907
-0.0349854
-0.0667888
0.0471216
-0.000293442
0.0612442
-0.0168231
0.0108004
0.033139
0.00163748
-0.0308034
0.0134619
-0.0311213
-0.0282105
-0.000930168
-0.00316712
-0.0484942
-0.00198552
0.0459622
0.0262044
0.0266927
-0.0340172
0.0110882
-0.0260739
0.0412768
0.0187281
0.0357639
0.00374875
-0.0225775
-0.037883
0.0431934
0.0103932
-0.00998037
-0.0341894
0.00772759
-0.0382356
-0.0364933
0.0162382
0.017115
0.00950093
-0.0298791
-0.0264272
0.0450338
-0.0105195
0.0273068
0.017243
0.0159534
0.0047939
-0.0143902
0.0331203
-0.0159913
0.0445467
0.0403717
-0.0394206
0.00552186
0.0194364
-0.0338749
-0.0293621
0.0107843
0.0144739
-0.000240785
0.0204585
0.0200119
0.00866691
0.0329153
-0.016353
-0.0159178
0.0372543
-0.0101987
-0.0476141
0.0385018
0.0398119
0.0221354
0.00781737
-0.0288959
-0.0456028
-0.0166496
-0.0297219
-0.0389089
-0.0362398
-0.145912
-0.00856161
-0.0473133
0.01089
-0.00615332
0.0310731
0.0559301
0.0207475
-0.0570067
-0.0219229
-0.0385637
-0.0512403
0.029906
-0.00973621
-0.103697
0.0752551
0.0755946
0.00137708
-0.0428818
-0.0182219
-0.017911
-0.0294352
0.0166538
0.0618785
-0.0321458
0.0584792
-0.0412846
-0.0283658
0.0169194
0.0111796
0.0382373
0.0698162
-0.0346543
0.0177969
0.0437383
0.0212325
0.0106849
0.0610301
0.0238703
-0.00613698
-0.0294083
-0.0108639
-0.0300573
0.0131964
-0.0253993
0.111906
-0.041752
0.00708607
0.0236424
0.0241982
-0.00490779
0.0185612
-0.0460431
-0.0454497
0.0508588
-0.0224228
0.0150416
0.103449
-0.0209662
-0.0287113
0.040253
0.00924926
0.0131152
0.0152115
-0.0744269
0.0179912
-0.0290102
-0.00290236
0.0299145
0.0427376
-0.0061592
0.0367961
0.00302043
-0.00610738
0.0203672
-0.0188063
-0.0397036
-0.0172799
0.0540918
0.00494159
-0.0116636
0.0382748
0.0543867
-0.00269488
-0.0565408
-0.0131485
0.0202326
-0.022753
-0.0462913
-0.0041636
-0.000799154
0.0314905
-0.0115242
0.0122497
-0.0466201
0.0266065
0.056584
-0.0124694
0.0305802
0.000696195
-0.0697053
-0.0147305
-0.00371002
0.0453817
0.023003
-0.0323446
-0.00600763
-0.0723185
0.105861
0.00362316
-0.0458756
0.0267941
-0.0505869
-0.0095492
-0.00967767
-0.00813247
0.0121559
0.0359722
-0.0258833
-0.00456532
-0.0104897
-0.0180958
-0.0127643
-0.00778205
0.0178754
0.0393477
-0.0417714
0.00596309
0.0271633
-0.0155367
0.0104694
-0.019372
-0.0056024
-0.0238094
-0.0182529
0.00464588
0.0341489
0.0444329
-0.00983851
-0.00740042
-0.0275294
-0.0245123
0.0243471
-0.0182072
-0.000497797
-0.0237824
-0.00768176
0.0176826
-0.00266651
-0.0315128
0.0350052
0.00875969
-0.0454103
0.0482378
0.0393451
-0.0487538
-0.035507
0.0391603
0.00983162
-0.0418965
0.00668272
0.0324906
0.00701803
-0.00965788
0.00165313
0.0225022
-0.0204
-0.0175742
-0.0140993
-0.0178858
-0.0310871
0.0310107
0.0452335
-0.0461594
-0.0137823
-0.0378356
-0.0368528
-0.0469446
-0.026862
-0.00111392
0.0358246
0.0352095
0.00913274
-0.00860578
-0.00848605
0.0204471
-0.00399282
0.00443086
0.0106425
0.000469331
-0.00841425
0.12017
0.0172386
0.109703
-0.0581627
0.0494907
0.0839302
-0.0238225
-0.00272967
0.0379596
-0.0664691
-0.0837264
-0.0104164
-0.490462
-0.179122
-0.0493139
0.0377846
0.301841
0.0856094
0.0241867
-0.0924344
-0.00313571
-0.12939
0.109121
0.120942
0.0818028
-0.0343883
-0.290137
0.0361068
0.0731395
-0.0935968
-0.0371289
-0.193069
-0.0524871
0.11567
-0.0948445
0.796887
0.422152
-0.445465
0.127571
-0.149517
0.244852
0.148039
0.210929
-0.0341913
-0.0428192
0.118267
0.0917878
-0.055355
0.0254076
0.353149
-0.0195485
-0.0171098
0.249094
0.0753719
0.0472764
0.0252732
-0.0123927
0.0408393
0.197912
-0.0120462
0.0564925
0.13913
-0.0737336
0.0609621
-0.00649882
0.101943
-0.0156603
0.0155612
-0.107055
-0.10097
-0.0627789
0.0100504
0.156257
0.103257
0.079705
-0.0858582
-0.0609101
-0.0184955
-0.0329969
-0.0458276
-0.00557008
0.113216
-0.201625
-0.364874
-0.113404
-0.0645635
0.0110577
-0.0309999
0.0395443
0.0931874
0.062129
-0.0213897
-0.0334596
-0.0124753
0.0583104
-0.0458396
-0.0131162
-0.0455462
-0.0401003
-0.0222225
-0.0901904
-0.0538868
-0.334843
0.0424953
-0.0229853
0.00421902
0.0450388
-0.0281914
0.106139
0.0473217
0.0247914
0.0428435
-0.0137114
-0.0215514
-0.0393239
-0.154545
-0.0102356
0.115754
0.073137
0.0154707
0.0893562
0.169097
-0.0416116
0.0373786
-0.00548421
0.00376804
0.267257
-0.0131809
0.0232588
0.00730947
0.0433731
0.101496
-0.0165062
0.483804
0.0170748
-0.000252536
-0.0845893
-0.016601
0.0164688
0.0255321
-0.0510804
0.00204996
-0.0211746
0.0258397
-0.0379768
0.00901809
0.0436179
-0.0177117
-0.0368026
0.0989885
-0.0792011
0.000322447
0.00140796
-0.0495595
0.00361578
0.0749518
0.00410597
-0.0139131
-0.0365153
0.0401557
-0.0391766
-0.0365868
-0.000577437
-0.014026
-0.223651
0.117101
-0.0281967
0.0342484
-0.00736632
-0.0222024
0.0480021
0.0196489
-0.0186464
-0.00469919
-0.0235629
-0.0405849
-0.0885856
0.0298346
0.0291839
0.0728371
-0.00576903
0.0382216
-0.0216255
-0.00403311
0.026055
0.0413793
-0.00284349
0.0876949
0.040713
0.0314921
-0.0237625
-0.00688923
0.0166255
0.0223869
-0.0216161
0.0794568
0.00240903
-0.0303818
-0.0586964
0.0392571
-0.0312217
0.00941756
-0.0407612
-0.0450663
0.0450244
0.0477261
-0.0100712
0.0410717
-0.0428131
0.0403073
-0.0422198
0.00229116
-0.00833404
0.131385
-0.0855776
0.0941718
0.0227153
-0.00834751
0.056291
-0.0519204
0.114537
-0.0327699
0.0225718
0.154682
0.1604
0.170101
0.0545661
-0.000667587
0.140261
0.0492944
0.0342003
0.133558
0.0399818
-0.0658854
0.0399647
0.101163
-0.0623023
-0.0102934
0.175102
0.162549
0.0592815
-0.0533199
0.0820401
0.0388135
-0.0352814
0.0613123
0.0714506
-0.305861
-0.0523638
-0.0423486
0.0765848
-0.0700847
-0.0100604
0.0268346
-0.103034
-0.199442
-0.108327
-0.10396
0.0385625
0.140059
0.0153136
0.00167297
-0.0211935
-0.0674389
-0.0277593
0.0179612
-0.0255181
-0.0450418
0.0392175
-0.0611448
0.00659281
0.0177494
-0.0367
-0.0433349
-0.0808987
0.33549
0.416773
0.176055
-0.666891
0.0566027
0.0597534
-0.170643
-0.336046
0.0403184
0.0212592
-0.402166
-0.0127323
-0.172327
0.0449232
0.421902
0.115076
0.0996199
-0.0296672
0.154491
-0.166787
0.0331707
-0.0187693
-0.108778
-0.0345089
-0.00159779
0.344172
-0.164028
-0.149889
0.0897377
0.157934
0.0305022
-0.180199
-0.190311
-0.0344729
-0.561621
0.0234932
0.051574
0.488129
0.394338
0.0014859
-0.00754383
-0.330915
0.00998483
-0.0736946
-0.0382521
0.378686
0.148765
0.158732
-0.0140377
0.00695466
-0.00935252
0.00309619
0.0269012
0.00645858
0.0683174
0.2568
0.179428
0.0521458
0.0454023
0.0177136
-0.0365096
0.0639047
0.0419616
-0.0457766
-0.0249706
-0.145353
0.0382237
-0.0436174
-0.00166801
-0.0257334
-0.0459704
-0.0462148
0.00775655
-0.00832111
-0.0339869
-0.0407178
-0.050369
-0.0435178
-0.0149825
0.0471686
0.0499597
-0.0299287
-0.0523592
0.00395071
-0.0473094
-0.0112932
0.0168123
0.0102047
-0.00458327
0.0410013
0.00757374
-0.0154582
-0.0104181
0.0188179
0.0414842
0.0700256
0.0304459
0.0193836
0.0223151
-0.0408471
0.00994783
-0.0464417
0.0267034
-0.0269738
0.0472593
-0.01584
0.0617432
0.0253438
-0.0283829
0.052151
0.0236845
0.000870505
-0.0291632
-0.0428489
-0.0147217
-0.0131599
0.0459476
0.021306
0.0151311
-0.0335272
-0.022059
0.00518411
-0.0197014
-0.0477396
0.0162592
-0.0354539
0.0200376
-0.0150183
-0.0243772
-0.0180689
-0.00504617
0.0212989
0.0853238
-0.021706
0.0493354
0.0964224
-0.0249775
0.039964
0.0458954
0.0143143
-0.144299
-0.0233197
-0.0430412
0.0556736
0.0822457
0.0883611
0.0254659
0.00781562
0.0356602
0.0304019
0.0950935
-0.0573743
0.331379
0.127221
0.600839
0.120698
-0.205616
-0.247895
-0.157692
0.0563783
-0.0422537
0.0486949
0.0830989
0.107043
-8.93364e-05
0.106693
0.0216983
-0.00872975
-0.0457604
0.120464
-0.00225607
-0.297669
0.0360162
-0.0684465
0.146599
-0.357124
-0.219526
-0.0893
0.0854969
0.110852
0.0114783
-0.0632166
-0.0394412
0.00818962
-0.0476005
-0.131943
-0.10102
-0.0418462
-0.10563
-0.114087
-0.0402835
0.0810475
-0.0232444
0.0491602
0.0296581
-0.0380682
0.283015
0.0496388
-0.057587
-0.211035
-0.0949158
0.569289
-0.0067558
0.154944
-0.0568735
-0.00957333
0.0397463
0.00210044
-0.0506273
0.0510778
0.112345
-0.0627733
0.0316354
0.121572
0.0933212
0.0043691
0.00924353
0.0727447
0.0229142
-0.0504562
-0.0245093
-0.0413605
-0.134449
0.0272004
0.11839
0.0688346
0.00595257
0.0601928
0.1095
0.04359
-0.228756
-0.0430904
-0.0130082
0.0556242
0.0620407
-0.0570308
-0.00444407
0.0249285
-0.00229363
-0.239354
0.0828259
-0.135949
-0.0443903
-0.00669405
0.0379294
0.0297376
0.027276
0.0431718
-0.0257979
-0.0523843
0.0221847
0.00613987
-0.0487412
-0.0300284
0.0681866
0.00142044
-0.0230288
-0.0289605
-0.0535258
0.0572436
0.0570057
-0.0833618
-0.00843
0.0320076
-0.0142838
-0.0619725
0.188252
0.00910146
-0.0213656
-0.00648991
-0.0209227
-0.0374574
-0.0332845
0.0392942
-0.0371051
-0.0461376
-0.0499101
-0.0110498
0.046962
0.0263196
0.0351122
-0.0441077
-0.00529261
-0.0302805
-0.000148948
-0.0670989
-0.0498127
0.010154
0.00924449
-0.028907
-0.0175879
-0.0178861
0.031919
-0.0479427
-0.0080662
0.0350067
0.0166372
-0.00391068
-0.0157664
-0.04581
0.0151517
-0.0341905
-0.0250232
-0.0422161
-0.0222257
-0.0909953
-0.0192057
-0.0032836
0.00346647
-0.0443133
0.0466114
-0.0403654
0.0433982
0.0160878
-0.0246601
0.0104888
0.0218538
-0.00268336
0.00450142
-0.098664
0.0182321
-0.00242849
-0.0433561
0.0467956
0.0181068
-0.0334061
-0.0390882
-0.0736971
-0.0448229
0.0302903
-0.00523151
-0.0132331
-0.033365
0.0392034
-0.040655
0.0181028
0.0322869
-0.0517129
-0.0337405
0.0476788
0.00298543
0.00560632
-0.0128499
-0.0482811
-0.0332247
0.00159576
-0.0301806
0.000319706
-0.0185187
0.0400016
0.0448387
0.00981526
-0.0213263
-0.0707498
0.182024
0.0514617
0.00840961
-0.0297126
-0.0765534
-0.0349056
-0.100751
-0.0388041
-0.0459901
0.000736139
-0.101657
0.000914848
-0.0927892
-0.0801099
-0.0954088
-0.0552684
-0.0630177
0.0230115
0.0100446
0.0270023
-0.0654528
0.0179844
-0.00593493
-0.0449609
-0.168599
-0.146985
0.00187333
-0.0366454
-0.0377704
-0.0627325
0.0445837
-0.111051
0.0357166
0.0268135
0.0506828
0.0356525
-0.0102443
-0.0891879
0.00934484
0.00287898
-0.0116784
0.0763454
-0.0421879
-0.0253367
0.0577129
0.00194666
0.122534
-0.0141061
-0.0266357
0.0617233
0.00559045
-0.0138089
0.0357315
-0.052335
0.019854
0.0745846
0.0716034
0.00756299
0.0319865
0.0609403
0.0785682
0.273799
0.353209
0.168625
-0.233503
0.027078
-0.0216398
-0.196885
0.0170149
0.048854
0.034755
0.304869
-0.116297
0.112361
-0.0942409
0.0111446
-0.0239502
-0.159568
-0.0105912
0.00557459
0.0102699
-0.00481852
0.0537727
-0.0188526
0.120078
-0.0265268
0.174723
-0.121844
-0.0521882
0.0741669
0.0151419
-0.0300522
0.103454
0.177054
0.0530569
0.00445961
-0.051138
-0.050849
0.00414124
0.146904
0.0137647
-0.0419373
0.231761
0.0445556
0.142585
0.0145974
-0.0327428
0.0544715
-0.02221
-0.142565
0.0420179
-0.0171674
0.0529821
-0.0206744
-0.0285657
0.0217227
0.0699469
-0.053257
-0.294988
-0.12591
0.0229967
0.0204468
0.0735294
-0.028434
0.0336224
0.0348795
0.182655
-0.0236377
0.0241326
0.0362848
0.0382917
0.0337743
-0.0458574
-0.0210377
0.0348474
0.033154
-0.0113662
0.000521515
-0.0261357
0.00687014
-0.0124659
-0.0367274
0.0306259
0.0252201
-0.0265235
0.000229951
-0.0358567
0.00963474
0.00706764
-0.0447783
-0.0210881
-0.0398214
0.020674
-0.0451589
-0.016041
0.0312424
-0.00811818
-0.0448652
-0.0275546
-0.0269612
0.0179117
-0.0542665
0.00858758
0.0217789
-0.0367147
0.0362747
0.00409946
0.00719535
0.0136067
-0.0494423
-0.0289302
0.0409057
0.0307872
-0.0179362
-0.0310095
-0.0289574
0.0317125
0.0334362
-0.0104496
0.0115229
0.000648013
0.0185233
0.0366161
0.00341805
-0.0401619
-0.0428941
-0.0768725
-0.0240456
-0.052317
0.00920463
-0.00436662
0.0150069
0.023385
0.0614208
-0.0704747
0.0346999
0.010804
0.0439801
-0.0111954
-0.0129154
0.0241769
0.205295
0.0391059
-0.0121613
-0.0310193
-0.00388298
-0.0593495
0.00960338
0.00538335
0.0581083
-0.0131055
0.0226573
-0.0287429
0.00966261
-0.0802392
-0.0513396
0.0131462
0.0946351
0.0192925
0.0247505
-0.0703274
-0.00971018
0.018568
-0.0614179
-0.0198419
0.0183543
-0.065601
-0.00508548
0.044585
0.00307839
0.0128819
-0.0449382
0.00189516
-0.0579339
0.0579269
-0.0861771
0.185828
-0.0121512
0.123045
-0.0160009
-0.0275485
0.0822626
0.0216358
0.0732134
0.0349452
0.0373201
0.0285754
0.0358104
0.0883072
0.0373003
-0.038294
0.0061001
-0.0537678
0.0641824
0.0204235
0.121051
-0.00446146
-0.00224825
0.0508627
0.0192255
0.08581
0.0489006
0.00539743
-0.0380275
-0.031297
0.0622187
-0.00191156
-0.039871
-0.0453974
-0.0273835
-0.0417207
0.0640697
0.0515791
-0.0246971
0.0205449
-0.0223786
-0.0378989
0.0428576
-0.0228917
-0.0169067
0.0362754
-0.0411491
0.0510129
-0.0071568
-0.0242099
-0.00848429
-0.0615387
0.00231958
-0.0135915
-0.0815068
-0.0243363
-0.0406524
0.0465449
-0.015883
-0.0182926
0.00917332
-0.0334222
0.0404636
0.0071043
-0.0366105
-0.0554667
-0.0371291
0.0055735
0.0426817
-0.0132062
-0.0516933
-0.0246455
0.0275135
0.00681504
-0.0252632
-0.0163521
0.0229881
0.01647
0.0147179
0.0464795
-0.0238851
0.000572502
0.0283705
-0.0426887
-0.000472312
0.0217151
0.0661029
-0.0329292
-0.011976
0.0319596
-0.0321259
0.0578041
0.116956
-0.0319151
-0.0167501
-0.0225392
0.110309
0.0176805
0.105485
-0.0280258
-0.0274496
0.0213975
-0.000515893
0.00669272
0.033462
-0.0178631
-0.0368021
-0.0249603
0.00452221
0.00404377
-0.034472
-0.0323353
0.0162611
0.0439464
0.0124197
-0.0170287
0.0215842
0.0266919
0.00201356
-0.0397545
-0.0133476
0.0491234
-0.0433242
-0.000589861
-0.045084
-0.0295874
0.0310057
0.0177151
0.0424039
-0.045605
0.00779141
-0.00982916
0.0305642
-0.00915282
-0.0110872
-0.0250009
-0.0241485
0.0263496
-0.01768
-0.0359783
-0.00292152
-0.018547
0.00248202
-0.0196569
0.0178675
-0.0092841
0.0120516
-0.045747
0.0119244
0.0279961
-0.0225517
-0.0470728
-0.03167
0.0631526
0.0182374
0.0405176
0.0233211
0.000777937
0.0434641
-0.00293459
-0.0334098
0.0425156
0.018812
-0.0296493
0.0392981
0.0266585
0.0182084
0.0489821
-0.0382404
0.0459811
-0.0136594
0.0376236
0.00198549
-0.0299025
-0.0469103
-0.0213894
0.0368483
0.0416245
-0.0189044
0.027393
-0.0474477
-0.0471597
0.076511
0.0488992
-0.0368585
-0.0379055
-0.0127898
-0.0483049
-0.0449224
0.0608261
-0.00409071
0.0604482
0.00904425
0.00780642
0.0298219
0.071781
0.0452891
0.0353487
-0.00864884
0.0147733
-0.0330042
0.0554384
-0.027034
-0.0129932
-0.0107288
0.109133
0.0720792
-0.0378863
-0.0149351
0.0186367
0.0563091
0.0574696
-0.0560163
0.0538471
0.00698972
-0.0138694
-0.073116
0.0705673
0.0403136
0.0418979
-0.0120121
0.0196211
0.0446691
-0.0453029
0.0121369
0.0214481
0.0268229
0.0158883
0.0363154
0.0374519
0.0142445
0.0193799
0.052618
-0.00367364
0.00608909
-0.0103383
0.0271487
-0.0124278
-0.0267031
-0.00302615
0.0141206
-0.0718051
-0.0470051
-0.0147877
0.0529747
-0.0070002
0.0295555
0.0372925
0.0181221
-0.0345994
0.0252827
0.108489
0.0543471
0.0713215
-0.0463751
0.0136613
-0.0777557
0.0131144
-0.0290544
-0.0212953
0.0170119
0.030209
-0.0121637
0.033429
-0.00411245
0.0203452
0.0201679
-0.0157189
0.00483488
-0.0610394
-0.0262309
0.00873331
-0.0225937
0.0151187
0.069821
0.00109995
-0.00664488
-0.0277991
-0.103323
-0.067052
0.033364
-0.000143419
0.0514038
0.05177
0.0419459
-0.0210675
-1.34981e-05
0.0169315
-0.0531432
-0.00388642
0.0302174
-0.0147877
0.0173634
0.0416254
-0.0110348
-0.0260658
-0.00966932
0.0806555
-0.0494555
0.0400725
-0.0437984
0.0333595
-0.00531907
0.00616558
0.00309852
-0.0346383
-0.0120393
-0.0325541
-0.00184719
0.0423984
0.00288726
0.0232503
-0.0266341
-0.0394503
-0.0226361
0.0175802
-0.055695
-0.0183064
-0.037607
-0.00642608
-0.0476753
-0.0411291
0.007602
0.0152779
-0.0289089
-0.0463754
0.0352904
0.0494467
0.0437751
0.0295879
0.0446127
0.0155553
0.0147172
-0.026209
0.0474515
0.0463651
0.0083908
-0.00396504
-0.0233972
-0.022257
-0.00482428
0.0363844
0.0257007
0.0103538
0.0330034
-0.0147026
-0.0383579
0.00494369
-0.0373751
-0.0156725
-0.019511
-0.0428403
0.0425104
-0.0154426
0.0432735
-0.0101737
-0.0359329
0.00365321
-0.0158222
0.0179446
-0.0462756
0.0405131
0.0336084
-0.0394073
-0.028626
-0.00725974
-0.00451028
-0.0292899
0.0420625
-0.0456931
0.00554872
0.000997746
-0.00699077
0.0276421
-0.0524195
0.0347433
0.00126382
0.041832
0.00637671
-0.0252068
-0.00744315
-0.158271
-0.0982447
-0.049047
-0.0209319
0.0265037
-0.0247477
-0.032926
-0.0262257
-0.0205853
-0.0278744
-0.0830758
-0.0174478
-0.300514
-0.067835
-0.164646
0.110126
0.00585053
-0.140132
0.0415026
-0.113767
-0.0970753
-0.114322
-0.337622
-0.265006
-0.247958
-0.178278
-0.0611077
0.00359735
0.0909391
0.0241816
0.0244222
-0.280448
-0.0462592
-0.127091
-0.0527228
0.688697
0.307894
-0.145897
0.000948271
-0.156594
-0.0260906
-0.0755129
0.253337
0.0583034
-0.04891
0.18925
0.183042
0.00905402
0.0170622
0.432363
0.0119224
-0.0648626
0.00639761
-0.0743498
-0.0555287
0.0181084
0.00529116
-0.0396548
-0.0450759
0.350163
-0.014208
0.00212061
0.0107299
-0.30934
0.285866
0.0196984
0.0315492
-0.0352688
-0.150899
0.0684186
-0.0968563
0.0943598
0.20152
0.0193934
-0.208964
0.102097
0.0981613
-0.00127107
-0.0366013
0.0311958
0.0045762
0.122994
0.109808
-0.527809
-0.212488
-0.000577911
0.0088839
-0.0988472
-0.0973273
-0.240067
-0.106746
0.000557376
-0.037073
-0.0548822
-0.0463086
0.404073
0.0452383
0.0414924
-0.0245233
-0.42262
-0.0924406
-0.112845
0.114894
-0.0148141
-0.0539272
-0.0575089
0.0223112
0.0153209
0.00402755
0.0220012
0.0264048
0.0450049
0.0328747
-0.0286256
-0.0351936
-0.0301177
-0.0280975
-0.00140561
0.0053452
0.00644254
-0.177585
0.273689
-0.0791281
-0.0412411
-0.102894
0.0862997
-0.0817471
0.0313706
-0.00700491
-0.0263046
-0.0477616
0.0177836
-0.0429613
0.383656
-0.000839147
0.0294994
0.107297
-0.0116722
0.0476704
-0.0729531
-0.0673334
0.0249089
0.00208547
0.00958443
0.0273705
0.0771585
0.057259
-0.0221683
-0.0406705
0.00781869
-0.0249461
0.0421296
0.0143227
-0.0302232
0.0199205
-0.065659
-0.0397807
0.00189773
0.00604314
-0.00461531
-0.0228522
0.015164
-0.00302734
-0.0066414
0.02218
0.0755332
-0.0351336
-0.0549646
-0.0184409
-0.0331737
-0.025733
-0.00500009
0.00899538
0.0263169
-0.00423121
-0.0252806
-0.0679258
-0.00978246
-0.0480403
0.0677598
0.00210271
0.0359685
0.0489448
-0.0252228
0.0168529
0.0152121
-0.0607078
0.0827669
0.00902028
0.0328547
-0.0291894
0.0294922
0.00537453
-0.0109968
-0.0130013
0.0262146
-0.0961837
0.0664812
-0.0267875
-0.0412762
-0.0232378
-0.0150438
-0.0246781
-0.0227382
-0.00651447
0.0169318
-0.0220513
0.102241
-0.0176507
-0.00268968
-0.0487404
0.0471651
-0.0465588
-0.0122935
-0.200096
-0.0182269
0.0709174
-0.0688633
-0.047149
0.053743
0.0219412
-0.00799161
0.0080167
0.0269544
0.110363
-0.0683539
0.106583
0.00815983
-0.0515087
-0.0467729
-0.0990902
-0.0390495
0.0777578
-0.0129862
-0.02157
0.0515805
-0.10581
-0.0785442
0.147052
0.0830125
-0.0504633
0.0641855
0.00661423
0.00996703
-0.0644509
0.049522
-0.0777544
-0.152985
-0.0234585
-0.0637788
0.011805
0.0641739
-0.0155435
0.0227715
-0.0750203
-0.0640968
0.0476556
-0.038257
0.0196201
0.0238069
-0.0404478
0.00771043
-0.18453
-0.0658172
0.0404845
-0.0691603
-0.119447
-0.00828193
0.0659925
-0.137799
-0.160163
0.0528065
0.0403905
-0.13102
-0.0961184
-0.191351
0.0497669
-0.0811989
-0.13421
0.0232463
0.221745
0.0270091
0.104682
0.00287376
0.00807485
0.0808139
-0.166942
-0.154842
0.307554
-0.183924
0.129706
0.294657
0.108269
-0.234641
-0.0701953
-0.0122844
0.00197561
-0.0576691
-0.0835929
0.544029
0.315629
0.351971
0.0829715
-0.0989019
-0.0629408
-0.13604
-0.215338
-0.113381
-0.0625409
-0.325152
0.03991
0.041873
0.575286
0.151665
0.00594091
0.0149869
-0.312317
-0.02544
-0.293681
-0.144749
0.221806
0.10355
0.0782539
-0.263724
0.0467966
0.139839
0.0130772
0.114679
0.094705
0.0252506
0.0240362
0.182824
-0.341551
-0.215614
-0.0322704
-0.0474475
0.0411374
-0.0326029
-0.0162125
0.0230846
-0.202006
-0.00660262
0.00155989
0.0483357
-0.0130701
0.036609
0.0433288
-0.0241042
-0.0393334
0.0167087
0.010222
0.000828029
-0.0368544
-0.0401074
-0.0252245
0.0366855
0.024023
0.00499164
0.0125714
-0.0324194
0.0425804
0.0314853
-0.0262156
0.0323134
0.0207643
-0.00779586
-0.0206613
0.0341465
-0.031894
0.0320275
0.0497001
0.0868786
0.02697
0.00408896
-0.0450216
0.0348015
-0.0457567
0.0380311
-0.0356219
0.0305501
-0.0177083
0.0173547
0.06162
0.0513629
-0.024833
-0.0259554
0.0487926
-0.0254476
0.00836507
-0.00638807
0.0174045
-0.00597754
0.0265424
0.0446936
-0.0208773
0.022805
0.0189379
0.0229175
-0.00676527
-0.0745891
0.0191207
0.133257
-0.0934181
-0.0615423
0.0122176
-0.0246124
0.0186105
-0.0407068
0.0891289
-0.119921
0.0108716
0.0400521
-0.0216173
-0.00799161
-0.0429204
0.145216
0.0206686
0.0272245
0.0447903
-0.0194356
-0.0491402
0.00891232
-0.0199332
-0.0129376
0.0524214
0.00750619
0.0271856
-0.0897474
-0.15487
-0.035378
-0.0209144
0.117587
-0.0280802
-0.0456546
-0.000536258
0.0214467
-0.00703879
0.019468
-0.0258149
-0.0194572
0.042531
-0.0555454
0.00898752
0.0298332
0.0152688
-1.9415e-05
-0.0993852
0.013361
-0.0252381
-0.046611
0.206449
0.0457871
0.175265
-0.0501516
-0.043836
0.0520468
-0.0183926
0.065739
-0.0258201
-0.0149036
0.0332778
0.0102217
-0.030898
0.0317906
0.0283476
-0.00507195
-0.00980127
0.0482818
0.0265925
0.0355276
0.0300691
-0.03554
-0.0381868
0.0408171
-0.00860108
0.00634712
-0.0301874
-0.0219045
-0.0253556
0.0707871
-0.0378734
0.00513137
-0.0433521
0.024154
-0.0124236
0.0120995
0.0599241
-0.0180785
-0.00558509
-0.00231807
-0.0894714
-0.0213627
-0.000113476
-0.00247528
-0.0103321
-0.0117381
-0.0221394
0.0399938
0.00454391
0.00557636
0.00166329
0.0599672
-0.0697559
-0.0595953
0.0326981
-0.0744554
0.0315577
-0.0150154
0.0219932
-0.00198513
0.0211016
0.0388824
-0.0230906
0.00317436
0.00229512
-0.00813314
-0.0491471
-0.055813
-0.0569854
0.0224893
-0.0381349
-0.0155654
-0.020952
0.0489081
-0.0243361
-0.0371509
0.0262691
-0.002057
-0.0133922
0.0202646
0.0532776
0.0162277
0.0533755
0.0234556
0.0523691
-0.0401189
0.00110934
-0.057325
-0.0175935
-0.00654824
0.0174443
0.011211
-0.0203615
0.0336904
-0.0198037
0.0442641
0.0598942
-0.00126483
0.0748292
0.0319023
-0.0140274
0.015227
0.0309766
-0.000234385
0.0453348
0.0433148
0.0043221
0.00501109
0.0200519
-0.0107068
0.0133344
-0.00443805
-0.0210289
-0.0522878
-0.0203604
0.0461267
0.0326582
-0.017584
0.00839313
0.00758036
0.00636799
-0.0238558
0.0394063
-0.0340397
0.0320866
0.00729898
-0.00891908
-0.0221397
0.0127099
-0.00390235
0.0430163
0.0238072
0.0438777
0.00137273
-0.0424661
0.0430107
0.0122084
-0.0363504
0.0371293
0.0277234
-0.000941669
-0.0205962
-0.0204223
-0.0117001
0.0482049
-0.0518556
0.023848
0.0219889
0.0303139
-0.0420902
-0.00869102
0.0432076
0.0394671
0.0181867
0.0323199
-0.047003
-0.0401066
0.0180705
-0.0394625
-0.0267867
-0.0228169
-0.0591947
-0.0301425
-0.0307941
-0.0339639
-0.00272826
0.00300007
0.0417323
0.0158913
-0.0271829
-0.0368463
0.0387676
0.0287316
-0.0208872
0.028529
-0.0595597
-0.0112448
-0.0355151
0.0309349
0.0496226
0.00457179
-0.018783
-0.0300375
0.0256518
0.0045557
-0.0246955
-0.0339522
0.00800743
-0.00195339
0.00852392
-0.0180694
0.0317477
-0.00839063
0.0413359
0.056386
0.0429342
0.00785948
0.0265964
0.0413995
0.0108979
0.0122726
-0.0461458
0.0765153
0.0288588
0.0392557
0.0202189
0.0338109
-0.00650744
0.036542
0.0179934
-0.0520671
-0.0464897
0.0422088
-0.0196394
0.0141156
-0.0479249
-0.00658264
-0.0152621
0.0451827
-0.0226711
-0.0456318
0.0160618
-0.00940992
0.000742907
-0.023254
-0.0431216
0.0556215
-0.0171694
0.0219491
0.040609
-0.0509735
0.0190752
-0.00681733
-0.0431203
0.010832
-0.0599096
-0.0484649
0.0217216
0.0255881
-0.023384
-0.071687
-0.0582015
0.0452702
-0.0126123
-0.00370495
-0.046358
0.00246441
0.0538731
-0.0235895
-0.0180984
-0.0448208
0.0211793
0.0261016
-0.0132929
0.0480349
-0.0667672
0.0119306
0.0253724
-0.0171322
-0.0395415
0.0156523
-0.0357065
-0.000399423
0.0312799
-0.0393067
0.0337512
-0.0717076
0.0402364
-0.0654347
0.0181873
0.0979886
0.0365361
0.0457247
0.0138691
-0.0508994
-0.0177203
-0.0370205
-0.0211425
-0.00203303
-0.0156408
0.0282515
0.0199865
0.0165241
0.00277985
-0.0355826
-0.0232834
0.00769319
-0.0561084
-0.00443106
0.0445518
-0.0237436
-0.0202788
0.0181674
0.00679836
-0.00855383
-0.0192529
0.00664738
0.0127268
0.0302865
-0.0211654
0.0113138
-0.0265457
-0.00381213
0.0058233
0.0429066
0.0109034
0.0318821
-0.00771405
-0.0180439
0.0272545
-0.00930623
0.0426942
0.0392695
0.0392228
-0.0149045
-0.00499
0.0214948
-0.00565678
0.0316213
0.0488593
-0.0323517
-0.0166393
-0.0380568
0.0352971
0.0108477
0.0363401
5.0998e-05
-0.0111358
0.0135815
0.031159
0.0100214
0.0467415
-0.0336931
0.0220727
-0.0376101
0.035419
-0.0123479
0.0248182
-0.0357873
-0.0436605
-0.0430795
-0.0220963
-0.00567128
0.0266237
0.0357335
0.0122523
0.0264119
0.0419342
0.0337591
-0.0218587
-0.0409617
-0.0258657
-0.0267984
-0.0177542
-0.0489681
0.0286425
0.0225865
0.0257796
-0.0219834
0.00719316
-0.0282428
0.0358355
-0.0376597
-0.0154308
-0.0128566
-0.0380329
-0.0290568
0.0244072
-0.050104
-0.00876713
0.0161405
-0.0311324
-0.00126931
-0.0302688
0.0620873
-0.0275238
0.0373967
0.0486095
-0.00441532
0.0389853
0.0729974
0.00619852
-0.00677398
0.0415523
-0.0246162
-0.0538371
-0.037398
-0.00331603
0.0244158
-0.0368838
-0.041952
0.0198753
0.0500695
-0.0787794
0.0360554
0.0205665
0.0610248
0.0121633
-0.00316845
-0.0048529
0.00369261
-0.0281704
-0.00592089
-0.0521812
0.0265296
0.00742004
-0.018683
0.00653052
0.0531034
-0.00719744
-0.023102
-0.0248862
0.0388397
0.00982375
-0.0207114
0.0964675
0.0715085
-0.0146775
-0.0458936
0.00810477
-0.0287717
0.0364823
0.039447
0.0235565
-0.0172758
0.0383181
0.0779012
0.0709896
0.0251612
-0.0137799
0.0130467
0.0228699
0.0689679
0.0761873
0.0969969
0.0279991
0.00189136
-0.00812409
0.0920599
-0.0293081
0.0295702
-0.0345937
-0.0485067
-0.0090103
0.0495846
-0.0274991
0.0113966
0.0291492
0.00412428
-0.0324984
0.00286726
0.0122619
-0.0386813
0.08097
-0.0212341
-0.0385758
0.0297966
0.012754
0.0121429
-0.00476983
-0.014559
-0.00454593
0.00589304
-0.105337
-0.0186597
0.027676
-0.019608
0.0149286
0.0113871
-0.00351953
-0.00307195
0.00364795
0.0362075
0.0354714
-0.0547254
0.0563492
-0.0145428
-0.0222313
-0.0443499
-0.0150039
-0.00240493
0.00876345
-0.0323821
0.0305227
0.0169599
0.00915461
-0.0318268
-0.0161099
0.0419987
0.0203278
-0.00902105
0.0120706
-0.0416783
0.0306508
0.00454328
-0.000177583
-0.0294741
0.0262147
-0.0245204
0.0262073
0.0407669
0.0023761
0.00461923
0.00703723
-0.034253
0.0438525
0.0639033
0.0478259
-0.0419767
-0.0114374
0.0644821
0.044192
-0.00911915
-0.115409
-0.0492429
0.0383201
-0.0297475
0.0156438
0.0264351
-0.0156151
-0.00522153
0.0183166
-0.048998
-0.0127623
0.00684626
-0.00409486
0.080009
0.0122129
0.00978826
-0.0337865
0.00762212
0.0414244
0.026808
0.0440055
0.0117359
-0.0470054
-0.0201572
0.00658435
0.0354965
-0.0382757
0.0376996
-0.0350238
0.023492
0.0336358
-0.0642644
0.0328575
0.00127575
-0.03163
0.0221048
-0.00156772
0.0487239
0.046305
-0.0405169
-0.0365186
-0.00817131
-0.011477
0.0352909
0.0329566
0.0409107
0.0314106
0.0401315
-0.0173169
-0.0204017
-0.0420334
0.00427744
-0.00150946
-0.037194
0.0125319
-0.00756896
-0.0123779
-0.0458811
-0.0249975
-0.0387792
-0.00869783
0.0163157
-0.0199298
0.0206685
0.00988366
-0.0144278
0.0113535
0.034284
-0.00833917
-0.025645
0.0111805
-0.0269354
-0.0362251
0.0419947
0.0394618
-0.0480628
0.018539
-0.0217643
0.0178582
-0.0159238
0.00545047
-0.0337903
-0.0482471
0.00911391
0.00570556
0.0574231
0.00108538
0.00085876
0.00674051
-0.0135844
-0.007639
0.0710481
0.0458678
0.0941032
0.0186078
0.0533263
0.068111
0.0747118
0.0347966
0.0195492
-0.0105441
0.0627814
0.0265529
-0.00332231
0.0363544
0.00427179
-0.039588
0.0440347
0.0190807
0.0473944
0.0444296
0.0136298
-0.0106463
-0.0657921
-0.0752028
-0.0494672
0.0431347
-0.0137561
0.0354208
-0.0473504
0.00434407
-0.0113463
-0.0215905
-0.0262231
-0.00171732
0.0229154
-0.0622892
-0.0438176
0.0421566
-0.0613684
-0.0105284
-0.00503659
0.0557076
0.00386247
-0.00931297
0.00975105
0.0158167
0.0187415
-0.0273718
-0.0281453
-0.0337625
0.0383922
-0.0714732
0.0886934
0.0161361
-0.0384269
-0.0246377
-0.0577567
-0.0766799
0.00967962
0.0284837
-0.000776055
0.00164547
0.0505585
-0.0192817
0.0205442
0.003866
-0.0434001
-0.0252859
0.0181062
-0.0299512
0.0304907
-0.024805
-0.0240338
0.00167849
-0.0223385
0.0359648
0.0341234
-0.087067
-0.058901
0.0379916
0.0325698
0.00767287
-0.039835
-0.0720155
0.00387162
0.0509321
-0.0468756
-0.00378803
-0.0220706
0.0108277
-0.0322696
0.00492741
0.0124184
-0.0277795
-0.0103539
0.0622117
0.0149486
-0.00369853
-0.0305856
-0.0104494
0.0160188
0.0119551
-0.025066
0.0205595
-0.000263715
0.0487179
-0.0205242
0.0135083
-0.145114
0.0423899
-0.0221332
-0.0125577
-0.0272243
0.0328351
0.0316476
-0.0442756
-0.0608716
0.00303058
-0.0253115
0.0232361
-0.00597771
-0.0204956
0.00387388
0.0437929
0.0345229
-0.0364081
0.012252
-0.0208656
-0.0111206
-0.0247128
0.0454889
-0.0206871
0.00208953
-0.0189647
0.0249809
-0.00557822
0.031197
-0.00180981
0.0326919
-0.0476541
-0.0433259
0.010631
-0.039787
0.0282916
0.0307092
-0.0434859
0.0353701
0.0168905
-0.0255766
-0.0350412
0.00720649
0.016409
0.0398052
-0.0338374
0.018849
-0.00256219
0.0177742
0.0155895
-0.0171034
0.0295063
-0.0150017
-0.0308679
-0.0450123
-0.030773
0.0354034
-0.0203759
-0.0110582
0.0226418
-0.0169691
-0.0174973
0.010338
-0.0328129
-0.019348
0.0106154
-0.00640771
0.0468585
-0.0269613
0.015049
-0.00106894
-0.0015538
0.0117487
-0.0335826
-0.0115346
0.0166029
0.0105492
0.0328407
-0.0411897
-0.000206101
-0.00337089
-0.0367653
-0.0175746
0.0620749
0.0401566
-0.00570821
0.0394677
-0.00514186
0.0185767
-0.00641382
0.0404556
-0.0193712
-0.0416488
-0.0549171
-0.0363937
-0.0712743
-0.0520657
0.00377304
0.025799
0.0162716
0.0555294
0.0407712
-0.0547759
0.0129201
0.0311033
-0.0258694
0.00400224
0.0438226
0.0441644
0.0354229
0.0426117
0.00303592
0.0280706
0.0244953
-0.0326878
0.0148539
-0.0365361
0.0526016
0.0903407
0.0521435
0.0681495
-0.0444367
-0.0471599
0.0055949
0.0356233
0.0110443
-0.044183
-0.0486809
-0.0198452
-0.0152097
-0.0420188
-0.0562575
0.0187961
-0.00871015
0.0246604
-0.0468206
0.0422101
-0.0418727
0.005
-0.0249482
0.0115903
0.0456735
-0.00944848
-0.0306337
-0.00229526
-0.0113789
0.00757871
0.0204814
0.0185712
0.00144598
0.00532097
0.0278089
-0.0421568
0.0186125
0.0266544
0.0323182
-0.00867346
-0.0111741
0.0028662
0.0682621
-0.0476773
0.0376719
-0.00541356
0.00794724
0.0493832
-0.00256906
-0.0190311
0.0306329
-0.0425119
0.012867
-0.0247037
-0.0272523
-0.0507079
-0.0184921
-0.00627881
-0.0415125
0.0364601
-0.0234182
0.0806188
0.0424142
-0.0348193
-0.0365805
0.00559937
-0.0140148
-0.0560844
-0.00375446
0.0245206
0.0215521
-0.0455709
-0.0122323
0.0248765
0.0362887
-0.0128609
0.0389116
-0.0357937
-0.0177509
0.0396794
0.0103835
-0.00864142
-0.0314395
0.0507001
-0.00974918
0.0143374
0.0089043
0.0656847
0.0381319
0.047432
0.00690149
0.00660028
-0.0491647
0.00601616
0.000263932
-0.0182812
-0.0406335
-0.021603
-0.0189726
0.0360861
-0.00857059
-0.0237356
-0.0406596
-0.0183661
-0.032802
-0.0221151
-0.0464185
0.0486917
0.0154582
-0.039399
-0.0116406
-0.0229148
0.00995266
0.0476997
-0.021056
0.00205981
-0.02586
-0.0312021
0.0091523
0.0350606
-0.0176485
0.00305753
-0.0499781
0.0216269
0.00595994
-0.0157062
-0.0440295
-0.047672
0.0378562
-0.0255091
-0.0140001
-0.0164074
0.0442966
0.00311533
0.0195916
0.0234011
0.0260991
0.0167902
0.0280587
0.0456333
0.0330276
0.0112237
0.0375113
-0.0318082
0.00796573
-0.0109895
0.0139624
0.0326627
-0.00224249
0.0269173
-0.0304614
0.0190913
0.0481169
0.0233959
-0.0142997
-0.0104948
0.0410906
0.0102839
-0.0455815
0.0307133
-0.0172466
0.0611452
0.0116776
0.0291581
-0.0445744
0.0378072
0.00129773
-0.0475288
-0.0194124
0.0162721
-0.0302036
-0.0107017
0.00431504
-0.0336763
-0.0330753
0.00294777
-0.0319323
-0.0189012
0.0338607
0.00341907
-0.0118104
0.0300021
0.0472811
-0.0352765
0.0268366
-0.0405445
-0.0327554
-0.0236152
0.000673476
0.00555413
0.070203
0.0241695
0.00771558
0.0375724
0.055627
-0.0100507
-0.0167721
-0.0484504
0.0117903
0.00628911
0.00844203
0.0161646
-0.0183287
-0.0241413
0.0632043
0.028702
0.0290344
-0.0292769
-0.0429769
0.0181894
-0.00403736
0.00464282
-0.0327641
-0.0483631
-0.0367274
-0.0453286
0.0380973
-0.0100996
0.0388461
0.0460028
-0.02423
-0.00889758
-0.0238834
-0.0562776
0.0544794
-0.0244341
0.0479955
-0.0237428
-0.02261
-0.0160225
0.0451345
0.0170078
0.0246904
-0.00125128
0.00181186
0.0189775
0.0592886
0.0315754
0.0197129
0.00405818
-0.0134573
0.0207453
-0.0628815
-0.00872904
-0.0151441
0.0395792
-0.014047
-0.0340464
0.00317728
-0.00304487
-0.0362504
-0.0445745
-0.0586983
0.0206843
-0.0637682
-0.0302015
-0.0122991
-0.0308642
0.0168519
0.0457296
-0.0137316
-0.0334434
-0.0298331
-0.0200191
0.00790983
-0.0346346
0.0452146
0.0334712
0.0404249
0.0261793
-0.0307809
0.0196111
-0.0126854
-0.0251689
-0.0445527
0.00027835
-0.041423
-0.000309097
0.00159022
-0.032521
0.000872236
-0.018783
0.0179164
0.0479483
0.043759
-0.0419815
0.0444722
0.0125626
-0.00976431
-0.0316872
0.0208505
-0.0149912
0.030695
-0.016226
-0.0345858
-0.0418722
-0.0166265
0.0640942
0.00970649
0.0280494
0.0361865
-0.0347124
0.0486965
-0.0468626
-0.0336174
0.0146423
-0.0365501
0.0462494
-0.0476369
0.023454
-0.00262587
0.0311261
-0.018627
-0.00822736
0.0389797
-0.0181303
0.029631
0.0167046
-0.0335028
0.0203724
-0.00673062
0.0279166
0.0249107
-0.00441847
-0.043931
-0.0497824
0.0328514
0.0320662
-0.0409305
0.0266373
0.0266833
-0.000308472
-0.00744912
0.0372623
-0.0362832
0.0490644
-0.0110464
0.0488205
-0.0258112
-0.0114277
-0.0134026
0.0335501
-0.011176
-0.0185603
-0.0386636
0.0391897
-0.0143114
-0.00795128
-0.0232289
-0.0297716
0.0215985
-0.0453673
-0.0128806
0.00525651
-0.00786773
0.0123359
-0.00442453
-0.00901447
-0.0302668
0.0282391
0.00279824
0.0103393
0.0175591
0.0271414
0.00494969
-0.0174919
-0.0163287
-0.0233168
0.0495421
0.0124803
0.0419533
0.0121277
0.0260428
0.00983762
0.0341092
-0.036242
-0.018622
0.010906
0.0237219
0.0357503
-0.0439165
-0.118291
0.032806
0.0233767
0.00666949
0.0172505
0.039781
-0.0429438
-0.0224065
-0.0549487
-0.0491522
0.0178278
0.0302622
-0.0741276
-0.00738246
-0.0831654
-0.0316203
-0.0191006
0.0490105
0.00805165
-0.0307632
0.0464004
-0.0301871
0.0368161
-0.0019911
-0.0199335
0.0508528
0.00443177
-0.0427821
-0.00298702
-0.020531
-0.0184764
-0.0311446
0.0163054
-0.0340917
0.0575805
0.0798939
0.122241
0.0308606
0.0623835
-0.100259
0.02737
-0.0165868
-0.0185474
-0.00824551
0.0117183
-0.00273731
-0.0368417
-0.0154826
-0.0519736
0.0059123
0.0416636
0.000183631
0.0238372
-0.0106645
0.0148613
0.0201753
-0.0415488
0.00824488
-0.0808414
-0.0322359
-0.0514484
-0.0576285
0.054011
0.0248723
-0.0556224
-0.0080854
0.01279
-0.0131011
-0.00625692
-0.0521149
0.000639795
0.0539949
-0.023688
-0.0082488
-0.0162173
-0.000640829
-0.00980032
0.00588944
-0.0275826
0.0166786
-0.00726299
-0.0187066
0.0191738
-0.0414915
-0.061463
0.0588624
0.00179813
-0.00317696
0.0472912
0.0354069
-0.02259
0.0106324
-0.0347213
0.00989905
0.00877647
-0.0320215
-0.0164736
-0.00502729
0.034595
0.0536495
0.027469
-0.0414545
-0.0406506
-0.0123364
0.0112644
0.0380725
0.0375844
0.0479674
0.0281005
0.0148213
0.0211432
-0.0243608
-0.0481904
-0.0307244
-0.0135119
-0.00296479
0.0436439
-8.49943e-05
-0.0324877
0.0444785
-0.0471453
0.0411134
-0.00581734
0.00339835
0.040828
-0.00797999
-0.000622028
0.00677935
-0.0485437
0.0243753
-0.00422366
0.0214767
0.0313337
0.0232856
0.0276342
0.0068199
-0.0365543
-0.0342626
-0.00447874
-0.0308522
-0.062088
-0.0346649
0.0407085
-0.0133987
-0.0194233
0.0437434
0.0210477
0.00357148
0.0246377
0.0115264
0.0340948
0.01771
0.0377125
0.0195699
0.00971588
0.0223199
0.0124793
-0.0319302
0.0443351
-0.0362382
-0.0443282
-0.0434988
-0.0345135
0.0010398
0.0239596
0.0325979
0.0372132
0.0103372
-0.0105359
-0.0293515
-0.0147057
0.00127532
-0.0283071
-0.0442195
0.0422084
0.0228401
0.00713309
0.00147156
0.0484962
-0.0300622
-0.0304045
-0.0193185
-0.0232093
-0.00174334
0.00525598
0.0307632
-0.0218613
-0.013358
-0.0326878
0.0252199
-0.0448801
0.00915124
-0.0248454
0.0345145
0.00656183
-0.00958094
-0.0276594
0.0363159
0.00569771
0.0250543
0.021761
-0.0153975
-0.0418314
0.0466299
0.0158636
0.0177667
-0.0397696
0.0407117
0.0383054
-0.0461864
0.0168626
-0.0244571
-0.0171092
-0.014885
0.0496096
-0.0449614
0.0265445
0.0424285
0.0450263
-0.00503089
0.00803334
0.0026683
0.00500939
-0.0193832
0.0614438
-0.00141163
-0.00798837
-0.0189542
0.0542592
-0.00262753
-0.0552204
0.0144111
0.0496517
-0.0136298
0.0517981
-0.0239979
0.0456553
-0.0441677
0.0781509
-0.0118484
-0.0426418
-0.0213146
0.0515243
0.0463987
-0.00795198
-0.0649687
-0.0261478
-0.0227778
-0.0535714
0.00924371
-0.00556923
0.0177902
0.00756608
0.0224971
0.00758476
-0.0221709
-0.00728265
-0.0350063
-0.052061
-0.0255592
-0.0574032
0.00822043
-0.0279854
0.0166516
-0.00689061
-0.0338364
0.0249039
-0.00544579
0.00499482
0.0093323
-0.0412734
0.0583384
-0.00500582
-0.0200926
0.0144296
0.0640456
-0.0368565
0.0280937
0.0140987
-0.00273215
0.0223576
-0.0731014
0.0284643
-0.0443359
0.0429266
0.0384777
0.0200135
0.0495593
0.0338998
0.0783264
-0.0145141
-0.0225715
-0.0681128
-0.00052508
0.00395088
0.000280197
0.0266853
-0.00911878
0.0207127
-0.0531246
0.00217144
0.0619368
-0.0739444
0.0198898
0.0381758
-0.0496583
0.0178863
0.0148291
0.0156014
-0.0112831
0.00801768
-0.0385144
-0.0307983
-0.0156415
-0.0332275
0.0156778
0.0042062
-0.0361283
0.0589623
-0.0304932
0.0225692
-0.0426792
-0.0154516
-0.0165756
0.0132586
0.0488749
0.0434517
-0.0276664
-0.0408628
0.0229609
0.0270511
0.0361913
0.0526417
0.0496232
-0.0259556
0.0342874
-0.00969608
0.0376366
-0.0406359
-0.00226324
0.00158215
0.0135738
0.0479475
0.0321894
0.00831368
-0.000465487
-0.0334741
-0.0321156
0.0259772
-0.00811521
-0.050418
0.0265131
-0.0101024
0.042947
0.00760572
-0.0121044
-0.016249
0.0440039
0.0274984
-0.00451088
-0.0316209
0.0184039
0.00580762
0.0353469
-0.0483656
0.0380863
0.0477012
-0.0132537
-0.0426322
0.0482395
0.00248038
-0.0313638
0.00279233
-0.00110555
0.00407957
0.0194095
-0.0118615
-0.0430898
0.0190166
-0.0288659
-0.0256101
0.0513777
0.0287562
0.00576719
-0.040241
-0.029247
-0.0241566
0.0111701
-0.00405779
0.0402383
-0.00485874
0.0296642
0.0186349
-0.00466325
-0.015689
-0.0440205
-7.3886e-05
0.020465
0.0403484
0.0126812
3.67325e-05
0.0234419
0.0207905
0.048481
-0.0400798
0.00694834
0.0120435
0.0228445
-0.00382947
0.0352212
0.00168059
0.0212333
-0.0241784
0.012583
0.0478496
0.0139308
0.0546339
0.00400375
0.0167071
-0.0240352
0.0273339
-0.0105195
-0.0350124
0.0180919
0.0409001
-0.0549457
0.0635823
-0.243102
-0.168097
-0.106036
-0.0402731
0.132373
-0.0275796
0.0144894
-0.0644819
0.0271378
0.032716
-0.0604347
-0.00014142
-0.0278002
-0.0253728
-0.0723549
-0.0418595
0.0686873
-0.0762472
-0.046325
-0.0567062
-0.0614739
-0.0653384
-0.0280094
0.350339
0.103758
0.122127
-0.0473958
-0.0872858
-0.00771002
-0.0420465
0.0615378
-0.0321087
-0.0526242
0.106587
0.105676
0.075344
0.0268512
0.0956887
0.00850753
0.00251921
0.108051
0.010737
0.0230747
-0.015173
-0.0407774
0.0153327
0.0541669
0.0470801
0.07238
-0.110361
-0.0717494
-0.0133185
-0.0607247
-0.0784603
-0.0485356
0.000385657
-0.0310053
-0.044971
0.0408097
-0.019561
0.0593027
0.0698521
0.114715
-0.000763654
0.0383474
-0.025087
0.0141372
-0.0174775
-0.00983381
0.00783566
0.0460384
-0.119403
-0.016385
-0.0341251
0.0117224
-0.0852319
-0.0394085
0.0358263
-0.0578192
0.0472586
0.0170594
0.00287499
-0.0131773
-0.0981116
0.0246831
0.00521942
-0.0421013
0.0501231
-0.0452336
-0.0189204
-0.015452
-0.0139938
-0.0307402
-0.0468295
0.0207174
-0.0366279
-0.0233333
0.051525
-0.000738452
-0.019906
0.0088759
0.0356218
0.00879412
-0.012939
-0.0301955
0.00942346
-0.0189291
0.0563422
0.135047
-0.0852521
-0.0187395
-0.0156963
0.0583046
-0.0162766
0.042408
-0.000787934
-0.0370711
-0.0190763
0.0829722
0.084084
0.0271435
0.0198534
-0.0029726
0.0138176
0.0449908
-0.0172769
-0.0473112
0.0583742
0.0222679
0.00105165
0.04631
-0.0181995
-0.0213826
0.0139176
0.0162174
0.0187043
0.0449009
-0.040403
-0.0129852
0.0473433
-0.035248
0.0500278
-0.0446439
-0.0161285
0.0260507
-0.0473415
-0.00430461
0.0421812
-0.0464605
0.0170346
0.00386596
-0.00774537
-0.0204405
0.0347273
0.0351998
-0.00140792
-0.0156114
-0.013073
-0.00183194
-0.037225
0.0128321
-0.0015226
0.0225381
-0.00886385
-0.0581654
0.042029
-0.0423381
0.0532475
-0.0427827
0.0478202
-0.000403657
0.0422925
-0.0250818
0.0382923
0.0338935
-0.0294328
0.0441955
-0.0400513
0.0036393
0.00373844
-0.0410675
-0.0303919
0.012099
-0.0380803
-0.0084036
-0.00672503
0.0485824
-0.000898214
0.0306992
-0.0368733
0.0345358
0.0485547
0.0392658
-0.0156701
0.0162327
0.034746
0.0235334
0.00347062
-0.0157701
-0.0507092
0.0162385
0.0717718
0.0460351
-0.019183
-0.0947624
-0.0456727
0.020103
-0.0192217
0.00500965
-0.0158954
0.0108473
0.0879429
0.0558738
0.0350683
0.045421
0.0290711
0.0694188
0.0655912
-0.0107703
0.00966604
0.0070486
0.0224951
0.0392177
-0.0288314
-0.0292789
0.0251553
0.0577215
-0.00595858
-0.0467729
0.0369975
0.0101367
0.0141424
0.0377044
0.00372217
-0.000204062
-0.00537788
0.00851793
-0.0220586
0.0242664
0.0346206
0.0302164
-0.0366697
-0.0191131
-0.0467416
0.0173762
-0.048747
-0.0105437
-0.00781229
-0.0339287
0.0168146
-0.0249473
-0.0493525
-0.0129071
0.0525729
0.0480411
0.0315831
0.00743875
-0.0692176
0.0259252
0.0534863
0.0416683
-0.0173929
0.00655837
0.0311436
-0.0766693
-0.0308688
-0.031281
0.103245
-0.0546442
-0.0688717
-0.107916
0.0215519
0.0325467
0.10695
0.0381423
0.013289
-0.0236022
-0.00128378
-0.0108066
-0.0596478
-0.0594001
-0.0230652
0.0157459
-0.0071489
-0.0121317
-0.0607419
-0.0512439
0.0167648
-0.020445
0.0420919
0.0204294
-0.0442228
0.0507015
-0.0103793
0.083802
-0.104475
0.0937187
0.0618556
0.0358667
-0.0451576
0.0301411
0.0023185
-0.0379511
-0.0462723
0.0251308
0.00422443
0.0443233
-0.00445123
-0.141099
-0.0751025
-0.0261853
-0.0333299
0.0250109
0.0342165
0.00468348
0.0223436
-0.0138181
0.039102
-0.00682502
0.0952982
-0.0494915
-0.0716525
0.0156527
0.0402317
0.0483156
0.0133878
-0.0367296
0.0182107
-0.0868549
0.00753224
0.00180926
-0.0356146
0.0136604
0.00581742
0.0458546
-0.0477159
-0.0201678
0.00885306
0.00365508
-0.0392293
0.029929
0.0239939
-0.0207808
0.0401851
0.0446841
0.0301393
0.0333303
0.0184296
0.0127597
0.00193524
-0.0360834
0.0133634
0.0336378
0.00247933
0.0293089
0.0306391
0.0329229
0.00855281
0.059097
0.0681628
-0.0478327
0.0337515
-0.0135496
0.0494672
0.0101524
0.0413767
-0.0175232
-0.0240015
-0.0209271
0.0355598
0.00128384
0.0226993
0.00115687
0.0114862
0.048572
0.0473848
-0.0447468
-0.00986635
0.0428573
-0.0280079
-0.0494356
-0.0356222
0.0065191
-0.00699937
0.020669
-0.0067202
0.0145786
0.0281851
-0.0471976
-0.0397894
0.00396643
0.0252988
0.0265736
0.0461916
0.0128346
-0.0310234
-0.0756316
-0.014147
-0.00493331
-0.00829769
0.0300903
-0.00960761
0.0376042
-0.110792
-0.015586
-0.0158794
0.0342796
-0.0320465
0.0384291
-0.0133926
0.000492816
-0.0295769
-0.019591
0.0444222
-0.0158884
0.257997
0.146469
0.0626246
-0.0626709
-0.140389
-0.00139219
-0.0302852
0.0507628
-0.0729545
-0.0245927
0.0453457
-0.0442158
-0.0201749
0.0338517
-0.0119074
0.0448905
-0.0774251
-0.0242283
0.00944386
0.107353
-0.0361019
-0.0027994
0.019541
-0.231252
-0.0258017
-0.145653
0.022096
0.0287502
-0.0976693
-0.00292946
-0.0547021
-0.0287447
0.0273213
-0.082084
0.0138317
0.0444486
0.0642252
-0.0520799
0.000848155
0.00193369
-0.0407605
-0.029083
-0.0108041
0.0164653
0.00833958
0.00397808
-0.0069658
-0.094645
0.0305114
0.0140243
0.00793477
0.0352949
-0.0362851
0.0546479
-0.00538879
-0.0306822
0.0274336
0.0766848
0.0290455
-0.0663447
-0.00093142
0.0240292
0.00303123
-0.00455391
-0.0192907
-0.0109148
-0.0280141
0.00826713
-0.0378842
0.01082
0.0347325
0.109336
-0.0172379
0.0554886
0.0300633
-0.0206339
0.0269839
-0.0273173
-0.0225818
-0.0669335
-0.0357812
-0.0402513
0.0130708
0.129355
-0.004757
-0.0278905
0.00726453
0.0804481
0.0516688
0.0415956
0.0444325
-0.0429678
0.0387016
-0.0187661
0.0143351
0.00282566
-0.0270467
0.0356244
0.0469006
0.0146882
0.017315
-0.00106121
0.027909
-0.0294659
-0.0261897
0.0272444
-0.0344849
0.0383905
-0.0682447
-0.000514881
0.00502546
-0.0454611
0.0371571
-0.0307567
-0.100938
0.038193
-0.0335856
-0.0226396
-0.0470177
-0.0905277
-0.0489085
-0.0795155
0.0428503
0.0191803
0.0319467
-0.0325355
0.00476653
0.0179579
0.0179613
-0.0352941
0.0420992
0.037683
-0.0107297
-0.00973926
0.0238894
-0.00838519
0.0255117
-0.010714
-0.0107987
0.0444244
-0.0366478
0.0234564
0.00728811
-0.009095
0.0256815
-0.0359686
0.0400355
-0.0168275
-0.0249049
-0.00110174
0.0376324
0.015682
0.000531881
-0.00207131
-0.027296
0.00548003
0.00713566
0.0413611
0.0127781
0.0440874
0.0280729
0.039848
-0.024165
0.0139108
0.0467347
0.0165256
0.00203091
-0.0447162
0.0163167
-0.0401395
-0.0460899
0.0218419
0.0103257
0.0161941
-0.029411
0.00380189
-0.0141191
0.00726191
0.000674116
-0.0380576
0.0447442
-0.0250278
0.0140868
-0.000576224
0.0428473
-0.0166326
-0.00325648
-0.0464272
-0.00911663
0.0187748
-0.0283974
0.0489944
-0.00871893
-0.000683198
-0.0210838
0.0126724
-0.0110827
0.0171377
0.0479694
0.0177832
0.0176379
-0.0400908
0.0186244
-0.0243746
-0.0660728
-0.0450129
-0.000892725
0.0518261
0.00899342
0.0326002
-0.00610791
-0.0324979
-0.0184918
-0.0733667
-0.0896025
-0.0143468
0.0169083
0.031512
-0.0342505
-0.0187021
-0.0219988
0.0384147
0.0240228
-0.0374682
-0.00592753
0.00648358
0.000481722
-0.0779541
-0.0605729
-0.00799291
-0.0546829
-0.00650051
-0.0219167
0.0424354
-0.00358126
-0.0632372
0.0417391
0.0710934
0.0575246
-0.00409739
0.0439327
0.0153326
0.0227241
0.0868237
0.0466309
0.0729661
-0.0402877
0.0110797
0.0111969
-0.0149883
0.039614
0.0591012
-0.0222574
0.0410194
0.00113982
0.0179988
-0.00448858
0.0397895
0.0164361
0.0226952
0.00522076
-0.00694781
-0.0261132
0.0284955
0.0306383
-0.009639
0.0209006
0.0214872
-0.0293589
-0.0294786
0.0578005
-0.0211727
0.0441291
-0.0134649
0.00699616
-0.0273801
-0.00294143
-0.00781419
-0.011321
-0.0537507
-0.0782731
0.040581
0.00819413
-0.0483326
-0.0366177
-0.0172846
0.0579763
0.0183345
-0.0457131
-0.0494098
-0.00238814
0.0543917
-0.0215082
-0.0768857
-0.0131463
0.00360832
0.0328576
0.0167943
0.0237235
-0.0452776
0.106932
-0.0271595
-0.0429288
-0.0299688
0.0210137
0.0295695
-0.0636568
0.12448
0.0575466
0.0407646
0.0412488
0.0336749
-0.048842
0.0144602
0.0449967
0.0198259
0.00149174
-0.0241943
-0.0455032
-0.101075
0.0161142
0.024446
-0.0197841
-0.0343095
-0.0492147
-0.00853793
-0.0254196
-0.0423647
0.0311142
0.0417128
0.00341352
-0.020802
0.052487
-0.0482794
0.0157734
0.0147143
0.0425813
-0.047839
-0.0113755
-0.0313954
-0.0358179
0.0191859
0.0122938
-0.0201265
0.0208146
0.0109854
0.0123836
0.0119994
0.0022966
0.0230661
0.0516998
0.0261266
-0.00785676
0.004485
-0.0168898
-0.0221654
0.00404088
-0.0284411
-0.0223796
0.0112159
0.024551
0.0176783
0.0448116
-0.0494776
-0.0325163
0.0139517
-0.0169801
0.037621
0.0168587
0.0227996
0.0181897
-0.0425537
-0.0303622
-0.0493335
0.0259623
0.0087585
-0.0241965
0.0182359
-0.0254458
0.0337789
-0.033983
-0.0085148
0.0478057
-0.0363708
0.0178894
-0.0193096
0.0328516
0.00870292
0.00752035
0.0097545
-0.0108486
0.0418443
-0.0116118
-0.0427142
-0.00833271
0.030848
0.0455131
-0.0805838
0.00142546
0.0485195
0.0351507
-0.045473
-0.0105631
0.043149
0.0609338
-0.0287957
0.023158
0.0212097
-0.00249571
-0.0447755
0.0204334
0.0541551
-0.0388054
-0.00213694
-0.0326805
-0.0447475
-0.0746713
-0.0613898
0.0380106
0.0406917
-0.0522044
-0.0429566
-0.0699456
-0.023807
0.0492695
-0.00817971
-0.0273855
0.0183395
0.0396614
-0.0980184
-0.0361861
0.0603563
-0.0957204
-0.0390757
-0.0390933
0.0266293
0.00197958
-0.0380567
0.14513
0.0700268
0.119441
-0.0325391
-0.0649098
0.0593404
-0.051674
0.0701944
0.00392348
0.000375516
0.0310385
0.0127225
0.0399836
-0.0186203
-0.00992842
-0.0371107
-0.0404189
0.111469
0.0179013
0.0670059
-0.00105173
0.028883
0.0456876
0.0311788
0.0663216
0.0173294
0.0182825
0.0235187
-0.0433071
-0.012959
0.0134582
0.0209296
0.0244223
-0.00768941
0.00311627
0.0458883
0.0619839
0.0198369
0.0527362
-0.0649228
-0.0407825
0.0358807
0.0194762
0.00477294
-0.0290284
0.0239241
0.0313738
-0.0122467
0.00932948
-0.0433328
-0.0559592
0.0338906
0.0176659
-0.0324324
-0.0359939
-0.0290976
-0.0393581
-0.0100732
0.0370128
0.0363515
-0.00544939
-0.0318155
-0.00832506
-0.0216113
-0.0952741
-0.0386145
-0.0198706
0.0101558
-0.0203041
-0.0283586
0.0180601
0.0287096
0.0118964
-0.037147
-0.0326565
-0.0467562
-0.0326846
0.0477247
0.00164114
-0.0209509
0.0240439
-0.00281772
0.0575186
0.00185482
0.0342006
0.00310927
-0.0634249
0.016153
0.0397302
-0.0232763
0.0359892
0.123455
-0.0106852
-0.003015
0.0323884
0.0841714
-0.00392086
0.0670078
0.0880809
-0.0232278
0.0234823
-0.00364079
0.0333864
-0.022963
0.0486847
0.00443951
-0.038353
0.0358309
-0.031744
0.0467982
0.0319305
-0.0213287
0.0158622
-0.0135549
0.0191814
-0.0428298
-0.0266762
0.00538662
-0.0217986
0.00855148
-0.0185551
-0.00829631
0.0178801
-0.00654157
0.0374456
-0.0414713
-0.0315774
0.010283
-0.0404897
-0.0167579
0.0194176
-0.00599343
-0.0404319
0.0454033
0.0282323
-0.0197193
0.0145281
0.0124568
-0.00176537
0.0086603
-0.0412394
0.0305053
9.91404e-05
-0.0121412
-0.0222912
0.0331398
0.0262928
-0.0161291
0.0461507
-0.0112279
0.0231554
-0.0208241
0.0353463
-0.0437464
0.0242846
0.0441368
0.0253044
0.0294012
-0.0246134
0.0471915
0.0298594
-0.0207519
0.0171238
0.0409967
-0.0369922
0.033279
-0.0195971
-0.0356033
0.0224722
-0.0282151
-0.0105018
0.0372229
-0.0246225
-0.0318542
0.0265489
-0.0529017
-0.0205958
-0.038274
0.0665275
0.0586532
-0.0539246
0.0743918
0.00864003
0.0487865
-0.0579966
-0.0235738
-0.0312985
-0.0240873
0.0624608
-0.00789462
0.0298323
0.00885561
0.0497087
0.025369
0.03905
0.0543766
-0.0110745
-0.0203808
0.0206025
-0.00908653
0.00135287
0.0448631
0.0337093
0.0081505
0.0298612
0.0160472
0.0330895
0.0420483
0.0146215
0.0317476
-0.000202472
0.0117643
0.0298907
-0.0309547
-0.0425043
-0.0143238
0.0039362
-0.0157198
-0.0168049
-0.0567602
-0.0449049
-0.0126228
0.0286497
0.0486712
-0.0333155
0.0177139
0.0234383
-0.00906123
-0.00996785
0.0401715
-0.0299889
0.0250275
-0.0158058
-0.0133944
0.015544
-0.100458
-0.0299295
0.0233226
-0.0390619
-0.0441828
1.73082e-05
-0.00782412
0.0468848
0.0316038
0.0313753
0.0470885
0.094201
0.0279631
-0.0272773
-0.0394152
0.054833
0.0355375
0.112715
-0.0683643
0.0562994
0.0143146
-0.0275137
0.0262152
-0.00853414
0.00114233
0.0233453
0.0411231
-0.00956313
-0.0262224
-0.00703453
0.00736086
-0.0410605
-0.0265211
-0.0585924
-0.035688
-0.03454
-0.0366019
0.00799425
-0.00744306
-0.000175623
0.0332727
-0.0196862
-0.115457
-0.042876
0.0394583
0.0327229
0.00272369
0.0255413
-0.0169298
-0.042054
-0.0403095
0.0120471
0.0113775
0.0221252
-0.038978
0.0102637
-0.0603329
0.056864
0.0211438
0.00647832
-0.0129751
-0.012478
-0.00602658
0.0614312
0.0233643
-0.0332501
0.0659461
-0.0395427
-0.0380002
-0.0146877
-0.0756427
0.0414778
-0.0218697
-0.0129326
0.0442326
0.0200706
0.00409065
-0.0103106
0.0389691
0.0198235
0.0282256
-0.02666
-0.00827722
0.0192375
-0.0262941
0.0479894
-0.00521011
-0.00192891
-0.00878204
0.0113318
0.00930451
-0.0147353
0.028771
-0.0449711
0.038073
0.0122122
-0.0343577
0.0376816
0.0201665
0.0190222
-0.0236676
-0.00657175
0.0264174
-0.0458976
0.0432316
0.0422839
-0.0298001
0.00134335
-0.0297463
0.0220805
0.0320123
0.00626566
0.0464634
0.0232703
0.0455869
0.021136
0.0254736
-0.0202364
-0.0480194
0.0113325
0.0320588
-0.000439899
-0.0147385
0.014733
-0.0486453
0.0464385
-0.0421564
-0.0441368
0.0388759
0.0514099
-0.0530107
-0.000815912
-0.0244479
-0.0229172
0.0367693
-0.00202118
-0.0203662
0.0209629
-0.0226301
0.0341383
0.0127216
0.0291109
-0.0197723
-0.0245516
-0.0403534
-0.0231248
0.00236189
0.0548673
-0.00541048
-0.0323787
-0.0543652
0.0374901
-0.000646388
-0.0064026
-0.0395145
0.0431323
-0.00157783
0.0830963
-0.030307
-0.0334537
-0.0303039
-0.00870071
0.0429994
0.00832078
-0.0270315
0.0109749
0.00803278
-0.0491913
-0.0234728
-0.0351228
-0.0126968
-0.0123934
0.0412701
0.0110466
-0.0147003
0.00382625
-0.0473441
0.00924232
0.00889105
0.0405938
-0.00645263
-0.0123574
-0.0294792
0.0358598
-0.0489814
-0.0605783
0.00851623
0.0205064
-0.0334255
-0.0149772
-0.023565
0.00642329
0.0436515
0.0383069
0.0183495
-0.0148342
0.0124113
0.0174266
0.0239991
-0.0565069
0.0465214
-0.0463333
0.042134
0.0918638
-0.0115407
0.0165479
-0.0102133
0.00508574
-0.0421689
0.000170817
-0.0311795
0.0215807
-0.0442783
0.0139773
-0.0458411
0.0831566
-0.0194977
-0.0102169
0.0218555
0.0435135
-0.048342
0.0199773
-0.0399836
-0.00108764
-0.00939427
-0.0429864
-0.0250656
-0.00769581
0.00583495
-0.0291793
-0.00685471
-0.0305298
0.01813
-0.0517321
0.014032
0.0244664
-0.0192918
0.00350527
-0.0150065
-0.0507865
-0.0217519
0.024176
0.0237689
0.0473595
0.025973
0.024267
-0.00385266
0.0111256
0.0469521
0.0610497
-0.0236151
0.00853326
-0.00790345
0.00249943
0.0359499
-0.041789
0.0039171
-0.0017195
0.0247849
-0.0424705
0.00757651
0.00541954
0.0251624
0.0453882
0.0366542
0.00174646
-0.0591469
-0.00841995
0.0331635
-0.0213571
0.0229492
-0.0248273
0.0304808
0.0200101
0.0428983
-0.0619014
0.00492522
-0.0263825
-0.0369629
0.0386906
0.0142679
-0.0250595
-0.00761038
0.00848935
0.0325959
-0.0280396
-0.0116805
0.0221332
-0.0296343
0.0386109
-0.0074517
0.0683811
-0.024985
-0.020586
-0.0306497
-0.0284541
-0.0480743
0.00655761
0.0294102
0.032045
0.0401538
0.0404822
0.0251044
0.030696
-0.0459517
-0.0106171
0.0331959
-0.0077404
0.00416411
0.0452573
-0.0159644
0.0632206
-0.0278163
-0.0297221
-0.0237074
-0.0366865
-0.0484358
0.0438206
-0.0412942
0.0336704
0.00842347
-0.0231172
-0.00960209
-0.00859982
0.035661
0.0164287
0.0193516
0.0175995
0.0169024
0.031668
0.0177172
-0.0144858
0.0418427
0.0342648
0.0405329
0.0131797
0.0462995
-0.0161867
-0.0171283
0.0374005
0.0210579
0.00554239
-0.0358947
-0.0385419
-0.0466256
-0.0161548
-0.0329335
-0.0384182
-0.0393006
-0.001394
-0.0221076
0.0160326
0.0163703
-0.0287309
-0.0455847
-0.0365529
-0.0186112
-0.0315671
0.0391198
-0.0447713
0.028892
0.0653719
-0.0448541
-0.0156534
0.0196331
-0.0429043
-0.032827
-0.0450519
0.0602202
-0.0386722
0.0589282
0.0642808
0.0126502
-0.0415227
0.0172173
0.0509208
0.0219723
-0.014849
0.0258286
0.0183294
0.0015664
-0.0120903
0.0413707
-0.0326913
-0.0341049
-0.0671405
-0.0150744
0.00883585
-0.00627722
-0.0509774
0.00571882
-0.0515911
-0.012315
0.0160167
0.0451482
0.0124483
0.0218821
-0.0450061
-0.0447051
-0.0327794
0.000283161
0.021524
-0.0629057
-0.0399463
-0.0309572
-0.0584441
0.0151553
-0.0312542
0.048703
-0.0269233
0.0498633
0.0246123
0.0310651
-0.0450097
0.0103731
0.0301736
0.0353575
0.000427671
0.00116844
0.0192118
-0.10105
0.0764617
-0.0141075
-0.0775039
-0.0101566
-0.0123202
-0.037895
-0.0237696
0.046908
0.0141675
0.0128874
0.0167966
-0.015216
0.0074214
-0.0261157
-0.0316369
-0.0432051
-0.0234492
0.00982663
-0.0201608
-0.0573441
0.0145473
0.0285571
0.0547947
0.0536913
-0.0230329
0.00814195
0.0237879
0.0549804
-0.0263088
0.0539022
0.055754
-0.0152096
0.0402404
0.0517272
-0.0124112
0.0351665
0.0584292
0.0104236
-0.0194509
0.0304069
0.0243681
0.0108224
-0.0618219
-0.00452002
0.0261246
-0.0147569
-0.0022308
0.00836333
0.0204417
0.0235122
0.0561951
0.00193438
0.0350986
-0.00281925
0.00693137
0.0250704
-0.0696813
-0.000642541
0.0370599
-0.0177808
-0.0117847
0.00697676
-0.0269328
0.0174908
0.00148704
0.00693801
-0.0395891
0.0168101
-0.048395
0.0355141
-0.0262482
-0.0354749
0.0189657
0.00242848
0.0162418
0.00419374
-0.0377067
0.0123239
0.030799
-0.0216379
-0.0431551
-0.017874
0.0408084
0.0398984
-0.00221895
0.0326806
0.0303217
-0.031116
0.0110524
-0.0423979
0.0438094
-0.0291487
0.0149613
0.0252944
0.0354002
-0.000311586
0.0392971
0.00319698
-0.0133634
-0.0204413
-0.0445433
-0.0375231
-0.0474524
-0.0146838
0.0202197
0.0205503
0.0349469
0.00806592
-0.0266965
0.0385848
-0.0361913
-0.0292928
0.017664
-0.0142394
0.00879859
0.0379543
-0.0478695
0.00804931
0.0086145
0.0270746
-0.0094494
0.024204
0.0137224
0.0410643
0.0208922
-0.0714754
-0.0073899
0.0373525
-0.0230005
-0.0117693
-0.0403941
-0.0380152
-0.0240946
0.00374173
-0.00696722
-0.0113819
-0.00867513
0.0439382
0.0197346
0.0253679
-0.0292078
-0.0733765
-0.0630508
-0.0411019
0.126429
-0.034483
-0.0974101
0.0793844
0.00350112
-0.0811903
0.0581866
-0.661731
-0.30332
0.0486436
-0.116254
0.180019
-0.0672327
-0.0487736
-0.00688363
0.0226911
-0.0717744
0.0601899
0.0594501
0.00782506
-0.0931285
0.0151299
-0.0302707
0.147925
-0.00065932
0.00737557
0.102047
-0.0214424
-0.0492946
-0.135362
-0.121126
0.0838942
0.086623
0.092082
-0.168541
-0.0134143
0.0136249
0.0633231
-0.110685
0.00256726
0.0388611
-0.0257128
-0.0386051
-0.00953291
0.223763
-0.00236338
-0.0686893
0.0839582
-0.0272523
-0.177795
0.0246061
0.0632728
-0.011652
-0.0391784
0.00328672
-0.00661436
-0.0442828
-0.0483503
0.0280497
0.0963089
-0.089158
0.00481121
0.00213599
0.102548
-0.102736
0.0443411
-0.00175647
0.0838058
0.0483407
0.0475596
-0.165304
-0.0192394
-0.0829614
0.0352426
-0.00514752
-0.0532943
0.0785832
-0.0399448
-0.131801
0.0304622
-0.00805715
0.0662205
-0.0591615
-0.136854
-0.0842338
-0.13485
0.019371
-0.00451315
-0.0237928
-0.00788959
0.0821675
0.0473862
-0.0226407
0.0272815
0.0860882
-0.0306052
0.00697898
-0.0383357
0.054157
-0.0165036
0.0231965
0.0158342
-0.00172087
0.0468209
0.0749019
0.0167101
0.0357614
-0.0123622
-0.0236215
0.00957408
-0.0329699
0.0106462
-0.0203128
-0.0172501
-0.0514962
-0.0471774
-0.0407102
-0.0576601
-0.0425141
-0.0511704
-0.0330183
-0.0452301
0.00101031
0.0372572
0.00981588
0.0640152
0.149081
-0.0883741
0.248639
-0.113529
-0.0240784
0.0503178
-0.0246492
-0.00267565
-0.0539993
0.0477494
0.00441914
0.0332646
-0.0469101
0.0432153
0.0953499
0.0467903
0.015743
-0.0657938
0.00711682
-0.0314675
0.0394857
-0.0223018
0.00826181
0.0190565
-0.0566742
0.0321927
-0.0173033
-0.0278718
-0.0238526
-0.0429509
0.0260221
0.00819533
0.0360267
-0.0289315
0.0582795
-0.000193838
0.0361674
0.0323705
0.0112295
0.0308309
-0.0249637
-0.0354673
0.0368487
0.0278949
0.0217104
0.0107361
0.0351535
0.0334892
0.0401085
-0.00757842
0.0132331
-0.0188064
-0.010743
0.0218389
0.031947
0.0263069
0.020194
-0.0354718
-0.032701
-0.0462917
0.0140928
0.0421344
0.0256485
0.0467967
0.00781369
-0.111151
0.0343218
-0.00858441
0.0255234
-0.0223039
0.00945177
-0.00554672
-0.0389804
0.0189483
-0.034573
0.0412983
-0.00666833
0.0126871
-0.0306893
-0.0920623
0.0176781
-0.0188807
-0.00789949
0.0388998
0.0789792
0.00457069
-0.0161162
0.0242361
0.0255641
0.0149611
-0.019643
-0.0183155
0.052252
0.124168
-0.0514863
-0.080366
-0.00566823
-0.00511403
0.0338353
0.0508212
0.0720064
0.0658495
-0.0612542
0.0409226
0.0192913
0.0214089
-0.0222721
0.10314
0.0304086
0.0423429
0.0742656
0.0478364
0.0783946
-0.00657931
-0.0145855
-0.0602832
0.0745577
0.0200121
0.0277303
-0.1013
-0.112309
0.00507417
0.0303192
0.00348318
-0.182275
-0.0265418
-0.150152
-0.107535
0.0070266
-0.0711534
0.00367594
-0.0542203
0.00666049
-0.0405876
0.018587
-0.00472533
-0.0494732
-0.0979376
-0.0825049
-0.102745
0.0174518
-0.0286274
-0.059167
-0.0395723
0.110981
-0.238765
-0.0672634
-0.495671
0.032428
0.0495047
-0.284715
0.0952747
0.0482402
-0.0358307
-0.0304312
0.0293779
0.0303342
-0.106937
0.068545
0.00411861
0.0439143
0.169875
-0.0574232
-0.049088
-0.0286598
-0.022353
0.0796973
0.00119284
-0.161574
0.101956
0.119379
-0.0163429
-0.129019
-0.0364702
0.0536463
0.0161795
0.0211808
0.0870527
0.0211556
0.0588964
-0.145865
-0.084704
-0.0369953
-0.0245247
0.0177067
0.0958079
0.0325291
0.193888
0.0443543
-0.0234778
-0.0896668
-0.102217
0.0352216
0.043281
0.0314272
-0.0249331
-0.0192126
0.0285278
-0.0541947
0.159197
-0.111794
0.292655
0.115154
0.0684751
0.0667146
0.0388399
-0.0187393
-0.0407617
-0.0451492
-0.00249963
0.0461944
0.0116278
0.0302838
0.0120236
-0.0407671
0.0482038
0.0393095
-0.0758461
0.0241218
-0.0557649
0.00606816
0.0200498
0.0388093
-0.0206663
0.0108946
0.0138725
0.0439348
-0.0171829
-0.0222412
0.0313872
-0.00232144
-0.0315804
0.00889017
-0.032338
0.0321051
-0.0487306
0.0128367
0.010093
-0.0463868
0.0143826
0.113733
0.0365584
-0.0278548
0.0434027
0.0112941
-0.00733852
0.0381879
-0.026749
0.00331435
0.0242042
-0.0187859
0.0547453
-0.0389325
0.0338905
-0.00643832
-0.0141081
-0.0309318
0.0485969
-0.0112379
-0.0117521
-0.0291702
-0.0217833
0.0551346
0.019024
-0.00555279
-0.0261491
-0.0146435
-0.0331832
-0.00292273
-0.0677072
0.000879991
0.0368298
-0.111241
0.0310875
0.0436945
-0.0263904
-0.0290982
0.0573986
-0.000269651
0.0869081
-0.0291684
-0.0336269
-0.00511285
-0.0383629
0.0177904
0.0306871
0.0167457
-0.0176722
-0.0389482
0.0213866
0.0396962
0.0347311
-0.0262081
0.00536357
-0.0333421
0.0118314
-0.0760368
-0.0638203
-0.110181
0.00661902
0.0514052
-0.0415166
-0.0379503
-0.0638116
0.00145541
0.00642022
-0.0607491
0.0322276
-0.0374768
-0.0507488
-0.0298405
0.0114904
0.015851
-0.0177041
0.0412277
0.0142749
0.0199361
-0.0267784
0.0575218
0.0738268
0.00594595
0.0124688
-0.0111276
-0.0590645
0.0987922
0.0258071
0.0105259
-0.0165939
0.052655
0.00779622
0.0169575
0.035255
-0.0355533
0.0439754
0.0171861
0.0337961
0.0615861
-0.0184886
0.0340706
0.032726
-0.0491723
-0.0256476
-0.00273611
0.0764537
-0.00183834
0.00341235
-0.0350794
0.00813768
0.0017374
0.00497699
-0.0368491
0.0221356
-0.0475895
0.0236225
0.017997
-0.0402527
-0.0582471
0.000524424
0.0499614
0.0264949
0.070621
0.034177
0.019637
0.0300005
-0.0189044
-0.0130642
-0.0401357
-0.0657826
-0.0624589
0.000708289
-0.00648883
0.0100529
0.0424512
0.0344009
-0.00492957
-0.00500183
-0.00236953
0.0139514
-0.000160035
-0.0355951
-0.0371786
0.0283384
-0.0264255
-0.01594
-0.00908939
-0.0138112
0.0173164
-0.018602
-0.0729187
-0.0309091
-0.0152375
-0.0333984
-0.0238218
-0.0243893
0.000124685
-0.0454962
0.00958263
-0.0400075
-0.00955257
-0.0196781
0.0188643
0.0118605
0.00354562
-0.0200326
0.0307552
0.0707449
-0.0204809
0.00916753
0.00745478
0.0346498
0.0845886
0.0204184
-0.0168642
-0.000989708
0.00267378
0.046771
0.00682539
0.000154125
0.0206999
0.0247224
-0.0109908
-0.0111972
0.0430035
0.0105112
-0.0326728
0.0234027
-0.036625
0.0195187
-0.0293105
-0.0188025
0.039502
0.0170238
0.00752548
0.0159959
-0.0221372
0.015827
-0.0327315
0.0366611
-0.0436168
0.053292
0.0186334
-0.0071258
0.000629296
-0.0184441
0.0482617
0.0286037
-0.0389674
-0.00680501
-0.0153574
0.0128594
-0.0569973
0.0119165
0.0119012
-0.0311054
0.0425051
-0.0469691
-0.00230426
0.0381766
-0.0312895
0.0471841
0.0253748
0.0230643
0.0402221
0.0423654
0.0341212
-0.0150921
0.0256492
-0.0461754
0.029128
-0.0323909
0.0128852
-0.000252581
-0.0464003
0.0265814
0.0385203
0.00150523
0.00168887
0.0271828
0.0393256
-0.0109158
0.0290472
0.0143874
-0.0339713
-0.0229365
-0.0389341
0.0114041
-0.0380997
-0.0244926
-0.0277124
0.0266761
0.037118
-0.0190973
-0.00224418
0.0258539
-0.0120974
0.0127935
-0.0116372
0.00969611
-0.013437
-0.00693626
0.0248239
0.0105752
0.026889
-0.0109531
-0.0131925
-0.0487916
-0.0362338
0.0609348
0.0345435
0.0519041
0.0761692
-0.0351414
0.0177631
-0.0100574
0.0307072
-0.0290093
-0.0140983
-0.00801525
0.0434909
0.0296517
-0.0351023
0.0382652
-0.00672341
0.0187292
-0.0488589
0.043419
0.0360543
0.048947
0.0400056
-0.0151776
-0.0129223
-0.101606
0.00899166
-0.0111105
0.0109643
-0.0473233
0.00642975
-0.00902324
-0.0192114
-0.00876119
-0.0174278
0.0221085
0.0457071
0.0460818
0.000294281
-0.00682163
-0.0371235
0.00695037
-0.0355483
0.00395231
0.0319033
0.0315028
0.0414279
-0.060886
0.0274535
0.0308712
-0.0330756
-0.00139188
0.00116227
0.0842081
-0.0187094
-0.0173451
-0.019855
-0.0362605
-0.00971396
0.0232162
0.0059069
0.0107394
0.0274262
0.0399254
-0.0196274
0.0401931
-0.0452553
0.0479926
0.0141317
0.012158
0.0267729
-0.0605846
-0.00145393
-0.017863
-0.0423688
-0.0219116
0.0236647
0.053092
0.0311826
0.104398
0.0490061
0.0252037
-0.0137183
-0.0056606
-0.0246533
-0.00414179
-0.026646
0.0406163
0.0242706
-0.0219318
-0.0449192
0.0305172
-0.00182252
-0.0126977
0.0314119
0.0247537
-0.0204562
-0.00347256
0.0241141
0.00783162
0.0276338
-0.015579
0.00244507
0.0521577
-0.01805
0.0125738
0.0444017
-0.0325036
0.0275918
-0.0207034
-0.00606578
0.0276456
0.0132222
0.00496566
0.0179944
-0.0165223
0.0338903
0.0339255
-0.0368509
0.023361
5.83899e-05
0.032799
-0.00501347
0.0317645
-0.0275943
-0.0159691
0.017987
-0.0403343
0.0412581
0.00102299
0.024976
0.00511255
0.0279473
-0.00277666
-0.0268518
-0.0240228
0.0410724
-0.0020936
0.029281
0.0182152
-0.0204827
0.0462626
0.00414362
-0.0100605
-0.0123623
0.00971568
-0.00369181
0.0152097
0.0148603
0.0241737
0.0260472
0.0204527
0.0196732
0.0421815
-0.0164216
0.0252341
0.0428481
-0.00228582
-0.0172583
0.0512479
0.0288041
-0.0332303
-0.02183
0.0423179
-2.21211e-05
0.00920312
-0.036475
-0.00250392
0.00240951
-0.0357444
-0.023446
-0.000199351
0.00726711
0.0212093
-0.0252351
-0.034811
-0.0217629
-0.027584
0.0253813
-0.0206804
-0.0328586
-0.0198266
-0.00786911
0.0254912
0.00241877
-0.00338387
0.00774807
0.0362383
0.0107737
-0.00599753
-0.0439437
-0.0400515
-0.000625686
0.0535817
-0.018675
0.0107969
-0.0121957
0.0476575
-0.00683427
0.00886136
0.0403477
0.0512999
-0.00230974
-0.0662279
0.0405022
-0.374918
-0.24771
-0.146822
0.0469397
0.0977044
-0.101597
0.0443947
-0.0285471
-0.0118736
0.0187244
-0.0456312
-0.0603012
0.0276798
-0.031086
-0.0275618
0.00253976
0.0628753
-0.0799926
-0.0689149
-0.0926754
-0.043731
0.0380779
-0.151199
0.289417
0.175171
0.168231
-0.00267032
-0.177336
0.0798254
-0.0362205
0.0905701
0.00163535
-0.0950183
-0.0113166
-0.000729671
-0.0280562
-0.0853381
0.132656
0.0369283
-0.0342649
0.107851
-0.0105008
-0.0540028
0.0274377
0.0232268
0.00395017
-0.0859009
0.0749739
-0.0282677
-0.0241213
0.0473033
0.0173696
-0.00714634
0.0187352
0.0337086
0.0104947
0.0642051
-0.0824458
0.0355854
-0.00790088
-0.0227082
0.0233874
0.027665
0.0337582
-0.0106445
-0.0780674
0.0301097
0.000675283
-0.0149901
0.0206844
-0.0158326
-0.0424355
-0.135197
-0.00378131
-0.0380686
0.00991737
-0.0548598
-0.0746094
-0.022632
-0.00466797
-0.0276191
-0.0442091
0.0119321
0.00767042
-0.0117784
0.00952624
-0.0247421
-0.0774431
-0.101853
-0.0242539
-0.0539739
-0.029859
-0.0175585
-0.0493666
0.0364307
0.0264817
-0.0300461
0.00445869
-0.0436571
-0.0128623
0.00721193
0.0041345
-0.0259462
-0.008589
-0.0136309
-0.0516453
0.0406354
-0.0213749
-0.00365171
0.0291751
0.00463481
0.0385674
0.0147527
0.0382039
0.136313
0.00015885
0.0193324
0.0371207
0.0446394
0.126672
0.0184512
0.119266
0.0134415
0.019287
-0.00156167
-0.0449181
-0.038028
0.0244983
0.0222565
0.0282428
-0.0344714
-0.0354018
-0.0191395
0.0136453
-0.0417244
-0.0187822
-0.0457403
-0.0267418
-0.0537877
-0.0403669
-0.0447316
0.0211019
0.0156062
-0.0315485
-0.025694
0.0437442
0.0460791
-0.0123763
-0.0399264
0.0216686
0.0489487
0.0136305
-0.0255675
0.066322
-0.0121051
0.00588761
0.0169371
-0.0315449
-0.0154756
0.04339
0.0195756
-0.0244401
-0.0322335
-0.0487388
-0.0430086
0.000253243
0.0359458
0.075443
0.00680673
-0.0326794
-0.00164781
0.00133361
-0.00457937
-0.0365088
0.0332161
0.0526951
0.00631439
-0.0150094
0.0424589
-0.0225717
-0.0410014
0.0100755
-0.0269928
0.0539712
0.0112815
0.0498038
-0.00592443
0.0464138
0.0238923
-0.0388009
-0.0373748
-0.00438216
-0.0112765
0.0375269
0.0141607
-0.0345865
-0.00010683
-0.0300982
0.00127336
0.0319109
-0.03118
0.0636339
0.0273127
-0.0351818
0.00265531
-0.0438021
0.0545271
-0.0335424
-0.0296539
0.0331503
0.0211798
0.0507163
0.115698
0.000114365
-0.00766962
0.0443256
-0.0204855
0.0140779
-0.045138
-0.0285104
0.0267599
-0.0510546
-0.024074
-0.00417819
0.0162228
-0.0154438
0.0928809
0.0356501
-0.0079718
0.0175045
0.00153528
0.03007
-0.0196226
-0.0556452
-0.00297486
0.113694
-0.0290987
-0.0476592
0.0134587
0.0668003
-0.00785583
0.027555
-0.101976
-0.0747796
-0.0708791
-0.0532646
-0.0185583
0.00346581
0.0126441
-0.0584265
-0.065754
-0.0541551
0.00139387
0.0125212
0.00373456
0.0277296
0.0227176
-0.0977645
-0.136011
-0.0361896
0.0205054
-0.0518211
0.000816715
0.0543618
-0.0336861
-0.0552582
0.0721645
0.0499617
-0.0208354
0.0219027
0.0405098
-0.0452882
0.0406372
0.0521493
-0.00936448
0.0521948
0.0118467
0.0142281
0.0619719
0.0488236
-0.069379
-0.0461826
-0.0134854
0.0992982
0.0455886
0.0540881
0.00183825
0.0121608
-0.0333982
0.0613538
0.0185488
-0.0681104
0.0209732
0.0156101
0.0574243
-0.0139488
0.0140697
-0.0233649
0.0121085
0.0620053
-0.0922483
-0.00714432
0.0161538
0.00611555
-0.0399423
-0.0280266
0.0175931
-0.101497
-0.0134813
-0.020738
-0.00394567
-0.00807009
0.0554606
-0.010815
-0.0383718
0.073831
-0.0218469
-0.00935497
0.0628664
0.0691175
0.0970071
0.0271534
0.00345811
-0.0147089
0.0440755
0.0418529
0.0204953
-0.0308213
-0.0518447
-0.0161074
-0.00367575
0.00200799
-0.0439381
-0.0450429
-0.0255526
0.0027063
0.0121507
0.0303287
-0.047813
0.00956063
0.00452053
0.0173982
-0.00475964
-0.0373749
-0.0354676
-0.00790241
0.0448283
-0.0113982
0.00102096
-0.0415781
0.0230515
0.0346967
-0.0032838
-0.0290719
0.0286683
-0.0323235
0.0175392
0.0204918
-0.0312913
0.0910633
-0.038918
-0.031912
0.0280338
0.0248542
-0.030257
-0.0340143
0.0293783
0.0441322
-0.0139583
-0.0335456
0.0297839
0.0418519
0.0209366
0.0311339
-0.0170232
-0.0280717
-0.016951
0.0247757
-0.0447155
-0.0196834
-0.0315445
-0.00990082
0.0318146
0.0439093
-0.0180031
-0.0410506
0.0383855
-0.0123974
-0.0187177
-0.0335958
-0.00686138
-0.0751183
0.0496651
-0.0282582
-0.0244682
-0.00577691
-0.0513011
0.0553049
-0.0970517
0.00156823
0.0272133
-0.00366391
0.0271056
-0.142908
-0.0393337
-0.00459503
-0.00917601
-0.0314924
0.0836149
-0.0400337
-0.00586308
-0.0717007
-0.0220725
0.00761745
-0.023899
0.074093
0.0701803
0.011028
0.023746
-0.0283934
0.0127786
0.0430428
0.050192
-0.0543576
0.0444171
-0.00656543
-0.00851691
0.0246818
0.0318076
0.0698134
0.0217848
-0.0184049
-0.030866
-0.0495855
-0.0227201
0.0579131
-0.0284342
0.0938454
-0.18896
-0.0302538
-0.0833156
0.00763291
0.0493185
-0.0883217
0.0694763
-0.0563295
-0.0471001
-0.000975643
-0.0571994
-0.0985419
0.00692795
0.00406595
0.0278997
0.0279374
0.0146402
-0.0328297
-0.0201159
-0.0792438
-0.0456211
-0.0567709
0.0313651
-0.0530756
-0.0344239
-0.0695318
-0.00994844
-0.0040609
-0.0243152
0.0246639
-0.0418831
0.00696534
0.0366644
0.0147882
-0.00140104
0.0257703
0.00882963
-0.000971974
-0.0306294
0.000239314
0.0954581
-0.00317032
-0.0271559
0.017329
-0.00258303
-0.00220124
-0.0275761
-0.0414392
0.07612
0.0340813
0.0521121
-0.011848
-0.0140657
-0.0185692
0.00205961
-0.0124677
-0.00394856
0.0409964
-0.0363398
-0.0196023
0.028139
-0.0318988
0.0483597
0.0399735
-0.0179358
0.0410066
0.0214219
-0.0255967
0.0073248
0.0362498
0.0605778
0.023695
-0.00273303
-0.0487383
-0.00367077
0.035383
0.00548149
-0.0299384
0.0278148
0.0079862
-0.0614746
0.0121294
0.0353873
0.0418673
0.0221242
-0.070059
0.0142724
-0.00605511
-0.0331742
-0.0219416
-0.0366936
-0.0889987
0.00161181
0.0185906
5.79493e-05
-0.00935347
-0.0518365
-0.0218347
0.0193756
-0.045413
-0.0472951
-0.0532028
0.0177384
0.00824762
-0.0432551
0.00514789
0.0348147
-0.00268571
0.0016187
-0.0384946
-0.0527786
-0.066475
-0.0134625
-0.0217451
-0.0557999
-0.00346766
0.026529
-0.0387995
0.00897476
0.00945647
-0.0256299
0.0484707
0.046282
0.0188167
-0.017627
-0.00976057
0.0231474
0.0482817
0.0136958
0.0373827
0.023048
0.06099
-0.0357854
-0.0330917
0.032402
0.0406017
0.0453637
-0.0115786
0.00181296
-0.00723904
0.0386807
0.0421245
-0.0462833
-0.0374954
-0.0645783
-0.0316235
-0.00460987
0.0349881
-0.0469826
-0.00590235
-0.0140965
0.0355074
-0.0524711
0.00768657
0.0123308
0.021347
-0.0249153
0.00835228
-0.00247689
-0.0164113
0.0154243
0.0166024
-0.0438707
-0.0255894
0.0333947
0.00939452
-0.0359253
-0.0410171
0.0190958
0.018322
-0.0437255
-0.00712282
-0.0197891
0.0222784
0.0196119
-0.0340459
-0.0498016
-0.0390248
-0.0426513
0.0402051
0.0272377
-0.0508329
0.0444251
-0.0335513
0.0189597
-0.00273403
-0.0162798
-0.019085
-0.0247214
0.00803466
0.0297021
-0.0189156
0.0010294
-0.0175211
-0.0635228
-0.0334214
-0.0196703
-0.053132
-0.039133
0.000896909
-0.0127389
-0.00783865
-0.0421776
0.00300398
-0.000849545
0.0150034
0.0311079
0.0214469
0.0354938
-0.025595
-0.0494547
0.0462306
0.0293175
0.0133209
0.0275135
-0.0109296
-0.0541199
-0.0371162
-0.0424389
0.0427363
-0.00112114
-0.0375127
-0.0419915
0.0349961
-0.0170676
0.00600615
0.0326679
-0.0394023
-0.0027006
-0.0454834
0.0148608
-0.029675
0.0100258
-0.0399619
-0.0175935
0.0944099
0.0720703
0.00427478
-0.0449169
-0.0449899
0.0291531
-0.0619152
0.0487325
-0.047195
-0.0256331
0.0131775
-0.0257543
0.0635645
0.015583
0.00795057
-0.0932761
-0.0730934
-0.013513
-0.0518036
0.0187191
-0.00672734
0.0145102
-0.0200264
0.0862894
0.0399636
-0.0590319
0.0270902
0.0583462
-0.0218341
0.0314029
-0.0277937
0.0456512
-0.0197043
-0.0239988
-0.0583909
0.0230384
0.103045
0.0461153
-0.0221624
-0.0564246
0.0236242
-0.0154792
0.0787294
0.00723148
0.0428815
0.0357922
-0.0525712
-0.00154519
0.0496951
0.0119908
0.0396803
-0.00410118
0.0366093
0.0671493
0.0139458
-0.00834564
0.0121799
0.0469553
-0.00328301
0.000953741
0.0210823
0.0175083
0.100331
0.0526088
0.0390885
0.0441583
-0.0342894
0.0445027
-0.0324319
-0.0167815
0.0300411
0.0116733
0.0061903
-0.041038
-0.0382437
-0.0196229
0.00859237
0.0253164
-0.00829495
0.0321619
-0.00624865
0.00179023
-0.00268309
0.0101562
-0.0468368
-0.00540893
0.0420785
-0.0298449
0.0218287
-0.0126148
0.041926
0.00164063
0.00802591
0.0154675
-0.0343018
-0.0472979
-2.23771e-05
0.0248883
-0.00500678
0.00529671
0.0365576
0.0190638
0.00933852
0.0328708
-0.0321015
0.011062
0.0119581
-0.0435954
0.00890004
-0.0225584
-0.000914598
-0.0153072
0.0361046
-0.0135201
-0.0267631
-0.0311457
0.0437227
0.00827692
0.0479096
-0.0368555
-0.0334299
-0.0195224
-0.0108054
0.0440445
0.0258227
-0.00825244
0.00138571
-0.0443074
-0.0381758
0.0509334
0.00242188
0.043227
0.0222608
0.0174352
-0.0087685
0.0190263
-0.0161369
-0.0301334
0.0170229
-0.0394743
0.064082
0.0250238
-0.0134281
0.0472804
-0.00380864
0.0763374
0.0209222
-0.0163046
-0.011438
0.0458228
0.00140292
0.0315759
-0.00229518
0.00461653
-0.0348965
0.0109558
0.0071569
0.0680806
-0.0255997
0.0804039
0.0224423
0.0282214
0.0592148
0.0223606
0.0375123
-0.00425776
0.00382668
0.0329699
0.0284022
-0.0250965
-0.0019939
0.0308876
-0.00721113
-0.0011229
-0.0332055
-0.0859913
-0.0457412
0.0437181
0.0312314
0.0549476
0.0819185
0.00404759
-0.0405624
0.0451463
0.00903883
-0.0386377
-0.0213681
-0.0863877
-0.0152561
0.00478071
-0.0277976
-0.00198198
-0.0189787
0.000926019
-0.0383824
-0.0242096
-0.0320351
0.0294211
-0.00503827
0.0209053
0.00381923
-0.0302264
-0.00417713
0.0595692
-0.0471203
0.0344702
0.050243
-0.0346089
0.0454073
-0.0122077
-0.0161559
-0.0312053
-0.00324228
-0.00610162
-0.00180299
0.0101315
-0.00463427
-0.0252084
0.0699288
0.0228154
-0.0357523
-0.0123175
-0.0281164
-0.00885365
0.0345823
-0.00311091
-0.0463578
-0.0423018
-0.0126374
0.0242461
-0.0140618
-0.0110073
0.0250653
-0.00048245
0.0382514
0.00546287
0.0368386
0.0359041
0.0096274
-0.0428262
0.0578199
-0.00631241
-0.027914
-0.0346206
-0.0183833
0.00103266
-0.0435899
-0.0277424
0.0340308
0.00398753
-0.0154478
0.00884179
-0.0233875
0.0214245
-0.00461311
-0.0214187
0.00551519
0.045477
0.036386
0.0368698
-0.00281543
-0.0146541
-0.00740694
-0.0124606
-0.0534456
0.0356682
-0.07262
0.0319672
-0.00423757
-0.0368072
-0.006907
0.0381882
-0.0200674
-0.0391961
-0.0276484
0.012046
0.012108
0.012185
0.017575
0.00166773
-0.0310833
-0.0306116
0.0336581
-0.0297453
0.0216285
-0.0535061
0.0241204
-0.0412666
0.00809574
-0.043676
-0.00299629
0.0485564
-0.0352893
-0.00317273
-0.00310965
-0.00879232
-0.0179078
0.0246435
-0.0503925
0.0042026
-0.00658983
-0.0256484
-0.00247579
-0.00706156
-0.0158557
0.0368701
0.0217159
0.00361983
0.0296317
0.0126281
0.0380903
-0.0220677
0.0583842
-0.022337
-0.0480189
0.00867229
0.0441034
-0.00438971
-0.0204202
0.0291503
0.0450601
-0.0254898
-0.0175165
0.0424574
-0.00301344
0.0171961
-0.0207103
0.00804726
-0.0114721
0.0113086
0.00234517
-0.00499899
0.0292339
0.0294453
-0.0346077
0.0127696
0.0180787
0.0388537
0.0225081
-0.0470857
0.0331707
-0.0424353
0.0495747
-0.00184829
0.0380823
-0.0278999
0.0355077
0.0333092
-0.0192102
0.0337482
-0.0250733
0.0226732
0.031273
0.0185274
-0.0247663
-0.0475296
-0.0528177
-0.00111619
0.0164036
0.0675012
-0.0286702
-0.0255624
0.0357198
0.0570731
0.061413
0.0449181
0.048909
0.000785062
0.00607451
-0.0301669
-0.0261888
0.0167175
0.0265887
-0.045393
0.0190321
0.0456063
-0.0542164
0.0271231
-0.00538954
0.0459646
-0.0293638
0.00950157
-0.0180081
0.0479452
-0.0097105
0.0305433
-0.0160052
0.046981
-0.0250321
-0.00447082
-0.0301076
-0.0409986
0.0524521
-0.0108396
-0.049567
-0.0665529
0.0383817
0.0324736
0.0260643
-0.0203637
-0.0068144
0.0356253
-0.00950619
0.0192256
-0.0563847
-0.0266565
-0.0186183
0.023068
-0.00124193
0.0210508
-0.033502
0.0184051
0.00668619
-0.0362298
-0.0154614
0.0557547
-0.0272043
0.0217167
0.0508446
-0.0728522
-0.0771928
-0.035949
0.082316
-0.0652903
-0.0344979
0.0299838
-0.0628749
0.004204
-0.023317
0.0244833
0.0558304
0.0248622
-0.0101722
-0.0109717
0.000566021
-0.0209475
-0.0573452
-0.0797255
0.0163575
-0.00698054
-0.026023
-0.0137712
-0.0325028
-0.0342114
0.0325209
0.0265169
-0.1025
-0.0185924
-0.03715
0.049821
0.00952101
-0.0136186
0.00148551
0.00968349
-0.0534054
0.0473974
-0.0104298
-0.0285498
0.00823297
0.00490234
0.0436369
0.0343978
0.0399658
-0.0316708
-0.0481571
0.0548896
-0.0194264
-0.016052
0.0870127
-0.0097787
0.0137899
0.00723609
-0.00828889
-0.0564359
-0.0403595
-0.0257831
0.04314
-0.0194138
0.0287413
-0.0224411
0.0181115
0.0569004
0.0382668
0.0266145
0.02819
0.0188773
-0.0388341
0.0366777
0.0396198
-0.00789582
-0.0438567
-0.0373467
0.0249496
-0.00697779
0.0479256
0.0339115
0.00533144
-0.0265029
0.0244782
0.00540747
0.0228059
-0.0354262
0.0213213
-0.0188294
0.0381368
-0.0328778
-0.027794
-0.0347506
-0.00543192
0.0296886
-0.0427594
0.0172349
0.027219
0.0308712
-0.0274851
0.037134
-0.0219293
0.0452345
-0.0182439
0.0370291
0.0186569
0.0203853
0.0328509
0.0133108
-0.00777628
0.000389159
0.0301975
-0.0422249
0.0328357
-0.0288516
-0.019665
0.0146638
0.038757
-0.0223185
-0.0125215
-0.0390519
0.0436847
0.0107949
0.0499401
-0.00224195
-0.0178237
0.00886138
0.0338971
0.0352742
-0.0114225
-0.0476824
0.0312851
0.040637
0.0423157
0.0118576
-0.0191935
-0.0288807
-0.0194995
0.0344742
-0.0021243
-0.0240276
-0.0469233
-0.0130908
0.0393971
0.0219177
-0.0573584
0.0183796
0.0221723
-0.000985422
0.020326
-0.00962182
0.0408151
-0.00294627
0.00235173
-0.00867228
-0.00293349
0.0422079
0.00682199
-0.0169688
-0.0204364
-0.0498469
0.0492491
0.0344312
-0.00164808
0.0385924
0.0414763
-0.0430561
0.0560664
0.0659206
-0.018639
0.0569876
0.0159672
-0.0457822
-0.0158428
-0.0228246
-0.0508237
-0.00987288
0.0264919
-0.030501
0.114442
0.0204603
0.0616371
-0.0428081
0.0232172
-0.0653775
-0.0682518
0.0386722
0.0111551
0.00556175
-0.0468663
0.00567085
-0.04975
-0.0380104
-0.0154195
-0.0468906
0.0459882
-0.0321573
0.0105185
-0.0367996
0.00502433
0.0210669
0.0240331
-0.0456286
-0.0462615
0.0381307
-0.0337114
-0.0657996
0.000282534
0.0269189
-0.0480441
-0.0176263
7.11175e-05
-0.044871
0.0154502
-0.023154
0.0150424
-0.0251729
0.0237197
0.027679
0.016165
0.0193231
-0.0250511
0.014843
0.0243
-0.0053591
0.00218318
-0.0231829
0.0414341
-0.0134972
0.0379557
0.0015389
0.0340482
-0.0305978
-0.0296236
0.0544629
0.0590602
0.0335085
-0.0273121
0.0142288
0.00812375
0.0350802
0.0279243
-0.0190991
-0.00826967
0.0516977
0.0249078
-0.0311218
-0.054903
-0.0335253
-0.0253873
0.0391055
-0.0140899
0.0339183
0.0453622
0.0311494
0.0143248
-0.0177515
-0.0256092
-0.0134645
0.0376859
-0.00628551
-0.0347164
-0.0229672
-0.00799085
-0.00592063
-0.0468752
0.034741
-0.0295439
-0.0230146
0.0163948
0.0057559
-0.0358376
0.00069278
0.0381571
-0.0263367
0.0665544
0.00477823
0.0440961
-0.0398151
0.00603844
-0.0220388
0.0447723
0.0414276
-0.0189902
0.0171959
-0.0583202
0.0422861
-0.0110578
0.0216609
-0.00502759
-0.010537
0.00596698
0.0103187
0.0174251
0.0252306
0.0243733
-0.0420109
-0.00188194
-0.0139394
0.0433192
-0.000355076
0.00987494
0.0436588
-0.04855
0.0116404
-0.0480675
-0.0129383
0.0384627
-0.0202068
0.0113674
-0.0163699
0.0306656
0.0390166
0.00893841
0.0448923
-0.0288408
0.00383832
-0.0292905
-0.0295
-0.0402328
0.0300727
0.0121656
0.0233514
-0.000970149
0.0602842
0.0457231
-0.0253462
-0.0312175
-0.042326
0.023379
0.0369521
-0.0229617
0.0394788
0.0246033
-0.022154
-0.00576188
0.0482799
0.0285451
0.0306457
0.0315502
0.0264217
0.0435483
-0.0204321
-0.0365377
0.0154307
0.0488429
0.0482416
-0.0203611
0.0388775
0.0380534
0.0350974
0.0478293
0.00949101
-0.033355
-0.0446189
0.02604
-0.00638555
0.0433583
0.0448756
0.00635381
-0.00184234
-0.0179032
0.0320433
-0.0218179
0.0364955
-0.0390115
0.0242834
-0.0427467
-0.0233683
0.0244682
0.000915406
-0.0190567
0.00370515
-0.0114854
0.01593
-0.0531512
-0.0340144
-0.0160255
-0.0566712
-0.00900611
-0.0220181
0.043259
-0.0586411
-0.0175319
-0.0242453
0.00566502
-0.0458965
0.00681119
0.0116414
0.0219844
0.0460442
0.0174352
-0.0275129
0.0121262
-0.0100467
0.0311317
0.00546592
-0.0439063
-0.0477436
-0.0327033
-0.0395728
-0.0608928
-0.0146025
-0.0540308
-0.0466889
0.0260043
-0.0131871
-0.0434732
0.0272522
0.0165809
-0.00107416
0.0246396
0.00271127
-0.0709997
0.0117525
0.0700723
0.0594817
-0.00756867
-0.0435945
0.0342034
0.0260319
-0.0157144
0.047539
-0.0373833
0.0361225
-0.0738145
-0.101528
0.0480134
0.0388685
0.0224118
-0.000728827
0.0383265
-0.030503
0.0393929
0.00872383
-0.0153272
-0.0333137
-0.00976652
-0.0269471
-0.0272781
0.0106452
0.016086
0.0497314
0.00417642
-0.00169752
0.0012026
-0.00261956
0.00401792
-0.0214142
0.0061411
-0.0247716
0.0270022
-0.0335629
-0.016248
0.0111071
0.0626604
-0.0144658
0.0192118
0.0613532
0.0205908
0.00578399
0.0581935
0.0106179
0.00832408
0.0139658
0.0478274
0.0545697
0.0512162
0.0200697
0.0562874
0.0426488
-0.0018594
0.0267678
-0.0200632
-0.0143953
0.00793393
0.0639097
-0.0162304
0.0297882
0.0329621
0.0204051
0.0101372
-0.0407197
-0.0239717
0.0111545
0.0209957
-0.000914311
0.0474524
0.0300735
0.0149907
0.00833627
0.0271178
0.00157754
-0.0285203
-0.0167161
0.0450549
-0.0344597
-0.0389888
0.0198044
-0.0316315
-0.0379492
-0.0474768
-0.0282657
0.0148795
-0.0441291
-0.0199296
0.0139196
0.0463315
0.0367038
0.0353776
0.0452587
0.00378259
-0.00540078
-0.00054605
-0.0369357
0.0399427
-0.0301047
0.0323661
-0.0120787
-0.00331649
-0.0178613
0.0353447
0.032696
0.0306722
-0.0109519
-0.010061
-0.0160789
0.0218748
0.00270858
0.00556065
0.0386954
-0.02833
0.021196
-0.0412392
-0.032125
0.0259398
0.00385023
0.0277084
-0.0259334
-0.0511997
0.041911
0.00610165
-0.00803572
-0.0305753
0.0349263
0.0402115
-0.0297965
0.0613176
-0.0107113
0.00294507
0.0471252
0.0241251
0.00396006
0.0798941
-0.0586554
0.0460474
-0.00173068
-0.0270567
0.0452749
-0.044263
-0.0191725
0.00893846
0.0525263
-0.00785365
0.0135708
0.0538305
-0.0404925
0.00601075
-0.0169708
-0.0227979
0.0430814
0.022832
0.12842
0.0221153
0.0303657
-0.0349605
-0.0724809
0.0643126
-0.0149155
0.0607962
0.0497071
0.0218627
-0.00666542
0.048771
0.0550093
0.0419669
0.0354158
0.0150556
-0.0102771
-0.0114176
0.0585595
0.0563247
0.00490253
0.0433332
-0.017653
-0.172692
-0.0163702
-0.0298029
0.00834016
-0.0274308
-0.0657231
-0.0483278
-0.115837
-0.00768774
0.0609533
-0.074261
0.0243325
0.0598859
0.0439727
0.00394823
-0.0304078
-0.00788921
-0.0474012
-0.0875069
-0.180858
-0.0210185
-0.0500762
-0.00569742
-0.0108546
-0.0855705
-0.00415379
-0.0267237
0.0505536
0.00554108
0.0707188
0.0239259
-0.0110078
-0.0313855
0.0242888
-0.0144304
0.0177608
-0.0372683
-0.0133735
0.0293692
-0.0321622
-0.0566969
0.000151748
0.0260856
-0.0216296
0.0254193
-0.0373125
0.00596105
-0.053545
0.0883127
-0.0217046
0.0520402
-0.0444656
-0.030819
-0.0306388
-0.0318386
-0.0115701
-0.00473452
-0.0179109
-0.0413508
0.0143095
-0.00727933
0.019521
-0.0345715
-0.027792
0.0324692
0.0131095
0.0663505
0.0641264
-0.00865541
-0.00152528
0.0697157
-0.0214694
0.0437534
-0.0185196
-0.005301
-0.00919748
-0.00269869
-0.0156515
-0.0220815
-0.0148914
0.0590684
0.0448238
-0.0162386
-0.0202673
-0.0042875
-0.0468702
0.0197157
-0.0267516
-0.00330321
-0.0447732
0.00998119
-0.099285
-0.00269845
-0.0362141
-0.00617445
-0.0763172
0.000539679
-0.0514976
-0.133322
-0.0405914
-0.0415346
-0.030682
0.017566
0.0107942
0.0531736
-0.0331315
0.011577
0.0294757
0.0450402
-0.0230143
-0.0204438
-0.0314459
-0.0408728
0.00444947
0.00638343
0.0449301
-0.0171295
-0.0308557
-0.0537927
-0.0238589
-0.0221895
0.0661486
0.0062007
-0.0399447
0.000599177
-0.0102994
-0.0361732
-0.0299223
0.0319752
0.0482099
0.0352865
-0.0203289
0.0142923
0.0450473
0.0395359
-0.0141254
-0.0422
-0.0181421
-0.0307207
0.0301172
0.0304067
-0.0279254
0.0261871
-0.000249413
0.0159384
0.0324997
-0.0159677
-0.00429787
0.0430392
0.0422951
-0.00392895
0.0547236
-0.02408
0.00239321
-0.0434524
0.0265618
-0.0227752
-0.00553424
0.0403309
-0.00690504
-0.064594
0.00751203
0.0127355
-0.033997
-0.0417466
-0.0258226
-0.0191829
-0.0268305
-0.0292062
0.00752295
0.00666447
-0.010767
-0.0289804
0.00917167
0.0259662
-0.00848515
0.0432074
0.0424698
0.00964632
0.00822974
-0.0208234
-0.0337798
0.0110164
-0.0461708
0.0412512
0.0376305
-0.0209369
0.0160001
-0.119642
-0.00647338
-0.102121
-0.085383
0.0139158
-0.0613696
0.0191266
0.0270934
0.00442391
-0.0454779
0.0393859
0.0404701
0.00419586
0.028178
-0.0681641
-0.0137726
-0.0685877
-0.01732
-0.0163019
0.0327175
-0.050447
-0.0218355
0.0040817
0.0227586
0.0157439
0.00967231
-0.0328087
0.0185217
-0.00206496
-0.0394897
0.0137083
0.0411016
0.0670069
0.0554074
-0.0069366
0.00385786
0.000926812
-0.011663
0.0259065
0.0183349
0.0648526
0.0242559
-0.0419026
0.0265943
-0.0343292
-0.0205333
0.0868944
0.0410608
0.049469
0.0129074
0.00160869
-0.021567
0.00966542
0.023528
-0.00345533
0.02888
-0.0457366
0.0341977
-0.123282
0.0573567
0.00141249
-0.0457133
0.0278995
0.0530061
0.0273763
-0.0209602
0.0348247
-0.0293903
-0.00926838
-0.0637098
0.0386433
0.076283
0.00587874
-0.0355885
-0.00186494
0.00334414
0.0380326
-0.0307551
-0.0701411
-0.100855
0.0428748
0.030918
0.0615673
0.0202105
-0.0154368
-0.0423201
0.0106257
0.0206649
0.0362245
0.11362
0.0352703
-0.0299478
-0.0161073
-0.0338686
0.0133535
-0.0159469
0.0437876
0.0677025
-0.0224276
-0.0107509
0.0524607
-0.0125379
-0.0456436
0.000163071
0.0462715
-0.0352013
-0.026287
-0.0223915
-0.00869885
0.0595146
0.0602214
0.0319939
0.0169381
0.0151877
-0.0167748
-0.0247967
0.0430476
0.0475581
-0.00488614
-0.00163363
0.00895802
-0.034907
0.00700328
0.0188004
0.0145393
0.0204973
0.0102845
-0.0262408
0.0423466
0.0484619
-0.00495865
0.0397524
0.00778611
-0.0249248
-0.00825627
-0.0262883
-0.0243016
0.0135443
0.00649987
0.0120192
-0.0045543
-0.0420651
0.0346383
0.0251257
-0.0106167
-0.0296502
-0.00680642
0.0139027
0.00945498
0.0218422
-0.000124616
0.0217527
0.0192594
0.0108174
0.0278843
0.00394744
0.0250915
-0.00745355
-0.0238087
-0.0482293
-0.0472368
-0.0470198
-0.029952
0.0357975
-0.0187853
-0.0149061
0.00953876
-0.0356639
0.0408002
-0.03425
0.0214787
-0.0243216
-0.001093
-0.0122295
0.0181019
-0.0397364
0.00120291
-0.0171938
-0.0166587
0.0123968
0.0323605
-0.00307109
0.00752013
-0.0295165
-0.0103804
0.0369613
-0.0226657
-0.0230582
0.0021942
0.0156733
0.0477326
-0.0323176
-0.01735
-0.00985361
0.0214905
0.00127332
0.0295291
0.0444531
-0.0135845
-0.0390749
-0.0166697
-0.0306704
0.0330836
-0.0411825
-0.0182057
-0.00358908
-0.0315298
0.00957084
0.0736258
0.00648892
0.00280862
0.013527
-0.0229919
0.0175704
-0.0358905
0.0131068
-0.0432656
-0.0364159
0.0483977
0.0132922
0.0371254
0.0436974
0.0151352
-0.0510526
-0.0262559
-0.0640037
0.0358811
0.0667557
0.0405408
0.030479
0.0024415
-0.0226034
0.0216167
-0.029021
-0.00584705
-0.00516407
-0.0547778
-0.0174101
0.0138963
-0.036442
-0.0473249
-0.00776868
0.00581156
-0.0241758
0.0326095
-0.00504973
-0.077122
0.0115347
-0.0298702
-0.010075
0.0866425
-0.0437157
0.0132767
-0.00573014
-0.0121058
-0.00989173
-0.0206399
0.00372143
-0.0255565
-0.00985607
0.0369254
-0.0107831
-0.0214628
-0.00906775
0.0336404
0.0422704
0.00456405
-0.0212902
0.00704316
0.00172122
0.0135875
0.00189215
0.0105927
-0.0457503
-0.0299478
-0.00583637
0.0132444
0.0202505
-0.0418582
-0.0530903
-0.0426299
0.0227861
0.00811233
-0.0270167
0.0465297
0.0460836
0.00561198
-0.0463288
0.0120631
-0.0184843
-0.0414832
0.00731508
0.0285218
-0.0495321
-0.0196064
0.015793
-0.0399788
0.0135464
0.0140824
0.0381153
-0.0086105
-0.029648
-0.0279997
-0.0487012
0.0417085
-0.0170655
0.00967134
0.0228048
-0.0273727
-0.0393282
0.0131082
-0.0311521
-0.042445
-0.0396913
0.0333149
-0.01569
-0.0461344
0.053937
-0.0553853
-0.0403821
-0.0445396
0.0208817
-0.0267077
0.0139198
0.0119197
0.0358911
0.0190724
-0.0422042
0.0151158
0.039786
0.0471767
0.0226506
0.0153304
-0.0476748
-0.028612
-0.0339579
0.010322
-0.00741
-0.0100296
-0.0281868
0.00485911
0.0243799
0.00474069
-0.00194783
-0.0330943
-0.0361104
-0.0164791
0.0114541
0.025658
0.047585
-0.0203563
0.000890146
0.0454797
0.0408143
0.0278164
-0.0106847
-0.000447485
-0.0443715
0.0053125
-0.0125533
-0.00108125
-0.0124302
0.016816
-0.0195371
-0.0425157
-0.0387944
-0.0187493
0.0184055
0.0342478
-0.0254585
-0.0348832
-0.020097
0.0216106
-0.0324873
0.0360517
-0.0330307
0.0427581
-0.0396782
-0.0368483
0.0472212
-0.043546
0.046053
-0.0273366
0.0133065
0.0116279
0.0322848
0.0166736
-0.0271236
0.0094941
0.0045885
0.00304706
0.0484072
0.0405104
-0.0283432
-0.0340421
0.0272014
-0.0438629
-0.00561256
-0.0292231
-0.00520641
-0.0420815
0.00439848
0.00695893
0.0186242
0.0348435
-0.0138295
-0.00966363
-0.0322384
-0.0359867
-0.0237297
0.0173788
0.0111091
-0.0296147
0.0312836
0.0468631
0.0482791
0.00134306
0.011062
0.0694128
-0.019878
0.0220189
0.0289833
-0.0282351
0.01622
0.0469216
-0.0400125
-0.00175574
-0.0498279
-0.000346158
0.0162679
-0.0244803
-0.0322385
-0.010902
0.0264014
-0.0131701
0.0215981
-0.013236
0.0246768
0.0260716
-0.00918286
-0.0156168
-0.0438193
0.031124
-0.0439811
0.0237208
-0.0161328
-0.045586
-0.0618389
0.0255325
-0.0831319
-0.00776731
0.0358844
0.0375914
0.0490439
-0.00803529
-0.0460769
0.0348607
0.0391763
0.00476699
-0.0166263
0.0326931
-0.0630336
-0.00936722
0.0311886
-0.0061928
0.0129042
-0.0246049
-0.0614503
0.028452
0.0128103
-0.0380673
0.0135794
0.0231403
0.0253875
0.0199453
-0.0355866
0.0299439
-0.0983011
-0.013164
-0.072525
0.00798973
-0.0675924
-0.0436202
0.0253277
-0.052449
-0.026493
-0.0248412
-0.0326838
-0.0222853
-0.0235433
-0.040754
0.0448802
-0.0766705
0.0457256
0.0627123
0.0422476
-0.0280627
0.0618341
0.023759
-0.0448416
0.0375474
-0.00424753
-0.0271748
0.00680173
0.0156079
-0.0114264
-0.046891
-0.00276705
0.0190013
0.0110316
-0.000705657
0.0483996
0.0419397
-0.00372451
0.000311148
-0.0427131
0.00207086
0.00104058
0.00827607
0.0368895
0.000669231
0.0472447
-0.0215016
0.0633548
-0.00458888
-0.026086
-0.0178607
-0.0297477
0.0608271
-0.045782
-0.041304
0.0150627
0.00816123
-0.0404378
-0.0211958
-0.0248916
0.0435176
0.0310986
0.0445462
-0.0424293
0.0297325
0.0358057
-0.0250577
-0.041526
0.0246517
0.0411804
-0.0462322
0.0191843
-0.0126819
0.00503447
-0.00413844
0.0473587
-0.0112555
-0.0255456
-0.0172538
0.0390418
-0.0420405
0.0160614
-0.0315349
0.0243361
0.00303111
-0.0291413
-0.00259053
-0.0216923
0.00348826
-0.00871732
0.0417799
0.0319405
0.00263536
-0.0176697
-0.00748554
-0.00670188
-0.0055432
0.0199527
-0.0286278
-0.00771232
-0.00731532
-0.0221629
-0.043047
-0.0341922
0.0228434
-0.00368831
0.0112223
0.02665
-0.0401801
0.00164735
0.00528631
-0.026179
0.0302137
0.0469643
0.0116668
0.0289328
3.10809e-05
0.00218436
-0.0241758
-0.00140564
0.038107
-0.0075603
-0.0102904
-0.0286027
0.0172968
-0.0590606
-0.000606619
0.035367
0.00704323
0.010163
-0.0403585
0.0563485
-0.0434796
0.00772132
-0.0188732
-0.0368347
0.014773
0.0389721
-0.00822679
0.0163466
-0.0216533
0.0200156
-0.0232385
-0.029442
0.00224537
0.0474575
0.0599657
-0.0266338
-0.0480511
-0.0125127
0.0582866
-0.0183385
-0.00295786
0.0462701
0.0209273
0.0141796
0.0375687
0.0595774
0.0463194
-0.0749723
0.121718
0.126873
-0.0156646
-0.0354983
-0.0391058
-0.0265604
-0.0407157
-0.141885
0.0496297
-0.0148906
0.105414
-0.0585506
-0.0664236
-0.0187823
-0.0288897
-0.0291901
-0.0631347
-0.0105107
-0.0453927
-0.0107493
0.0218715
0.00431296
-0.00583229
-0.0741041
0.00650184
-0.0183776
-0.00407222
-0.0191837
0.000174807
0.0457184
-0.0729915
-0.0433146
0.040265
0.0401121
-0.00782743
0.026185
0.0280089
-0.0348538
0.0489929
0.0557315
-0.00355923
0.0112339
0.0093914
0.0207018
-0.0302591
-0.0411011
0.0355778
-0.0552706
0.0526015
0.044261
0.00494946
-0.0280002
-2.95615e-05
-0.015851
0.126294
0.00555915
0.0051603
3.71455e-06
-0.00439141
0.000874471
-0.0572564
0.0079661
-0.0559051
0.0359624
-0.0129787
-0.012352
-0.0786718
0.00869342
0.0263442
0.0237274
-0.0410929
0.0618434
0.0446716
-0.0215716
0.0152316
-0.00805682
0.0517231
0.0422209
-0.0329244
-0.0129912
-0.00774317
-0.00254524
0.0147161
0.0318407
0.00563154
-0.029037
0.0405125
-0.0104706
0.0592084
0.00177229
0.0554072
0.0577393
-0.067474
0.0504116
0.00841085
0.00289778
-0.0418704
0.0292452
0.0106604
0.0258013
-0.0455389
-0.0351347
-0.0869079
0.0146952
0.115601
-0.0226673
-0.00926823
-0.0610362
-0.0482331
0.0307947
0.01849
0.0642509
-0.0485077
0.00569583
0.0398425
0.0258166
-0.029349
-0.0966996
0.00312827
-0.0601455
-0.0243336
-0.0005118
-0.031835
0.00491504
-0.0532704
0.0429209
0.00357549
0.0626587
0.00415227
0.0406443
0.0477942
-0.0291
0.0470809
0.0373203
0.0144188
-0.0172766
-0.0467801
0.00679105
-0.0298905
0.0226258
-0.000347824
-0.0105855
0.035356
-0.00317335
0.0461162
0.0188312
0.0210615
-0.00257175
0.036154
0.0395459
-0.0139745
-0.0209279
-0.0130394
-0.00359515
-0.0221127
-0.0311423
0.03777
0.0370346
-0.016106
0.026071
-0.014103
0.0485035
0.0111872
0.0159264
0.0195547
0.0363715
0.0445651
0.0133983
0.0209759
-0.0106416
-0.0375381
0.0135853
0.0339039
-0.0460305
0.0379406
0.0302574
-0.0380143
-0.00191912
-0.0392554
-0.023728
-0.0430119
-0.0451986
-0.0355555
0.0326625
-0.0432492
0.0260483
0.0047684
-0.013812
0.036035
0.0171861
-0.0258132
-0.0622034
-0.0269368
-0.0298161
-0.000724742
-0.0150941
0.0213241
-0.0879473
0.000464588
0.0276383
-0.0510536
0.0198048
-0.0250559
-0.0629517
-0.00473852
0.00550136
0.0212726
-0.0231448
0.0324978
0.000121581
0.00853136
0.0303331
-0.0782228
-0.0226302
-0.0337119
-0.0146793
0.0321739
-0.0365106
0.0144284
0.0516016
-0.0239282
0.00509692
-0.0010773
-0.0465845
-0.0143246
0.00828118
0.00333958
0.0295937
-0.0209407
0.0499686
-0.00713803
0.0211414
0.0324075
0.00061021
0.0415649
0.0128782
0.0304604
-0.0315213
-0.054862
0.0478293
0.0349122
-0.052961
0.0297011
-0.0077464
-0.0145658
0.00352528
-0.03786
-0.0278205
-0.00792385
-0.0239141
0.0152214
-0.01834
0.105551
0.017405
0.0180841
-0.0319419
-0.0300614
0.0166731
-0.0576834
0.00332148
-0.0306967
-0.0415003
-0.0217685
0.119189
0.0819743
0.0184665
0.0650867
0.0701766
0.0355352
-0.0123962
-0.0271124
-0.00477692
0.0759543
0.084214
0.0321714
-0.028239
-0.0262179
0.108675
0.0157392
0.0636062
-0.0691218
-0.0358734
0.0274773
0.0457927
-0.00615478
-0.0105286
0.00955177
-0.0681579
-0.0327919
-0.0980931
-0.117372
-0.0608846
0.0133482
-0.0631962
0.0114595
-0.0343979
-0.0501666
-0.0321517
0.00171243
0.024721
0.00892087
-0.00411562
0.0222036
0.0732348
-0.0220717
0.0263293
0.0353701
-0.0273689
-0.0264955
0.0212211
0.0493596
0.00430323
0.0355781
-0.0112564
0.0299852
-0.00929751
0.0479533
0.0376229
-0.0107574
-0.0411037
0.0203806
0.0190203
0.00332278
-0.0216735
-0.0253369
-0.0227668
-0.00638768
0.014652
-0.0482391
-0.0148366
-0.0321068
0.0364546
-0.047356
-0.0279813
0.0174791
0.0191532
0.0223615
0.00949998
0.000862336
-0.0161838
-0.0234377
0.0172755
0.019326
-0.0378303
0.0108655
-0.0470344
0.0186417
0.0441639
0.0299598
-0.0257002
0.00807844
-0.0388295
0.0106513
-0.0342238
0.00687067
-0.0095549
-0.0239623
0.0427539
-0.0308089
0.00228079
-0.0486207
0.0368041
0.0470701
0.00848771
0.0364092
0.0314843
0.0411957
0.000648509
-0.0362256
0.0118778
-0.0271827
-0.00463937
0.0072828
0.0195573
0.0386408
-0.0352904
-0.0217827
0.0350311
0.0325224
-0.00510243
-0.0216604
-0.0476507
-0.0472041
0.0278589
0.019194
0.0448696
-0.132086
0.0685747
0.0423003
-0.0440125
0.017183
0.0328075
0.0185893
-0.0107883
-0.101486
0.0574796
0.123308
-0.000449435
0.442644
0.153673
0.00424956
-0.0996248
-0.0818181
0.0904225
-0.0376269
0.0401944
0.0595747
0.0314852
0.0295522
0.0644045
0.0813404
0.0498146
0.0188756
-0.00511998
-0.128989
0.196602
0.111327
0.0396041
-0.0155356
-0.0716712
0.099166
-0.47666
-0.300748
-0.0929964
-0.117434
0.219056
0.0422656
0.0295552
-0.0397981
0.127922
-0.00264571
0.0930804
0.131617
0.0639711
0.0380309
-0.158826
0.0281981
0.0480369
-0.146015
-0.0922216
-0.238677
-0.000551176
0.0579658
0.0278932
-0.037704
-0.156033
-0.0315511
0.0283676
-0.0319301
0.169216
-0.130797
-0.168307
-0.00314841
0.0259766
-0.0116531
0.107879
-0.0405035
-0.133329
-0.0410204
-0.0939309
0.0794728
0.0672818
-0.0419391
0.0479874
0.0605432
-0.00287464
0.0771429
-0.0645746
-0.0524635
0.272205
0.0262081
0.0592034
0.00242827
0.0868799
0.0463597
0.0654999
0.0521397
-0.0462038
-0.0130326
0.0136902
0.0209118
0.00906005
-0.0446465
0.0343825
0.0468907
0.0550681
0.13841
-0.0119686
-0.0854731
0.0401907
0.0416126
0.0515675
0.0482253
-0.0148387
0.00782737
0.0430592
-0.0126095
-0.0082869
-0.00501064
-0.0479808
0.0394908
0.0336159
-0.0295791
0.00403948
-0.0150626
-0.0451397
0.0821416
0.0782138
-0.0223891
0.0338592
0.0450155
0.00217272
0.00625889
-0.0257876
-0.0389612
0.0327395
-0.188042
-0.106402
-0.0725631
-0.294498
0.17408
0.0632435
-0.0184665
0.0260749
-0.00340421
0.0467005
-0.00756228
-0.00700772
0.0240455
0.0409067
0.0109327
-0.058399
-0.0956676
-0.0481226
0.0571533
0.00820411
-0.00386032
0.0464558
0.0150602
0.0515488
0.0115768
0.0264822
0.0251121
-0.0463406
0.0245682
-0.0366419
-0.0401331
0.0119419
-0.0238215
0.0288501
0.018765
0.0086999
0.0129215
0.0570335
-0.02885
-0.0303977
0.0111405
0.0340116
-0.00460994
0.0110527
-0.0406999
0.0317293
0.0264241
-0.0383486
0.0244902
-0.047893
0.0655074
-0.0733239
0.0261409
-0.0177261
0.00150482
-0.00419638
0.0322219
0.00939981
0.0273018
0.0168876
-0.0158916
-0.00374516
-0.00924935
0.0470597
0.0123529
-0.075765
0.157208
0.0587947
0.00626684
-0.042041
-0.044486
-0.00947406
-0.00266541
-0.0198193
0.0350812
-0.0420919
-0.04403
0.0265514
0.0331415
0.00633187
0.0480082
-0.00808785
-0.0377649
-0.0569276
0.0282391
-0.0109173
-0.07972
-0.0575051
0.0257005
-0.0988514
0.000192758
-0.0127931
0.0376452
0.00185501
-0.150889
0.0525244
-0.080269
-0.03752
0.0236112
-0.00708353
-0.0764978
-0.0461975
-0.0591591
-0.00667873
0.0095847
-0.0309104
0.0118208
-0.0136744
-0.0404261
-0.12694
0.00353712
-0.017139
0.0229668
-0.0457475
0.0590741
0.136659
-0.00725671
-0.00147948
0.0198145
0.00513524
0.0227534
0.0193164
-0.0243956
0.0101032
0.0899936
0.0925213
0.136525
0.143826
-0.01479
-0.0604262
-0.0398525
0.0386239
0.0623051
0.0753241
-0.0377696
0.033042
0.0495952
0.0403307
0.0572242
0.0936873
-0.0303334
-0.097695
0.047327
0.00480308
0.0162127
0.0219354
-0.0943832
0.154563
-0.192045
0.0210618
-0.150277
-0.108434
-0.000645076
-0.0232896
-0.0247878
0.117425
-0.0525
0.0569976
-0.0334133
-0.0149602
-0.0134701
-0.156461
-0.0724414
0.0837777
0.0208003
-0.0924379
-0.00431497
-0.0484961
0.0649699
-0.216781
-0.112113
-0.24034
-0.151583
0.136895
-0.10508
0.141193
0.193689
-0.0839918
0.186374
-0.147922
-0.00474815
0.0955374
-0.426565
-0.0933666
0.00994865
0.0345829
-0.289889
-0.113717
-0.275733
-0.120575
0.0951361
0.0621037
0.168409
-0.213424
-0.00641374
-0.0929668
-0.0253921
-0.0344334
-0.0805605
-0.0124823
-0.238411
-0.0902891
-0.240591
-0.134339
-0.0301269
0.0945896
-0.0155149
-0.0114658
0.0152244
0.0578331
0.0851644
-0.0388708
0.0319059
-0.0301439
0.0360466
0.0147746
0.0042511
0.023123
0.0514451
0.0202671
-0.0276684
0.0433117
-0.0312192
0.043185
0.0432994
-0.0204101
0.0199383
0.0184304
0.0072469
0.00411052
0.0148145
0.0182351
0.0369863
0.0155229
0.0282557
0.0359704
-0.035867
0.00923894
-0.000429926
-0.00270717
-0.0220178
-0.0414621
-0.0411027
-0.0332268
-0.0357504
-0.0360392
0.0176861
-0.0451716
-0.0160809
-0.00439078
0.0300904
0.0288957
0.0240915
-0.00125495
-0.00229172
-0.0227949
0.0226687
0.0108866
0.00158036
-0.0067104
0.0228721
0.0311467
0.0287578
0.0387289
-0.041416
-0.0198778
-0.0499789
-0.00651434
-0.0141803
-0.0272656
-0.0617659
0.0163722
-0.00517267
-0.00422358
-0.0593364
0.0345009
-0.0127303
0.105351
-0.114696
0.0301025
0.0642414
0.023674
0.0464724
-0.025676
0.0250289
0.0161957
0.0368514
-0.0257769
-0.0371217
0.0490601
0.00931266
0.0362472
-0.0012572
-0.0248444
-0.052791
0.00394149
0.0520345
-0.118825
-0.0655479
-0.061891
-0.0673453
0.0503374
0.0293018
-0.0040653
0.029172
0.0119154
0.0412811
0.0424968
0.0594472
0.0119744
-0.0100527
0.0142915
0.0133897
-0.00874347
-0.123876
-0.137256
-0.0497457
0.0304349
-0.0149918
0.0936343
0.194552
0.153036
-0.010243
0.0852587
-0.134411
-0.0569818
0.0188145
-0.0172982
-0.00163436
-0.00948138
0.00805826
-0.0815263
0.0181106
-0.0144317
-0.0101092
0.0192901
-0.00253948
0.108118
-0.0198392
-0.0264778
-0.0401099
0.0346868
0.0339492
0.0283331
0.0304787
0.0650774
0.036818
0.00739421
0.0244036
0.0382597
-0.0643562
0.0053122
-0.014206
-0.0516764
0.000419192
0.0601088
-0.0153654
-0.00441824
0.012851
0.0585382
0.041105
0.0526397
0.021774
-0.0070548
0.0361343
-0.0506326
0.0360126
0.0540465
-0.101185
-0.13882
0.0151821
-0.000539662
-0.0380861
-0.0848292
0.0231056
-0.0301371
-0.0401181
-0.00953702
0.00982202
0.0114264
0.109598
-0.0330243
-0.0421148
0.0226582
0.0148317
-0.0765425
-0.0415705
-0.0885258
-0.0385649
0.0283345
-0.0459226
0.0412975
-0.0249792
0.0375814
0.0744552
0.0375227
0.0447983
-0.0030875
-0.0193808
-0.00812352
-0.100499
-0.000823861
0.0320205
-0.0284259
-0.00857168
-0.0652868
-0.0533489
0.0244057
0.0318005
0.0359825
-0.0266743
-0.0128484
-0.0297461
0.0233509
0.0482816
0.00252848
0.121812
-0.0385995
0.0502635
-0.0170651
-0.0102301
0.072937
-0.0420291
-0.0224859
0.0272533
-0.0767412
0.0370579
-0.00603237
0.0263222
0.00357392
0.0217813
0.028933
-0.0126476
-0.065938
-0.0304772
-0.0433681
-0.0366371
0.0326097
0.0482043
-0.000808496
-0.0425254
0.0105921
0.00535379
-0.0356871
-0.0356831
6.42625e-05
-0.0403636
0.00617596
-0.0452939
0.00329784
-0.0175779
-0.0138164
-0.0212674
-0.0162081
-0.0444038
-0.0355651
-0.0378407
0.0182522
0.0308698
-0.0449176
0.0489844
0.0246923
0.0331118
-0.044191
0.00403258
0.045318
0.0328857
0.0271261
0.0364563
-0.0439786
0.0157001
0.0137127
-0.0286965
-0.0296959
0.0355413
0.0214113
-0.0237299
-0.0208909
0.0353157
0.00457778
0.0451515
0.00628673
0.00113445
0.0437628
0.0146641
0.0291925
0.0140599
0.0168171
-0.00817717
0.0419524
-0.00764252
-0.0344909
-0.0184507
-0.0277234
-0.0343336
-0.0472017
-0.0203284
-0.047171
0.0825264
0.031403
0.00990318
-0.0114255
0.018632
0.0765535
0.0355124
0.0369169
0.00672384
-0.00958892
0.034496
0.0569
0.00719636
0.102998
0.0874409
-0.0102268
0.0638685
0.0482066
-0.0542635
-0.00101541
-0.0446156
0.0265356
-0.0270526
0.0254335
-0.00210749
0.102156
0.0649503
0.0116028
-0.029507
-0.0277896
0.0106332
-0.00847522
-0.0602354
-0.0377035
0.06108
-0.0511627
0.00270732
-0.0395216
0.0132728
-0.00133406
-0.0204177
-0.0305135
-0.0504998
-0.0156573
-0.061881
-0.0794015
-0.0212562
-0.079019
0.0199072
0.0183837
-0.0520755
0.0302241
-0.0092099
0.0151029
0.0255962
-0.0286557
-0.00912753
-0.0100016
-0.0164162
0.0254473
-0.0460882
-0.0122588
-0.0440748
-0.0438068
0.0726044
-0.000629354
0.0202265
0.00807015
-0.0653262
0.0878647
0.0143591
-0.0290877
0.0249192
0.00911335
0.0833272
0.0274747
-0.0149904
-0.0378691
-0.0389183
-0.110104
0.0627968
0.0505289
-0.000527568
-0.0249961
0.0484349
0.00102347
0.001853
-0.0168662
-0.00954632
-0.0495466
-0.0227177
0.00108606
0.069776
0.101232
0.00304814
0.0785102
0.0863567
0.0146401
0.0610063
0.016286
-0.0565954
0.0376124
-0.035839
0.0348776
0.0433215
-0.00583823
0.0132512
0.0415079
-0.0221559
0.0114477
0.102043
-0.0311699
0.0345359
-0.0159183
0.0033576
-0.0238646
-0.0172409
-0.0473093
0.0361479
0.0869421
0.074967
0.01694
0.0684603
0.0139948
0.0290689
-0.0183006
0.00366845
0.00862267
0.0364842
0.0438136
0.0274692
-0.0323245
-0.0211962
-0.00832075
-0.00965524
-0.0111553
0.0472533
-0.0410984
-0.0293241
0.0256009
-0.0404978
-0.0349287
0.00839086
0.00579377
0.0288425
-0.0091308
-0.0235332
0.0455854
0.0228419
0.00658944
-0.00583289
0.00084872
-0.0417345
-0.00605448
-0.0222566
0.020347
-0.00730121
-0.0300811
0.0600317
0.0183367
0.0439853
0.0162331
-0.0349702
0.0094405
-0.0140853
-0.044652
-0.00991804
0.00314149
0.0507034
0.00712485
0.02126
0.0420352
-0.0399151
0.00780531
0.0446377
-0.00514164
-0.0111641
0.0309066
0.0412241
0.0252423
0.034234
-0.047018
0.0069343
-0.0244252
0.0254603
-0.0295751
0.0501384
-0.0345457
0.0445696
-0.024863
0.0487156
0.0368592
0.0149783
-0.0423779
-0.0322794
0.0694773
-0.0191539
0.0344073
0.010327
-0.00335635
-0.0151838
-0.00857779
-0.334127
-0.044222
0.0631549
0.0126187
0.0255975
-0.149322
-0.0328447
0.0853019
-0.041778
-0.138135
0.147615
-0.0272392
0.54513
0.451991
0.00245409
-0.127305
-0.0251376
0.085079
0.0837683
-0.147055
-0.123524
-0.041341
0.0680773
0.0496277
0.0715142
0.155032
0.0265894
0.0169151
-0.155297
0.0783763
0.00323207
0.253709
0.041897
-0.0152226
0.175757
0.549518
-0.122811
-0.550295
-0.0886775
0.18663
0.047925
-0.0620365
-0.0934738
0.118075
0.0756819
-0.0795533
0.0323264
0.157159
0.0379181
-0.47534
-0.019505
0.0723964
0.0622163
0.0805486
-0.137872
-0.0129014
0.00893423
-0.0394376
-0.129234
-0.0707314
0.073117
0.0870479
-0.0296618
0.0151055
-0.256281
0.254535
-0.0263183
-0.0460405
0.214792
0.0883841
-0.230339
-0.119048
0.266604
-0.160203
0.125239
0.0629393
0.0556462
0.05201
0.022748
-0.0390827
0.00804675
-0.180348
-0.300981
0.336074
-0.0819513
-0.0645445
0.0114115
0.0881814
-0.0856314
0.088812
0.0319248
-0.0549778
0.00626826
0.0118808
0.0964981
0.111407
-0.00867253
0.0273349
0.00115508
-0.0850139
-0.0201504
0.0663876
-0.322737
-0.0416159
0.0796076
0.0746656
0.0350541
-0.00358081
-0.0859302
0.0209258
-0.0143559
-0.0376148
-0.0101796
0.0423338
0.0597103
0.117972
-0.027759
-0.0221317
0.0571711
-0.0736184
0.149149
0.179705
0.0874698
0.0347841
0.030124
-0.093671
-0.0527949
0.00331516
-0.0185658
-0.0412084
-0.210832
0.0760902
-0.0811757
-0.234983
0.0644644
0.0747154
-0.047665
-0.0267611
0.00167319
0.168117
-0.0911916
-0.0255491
0.0292644
0.0448774
0.00778928
-0.194322
-0.0169815
-0.00858159
0.0726097
0.0347294
0.0401365
0.0458234
-0.00760176
0.00330192
-0.0374457
0.0951279
0.113362
-0.011374
0.0110673
0.0332036
0.0210145
0.0235326
0.00149394
0.0180937
-0.162397
-0.0942791
-0.00404485
0.0269261
0.00597713
-0.00932168
-0.0443177
0.0323693
-0.000896101
0.0461712
-0.0187474
0.0165591
0.0664848
-0.00590048
0.0374866
-0.0902543
0.0996378
-0.0245532
0.0335658
-0.0247592
0.0644896
-0.00577389
0.0632895
-0.0140772
0.0284035
0.0165988
-0.0224988
-0.0431052
-0.00767817
0.0445184
-0.0430942
-0.0584719
0.0837479
0.0718231
0.00925514
-0.0241974
-0.0244684
-0.0392059
0.0485346
-0.0432256
0.020165
-0.0108473
-0.0186885
-0.173262
-0.0271412
-0.0414307
-0.055984
0.0463166
0.0925318
0.0268215
0.00233053
0.0681439
0.259345
0.0522573
-0.058085
0.044118
0.236225
-0.00161974
0.0418098
0.0755977
-0.0844422
0.0412073
0.131852
-0.13031
-0.119139
-0.260555
-0.00656356
-0.0966763
-0.0611966
0.0882536
0.0913944
0.0485205
0.124268
-0.016404
-0.133112
-0.0384029
0.0321156
-0.0889481
-0.0207659
-0.134243
0.0126743
-0.257516
-0.0211639
-0.119791
-0.0716847
0.103821
0.0904195
0.0448547
0.0370724
0.010119
0.0606359
0.0779319
-0.14242
0.35307
0.220924
0.0966245
0.184729
-0.0370974
0.0126966
0.122402
-0.0117661
-0.0419304
0.0985456
0.0184833
0.0134388
0.25383
0.105556
-0.0969095
0.0544131
0.0937768
0.0315582
-0.0517358
-0.104792
-0.0429683
0.968915
0.0130002
-0.175796
0.0680305
-0.376627
-0.0481261
0.0247667
-0.374093
0.025609
-0.113961
0.129118
-0.753078
-0.212134
-0.240763
-0.0468913
-0.0368431
0.119773
-0.101673
-0.0422122
-0.161782
-0.0123349
0.218104
-0.227527
0.0763945
0.0598407
0.0576602
-0.11849
0.133508
0.339644
0.00766832
0.220981
-0.54188
0.106355
0.128336
-0.323991
-0.163928
0.0116165
-0.00456185
-0.541764
-0.155026
-0.308851
-0.267952
0.150641
-0.0314905
0.0266055
0.0296127
0.112671
-0.242183
0.0761126
-0.00601806
-0.098807
-0.0476746
-0.188232
-0.0857646
0.0434771
0.128655
0.0747109
-0.0237899
0.11296
-0.0279377
0.0394219
0.0656271
0.0208854
-0.0198086
0.0116932
-0.00264787
0.0729554
-0.00909639
-0.0171551
-0.0400302
0.0544836
0.00856483
0.017887
0.0540941
-0.0363861
-0.0219668
-0.0102346
0.0133482
-0.0279327
0.0504517
0.0184201
-0.0206748
0.0143941
0.0161399
0.0561686
0.0177186
0.0188909
0.0147384
-0.030393
-0.00711516
0.0145658
0.021836
-0.0468205
-0.168058
0.035445
0.0236588
0.0351894
-0.00954879
-0.00557911
-0.000259185
-0.0291499
-0.037787
0.00400099
-0.021901
-0.0660409
0.0341165
-0.0507583
0.0281725
-0.0391857
0.0330457
-0.00347603
0.011161
0.00430941
-0.0346637
0.045982
-0.0668806
0.0123598
-0.0453074
-0.0265979
0.00344707
-0.0449677
-0.00607252
0.0379987
0.0131136
-0.0511525
0.0129356
-0.0193368
0.029211
-0.0240122
-0.0275306
0.0289454
0.00589499
-0.0665948
0.0018573
-0.0244667
-0.0345381
0.000343662
0.279006
0.027145
0.0445395
0.0442842
-0.0396059
-0.0459889
0.0458741
0.0907478
0.0367661
0.117205
0.0526547
-0.0532762
1.28216
0.70388
-0.0124053
0.0689366
-0.253283
0.371267
0.335673
0.169514
0.0354621
-0.045625
-0.0159031
-0.0859466
-0.0333096
-0.0971675
0.369729
0.00839535
-0.100153
0.152612
0.0692996
-0.0402705
-0.00281712
0.0282015
0.0443543
-0.888859
-0.205306
0.0852031
0.00679617
0.514478
-0.080061
0.180938
-0.158521
0.189876
0.099575
-0.0980363
-0.0431815
0.0551818
0.127141
-0.251715
-0.0137403
0.0747642
-0.13308
0.00349377
-0.332414
0.0140684
-0.0988022
-0.0251062
-0.28806
0.447432
-0.0325692
0.144948
-0.0163624
-0.00366046
0.224978
-0.0137454
0.00662936
-0.00835489
-0.204149
-0.0073453
-0.0421201
0.0751243
-0.354953
-0.215207
-0.079401
0.0930223
-0.0413507
0.0595726
0.026743
-0.0403332
0.0332213
-0.0502391
0.176815
0.128046
0.0226378
-0.0182248
-0.0373093
0.0430513
-0.0271871
0.0457198
0.225358
-0.0423646
0.0116996
0.00464402
0.0060853
0.659315
0.0221644
-0.00927887
-0.0154644
-0.108244
0.0678987
0.0206116
0.413707
-0.108752
-0.117881
-0.0064989
-0.031145
0.0134061
0.00255098
-0.00477573
0.0104068
-0.00940211
-0.0357291
0.0347791
0.101114
0.0810709
0.0458142
0.0370361
-0.0361415
0.0725593
-0.111569
0.114344
0.0736095
0.0282147
-0.00662622
0.0302966
0.00966301
0.0451515
-0.00376293
0.0437315
-0.259183
-0.185196
-0.171199
-0.122661
0.0209808
-0.0222782
0.0596496
-0.00180192
-0.0229836
0.0814114
0.141537
-0.0169184
-0.0469715
-0.0150522
0.0119413
-0.0563547
-0.157692
0.00918708
-0.0802924
0.093104
-0.0677085
-0.0403922
-0.0355463
-0.013607
-0.0198465
0.0242759
-0.0133015
-0.0178125
0.0485658
0.0180308
0.0278005
0.00892404
0.0438807
-0.00306957
0.28921
-0.171251
-0.136646
0.000430276
-0.0490447
0.0445396
0.0228492
-0.0165664
-0.0197809
0.043775
0.0158011
-0.00321927
0.0815174
-0.0360011
-0.0162652
-0.0513071
-0.0320706
0.0043104
0.0107332
0.00171146
-0.00602307
-0.0363318
0.0126411
0.0251739
0.0401723
-0.0490212
0.0151901
-0.0417911
0.00943261
-0.0246598
-0.01306
0.0685708
0.144504
-0.0546086
0.144285
0.0228911
-0.0144677
-0.00206768
0.0301449
0.0174682
-0.0333965
-0.0289949
-0.0272991
-0.0481221
-0.0133335
-0.0040555
0.0299085
-0.000276653
-0.100889
-0.0738459
0.183059
-0.00604653
-0.204824
-0.00905782
-0.0554448
-0.0166397
0.0766149
-0.0160932
0.013781
-0.103348
-0.206019
0.0860513
-0.172549
0.212706
0.163463
0.024428
-0.0934925
-0.0272061
-0.0487959
0.0180713
-0.0997642
-0.0880839
-0.016933
0.116583
-0.140529
-0.150702
-0.122424
-0.0602114
-0.0426131
-0.141998
-0.0541243
0.125127
0.0693105
0.0182167
0.0831468
0.134617
0.202617
0.237248
0.00832572
-0.00955738
0.0101749
0.119635
0.106184
-0.0157265
-0.0259592
0.169673
0.0408014
0.112591
0.0557723
0.149792
0.0391339
0.0903853
0.0549197
0.0671769
-0.165678
0.257127
0.256016
0.139143
0.169602
-0.00681822
0.106283
0.147748
-0.451377
-0.0694892
-0.407305
0.0902397
0.0617654
0.284767
0.336571
0.00375802
-0.0354042
-0.350832
0.0484922
-0.547283
0.115893
0.455392
0.401217
0.242477
-0.202628
0.0415794
0.0675875
-0.0396182
0.160974
0.0904037
0.103685
0.279684
-0.0139704
-0.18051
0.00269618
-0.00446028
0.00916518
-0.00307572
0.272588
-0.0420451
-0.132156
-0.047706
-0.0516507
-0.0297939
0.127539
-0.0124775
-0.0326061
0.0166271
-0.136537
-0.0350161
-0.20134
0.130476
0.277772
0.0479501
0.0411591
-0.148167
-0.0400995
-0.136223
-0.134383
-0.0574593
0.0260416
-0.0164847
0.14432
0.0600163
-0.176212
-0.150999
0.0340822
0.00690047
-0.0339041
-0.00123015
-0.00644795
0.0371148
0.173336
-0.0330818
-0.0428391
0.0188739
-0.0144693
-0.0260223
-0.040371
0.0224112
0.0465447
0.0205821
0.0197397
0.0398774
0.0104797
-0.028626
-0.00861206
-0.00520723
0.0308728
-0.0435644
0.0192798
0.0536969
-0.0157642
0.0477788
0.0470879
0.0332586
-0.0283158
-0.0415752
0.0152445
0.0242205
0.0424972
-0.0195584
0.0117751
-0.132425
-0.0401201
0.0487016
-0.00949029
0.00590919
0.027665
-0.000494118
-0.0147443
-0.0183
0.0147556
0.0297069
0.0225636
0.00986336
0.0144452
0.0416512
-0.0250437
0.0207203
-0.0234122
-0.00950654
0.0270678
3.02455e-05
-0.0109933
0.00959715
0.00962187
0.0101823
0.000226314
-0.00981415
0.0204677
-0.0334394
0.151406
0.215337
0.0549366
0.0186473
-0.0109794
0.0205988
-0.0118546
0.0602522
-0.003509
0.0328504
-0.0322781
-0.0137329
0.0103518
0.0424355
-0.0439388
0.0571917
-0.0410201
0.0025082
0.0250303
-0.0167948
0.00894788
-0.00713566
0.0462904
0.000832885
0.00563017
0.0317912
-0.0187897
0.0234001
-0.0599732
0.0350679
0.00399748
0.028688
-0.0625288
-0.0268166
-0.0485614
0.00360811
-0.00966198
-0.0668254
0.00430826
0.0115173
-0.0630036
-0.0167429
-0.00746738
0.0388268
-0.0738852
-0.0256461
-0.00158291
-0.0551485
0.0361202
-0.0277674
0.158907
-0.012095
0.0784856
0.00092938
-0.0433529
0.0382975
-0.0475264
0.0319785
-0.00193688
0.0185102
0.0140389
0.0604366
0.0134188
0.0189629
-0.0415841
0.010795
-0.047984
0.0538765
0.0346655
0.0507203
-0.0441071
0.00964296
0.028268
0.0302724
-0.0190131
-0.010318
-0.0167997
0.0231004
0.0244557
0.0352857
0.0374469
0.043136
0.0423191
0.0502086
-0.0120537
0.0444437
-0.00722848
-0.0115382
0.0179831
-0.0558117
-0.0568604
0.063216
0.00609192
-0.0407582
0.0481222
-0.00975824
0.014945
0.0144731
0.0277283
-0.0593647
-0.0674267
-0.00299746
-0.0631375
-0.0789421
0.0394584
-0.0620557
-0.00349377
0.0160434
0.0402697
0.0389668
-0.00975154
0.0317104
0.0441029
-0.0137896
-0.0276461
-0.0786783
0.0223605
-0.0449252
-0.0208348
-0.0211628
0.0289324
-0.00926282
-0.0275215
0.00381377
0.0117092
-0.0271828
0.0473928
0.0362864
-0.0327076
0.00769781
0.0472872
0.0172203
-0.0547447
0.0545311
0.000777828
0.00603014
-0.0534428
-0.00482756
0.0411892
-0.00880147
-0.0220206
0.0368519
0.0430474
0.0279367
-0.00651279
0.0850062
0.0310738
0.0766164
-0.106566
-0.023288
0.0316926
0.0223436
0.00905456
0.0468712
0.0518695
0.046829
-0.0182531
0.0203592
-0.0259762
0.0486226
-0.0283121
-0.0088087
0.0201054
0.0520357
-0.0412573
-0.0354086
-0.0351725
0.0157823
0.00333494
-0.0140087
-0.0315751
-0.0196736
-0.0490875
0.0209853
0.0142229
-0.0127582
-0.0235267
0.0266287
0.00562071
0.0368896
0.0525138
0.0515919
0.024329
-0.0448132
0.0004569
-0.0341964
-0.0333909
0.0162584
-0.0308466
-0.0213922
0.0117213
-0.0319917
-0.033156
-0.039807
0.029299
0.0276801
-0.0232102
0.00211209
-0.033776
0.0308895
0.00884661
-0.0104938
0.050738
-0.0342487
-0.0490827
-0.00967713
-0.0333938
0.0260159
0.00159397
-0.0219464
0.0329109
0.0139901
0.0205142
0.0385252
0.032364
0.00887005
0.0252686
0.0205941
0.0450948
0.0276218
0.0254548
0.0147159
0.0277477
0.0173844
0.0103962
0.0352763
0.016793
-0.0144408
-0.0226565
-0.0374951
-0.0375372
0.0274597
0.0396356
0.0373769
-0.0220192
-0.0443715
-0.030727
0.0485126
0.0617163
0.0326131
0.0161387
0.0696166
0.0133198
0.0311669
0.0465164
0.0207541
0.0618183
0.0367472
-0.0249661
0.0118786
-0.0121212
0.00342482
-0.0315225
0.0332394
-0.0223446
-0.0277664
0.00233018
0.0152328
0.00343906
0.0180457
0.0651713
-0.00228458
-0.0132371
0.0207092
-0.0604449
-0.00735945
0.0187921
0.0257713
-0.0183395
0.0213143
-0.0432514
-0.01649
-0.00249534
-0.0226551
0.00586239
-0.0290843
0.0163753
-0.0621211
0.0307329
-0.0019283
0.0532101
-0.00199179
-0.0226647
-0.0193441
-0.0183029
-0.0166151
-0.0886242
0.0219005
0.0433714
-0.052025
-0.0981262
0.0913511
-0.0170968
0.0312845
6.09696e-06
-0.0134897
-0.0320984
0.0401732
-0.00177382
-0.00105721
0.0541686
0.0164046
-0.00626702
0.0315054
0.00319676
-0.0154708
-0.0226125
-0.0563186
-0.0396423
0.0433483
-0.0279261
-0.0598621
-0.0642672
0.0228313
0.0167939
-0.0442301
-0.153945
-0.0649598
0.0202392
0.0517948
0.0428822
-0.061461
-0.0302683
0.0695846
-0.023462
0.0168595
-0.0148297
0.024213
0.0333639
-0.00254174
-0.0289316
0.0640382
0.0489262
-0.0156483
0.00650195
-0.0504828
-0.0468767
-0.0875847
-0.0410216
-0.00653432
0.0508415
-0.0104218
-0.0230597
-0.0458445
0.00366494
-0.04996
0.0317103
-0.0822752
-0.0222659
-0.0481142
-0.0290228
0.00426652
0.0278598
0.0340008
0.0238078
-0.0443538
0.0468082
0.016246
-0.00113912
-0.0247888
-0.0132978
0.0136113
0.0223378
-0.0225584
-0.0236894
0.00126882
-0.0205244
-0.00813611
-0.00350623
-0.0250029
-0.0469177
0.00370395
0.0183176
-0.00212721
0.0439376
-0.0460498
0.0200516
0.0054168
3.18444e-05
-0.00548231
0.0189742
-0.0415677
-0.0143311
-0.0159993
0.04573
-0.00678932
0.0425358
-0.00761621
0.0471779
-0.0210134
0.0197423
-0.0348917
0.0345839
-0.0424667
-0.0101535
0.0289884
-0.0220483
0.0279555
-0.0229289
-0.00762566
-0.0243367
0.0282008
0.0297841
0.0364523
-0.0415264
-0.0296671
0.00768533
0.0185558
-0.0340181
0.0490025
0.0369199
-0.0120287
-0.0334862
0.0188581
0.0324442
-0.0513396
0.0237392
-0.00791611
0.0257042
0.0371059
0.0371816
-0.00460165
-0.000670646
-0.0251132
-0.0228204
-0.0567987
0.0176511
-0.00721609
-0.0460003
-0.0227227
0.355322
0.0143614
0.0447813
-0.019884
0.00464813
-0.0526616
0.0394105
0.0183812
-0.0893194
0.0183411
0.0357788
-0.0210051
0.239502
0.0586644
0.156273
-0.000657709
-0.155818
0.0355729
0.0720918
0.0698329
0.0239679
0.0232148
0.126262
0.0412087
0.075026
0.0331965
0.101776
-0.000440305
-0.108423
0.126971
0.131052
-0.168311
0.0035648
0.038838
0.0345599
-0.0806298
-0.163055
0.189058
-0.145346
0.331273
-0.0160742
0.0645133
-0.072463
0.0382111
-0.00306684
-0.165444
-0.157275
-0.0147361
-0.0147142
-0.140887
-0.0519902
0.0131949
-0.171947
0.0182224
0.118753
0.0159987
-0.065436
0.0285412
0.00163517
0.0158143
0.00417368
0.26784
-0.0188584
-0.0221387
-0.121378
0.0631835
0.0312908
-0.0354559
0.0342969
0.0557574
0.0310876
-0.0127033
-0.126471
-0.0284629
-0.105122
-0.0272459
-0.0474359
0.0588672
-0.0159588
-0.0421298
0.0199395
-0.0207363
0.00858586
0.0921919
0.149835
0.0410916
0.00340707
-0.0280561
0.0663019
-0.00405249
0.0310173
0.0116657
-0.0392995
0.0150368
0.0224449
0.0687013
0.032447
0.00943063
0.0234647
-0.128378
0.131339
-0.115292
0.0688296
-0.064496
0.0135009
-0.001616
-0.0251782
-0.012589
-0.0429497
-0.00603711
-0.047813
-0.00500853
-0.04013
-0.0365381
-0.0263961
0.00575098
0.0289266
0.0603907
-0.0296548
0.0228197
-0.0253769
0.00618294
0.059825
0.00655744
-0.0420266
-0.0740013
0.0259874
0.0446488
0.0379167
0.0323182
0.0203627
-0.149708
0.0859298
-0.0473727
-0.00701312
-0.0895541
-0.0603161
-0.030437
-0.0468724
0.0641543
-0.0128913
-0.0172748
0.0179579
-0.0442178
0.0143193
-0.0191441
-0.0546455
-0.0189098
-0.0357192
0.048607
0.0214665
0.001903
0.0366972
-0.0333873
-0.0026097
0.0524327
0.0293068
-0.0454454
-0.00846146
-0.0123868
0.0065091
0.0228827
0.0438253
0.00718955
0.0822929
-0.094854
0.0329782
0.0196421
0.0168259
0.000365982
0.00896947
-0.012945
-0.0108662
-0.0403461
0.0103651
-0.0371383
-0.0212668
-0.0391475
-0.0371855
-0.0585342
0.00365817
0.0161928
-0.0249421
0.0379205
-0.0310002
0.0302965
-0.0314237
-0.048583
-0.0154755
-0.0125917
0.00705194
0.0271681
0.0201775
-0.0190567
0.0390223
-0.0354574
0.00825662
-0.0468995
0.0510901
-0.0273178
-0.0390664
-0.0325921
-0.0474891
0.0377842
-0.0200382
0.0227694
0.0351283
-0.017636
-0.0400939
-0.00652767
-0.0215606
0.0164562
-0.00685843
0.0104303
0.0896797
-0.0192991
-0.070268
-0.025506
-0.0956283
-0.077437
0.075001
-0.0276489
-0.0113995
0.00856998
-0.240015
-0.00135553
-0.00847263
0.00155665
0.0393237
-0.0405889
0.0358171
-0.00660672
-0.00929679
0.0406671
-0.037431
-0.021452
-0.0127562
-0.0464015
-0.121944
0.0262222
0.0206734
-0.0569757
0.0110356
-0.0352567
0.0480023
0.0963526
0.0597103
0.054112
0.0424789
0.00458977
0.12696
0.0461078
-0.00858002
0.032043
0.0211776
0.159375
-0.0163311
0.151654
0.152554
0.1361
0.0950345
0.0982725
0.0283001
0.0318393
0.00468926
-0.0145837
0.0196385
0.0296012
0.0440115
0.0693959
-0.0151642
0.0405151
0.0268202
0.0511219
0.0116359
-0.199612
0.0257686
-0.0863063
0.227241
-0.0620179
0.00616808
0.00684287
-0.142045
-0.0383208
0.00472146
-0.0953545
-0.0369557
-0.136268
-0.103195
-0.0488564
-0.0366137
0.0292818
0.0947931
0.0406327
0.0459846
-0.0329852
0.0863371
0.0375868
0.0923023
0.0540512
-0.0347705
-0.00606156
0.00980018
0.0119688
-0.0299345
-0.11391
-0.23652
-0.337316
-0.0918114
-0.383579
-0.0363648
-0.0263609
0.126246
0.0201195
-0.040696
0.0158507
-0.0731671
0.0303761
-0.071459
0.0449286
-0.0965137
0.0330935
-0.047834
0.0358333
-0.0779934
-0.0716201
-0.00758931
0.0133626
0.0291001
-0.0299084
-0.0227156
0.011981
0.157154
0.075306
-0.0822162
-0.140624
-0.0659099
-0.014709
-0.0304363
0.0371034
0.0841383
0.0317147
-0.0393852
-0.0319168
-0.0356137
0.00778029
0.00201345
-0.00109201
0.0568088
0.0306829
-0.0185886
-0.0296078
-0.0151103
0.0389462
-0.0242288
-0.0284184
-0.0116637
-0.0455732
-0.00334857
0.0151789
-0.00683509
0.0334468
0.0198856
-0.0362146
0.0105379
-0.0037169
-0.000312618
0.0427267
0.0320032
0.0455892
0.0352504
-0.00558288
-0.0120405
0.00303259
0.01738
-0.0318576
0.0450057
-0.0321508
0.0446033
-0.00531884
-0.0469596
-0.0243299
-0.0473022
-0.0552424
0.00829017
0.0305969
-0.011234
0.0104623
0.0221252
0.0465438
0.0334856
-0.00902534
0.00378961
-0.0089107
0.0352304
0.028176
-0.0209559
-0.0332175
-0.0449063
-0.0234016
0.00971124
0.0295908
-0.0193167
0.0379603
-0.0160885
-0.0352043
0.0216937
0.0126074
-0.0203471
-0.00923678
0.0465439
-0.0452212
0.0200546
-0.0411487
0.0031756
-0.040699
-0.0242024
-0.0435016
-0.032761
-0.0414415
0.0655156
0.019775
0.0188072
-0.0192094
0.0177256
-0.017086
-0.00352951
0.0567923
0.0853679
0.083247
-0.015512
0.0151966
0.060139
0.0151885
0.00580053
-0.0384383
0.0209433
0.0325983
0.0282475
-0.0284963
0.0203205
0.0296621
-0.0305275
-0.0516479
0.0285039
-0.0539033
0.0312816
0.0173192
-0.0112719
0.109715
-0.0801015
0.0550793
-0.0566704
0.00184608
-0.0254854
-0.00297595
-0.00483359
-0.026586
-0.0229926
0.00219912
0.0200058
-0.028698
0.0538078
0.0219836
-0.0574972
0.0109664
0.0413696
-0.0179293
-0.0142173
0.0436179
-0.041643
-0.0285031
0.0338821
0.0407968
-0.0290078
0.0608201
0.0271978
0.0301601
-0.00787126
0.00924904
-0.0697286
-0.0390104
0.016906
-0.0325281
0.0639002
0.0436735
0.0473899
-0.00899154
0.015475
0.0669133
0.0365405
0.0127336
0.0380176
-0.0188981
-0.00500475
-0.0275196
0.0108667
0.0412205
0.00122588
0.0472777
-0.0281927
-0.0415784
0.02368
0.0111457
0.0278964
0.0501578
0.0214706
0.00879642
-0.0263294
0.0144263
0.0397764
-0.0244642
-0.00557029
-0.0311604
0.0891801
0.0151356
0.00523523
-0.0460467
0.0122121
0.0447408
0.00529805
0.0487822
-0.0188891
-0.0243319
0.00821033
0.00486586
-0.0224698
0.0403523
-0.0318049
0.0119839
-0.0220845
-0.0299999
0.0493459
-0.0191519
0.0324563
-0.0419856
0.00244996
-0.00738233
-0.0285978
-0.0416452
0.0323616
-0.0397632
-0.00348026
0.0107787
0.00889331
0.0171078
-0.0107415
-0.0423875
-0.104711
0.0288288
-0.0296319
0.00804849
0.01852
0.01701
-0.0144738
-0.0473533
0.00870275
0.0324676
0.0474778
-0.0450812
0.0188234
0.055635
-0.0309758
0.000217225
-0.0195456
-0.0368257
-0.0268989
-0.0409427
-0.00270823
-0.038501
0.0403843
0.00531965
-0.00352192
0.0070174
0.0440534
-0.0204587
0.0100795
0.00214987
0.0233955
-0.0609048
-0.0150294
0.0304037
0.0469956
-0.0456578
-0.0410341
-0.0342134
-0.0381178
0.0432666
0.00207832
0.029241
0.00616843
-0.0225632
-0.0479738
-0.0294371
0.0255329
-0.0386392
-0.0105276
0.00751014
-0.0238983
0.0124462
-0.00739487
-0.0210786
0.0467235
-0.0313556
-0.0306367
-0.0428969
-0.0210751
0.0312499
0.0393461
-0.0395915
0.00454068
-0.00537111
0.0256534
-0.0488434
-0.0294809
0.0076533
-0.0445385
-0.0083022
-0.0455468
0.00381776
0.0172759
-0.0137412
-0.0475442
-0.0273122
-0.0104157
0.00575414
-0.0312395
-0.00045765
-0.00509815
-0.000595321
0.0376678
-0.0417586
0.0291501
-0.0216849
-0.000922603
0.0307449
-0.0407061
0.03811
0.0369873
-0.0141635
-0.0284384
0.0443479
0.0130611
0.0159086
-0.0073757
-0.0342522
0.0239573
-0.00841168
0.0372524
0.0253332
0.0184176
0.026642
0.0110406
-0.0214211
-0.0628698
0.00438173
-0.0208456
-0.0179625
0.0542632
0.0321835
-0.0230561
-0.00760755
-0.0297368
0.0385567
0.0393555
0.012288
0.010436
-0.0439202
0.0130379
-0.0473611
0.0212224
0.0322957
-0.0409859
-0.00751406
-0.0126324
-0.0338891
0.00687012
-0.0418556
-0.050396
0.0230366
-0.0239982
-0.0377978
-0.0176629
-0.0435268
-0.0607004
0.0824996
0.0436606
-0.0148301
0.0564949
-0.0270187
-0.0438713
0.0364405
-0.0164286
-0.083974
-0.0446157
-0.097514
-0.109601
-0.0347512
-0.0150333
-0.0382103
-0.0233644
0.0275833
-0.0564192
0.0338653
-0.0352523
0.00915771
-0.054744
-0.0188591
-0.00364021
0.0165675
-0.0601511
-0.012079
-0.00611271
0.0166263
0.034762
-0.091497
-0.0355293
0.0603579
-0.0208815
0.0263705
0.0103742
0.0535828
-0.0309919
-0.0150766
0.0322384
-0.0241621
-0.0300623
0.0796421
0.0259688
-0.00125585
-0.0259354
0.00135534
-0.0189028
0.0332192
0.00520082
0.0169725
-0.00459968
0.0438491
0.0509149
0.0119285
0.0303913
0.0433932
-0.049024
-0.0207435
0.062166
-0.0386146
0.01753
-0.0848645
-0.0307626
-0.000294961
-0.0195869
-0.0495041
-0.00461634
0.0474563
-0.03366
0.00394945
0.0323028
0.0322484
-0.00451724
-0.0250195
0.0378581
-0.00729488
0.0128996
0.0127414
0.00525331
0.0333641
-0.00489877
-0.0430374
-0.00555235
-0.0475841
0.0388158
0.0345554
-0.00891063
0.038216
-0.0291741
0.022906
0.0208699
-0.0351815
0.0182018
-0.0462387
-0.0138872
-0.0139324
-0.00897659
0.0304843
0.0225182
-0.0050104
0.0198962
-0.0201719
-0.0378175
-0.038902
-0.0203291
-0.0377448
-0.0260047
-0.0479181
0.0267285
0.0353771
-0.0120388
-0.0157264
0.0339553
-0.0446817
-0.0451669
-0.0466739
0.0144045
-0.0318734
0.0486079
-0.0407844
0.0213767
-0.0189849
0.012938
0.0445006
0.0166085
0.0210087
0.042921
-0.0171594
-0.0230204
-0.00732843
0.0414895
-0.0248028
0.0770981
-0.011794
-0.0138128
0.00623461
0.00821614
0.0896617
-0.0658414
0.062666
-0.00693679
-0.0235106
0.0135127
0.0242689
0.165898
-0.024166
-0.0105747
0.00682903
0.0109284
-0.027015
-0.01186
-0.00267398
0.0409977
-0.0110125
0.00935841
0.0494359
0.0628912
-0.0420247
0.0274025
0.0743854
-0.0617674
-0.114451
-0.0978514
0.0244958
-0.00897953
-0.0269347
0.0142442
0.0136778
-0.00454442
-0.0279696
-0.0486824
-0.0266848
0.0298368
0.0828458
0.0714552
-0.085537
-0.0579901
-0.00967938
-0.150386
0.00226972
-0.0726356
0.154889
-0.0855324
0.0553428
0.00963047
-0.0201611
0.0786271
-0.0127554
0.0432828
0.0516132
-0.0173393
0.00228443
0.040201
0.0027296
0.0123567
0.0052201
-0.00952093
0.0460214
0.06777
-0.0259582
-0.0626152
0.0180346
0.0616065
-0.0206552
-0.0437279
0.021955
-0.0169563
-0.00516445
0.0580332
0.0614952
-0.010829
0.022419
0.0573479
0.0500519
0.0217179
-0.0532301
-0.014826
-0.0482178
-0.0206062
-0.0164019
-0.0318669
-0.0146234
-0.0101166
0.0336927
0.0401552
0.0344691
-0.0377042
0.103919
0.0458977
-0.0896612
0.00559109
-0.0363876
-0.0805598
-0.00870758
-0.0245817
-0.0111354
-0.0135702
-0.0219525
-0.0230799
-0.123511
0.0106392
0.00725517
-0.012671
-0.156831
0.017871
-0.0394539
-0.00834024
-0.0201499
-0.0564651
0.0114289
0.0420592
-0.0151619
-0.017002
-0.065359
-0.0167624
0.0232903
-0.00587622
0.040978
-0.0730125
0.0457673
-0.0191785
-0.00347583
0.0222242
-0.0130269
0.081048
-0.0753704
0.0179163
-0.0455798
-0.0271296
-0.0170558
-0.000717671
-0.00658329
0.0411196
-0.0440669
0.0469874
-0.0622371
0.0668554
0.0188892
0.0178456
-0.0208868
-0.00618909
0.0413714
0.0408416
0.0615888
0.0242865
0.0419323
-0.032838
0.0475231
-0.0100903
0.00643507
-0.0593666
-0.0379484
-0.0314431
-0.0237124
-0.0379242
0.0426147
-0.0356305
0.00335194
0.0310676
0.0581228
0.00278652
-0.0261955
0.0353836
0.00936472
0.0152097
-0.0118348
0.021275
0.0279682
0.0505002
0.0516769
0.0168164
0.0406592
0.0469663
0.0227934
0.0366647
0.0163066
0.0181844
-0.0340953
-0.0317537
0.00366578
0.00710725
-0.00144933
-0.0433078
-0.0351919
-0.0111779
-0.0156775
-0.0247058
-0.0273383
-0.0219793
-0.042519
-0.0224426
-0.0497855
0.0407029
-0.042418
0.0414288
-0.0176559
-0.0016164
0.0037311
-0.0276238
-0.00884037
0.0127048
-0.0314319
-0.0436632
-0.00184472
-0.0228926
0.0263001
0.0481364
0.00589523
0.00194676
0.0418425
-0.000944803
-0.0467826
-0.0340894
-0.0171409
-0.0335526
-0.0277401
0.0463698
-0.0471856
0.0600219
0.021777
0.0391394
-0.0347322
0.0279247
-0.0567519
-0.00643714
0.00143449
-0.043791
0.0164997
-0.106083
0.000288559
-0.0173407
0.051058
0.0283286
-0.0250231
0.00065879
-0.0299503
0.0280467
0.0564954
-0.0699302
0.0508048
-0.044284
0.00494985
0.00358304
0.0634692
0.0523797
-0.0185773
0.0232711
0.0300972
0.0515318
-0.0324893
-0.00972084
0.0731714
0.0175171
0.037918
0.0179926
0.0538533
-0.00924716
0.0355803
0.0243878
0.072669
0.00228533
-0.0395783
0.0171734
0.0775114
0.0697865
-0.00280186
0.059302
0.00332578
0.0379406
-0.0453496
-0.027196
0.0252679
0.000672187
0.034893
-0.0557061
-0.0202762
0.0223516
-0.0321786
-0.03027
-0.0183116
-0.0264684
-0.00822683
0.00688605
0.040864
-0.00527329
0.077333
-0.0263188
0.0229312
-0.0356787
0.0101144
0.0728668
0.00125584
-0.0335712
-0.0138745
0.0262446
0.0225753
0.0793016
-0.0405119
0.0345877
0.0697279
0.0111891
-0.0361825
0.0477684
-0.0224004
0.0452456
-0.0324034
0.0359393
-0.00159567
0.0147248
0.00352351
-0.0348382
0.071022
-0.0133213
-0.0599523
-0.0100534
0.035403
-0.039338
0.0190115
0.0365969
-0.0160002
-0.0526554
0.0381543
-0.0397666
-0.0310017
-0.0963941
0.01235
-0.0325202
-0.0238787
-0.0371928
-0.0890363
-0.0176302
-0.0290058
-0.0242105
-0.0455075
0.0207132
-0.0139972
0.00331606
-0.0199962
-0.0157323
-0.0525993
0.0634604
-0.00492233
-0.04086
-0.0297823
0.0258312
-0.0479056
0.0389108
0.0192028
0.000925369
-0.0391377
0.0131457
0.0290003
0.00649571
0.0479004
-0.0343287
-0.0375395
-0.0243511
0.0404758
-0.0160041
-0.0373868
-0.0165425
-0.0316014
0.000723937
-0.010324
0.0452129
-0.0410828
-0.0272423
-0.0411225
0.043052
0.00958125
-0.00892104
-0.0346888
0.0305507
0.00396371
-0.013895
0.0223364
-0.0455248
-0.0443631
-0.00235156
0.0369838
0.0467099
0.0230273
0.0303634
0.00911188
-0.00564251
0.0367048
0.0426024
-0.036448
0.0109674
-0.00498094
-0.00333878
-0.037114
0.041488
0.0464358
0.00699613
-0.00836843
0.0407916
0.0353409
0.00688012
-0.00467491
-0.0305074
0.0192623
-0.0329926
-0.0379388
-0.00173919
-0.0301508
-0.0281761
-0.0473363
0.0496619
-0.0431125
0.0118043
0.0373388
-0.0591313
0.0210425
-0.0292538
-0.00307042
-0.0304538
0.0439738
-0.0158054
-0.0807656
-0.0241329
-0.00240738
0.0150554
-0.0141065
0.0203404
-0.0428336
0.0342599
0.000310922
-0.0504998
-0.0148896
0.053878
-0.258277
-0.0995378
-0.132667
-0.00660259
0.00861277
0.0602688
0.0657783
-0.0239207
-0.00619903
-0.0296812
0.0183366
0.00452177
0.0141905
0.0573212
-0.0144586
-0.0493777
0.0438069
-0.106214
-0.050319
-0.00488632
-0.040271
0.035463
0.00322146
0.174574
0.147301
0.00171395
0.0911817
-0.130564
-0.015191
-0.0110235
0.0354997
0.0162734
-0.0645261
0.0133129
-0.0326815
-0.0650559
-0.0622266
0.0955397
-0.0207291
0.024837
0.0471736
0.0108493
0.00700374
0.00522186
0.0200069
0.000328384
0.0226399
0.0235706
0.00448478
-0.0578311
0.0533149
0.0249909
-0.0163656
-0.0172099
0.000929483
0.0110884
-0.0376418
-0.06375
-0.0115845
-0.00712033
-0.00245636
-0.0361417
0.0737505
0.0134325
0.00597978
-0.0302848
0.0355951
-0.0265979
-0.0171737
0.0482078
0.0206882
-0.0602203
-0.108
-0.00443378
-0.0390437
-0.0187927
0.00882007
0.00913876
0.00884606
-0.00830402
0.048726
-0.0139498
0.00772619
-0.00129454
-0.0260962
-0.0362786
-0.0286917
0.0262086
-0.0817547
-0.0399923
-0.011814
0.00221026
-0.0314771
0.0222128
0.013915
-1.87205e-05
0.0273066
0.0734075
0.0344682
-0.0138994
0.0127262
-0.028918
-0.0228653
-0.110601
-0.0287263
0.0306191
-0.00339511
0.0274729
-0.0379289
0.0751308
-0.0477613
0.0378756
0.0221314
0.0437312
0.00317274
0.038829
-0.0126541
0.0182689
0.0508799
0.0675545
-0.0394165
0.0470205
0.0547622
-0.0239167
0.0583571
-0.0288279
0.0249612
-0.0463812
-0.0245209
-0.0397136
-0.0141043
-0.00955834
-0.0221126
-0.00174767
0.0661005
0.00277339
-0.021801
0.0262685
-0.032482
-0.0332469
0.00861721
-0.00485577
0.0366087
-0.062102
0.0205373
0.0272313
0.0397375
-0.0196332
-0.0190305
-0.039563
-0.0320396
-0.0457824
-0.0601705
0.0267543
0.0119079
0.0139318
0.041392
0.0418334
-0.0180497
-0.03404
-0.046313
0.0221362
-0.00800927
-0.00812387
-0.0119705
0.0150988
0.0117215
0.0630958
0.0561929
-0.0444681
0.0474667
0.031482
0.0143817
0.0174139
-0.0299023
-0.0251904
0.0264619
-0.0419402
-0.00901016
0.0475167
0.00219929
0.00444417
0.0253348
0.0154767
-0.0373951
-0.0241278
-0.0409842
0.0160448
-3.60031e-06
-0.0201564
0.0266307
-0.00212514
-0.0135299
-0.0130263
0.00540651
0.0314868
0.0107829
0.0143695
-0.0602898
-0.00734989
0.0177067
0.0250545
0.0398604
-0.000549852
-0.0372443
0.0369743
0.0132983
-0.0339798
0.0663347
0.0040445
0.0391935
0.0282302
0.145794
-0.0711294
0.0687959
0.00337121
-0.0348325
0.00304224
-0.000242207
-0.00743565
0.0718896
-0.0155503
0.0707536
0.00963924
-0.0329154
0.0355012
0.0452972
0.0227025
-0.0806032
-0.00121365
0.0169804
0.0127196
-0.0409408
-0.0688804
-0.0334915
0.0441413
-0.0263533
-0.0296727
0.0029994
-0.0550611
0.0306842
-0.0348124
-0.0557488
-0.0958839
0.0160797
-0.106763
-0.0672977
-0.0402167
-0.0171619
0.0350462
-0.0774405
-0.0215828
0.00399501
-0.0512034
-0.030138
0.0509075
-0.0290051
-0.0807704
-0.00925994
0.0810444
-0.0148308
0.0194211
-0.0140134
0.0578023
-0.0334577
-0.0192739
0.0339188
0.0353902
-0.013761
-0.0795388
-0.00504508
-0.0314554
0.0128016
0.116259
-0.00625732
0.0547467
-0.0244965
-0.00447911
0.0343708
-0.0217624
-0.0454292
-0.0290356
0.0304738
-0.0409298
-0.0574718
0.0292657
-0.0500805
-0.0287649
0.00174962
0.0877877
-0.0300397
-0.0131167
-0.034237
0.0248869
0.0910094
0.0218131
0.0598575
0.00222576
0.0458022
0.020327
-0.070994
0.0291508
0.03897
0.0198484
0.0549645
-0.0238378
0.0049872
0.0322106
0.0690283
-0.000174569
-0.0409952
-0.018672
0.0553117
0.0820502
0.0443189
0.0627434
-0.0263443
0.0173749
-0.00773842
0.0260337
0.0356823
-0.0219705
0.00228375
0.0439106
0.0387263
-0.00307059
-0.0450937
0.0264112
-0.0809481
-0.00589777
-0.032596
-0.0485163
-0.0408158
-0.00321384
0.0109082
0.0140865
0.0165968
0.00796273
-0.0520092
-0.0269884
0.0364748
0.0363772
-0.011311
0.0264936
0.0185739
0.0222904
-0.0227824
-0.0516808
0.0325443
-0.00800666
-0.0050002
-0.0231001
-0.0122994
-0.0419109
0.0171148
0.0200541
0.0198808
0.0377352
0.0245113
0.0447912
0.00329958
0.0169403
-0.039888
-0.0245648
-0.0169973
0.037113
0.0363054
0.0209375
-0.0266038
0.0485849
-0.0313845
-0.0224501
0.015567
0.00650029
-0.0100163
0.0125857
0.00652126
-0.00446977
0.0429838
0.0366451
0.0200157
0.0487263
0.00827644
0.0199847
-0.0352604
-0.0298662
0.00236439
0.0167851
0.0126952
-0.00138654
0.0234558
-0.024159
-0.033113
0.0196762
-0.0152464
-0.075992
0.0244673
0.0317531
0.0109958
0.0243456
0.00576139
-0.0185921
0.00968143
-0.0412742
-0.026585
-0.0136854
-0.0148808
-0.0337059
-0.00270745
-0.0259689
0.0449378
-0.0610886
0.0275505
-0.00442433
0.0198456
-0.0802177
-0.008268
-0.00104125
-0.0472586
0.0327854
0.0358057
-0.0286608
-0.00968411
-0.0116688
0.0209148
0.0273215
-5.59867e-05
-0.0332285
0.0151185
0.0271634
0.0346126
0.0309258
-0.0428437
0.0010231
0.0448727
0.00589595
0.020644
0.0300939
0.0995598
0.10034
-0.0450538
0.0563194
-0.0369073
0.0151243
0.0150772
0.0131932
0.0137862
0.0129122
-0.0345583
0.0285725
-0.0106091
-0.0604729
0.039726
0.00573529
-0.00505146
0.0282197
-0.0114064
-0.0298716
-0.0350184
-0.0103422
0.0289067
0.0563161
0.0325974
0.00851151
-0.0670293
-0.0164234
0.037325
-0.0217729
-0.0257656
-0.0438327
0.0363419
0.0334188
0.013609
0.042005
-0.0195988
-0.0239044
0.0312485
-0.0139281
-0.0430581
-0.00401888
-0.0301818
-0.0424241
-0.0194754
0.00302562
-0.0149464
0.0137805
-0.0540589
-0.0287175
0.0413117
0.0464495
-0.00713874
-0.0302922
0.012042
0.0396403
-0.0503008
0.0434756
0.00839188
0.0161817
0.0591947
0.00304574
-0.01336
-0.0294926
0.0190897
-0.0841174
-1.02843e-05
-0.0283241
0.00215242
-0.0011552
0.0020247
0.021839
0.0289176
0.0124404
-0.00382895
0.0354835
0.0194347
0.0434221
-0.0433029
-0.00643904
-0.0634113
-0.0119883
-0.0153374
0.0146438
-0.0247577
0.0311158
-0.0106399
-0.00736354
0.046226
0.0424592
0.00908662
-0.0711362
0.0425218
0.00527807
-0.0281676
-0.0400878
0.0855174
0.0067774
0.025477
0.0360082
0.00374092
0.0257348
0.0152665
0.0345143
-0.0120064
-0.00532292
-0.00110008
0.0392218
0.0487868
-0.012005
0.00383554
0.0331986
0.00221692
0.0262584
-0.0610773
0.0290918
-0.0420742
-0.0369647
-0.0279497
0.0375292
-0.0580855
-0.0496288
0.0153087
-0.0041641
0.0471975
0.0395895
-0.0105768
0.00418854
-0.0171331
-0.0190282
0.0369254
0.0334678
0.0403976
-0.0262071
-0.0129486
-0.0490715
0.028077
-0.0220833
-0.0420319
0.00442539
0.0136311
0.0315742
0.0190901
-0.0260077
0.00692728
-0.00254191
-0.0195672
0.00386608
0.00594952
0.0219643
0.00571797
0.0197048
0.0399146
-0.0119782
0.00139566
0.00270268
0.0345301
-0.0406737
-0.0206293
-0.0434595
-0.0485961
-0.0146672
4.90248e-05
0.0141997
-0.00848302
0.00789887
0.0303024
-0.0268879
0.00608483
0.0309869
0.0484305
-0.029529
-1.26257e-05
-0.00357705
0.0265329
-0.0182667
-0.0454908
0.0111596
0.0388849
0.0220921
-0.0382656
-0.00949181
0.0187135
0.00788049
-0.00112571
0.00734626
0.0294156
-0.0414582
0.0358131
0.077461
0.0299265
0.0247798
0.0421413
0.0673509
0.0167922
0.0149033
0.0555013
-0.014545
0.0100393
0.0478305
0.0454187
-0.00553234
0.0338695
0.0806409
-0.0126414
-0.0578129
0.0236221
0.0291231
0.0382197
0.0203321
-0.0368896
-0.0224401
-0.029704
-0.0284179
-0.017
-0.0553107
-0.0339136
0.0139707
-0.0253023
-0.0329854
-0.0348404
0.0199699
-0.0225652
-0.0700478
0.0125071
0.0197496
0.0165687
-0.0444667
0.0188411
-0.0115927
0.0314353
0.0094856
-0.0434879
-0.0436787
-0.0502795
0.100889
0.0514423
-0.0179665
-0.00864742
0.0357503
-0.0464055
0.0168712
0.0499656
-0.0195183
0.0186527
-0.0575228
-0.0785585
-0.0400407
-0.0472308
0.0468796
0.0142614
0.00189571
-0.00218281
0.04987
-0.00653738
-0.00112829
0.00327824
-0.052355
-0.0102812
0.00692285
-0.00876276
-0.0116659
0.0428544
0.0189133
-0.035511
-0.0571988
-0.0508904
0.0294923
-0.0483316
0.00514435
0.02839
0.0532993
-0.052421
0.0485239
0.0468513
0.0240778
0.0540184
0.0708358
-0.0124721
0.0362448
0.00744811
0.0216429
0.0280946
0.0109606
-0.0365641
0.00776352
-0.0223753
0.0356166
-0.0338021
0.0494592
0.0431119
0.00484454
-0.0358198
-0.0221992
0.0229592
0.011441
0.0192885
0.0169814
-0.0404566
-0.023092
-0.00965773
-0.0202028
-0.0375399
-0.0385947
-0.0114686
-0.0405159
-0.041956
-0.000303541
0.0425446
-0.0132168
0.0304282
0.0354763
-0.013499
-0.0384408
-0.00276935
-0.010692
0.0461195
0.0121924
-0.0446611
-0.00068757
0.0490634
0.0182735
-0.0244977
-0.0357134
0.0314449
-0.023468
0.0366124
0.0121437
-0.0103421
-0.0271612
0.00758896
-0.00463075
0.0195102
0.0114585
-0.0132419
-0.0231741
-0.0294392
-0.0033315
-0.0154888
-0.0255803
0.000450812
-0.0267628
0.0440215
0.0386956
0.0468083
-0.0240047
0.0209661
0.0182574
-0.0135054
-0.0385373
0.0471691
0.0307333
0.00199745
-0.0168577
0.0337437
-0.0267445
-0.0130542
-0.0399891
0.00569411
-0.0175394
0.042902
-0.0151567
-0.0311427
0.040193
0.0303168
0.0285262
-0.00708317
-0.0201902
-0.0443341
0.041651
-0.0285473
-0.0488732
0.0212401
-0.0155786
-0.0467108
0.0149753
0.0227076
0.00216618
-0.0343317
-0.0237102
0.143209
0.00413077
-0.00837245
0.0263718
0.0601188
0.0243326
-0.0434232
-0.0269357
0.0691616
-0.00135111
-0.127448
0.0631532
-0.275504
-0.0633044
-0.196277
-0.00614659
0.296525
-0.0455516
0.0246237
0.126756
0.143833
0.0349
0.0502764
0.0129983
0.0469578
-0.0182218
-0.0853695
-0.0334979
0.0932234
-0.31672
-0.266554
-0.128681
-0.0660297
-0.0040532
-0.29396
0.355274
0.425804
-0.179909
0.191705
-0.235271
0.133406
0.256424
-0.175772
-0.0853239
-0.0291302
-0.0968028
-0.103763
-0.0344613
0.0154494
-0.126965
0.0158719
-0.0865415
0.398204
0.150315
-0.166501
0.0527543
0.0283159
0.04329
0.155972
0.212652
-0.00418622
-0.132284
0.0393316
-0.0117926
0.188915
-0.263764
-0.0486682
0.0460035
0.109891
-0.173706
-0.0182215
0.104442
-0.112548
0.00553615
-0.0779323
-0.115511
0.123445
-0.041542
0.00184005
-0.00343869
-0.0815141
0.0594708
0.0746768
-0.252222
-0.169355
0.010812
0.0317078
-0.0353887
-0.101818
0.194765
0.171592
0.0122297
0.0206286
-0.0327882
-0.0484186
-0.343274
-0.0240452
-0.0192305
0.00893537
-0.143611
-0.262813
-0.109198
0.201412
-0.0464945
0.00164066
-0.00192326
-0.0436888
0.0102081
0.0153012
0.000968364
-0.0215245
-0.00631938
-0.0427558
0.0274744
-0.0620811
-0.0592431
0.0338996
-0.0858199
0.0180781
0.0128118
0.145937
0.0901035
0.0148749
0.0280987
0.0264301
-0.0343017
0.0844173
0.0171727
-0.0063798
0.00520039
-0.0528093
0.243799
-0.0535846
-0.227514
0.136395
-0.149328
0.0198567
0.0235054
-0.0326066
0.0157783
0.0635226
0.030637
-0.000913679
-0.024536
-0.00683152
-0.0298699
0.0571872
0.0280792
0.0447231
-0.0261013
0.00124285
0.0280308
-0.0088761
0.092219
0.0485318
-0.0280257
-0.0540164
0.00561162
0.0464571
-0.0323305
0.0164959
-0.034142
0.0338737
0.0166438
0.0682917
0.0564552
0.0317335
0.0465942
-0.0257037
-0.0087285
0.0386009
0.0403786
-0.0325419
-0.0317759
0.043948
0.0453898
-0.0901383
-0.0422604
-0.00616067
0.0672545
0.0219396
-0.0242338
-0.0407995
-0.0376272
0.0327349
0.0132385
0.0135491
0.00756605
0.0196582
0.0463145
0.0274629
-0.0122281
0.0411792
0.0456453
-0.0446532
-0.0939794
0.0983286
-0.145636
0.0203001
0.0175517
-0.00022908
-0.0187297
0.0306897
-0.0110348
-0.0182664
0.0470006
0.0402963
0.00235475
0.0230604
0.0276688
-0.0209475
0.0508031
-0.0238692
-0.0169469
0.0650101
0.0818286
-0.022707
-0.0100516
0.0169442
-0.028581
-0.169319
-0.0411278
0.0398926
-0.0247089
0.316181
0.0713939
0.0688047
0.23855
0.0978075
0.114405
0.0688101
0.0543809
0.0382899
-0.0248485
0.0163489
-0.0271452
-0.0915524
-0.0142181
0.135261
0.111828
0.0530091
0.0617402
0.0475207
0.0158809
0.0227372
-0.0197359
-0.0706749
0.415766
-0.0106236
-0.0212839
-0.10492
0.102772
0.0398896
-0.0477771
-0.0820956
-0.290399
0.0391079
-0.0927496
-0.11145
-0.0580037
-0.130135
-0.143802
0.0143242
-0.0934965
-0.0121111
-0.00447851
0.0329732
0.0137096
-0.198854
-0.204671
0.0734666
0.030708
0.0791453
-0.0796775
-0.0338054
0.325104
0.328467
0.138662
0.0794065
-0.0409671
0.064268
-0.431327
0.0866286
0.0125179
-0.0189253
-0.343341
0.172594
-0.272146
-0.380326
0.531043
0.25132
0.244948
-0.047349
-0.0529313
0.0041034
0.0146925
-0.0420341
0.0955063
-0.0649498
-0.0184359
-0.0622796
-0.0579898
-0.165387
0.0510495
0.100685
0.15784
-0.225045
0.0322393
-0.0564263
0.130519
0.0319382
0.0227698
-0.125759
-0.0922099
-0.00578751
-0.030994
0.147043
0.0450236
0.0422908
0.236047
-0.213012
0.0505696
-0.0131778
0.451552
-0.114949
0.0913013
-0.0582566
0.0615612
-0.00835741
0.0060089
0.0248964
0.219289
0.53685
0.294346
-0.093864
0.000611077
0.064428
-0.0308829
-0.0313506
-0.0372983
-0.140623
-0.0424766
-0.0268387
-0.00332431
-0.0511662
-0.0427677
-0.00718003
-0.0398145
-0.00702191
-0.0298913
-0.0518497
-0.0348014
0.0331134
-0.000705188
-0.0319934
0.0125471
-0.0309413
0.0215296
-0.0420597
-0.0582587
-0.0221118
0.0178561
-0.0503499
-0.0320244
0.0384921
-0.00348997
0.0143566
-0.043826
0.0364336
0.0257808
0.0584691
0.114252
0.01173
0.029054
-0.0319288
-0.0201558
-0.0417958
0.00664908
-0.0149566
0.00421003
-0.0322897
0.0389004
0.0314219
-0.036131
0.0479877
0.0253139
0.0208897
-0.020535
0.0182728
0.00660928
0.047804
0.00769786
0.0168651
-0.0195761
0.0313529
0.0109752
-0.0125961
-0.0156356
-0.0328129
0.0738629
0.036955
-0.0826898
0.00777606
-0.137117
0.0536843
-0.0210495
0.0135811
-0.0135909
0.137463
0.0889464
0.00838429
-0.0215763
0.0410574
-0.0299343
-0.0100722
-0.0963789
0.0302092
-0.0241832
-0.037746
0.0115449
0.0229929
0.0361362
0.0294252
-0.00729259
0.0470695
0.0213961
0.0397889
0.228088
0.14182
0.0701309
0.0021938
-0.0867182
-0.00556494
0.016931
0.0420097
0.0269029
-0.0223251
0.03964
-0.00851054
-0.00404277
0.0165837
0.00204282
0.0204999
-0.01089
0.0586857
-0.0159893
0.04795
0.0444566
0.021603
0.0184156
-0.227725
-0.0231014
-0.134408
-0.000319251
0.0806716
-0.0647641
0.0104487
-0.0718759
0.00310474
0.033461
-0.0216467
0.0369454
0.0451759
0.0114999
-0.0717847
-0.048451
-0.00357929
-0.0514263
-0.0512823
-0.0622162
0.0281857
0.0294097
0.0473137
0.0309488
-0.0674182
-0.0480506
0.0563721
-0.0113215
-0.0119757
0.017801
0.0791703
0.00700084
0.0372381
0.0263388
0.0562811
0.0335591
-0.0193776
-0.0241731
-0.043513
0.0142965
-0.0455171
-0.0077503
0.0068058
-0.0185313
0.00450807
-0.0243239
-0.0387738
-0.0113018
0.060613
0.112892
0.0447729
0.015835
0.0478202
-0.0116649
-0.0243193
0.0196175
-0.0254096
-0.00569622
0.0445799
-0.0255081
0.0611067
0.03382
0.0158875
0.039993
0.0350029
0.056845
-0.00496734
-0.0149707
0.0612934
0.0548653
0.0290347
0.0413223
-0.0227747
-0.0200056
-0.0127062
0.014529
0.0254861
-0.0120742
-0.0275136
-0.00236457
-0.00975871
-0.00869125
-0.0260743
-0.0428144
0.0129631
0.0344384
-0.0366583
0.00654254
0.00779122
0.0379968
0.00990609
-0.0747555
0.00877065
-0.0207576
0.0343568
0.00189219
-0.0202007
0.00642498
-0.113285
0.0284503
-0.0643338
-0.0549826
-0.0102706
0.0144746
0.0360507
-0.0241351
0.0388194
-0.0161619
0.0488103
-0.0211488
-0.000620729
-0.0374814
-0.0292436
-0.0295341
0.0181939
-0.0194323
0.00578937
0.0126625
-0.0156221
-0.026253
-0.00984984
-0.0170878
-0.0236685
-0.00189084
-0.0282858
0.0181416
-0.0392747
0.00784769
0.0379564
-0.00621367
-0.0156826
0.0178264
0.0155493
-0.0486174
0.0260362
-0.000903798
-0.0145222
0.0140162
-0.0433647
0.0121244
-0.0197974
0.0382735
-0.0423713
0.0422651
-0.0584453
0.0123119
0.0160931
-0.000848586
-0.0280382
0.070704
-0.0216209
0.0409841
0.0378788
0.0136993
0.0045546
-0.00488149
0.0160921
-0.0260623
-0.0305464
-0.0129474
-0.0298725
-0.0326834
-0.0447422
-0.0167502
-0.0385137
0.00541448
0.00333342
0.0324745
0.0383723
-0.00301794
-0.0383877
-0.0362041
0.00901017
-0.0160893
-0.038089
0.0326933
-0.0232835
6.38278e-05
0.0116248
0.0116284
0.0528817
0.0174607
-0.0242307
0.0110028
0.0106957
0.0317988
-0.00289639
-0.0278267
-0.0715756
-0.077223
-0.0624153
0.00624099
0.0226634
-0.0163849
0.0245608
-0.0450877
0.0219973
-0.0310439
0.00328103
0.0299415
-0.039338
-0.0321357
0.0146494
-0.0315691
-0.00825447
0.0366716
-0.046573
-0.00747796
-0.0082788
0.0485998
-0.0175832
0.0154279
-0.0563751
0.0337194
0.0669447
-0.033655
-0.00248311
0.0316148
0.00493214
-0.0407411
0.0632365
0.00437415
0.0562903
-0.0244631
0.0190341
0.00971181
-0.0328267
0.000104938
0.0594883
0.0379877
0.0301668
-0.0382699
-0.0458047
0.0259508
0.0938136
-0.00215131
-0.0646308
0.0485315
-0.00301547
0.0633899
-0.0484682
0.0248205
-0.0264667
-0.0474127
0.0123011
0.0242972
-0.00113957
-0.0297821
0.00934328
0.0118047
-0.0151326
-0.0557514
-0.0227021
0.0150324
-0.0279599
-0.0421262
-0.0171862
0.0637865
0.0512927
0.0189619
-0.00717551
-0.0149565
-0.0574948
-0.0022304
-0.00667669
0.0360385
-0.0455168
-0.041691
0.0283548
-0.00200819
-0.0381832
0.0582178
-0.00936609
-0.0667187
0.000174606
-0.0260497
-0.00552926
0.0231331
0.0279079
0.0395071
0.0158373
0.0142401
0.0240232
-0.0820917
0.0639918
0.0491478
0.0363928
0.031766
0.0181283
-0.00794183
-0.0566545
-0.0134051
0.0379628
-0.0219175
0.0558195
-0.0314961
0.007419
-0.0607559
0.00420487
-0.0149029
0.0128886
-0.00248841
-0.0264928
0.0394245
0.0111118
0.0332078
0.000370376
-0.0445847
-0.0464682
-0.0210324
-0.0129688
-0.0431735
-0.0216608
0.0457992
-0.0490724
-0.00263885
-0.0288726
-0.0272391
-0.0118382
-0.0269041
0.0447844
-0.0370934
-0.0055798
0.0135667
-0.0160676
0.00236395
0.00953844
-0.0231638
-0.0202131
-0.00555089
0.0123236
0.0389594
0.0296626
-0.00865604
-0.029141
-0.0190315
-0.07299
-0.0441794
-0.0270777
-0.0162936
0.0107723
-0.0254898
-0.0222112
-0.0333445
0.0134216
0.023666
-0.00839582
-0.0033481
-0.0370417
0.0161209
0.0416105
0.0357265
-0.00843967
0.0233023
-0.0461518
0.0405068
0.0404601
-0.00892626
-0.0147321
-0.0460637
-0.00723181
-0.0449285
-0.0232537
-0.0299343
-0.0539021
-0.0200783
-0.040095
-0.0395054
0.0108571
-0.0165351
0.035875
-0.0298959
0.0165933
0.0838534
-0.0716986
-0.0131483
0.0216221
-0.047046
0.0366331
0.047357
-0.0293433
0.00613489
0.0281452
0.0382311
-0.0190399
0.0353824
0.028953
-0.0423313
0.0442019
-0.022694
-0.0221359
0.0218236
-0.21077
-0.102539
-0.0766017
-0.0474407
0.0741942
-0.0360385
0.0497273
-0.0318669
0.0216037
-0.0047267
-0.0273971
-0.0541643
-0.0466783
0.0169603
0.0545817
-0.0414679
-0.00306022
-0.0279361
-0.0793976
-0.0342369
0.00256453
0.0259055
0.00173606
0.242112
0.10066
0.0163156
0.0583607
-0.0788799
-0.0063467
-0.0628341
0.020528
-0.0104933
-0.0612422
-0.0224253
0.0193436
0.0151735
-0.0619596
0.0571089
0.0440592
-0.00407772
0.0933588
-0.0209771
-0.0500847
0.0332122
-0.0419627
-0.0214188
-0.0433658
-0.023357
-0.0217304
-0.0863953
0.037258
-0.0135949
0.0149847
-0.0311627
0.0065515
0.00198136
-0.0466696
-0.0506734
-0.0191522
0.0525913
-0.000562474
0.0152369
0.0488625
0.0132762
0.00502455
-0.0253772
-0.00953057
-0.0269924
0.0338246
0.0136972
0.054074
-0.0879772
-0.0459648
0.0179143
-0.00107969
-0.0289858
-0.00759206
-0.049577
-0.0243225
-0.00790573
-0.00476228
-0.00417129
-0.00803878
0.0185443
0.0446623
-0.0154717
-0.0282313
-0.0256856
-0.00573493
-0.038503
0.0347511
0.0270314
0.0401997
-0.00953384
-0.03277
-0.0283023
0.0287286
-0.0125364
-0.0322889
0.00404704
-0.0153358
0.0242683
0.0203092
-0.0448044
0.032717
-0.0253001
0.0328044
0.010912
-0.0331241
-0.0353217
-0.0399022
-0.0436689
-0.0135001
0.0390065
0.0117603
-0.0400568
0.0302686
0.0474127
-0.0275804
0.0458223
0.00593905
0.0269383
0.0227564
0.00452432
-0.012319
0.0284013
-0.00502431
-0.0429557
-0.0215407
0.0417449
0.0245006
-0.0430714
0.0325497
0.0091039
0.000823932
0.0163545
-0.0143012
-0.0120361
0.0106204
-0.0305127
0.0194781
-0.0378101
0.0393522
-0.00679821
-0.0367389
0.0194318
0.03034
0.0421676
-0.0281036
0.00334814
0.0126294
-0.0329476
0.0297763
0.00129508
0.0320726
0.0292442
-0.00867217
0.000859722
0.0208772
0.00705268
0.0153597
0.0205125
0.0141297
-0.0474269
0.0187738
-0.0331317
-0.031039
-0.021274
0.00201562
0.0450514
-0.0335819
0.0271993
-0.0516785
0.00513396
-0.00195241
-0.0246379
-0.021052
0.0279027
0.0317531
-0.0356741
-0.0448554
-0.0474257
0.00923137
-0.0299397
-0.0082039
-0.0314577
0.0307445
0.0148794
0.0211791
-0.0173297
0.00638133
0.0138974
0.0152279
-0.0274214
-0.00696888
0.0422474
-0.0174057
-0.0146365
-0.0518855
-0.0257272
0.0212239
0.0574878
0.0356599
-0.032581
-0.0118881
0.0292258
-0.0100852
0.0389945
-0.0207659
0.0396885
-0.00211865
0.00970205
0.105936
-0.0335318
0.0282098
0.00367806
0.0276567
0.0353253
-0.0120159
0.0406405
0.0699808
-0.0112706
0.0389149
-0.0414645
0.0022433
0.0436109
0.104501
-0.0286994
-0.00284254
0.0193088
-0.0175359
-0.025596
-0.0259336
-0.0479357
0.0247438
0.0663536
-0.019339
0.0107302
-0.0430208
0.0572078
-0.0386706
0.00614684
-0.0772981
-0.0739255
0.021039
0.00616748
-0.016762
-0.0518569
-0.00186508
0.0274661
0.00756025
-0.0772715
0.0499048
-0.0410281
-0.0311312
-0.02811
-0.0313679
-0.067551
0.00837357
0.066013
0.0182986
-0.0297426
-0.0145782
0.0488773
0.00563179
-0.0261637
0.019246
0.0494583
-0.0193111
0.0176018
0.0295772
-0.0159791
-0.0266871
0.0338424
0.0352428
-0.0108248
0.0470887
-0.0429376
-0.0308251
-0.0570076
-0.0894766
0.0286198
-0.028503
-0.030325
-0.0445664
-0.0122049
-0.062478
0.0250964
0.0539717
0.0272624
0.0213721
0.00240661
0.00910609
0.0126393
0.0670982
-0.0177744
-0.0118764
0.00949911
0.0228296
0.0313167
0.0212781
-0.00598363
-0.0114607
0.00203837
0.0016128
0.0003071
0.0861887
-0.0309451
-0.00410859
-0.029229
-0.0414263
0.0838146
0.00234105
0.0271169
0.0536291
-0.0215252
0.00392331
0.0309624
0.0198334
0.0237684
0.0409321
0.03249
-0.0309027
0.000416561
0.0203232
0.0306493
0.0285028
-0.010765
-0.0214468
0.0124514
-0.0212877
0.0254849
0.0339328
0.0458284
8.58384e-06
0.0454207
0.00854545
-0.0380141
0.00994555
0.0243056
-0.0481323
0.0391138
0.00888788
-0.035861
0.0306063
-0.0444648
-0.0421627
-0.0504568
-0.0213281
0.00510862
-0.025974
-0.0444443
-0.0310127
-0.00657019
-0.0103517
-0.0382708
0.0341446
0.0101739
0.0395731
0.011678
0.0394899
0.0101203
-0.0171972
-0.0166894
0.0483254
0.0279549
-0.0373135
0.000985316
-0.0465139
-0.0223154
-0.0317075
0.0236588
0.0301399
0.0205751
0.00677689
0.0339151
0.0262901
0.0407506
-0.0357302
-0.0183552
-0.0170737
0.00208937
0.0404849
-0.0430524
-0.0178606
0.0451296
-0.0188611
0.0394506
-0.0120634
-0.0158836
-0.0105876
0.0253501
-0.0372484
0.000528162
-0.0395437
0.0343729
-0.0163922
-0.0226628
-0.0105815
0.0169255
-0.0114034
0.033476
0.0168078
0.0650214
0.0869369
0.101451
-0.0528759
-0.0301324
0.0305035
0.0119224
0.0113238
0.0252077
0.0840337
0.153583
-0.0770993
1.27647
0.487747
0.521899
-0.245478
-0.0922962
0.461744
0.182839
0.173703
0.134065
0.237689
0.451712
0.394515
0.377858
0.424584
-0.0496144
0.0454901
-0.247612
-0.0976472
-0.203213
0.674916
0.146734
0.0506622
0.569814
-0.664327
-0.461833
-0.338424
0.156256
0.0255222
-0.189329
0.117991
-0.246161
0.032794
0.0665808
-0.400066
-0.293595
-0.0716018
0.0703551
-0.306992
-0.0467429
0.121224
-0.016889
0.134909
0.147453
-0.0336852
-0.0314589
0.052527
0.153082
-0.0500911
0.0383679
0.391571
-0.0966438
0.301997
-0.232433
0.173528
0.0378708
-0.0125512
0.0665569
-0.102228
-0.0808037
-0.341177
-0.0295482
0.0147148
0.393905
0.178277
-0.0508777
0.0887138
0.0253738
-0.00685774
0.0511725
-0.14378
-0.12707
0.516126
-0.218633
0.0131264
0.00743106
0.00111747
-0.199947
0.623772
0.037443
-0.0265174
-0.00407944
-0.00121989
0.151243
0.226985
-0.042425
-0.0227459
0.0285806
0.286226
-0.12757
0.383683
-0.418577
0.00831191
0.0916741
0.134528
0.00502234
0.00431386
0.0822398
-0.0358985
0.0110758
-0.0173885
0.0128808
-0.0158817
0.0578993
-0.0548115
0.0130144
0.216529
0.0949476
-0.0200135
-0.254301
-0.1387
-0.0386888
0.010672
0.103313
-0.124234
-0.0980086
-0.00261828
0.0406325
0.0104934
0.137637
0.00650722
0.0994855
0.0866822
-0.0873859
-0.12197
-0.111017
-0.0461847
-0.00483508
0.0204554
-0.0653308
-0.0156904
0.0152739
0.0341818
0.0224184
-0.193997
0.0507221
-0.0444555
0.000939091
-0.0268896
0.076096
0.0255628
-0.007387
0.0246897
0.0325138
0.0452429
0.132925
-0.00398577
0.0364075
-0.0188665
0.0221275
-0.012682
0.0112435
0.032633
-0.242209
-0.0804713
0.0521926
0.0700026
0.0270773
-0.00555754
0.0451005
-0.0277978
-0.0288115
0.0240684
-0.0336194
7.02647e-07
0.0367578
-0.0276333
0.0262628
0.0988026
0.0537239
0.036238
0.031762
0.0221659
0.0114709
0.047486
-0.00797326
-0.111648
0.0240256
0.0433887
-0.00248556
0.0331627
-0.00227315
0.0167839
0.0329334
0.0758227
0.0707639
-0.00226824
-0.0131027
-0.0146172
0.00498462
0.0188504
0.0226991
-0.0105717
-0.0262974
0.0223522
-0.00701549
-0.0853196
0.00166457
0.0146529
0.089396
-0.100422
0.0339871
0.0530985
0.225894
-0.137537
0.119053
0.000548798
-0.0347001
0.00947523
0.327206
0.0216567
-0.0191899
-0.110935
-0.0798765
-0.0395887
-0.045002
-0.0198406
-0.150818
-0.0491443
-0.0927823
-0.081779
-0.082582
0.12624
0.109942
-0.0108907
0.236446
-0.084802
-0.166271
-0.163769
-0.0840813
-0.140793
-0.00747477
-0.0856043
0.0235712
-0.192723
-0.137594
-0.281146
-0.0321138
0.0310041
-0.0656184
0.122319
-0.0330311
-0.0375807
0.0973289
0.0778512
0.0342288
0.0502445
-0.114821
0.0986219
-0.0234262
0.0185226
0.09491
0.0532422
-0.0233156
0.00819532
-0.0811731
-0.0676918
-0.167421
0.241742
0.234541
0.0847894
-0.0752998
0.0841573
0.0843823
-0.52569
-0.0516216
0.159492
-0.177768
0.146435
-0.0255742
-0.574803
-0.380681
-0.0101489
0.0332626
-0.0540807
0.396095
-0.0481413
-0.0202882
0.154877
0.00327449
-0.401773
-0.356623
0.321928
0.033017
-0.0353435
-0.0286129
-0.0326709
0.0181819
-0.447244
-0.209899
-0.0671612
-0.186271
-0.000757932
0.107638
0.230998
0.0809973
0.070802
0.120523
-0.139472
-0.0780661
-0.0153701
0.0772178
-0.119047
-0.0131203
0.0062009
0.425528
0.0730604
0.262647
-0.0298543
0.220598
0.131328
0.158065
0.197237
-0.155862
-0.130963
-0.00540195
-0.0695652
0.0547092
0.068926
0.202151
-0.0668548
-0.00850031
0.0438023
-0.0026136
-0.0134741
-0.208513
0.0334606
0.00388091
-0.000988875
0.370611
-0.0045681
-0.0057014
2.87365e-05
0.0300411
-0.0426285
0.0384667
-0.0363565
0.038191
-0.0276308
0.0743475
0.0779863
0.0216299
-0.00928521
0.0273768
-0.0213359
0.0162408
0.0582975
0.0128906
-0.0227618
-0.00403055
0.00111649
0.0916816
0.0110216
0.00816873
-0.0372403
-0.0416801
0.0223677
0.0282344
-0.0158153
-0.0602585
-0.126118
-0.0428438
-0.0110517
-0.013617
0.0123651
-0.0297052
-0.0266906
0.0106597
-0.00626274
0.0290955
-0.0423452
-0.0864996
-0.0288982
-0.0379757
-0.0254385
-0.0355688
-0.0398654
-0.00276907
0.00959354
0.00995882
-0.00836015
-0.0237185
0.00387261
0.0268584
-0.0420909
0.0232446
0.0155571
-0.0150527
0.194395
-0.0536163
0.123333
0.0190585
0.109113
0.0429963
0.00841487
-0.0360978
-0.014485
0.174935
0.0222416
0.0316754
0.0218589
-0.0298118
-0.0332626
0.0207096
0.0182538
0.0525799
0.00667312
-0.0221574
0.0639072
0.0212432
-0.0473301
-0.123024
0.0907086
0.0419868
0.00488046
-0.0483868
-0.331248
-0.100759
0.165392
0.0837458
-0.282125
0.00233515
-0.100668
0.120219
-0.0829689
-0.00931354
-0.0597232
-0.127576
-0.143142
-0.120097
0.443802
-0.00252486
-0.0946068
0.0494627
0.0496603
0.500062
0.0568035
0.00264703
0.23588
-0.345127
-0.260228
-0.104185
0.186286
0.0606339
0.0215887
-0.126825
-0.0237513
0.0337768
0.0536863
-0.123118
-0.193894
-0.00978875
0.0125997
-0.047583
-0.0224886
0.0698748
-0.341834
-0.0613955
0.00985707
0.0418347
-0.057045
-0.0189825
-0.0817936
0.00162367
0.0943028
0.34391
-0.023775
0.243398
-0.22214
-0.206392
-0.0387285
0.0111645
0.0852742
-0.0386373
-0.0792382
-0.114798
-0.197403
-0.141684
-0.084347
0.191489
-0.00486659
0.0360774
-0.0286209
-0.0522028
0.0356487
-0.103584
-0.163411
0.452013
0.163402
-0.082756
-0.0131998
0.126265
-0.0851168
-0.168256
-0.0159892
0.000370979
0.0129275
-0.0718579
0.096705
-0.15502
0.0127982
-0.0482062
-0.0438303
0.393194
-0.11745
0.225284
0.224501
-0.0779394
-0.159478
-0.0308102
0.0101648
-0.0130964
-0.20084
0.166912
-0.00540799
-0.0216425
0.0435851
0.037925
0.125011
0.170552
-0.0123814
0.0159599
-0.00255379
-0.0602459
-0.203179
0.0621111
0.0359155
0.00517477
0.0569589
-0.0551505
0.31858
-0.0231586
-0.024704
0.0380921
-0.0571077
-0.100444
0.0210237
0.155114
-0.133085
0.0444041
-0.107264
-0.0231302
0.0153944
0.0491608
0.0107799
-0.0073809
-0.00143472
-0.0083791
0.0269577
-0.118827
-0.162895
0.0103779
0.0536078
-0.0514219
0.0457177
0.0475823
0.0138012
0.0253969
0.0481266
-0.0586847
0.0974037
0.0209225
0.0418108
-0.0350947
0.00651852
0.000805189
-0.0417114
-0.031626
0.11024
-0.101032
-0.183477
-0.0929267
0.0367448
0.0398533
0.0253329
0.0488397
0.00785692
0.00520489
0.0206992
0.0379602
0.12448
0.0294936
-0.0186011
-0.0646491
-0.00327999
-0.071658
0.00231419
-0.0157744
0.0405122
0.0426906
-0.0207494
-0.059226
-0.0401742
0.0368537
0.0390794
-0.0317158
0.0413552
-0.0291391
-0.032893
0.0269478
0.0902664
0.0601213
-0.036664
0.0288929
-0.0474963
-0.0104113
-0.0155403
-0.000403529
0.0175646
-0.0130244
0.037193
-0.15008
-0.0181383
-0.0158663
0.0756293
-0.00384535
0.0712886
0.0616076
0.267227
-0.0187307
0.133721
0.0612112
-0.0720343
-0.0741068
0.0442648
0.0367362
-0.0307695
0.0930693
-0.0574381
-0.113895
-0.462417
-0.157537
0.0560374
-0.130445
-0.133334
0.0173806
-0.00479049
-0.0147043
-0.0953025
-0.147345
0.02576
-0.0938377
-0.23814
-0.1862
0.00277106
-0.135569
-0.102417
-0.0930758
-0.0947615
-0.366469
-0.114041
-0.285201
-0.0269514
0.043181
0.170805
0.0104078
-0.0453852
-0.0357564
0.13829
0.133613
-0.0626009
-0.00926788
0.0238815
0.0972641
0.247479
0.00705717
0.0193728
0.0105949
-0.103956
-0.0306242
-0.0573266
0.0484653
0.0719364
0.0460989
0.165231
0.0276262
-0.025815
-0.0250453
-0.00696657
-0.0287403
-0.0352518
-0.215765
0.0351105
-0.0226247
-0.171153
-0.00876861
-0.00878444
-0.0140927
-0.0423279
0.104486
0.356957
0.377719
-0.0226649
0.353559
0.213145
0.111541
0.132183
-0.0170637
0.187331
-0.233354
0.0666607
0.0738898
0.0262295
-0.0284564
-0.390073
0.175284
0.171715
0.113506
-0.0943409
0.177125
-0.316416
0.371323
-0.13188
-0.792597
-0.0897694
-0.0217979
0.275747
0.163171
0.0472922
-0.0426271
0.107962
-0.061714
0.166978
0.380286
0.575896
0.174713
0.100477
0.0796074
-0.102345
-0.0718884
0.107993
0.0544542
0.077628
-0.0867266
0.346804
-0.103277
0.195157
0.118964
-0.170934
-0.0971778
-0.159958
0.0308234
0.0180054
0.0284455
0.211301
-0.00839185
0.0277997
-0.0167159
0.037443
-0.0332466
0.00857856
0.025505
-0.0263518
-0.0322946
0.0360112
-0.0124418
0.0148825
0.0312248
0.0450115
-0.0315723
-0.0324614
-0.0348823
0.0470939
0.0347888
-0.0143278
0.0343956
0.0426455
-0.0209539
-0.0106408
-0.0273559
-0.0444486
-0.0199057
-0.00916178
0.0129788
-0.0555491
-0.031428
0.0475367
0.0429395
-0.0473037
-0.0530213
0.00533325
-0.0255024
-0.00204465
-0.00013343
0.0274455
-0.0153691
-0.0700937
-0.0157062
0.0198757
-0.0046507
-0.0136627
0.0232527
0.0139142
-0.000821145
0.0228302
0.0374749
0.0560007
0.00763222
-0.000120496
-0.0248336
-0.00413429
0.0383861
-0.00885435
-0.00666256
0.042336
-0.216697
0.0901298
0.0669466
-0.00590676
-0.0141929
0.00668759
0.0408117
-0.0760392
0.044515
-0.043816
0.0480653
0.0352236
-0.00193734
0.0458823
-0.0910128
0.0299922
-0.0348929
-0.0573939
0.0283742
-0.0358903
0.0107937
-0.0628577
0.0225966
0.0320357
0.0222747
0.0314857
0.0928909
0.109281
-0.0218874
0.0392713
-0.0678036
-0.0443687
-0.0467903
0.0290198
0.0238698
-0.00599738
0.0523126
0.0395264
-0.0479208
0.033457
-0.00793741
-0.0355814
0.0223939
0.0633457
0.0922283
-0.0909847
0.00774973
-0.0207327
-0.0506027
-0.193232
-0.0781499
-0.0377618
0.017548
0.00158449
0.0312567
-0.00748214
-0.00934022
0.0203199
-0.0173723
-0.00597661
-0.0543204
0.0166832
-0.0193436
0.00429945
0.0170284
-0.0451927
-0.0881764
-0.0625652
0.0410627
0.0218781
0.076512
0.0221369
-0.0280774
0.0539556
-0.0551812
0.0431603
0.0163682
-0.00788499
-0.01832
-0.0323017
0.0429523
-0.0416836
0.0425508
0.0713229
-0.0544236
0.01567
-0.0495695
-0.0382609
-0.0480961
0.0628111
-0.0604365
0.0163741
0.0293759
0.0158212
0.00685916
-0.0607761
-0.0201538
0.113229
0.0241708
-0.0162579
0.0468495
0.0304327
0.0568313
-0.0525228
-0.00734575
0.00446573
0.0340752
0.0075108
0.0280266
-0.0214628
0.0335924
0.00075623
0.0144953
-0.0393014
0.101402
0.00474977
0.0696734
0.0314931
0.0145824
0.0107675
0.0218696
-0.0166911
0.0468866
-0.0570571
0.0222384
-0.0207403
0.0321438
0.0207139
-0.0296397
0.0517003
0.0482569
0.0551974
0.00988429
0.00282077
-0.0103609
0.00287246
0.0521072
-0.0114342
-0.0094987
0.0245101
0.0337678
0.00541128
-0.021352
-0.0427735
-0.024752
-0.0630327
-0.00721076
-0.032584
-0.0166981
0.0196273
0.0027388
-0.0140849
-0.00799249
-0.0286191
0.00117985
-0.0402719
0.0201583
0.0235338
0.0114956
-0.0421166
-0.0568674
0.0304722
-0.0497156
-0.0175706
-0.0160511
0.0201446
0.000710424
-0.0588625
0.0159474
0.0538645
-0.031407
0.0274885
-0.0331963
-0.0276852
-0.0397616
0.031994
-0.0488027
-0.0293247
-0.0157242
0.0289766
-0.0372394
-0.0242441
-0.00152973
-0.0132596
-0.0188389
0.00781527
0.0361461
-0.0247393
0.0302027
0.0422216
0.0214832
-0.0220348
0.0298135
-0.0124806
-0.0494796
-0.035407
0.0284497
-0.0208296
0.0568227
-0.0177763
0.0213062
-0.00617872
-0.0374612
0.0176437
-0.0403873
-0.0489148
0.038231
0.00763174
0.0481895
0.0206883
0.00389001
0.015595
-0.00406597
-0.00847148
0.00919961
-0.012239
-0.0490535
-0.0425819
-0.0024489
-0.0211207
0.0443062
-0.0510513
0.0142836
0.0482398
-0.00528607
0.0233136
0.0420792
-0.00322331
0.0777844
0.043873
-0.0590375
0.01746
0.0258875
-0.00273017
-0.0375409
0.0460424
-0.0162212
0.0312246
-0.062361
-0.0337353
-0.119473
0.0108745
-0.0408114
0.00106936
0.0141491
0.0232062
-0.0167451
0.00296595
-0.0420954
0.0337489
-0.021411
0.0046553
-0.0622949
0.0504199
0.0494614
0.0315591
-0.00251238
-0.0166521
-0.0399188
0.00793126
-0.0389602
-0.0398171
-0.02206
0.0222351
-0.017326
-0.0523633
0.0100253
-0.0333615
0.031947
0.0803272
0.0249945
0.0491982
0.00514667
0.0175457
0.0180814
-0.0465261
0.0314536
0.0710375
-0.029463
0.0201487
0.0153468
-0.029357
-0.0149742
0.0239808
-0.13076
-0.0215489
-0.0312771
-0.0296139
0.0205478
0.0985711
-0.117136
-0.0174118
0.0851198
3.94491e-05
0.069263
0.0061056
-0.022941
0.0336699
0.0490279
0.0618571
-0.0462618
0.0163422
-0.0500304
-0.00630062
0.0382514
0.0408189
-0.0102917
0.0616167
0.0687537
0.0816096
0.0662981
0.0124413
0.00704906
-0.0299933
0.0866925
-0.0104171
-0.012769
-0.0609863
-0.0757617
-0.0491429
-0.0261518
0.0570345
0.0335432
0.0105089
-0.0247839
-0.00526648
-0.0658239
-0.00551179
-0.0210217
-0.00487453
0.0217653
-0.00532408
-0.01472
0.0239036
-0.0324368
-0.0424076
0.0598995
-0.0311654
-0.0382231
-0.0328764
-0.00356338
-0.052485
0.0102163
0.00241773
0.0552053
-0.0210567
0.0608823
0.0604184
0.0603071
-0.0322731
0.0330464
0.0218749
-0.0101796
-0.00280219
-0.00125045
-0.0393383
-0.0312247
-0.00948576
0.0135588
-0.0331076
0.00477489
0.01554
0.0322761
0.0135206
0.0446481
0.035713
-0.0109741
0.0279884
0.0426204
0.0401784
-0.0206445
-0.0317831
0.0309241
0.0294206
-0.00473221
0.00737296
-0.0145487
-0.0463083
0.0468736
-0.0341001
0.0371441
-0.0379995
-0.0240552
0.024206
0.0385339
0.0033298
0.0355629
0.0339548
-0.00378703
-0.0493048
0.016462
0.0101705
0.0206053
0.0403528
-0.0193178
-0.0528566
0.0154385
-0.00321023
-0.0332411
0.0123241
-0.0490315
0.0323035
-0.0105968
-0.0212008
-0.0423846
0.0485428
-0.0288852
-0.0425426
0.0495526
0.017162
0.0232869
-0.0223701
0.00492352
-0.0422711
-0.0250051
-0.00584118
-0.0157292
-0.00938808
0.02547
0.0438094
-0.0193004
-0.0321247
-0.0474604
0.0578218
0.0298287
0.0106116
-0.00481516
0.00297482
-0.0409972
0.156459
0.0756534
0.0140845
-0.0476611
0.0288115
-0.0291074
-0.0231018
-0.0611429
-0.0159927
0.0536235
0.0419214
-0.0407522
0.277756
0.052798
0.182216
0.0371322
-0.0187874
-0.0822573
-0.0856727
0.0185676
0.0347293
0.0430585
-0.0577085
0.0241534
-0.00477555
-0.0421215
0.0465787
0.0304931
-0.0151979
0.0549841
0.089289
-0.0863677
-0.0141608
-0.00377599
-0.00940903
-0.143139
-0.153024
0.0845885
-0.0229569
0.129756
0.0342897
-0.0125593
-0.035003
0.0900137
0.0318214
0.0634855
0.0715897
0.0712253
0.00284502
-0.147124
-0.0148354
0.0102089
-0.0864756
0.0451064
0.0819656
0.0221382
-0.0655511
0.0289018
0.0804965
-0.001333
0.0286447
0.0696449
-0.0432015
0.0350933
0.0327484
0.106137
0.0326808
-0.0483313
0.0268942
0.0323715
0.0303666
-0.0521223
0.0246467
-0.00126599
-0.0774911
-0.0199567
0.0257553
0.0419848
-0.0400105
0.0106601
0.0478746
-0.0182005
0.0219041
0.0726304
0.173348
-0.0268333
0.00762484
0.0296128
-0.0489815
-0.0394163
-0.0314259
-0.0345138
0.0127498
0.00920054
0.0263916
-0.0236305
0.0433037
0.0299886
-0.0418768
-0.0964133
-0.0115765
-0.00358492
0.0702659
0.0358251
0.035881
0.0530429
0.00642436
0.0353476
0.0221726
0.000964446
0.042676
-0.0378693
-0.0318006
-0.0453655
-0.0421625
0.107141
-0.0159744
0.0176025
-0.0129017
-0.0117514
0.0520234
0.0290254
0.0638331
-0.0428052
0.0223984
0.0331022
0.0330024
0.0121958
-0.0244138
0.0444228
0.0656588
-0.116308
0.0268227
-0.0945267
-0.0152852
-0.0266301
-0.00328656
-0.022751
-0.0152593
0.0168529
0.0639797
0.023597
0.0405564
-0.0138322
-0.00815258
-0.0225192
0.0361073
-0.0184769
0.00305067
-0.00151074
-0.0318368
0.0438062
0.00111554
0.0162887
0.00677146
0.0365168
0.0465842
0.0364541
0.00225598
-0.00804223
0.00175948
-0.0173674
0.0056492
-0.0458926
0.037705
-0.000695075
-0.0231489
-0.028155
0.0236049
-0.00579413
0.0482896
-0.0294469
-0.0232201
0.0346025
0.00526731
-0.010195
-0.00926953
0.0100776
-0.0354735
-0.0439408
0.0239913
0.0147217
-0.019749
-0.0133236
0.0485149
-0.0431632
-0.033378
-0.0467245
-0.0198788
0.00283965
0.0343127
-0.00423137
0.0428179
-0.04524
-0.024348
0.00403824
-0.0321774
-0.0376222
0.0431273
-0.00403466
-0.0452164
-0.0188484
0.001471
0.00500176
0.0467933
-0.0423752
-0.0244511
0.0142609
-0.00896826
-0.00898623
0.0210727
0.0223047
0.0284016
-0.017298
0.0291826
0.0113886
0.00425545
-0.0212168
0.0235758
0.0251806
7.83255e-05
0.0216338
0.00249248
0.0306268
-0.119271
-0.00608264
0.0365965
0.0342269
-0.0615194
-0.0159503
0.0841663
-0.0169444
-0.0309703
-0.0310198
-0.0368669
0.000179207
0.0210244
0.0598183
-0.101202
0.0735951
0.0371011
0.0139211
0.00482882
0.0446056
-0.00458814
0.0332162
-0.0567485
-0.00116007
0.0161399
0.00149545
-0.0513652
-0.0172247
-0.00789689
-0.0170255
0.0198481
0.0796806
0.027262
0.0228544
0.0291691
0.0359433
0.00305438
0.0730372
-0.0161625
0.0401976
0.0424553
0.0655929
0.0576336
0.0340037
0.0517635
0.0731488
0.00926104
0.0405161
0.005927
-0.00104402
-0.019326
-0.0938394
0.112931
0.0172028
-0.173543
0.00643552
-0.010885
0.0294572
-0.0180286
-0.0393984
-0.0200958
0.0147659
0.0503124
-0.015713
0.0126992
0.0260899
0.0121081
0.0567304
0.0589771
0.0386057
0.037941
-0.0284672
0.0179338
0.000657986
0.0491583
0.0441658
-0.0687179
-0.104622
0.0357602
0.0301687
-0.0135696
0.0419099
-0.0289036
0.0255686
0.051101
-0.0102903
0.00803179
0.00133844
0.0431595
0.042346
-0.00900228
-0.0233648
-0.0760411
-0.0049589
-0.10735
0.0131056
-0.0620463
-0.0631699
-0.0304817
-0.00611603
0.0189825
-0.0553903
-0.0720332
-0.0343028
0.0244927
0.0374973
-0.0771218
0.0473409
-0.00435541
-0.00954707
0.0402804
-0.0457231
0.0400528
0.0209012
0.0132862
-0.0413812
0.0778359
0.0216386
-0.0204262
-0.0474127
-0.0314263
-0.0298786
-0.0245953
0.0146873
0.0156185
-0.0294679
0.0166421
-0.0204696
-0.0418611
0.0391355
0.00907961
0.0357854
-0.0108111
0.0415705
0.0262684
0.00614453
0.00403993
0.0451788
0.0438607
-0.0151981
-0.0137825
0.0369015
-0.0262925
0.000428076
-0.0277534
-0.0166707
-0.0326684
-0.0414876
0.000705864
-0.0166322
-0.0312439
0.034654
0.0105933
-0.0443595
0.0153848
0.0147799
-0.00178245
-0.00554044
0.0345502
-0.0480762
0.00700704
-0.0490308
-0.00472437
0.0230493
-0.0103612
0.000857929
0.0457522
-0.00400189
-0.0267991
0.0193861
-0.0257399
-0.043845
0.0169388
-0.0177825
-0.0117974
0.029583
0.00833423
-0.00784585
-0.0164975
-0.0491132
0.0320689
0.00206901
0.00391798
0.0408169
-0.0364139
0.0293403
0.0232852
0.0103368
0.036361
-0.0362654
0.0294023
0.0242096
-0.0050049
-0.0230428
0.0263227
-0.0349996
0.0041648
0.0280095
-0.0280289
0.00364852
-0.00422883
-0.016281
0.00552169
-0.0297894
0.0184214
-0.010219
0.0381435
-0.0509559
-0.0262465
0.0473683
-0.0178496
0.0256788
0.0121464
0.0455498
0.037638
0.0271053
-0.0124396
-0.00730065
0.0131297
0.0285588
0.0788288
0.00314568
0.0652904
-0.00812618
0.00270513
0.00678241
-0.048744
-0.0402678
0.0528454
0.0239151
0.0206858
-0.0469386
0.0108852
0.0161773
0.0220154
-0.022312
0.00871431
-0.00549942
0.018505
-0.00365754
-0.0242681
-0.0212198
0.00147823
-0.054127
-0.0111898
-0.0519856
0.00712357
-0.0379004
0.0294026
0.0088047
-0.0113461
0.0245589
0.0364822
-0.00438855
0.0282414
-0.0213233
-0.0124864
-0.0341166
-0.0485102
-0.00884826
0.000925471
0.0109687
0.0143872
-0.00648026
-0.0162878
0.0243913
0.0355897
0.0273615
0.0258514
-0.045442
-0.0236836
-0.0491289
0.0418253
-0.0178612
0.0392701
0.0155621
-0.0553271
0.0102727
-0.0182068
0.0147814
-0.0579426
0.0204219
-0.0177621
0.0311419
-0.00571779
-0.00690115
0.0216029
-0.0462794
-0.0436151
0.00836008
0.00520002
-0.0246242
0.0488987
0.0224367
-0.0110659
0.0168223
-0.0351075
-0.00639265
-0.0297122
0.049425
-0.00443037
-0.041526
-0.0117897
-0.0139546
0.0219356
-0.0443983
0.0816622
-0.0304316
0.019904
0.0394226
-0.00130579
0.0177924
-0.0233938
-0.0366332
0.00800305
0.0284477
0.0444711
0.0394003
-0.0334324
-0.0019136
0.0424909
0.0214453
0.0208046
0.000156362
0.036897
-0.00666233
-0.00285062
0.0244063
-0.0377992
-0.0402366
-0.00953974
0.0390548
0.0454501
-0.0231793
-0.0261579
0.0261515
0.000815833
-0.0105212
-0.023088
-0.00141342
0.0450253
-0.0340276
-0.0181295
0.00390103
-0.0462989
0.00484589
0.0471626
0.0102373
-0.0296075
0.00623658
0.0297638
0.00644218
-0.0124031
0.00257563
0.0341469
-0.0316482
0.0025811
-0.0496569
-0.0457338
-0.00415511
0.0336619
-0.0181306
-0.0157015
-0.0246932
0.0466259
0.0280262
-0.0427863
0.0163128
-0.0363268
-0.000531951
0.0273393
0.0296017
-0.0162547
-0.0354334
-0.0377871
-0.015219
0.0040661
-0.0393191
0.015616
-0.00825999
0.0307249
0.0437401
-0.03317
0.0188858
0.0334483
-0.00657264
0.0260576
0.0467286
-0.000194015
0.0218301
-0.0268114
0.0294766
-0.0286747
-0.0184365
-0.0211129
-0.0464503
0.0334447
-0.00152647
-0.0192605
-0.0222054
0.0175506
0.029877
0.0176414
-0.0131881
0.00737528
0.0144037
-0.0281314
-0.0420184
0.00153369
-0.0107433
-0.0245936
-0.0334132
0.020321
0.0349789
-0.0209778
-0.0130823
0.0526654
-0.026268
-0.0409597
0.0327915
-0.0411946
-0.00905229
0.0343153
-0.00614528
-0.0200467
0.0470798
-0.0329207
-0.0237673
0.04314
0.0187516
-0.0375017
0.0233554
0.0441785
-0.00919704
-0.00658087
0.0421946
0.00288157
0.0417567
0.0411755
0.0355772
-0.00235763
-0.029579
-0.0384397
0.0348737
0.0142769
0.00781815
-0.0224454
0.0420011
0.0436911
-0.0171193
0.0493019
0.00448395
-0.0018689
0.0206181
0.00415191
0.0176775
-0.000782824
-0.0465832
0.0176886
0.0115185
-0.0146077
-0.0226875
0.0279161
-0.0143353
0.0283885
0.0327353
-0.0063139
0.00188619
-0.0582905
-0.00157591
-0.0059909
-0.00809073
0.00248126
-0.0408006
0.0377877
0.0246704
0.00466556
-0.0417968
-0.035405
-0.0467545
0.0234968
0.0725574
0.00172374
0.0250928
-0.0419011
-0.0600034
-0.0425975
-0.0434283
-0.0197177
-0.0440949
0.0134512
-0.0481897
0.0564343
-0.0101565
-0.030597
0.0273366
-0.0154157
0.0214152
0.0131576
0.00722421
0.00498053
-0.00185147
-0.0256051
-0.0213324
0.0463642
-0.0405114
0.03349
-0.0575452
0.0463546
0.0314973
0.0007419
-0.0255671
-0.0150391
0.0140672
-0.0257291
-0.00944691
-0.00660202
-0.0384654
0.00895793
-0.014769
0.000100446
-0.038747
-0.0272197
0.0126567
-0.0418745
-0.0432091
0.00231974
0.0218879
0.0169588
0.0274541
0.0111059
0.0488832
-0.00985374
0.0235667
0.0236566
0.0277901
-0.0184055
-0.00876043
0.0436313
-0.0364873
-0.015122
0.00629674
0.0193654
-0.0468115
0.0133022
0.00841819
-0.0257817
-0.0382963
0.0451417
-0.0080336
-0.0261595
0.00120634
0.0432184
0.0369187
-0.00785896
-0.0482905
0.0361398
-0.0274572
0.023466
-0.031823
0.0303484
-0.0422057
-0.00662726
-0.0313697
-0.0220676
-0.035259
0.00438898
0.00521044
-0.0406017
-0.00445022
0.00291487
0.0465463
-0.0120327
-0.0323126
-0.0363988
0.0388717
-0.034809
0.00898035
-0.00869279
-0.0338814
0.023064
-0.0234187
-0.00245153
-0.0420423
-0.0054161
0.0429062
-0.0374279
0.0425119
0.0130253
0.0026035
0.0141854
0.0514835
0.013691
0.0228877
0.0368867
-0.028788
0.0324598
0.0214022
-0.0228075
0.00659101
-0.00597232
-0.0389667
0.0107806
-0.00390613
-0.0107975
-0.0140222
-0.136143
0.0319678
0.0243811
-0.00191405
-0.0492826
-0.0045223
-0.0139001
0.0106299
-0.0722033
-0.0304767
-0.0408898
-0.0225486
0.051277
0.0276865
-0.0319082
0.0240187
0.0302258
0.063505
0.00614675
-0.0405613
0.0250601
-0.0473371
0.0182316
0.0122747
0.0322249
-0.0544764
-0.0209685
0.0328503
-0.034458
-0.0403247
-0.0716854
0.0302486
0.0150408
-0.0209608
0.115456
-0.0454193
0.0722123
-0.0965374
0.0152092
-0.0541136
-0.0676424
-0.0267906
0.000566471
0.0134554
-2.58554e-06
-0.0424337
-0.0559788
0.0382079
0.0464292
0.0310222
-0.0228196
0.0330273
0.0921204
-0.0419746
-0.00568384
-0.0160876
0.0782964
-0.051944
-0.00719006
0.0167837
-0.0432429
-0.00937434
0.0149398
0.00110185
0.000818845
-0.0589614
-0.0381517
0.0470474
0.031119
0.0405218
0.0509058
-0.000414643
-0.00655765
-0.0151597
0.00373579
0.0474884
0.0494588
-0.0380208
0.0106629
0.0414861
-0.00654688
-0.0422222
0.0263697
-0.0368394
-0.0629635
0.069029
0.0238294
0.0301206
0.0513325
0.0745237
0.0541337
0.0274143
-0.0401014
-0.0444089
0.0277302
0.0681285
0.0372104
-0.0357152
-0.0431124
0.11895
-0.0238879
-0.0304914
-0.0286974
-0.0598572
-0.000987532
-0.0487194
-0.00546434
-0.0369643
0.0112332
0.0543268
0.0412449
0.0392355
0.00545183
-0.0400383
0.0256036
-0.0200245
-0.0257352
0.0298266
0.0387274
-0.0162492
-0.0700458
-0.0405933
-0.0260818
-0.0284831
-0.0282075
-0.00526351
0.00830496
0.0188709
-0.00363615
-0.00937306
0.0377725
0.0587244
0.0232423
-0.060305
0.000674053
0.0391298
0.00940129
0.00154169
0.0295172
-0.0356949
0.00956681
0.00402532
-0.0441697
-0.0375268
-0.0380124
-0.0258575
0.0101536
-0.0139625
-0.0473753
0.014798
-0.0224142
-0.0378558
-0.0286069
-0.0130426
-0.00726706
-0.00046654
-0.027275
0.0474353
0.0101461
0.0443804
0.0475541
-0.0188003
-0.0483826
0.0358377
-0.0601812
0.0238331
-0.000361404
-0.0425431
0.00419504
0.00268358
-0.00404154
-0.0233803
-0.00464674
-0.0446052
-0.0476712
-0.0221658
0.0335771
-0.0333734
-0.00942832
0.0384375
-0.00191336
0.0360727
0.0227925
0.0103308
-0.0225092
-0.0131475
-0.00619336
-0.0264194
0.0186888
0.0203553
-0.0382954
0.00521404
0.021206
-0.00710799
-0.0177624
-0.00121109
0.000639012
-0.0338982
0.0092618
0.00722358
-0.00103654
0.0373362
-0.0385329
-0.0268438
-0.0434195
-0.0133005
0.00393492
-0.0380735
0.0194868
0.0312672
-0.00279276
-0.012474
-0.0405512
0.0413605
-0.0257324
0.0529301
0.00372044
0.0326475
-0.0156438
0.0394905
0.0392709
-0.0129674
0.0483378
-0.0197852
0.055411
0.0739374
-0.00405605
-0.0453724
0.0563329
-0.020637
0.0242524
-0.0402054
0.0453594
0.0293981
0.0286174
-0.0212923
-0.017245
-0.0388563
-0.0273439
-0.0318826
-0.0582763
0.0266465
-0.00331683
-0.0195377
-0.0432581
-0.0419125
-0.0207148
-0.00588354
-0.052384
0.0275959
-0.0406373
0.0114115
-0.0280147
-0.0347213
-0.0411081
-0.0172782
-0.0499387
-0.0169605
-0.0157912
-0.00292901
-0.027472
-0.0160308
-0.0190402
-0.00945484
0.0451007
0.01029
0.0208283
-0.0521246
-0.00165433
-0.0660852
0.0781515
0.0845189
-0.0274797
-0.0378599
-0.0457969
0.0185524
0.0389573
0.00672463
-0.0517668
-0.0358766
-0.0449223
-0.0665059
-0.00459911
-0.0306628
-0.0373653
-0.0333303
0.0149526
-0.0298193
0.0528646
0.0269447
0.00905689
0.00294493
-0.0944861
-0.00411277
0.00995899
-0.0637914
-0.00832024
-0.0433381
0.0283622
0.0153261
-0.0193131
0.0321256
-0.000429656
-0.0264155
0.0120695
-0.0207916
0.0201571
-0.0256254
0.0092245
0.00528253
-0.0194941
0.0437605
0.006524
-0.00180147
0.0352699
0.0282836
0.0220151
0.0393423
-0.00195411
-0.0271095
-0.0194061
0.0488811
-0.0379667
0.0595499
0.0159789
0.0142393
-0.0176467
0.0235005
0.0412017
-0.0263922
-0.0116412
0.0680445
-0.0584977
-0.0169686
0.0407031
-0.00185678
-0.0313598
-0.0293915
-0.0320541
0.00895338
0.0284794
-0.0459979
0.0223002
0.00293333
0.0444891
0.038711
-0.00905627
0.015856
-0.0305443
0.0155888
0.0421051
-0.0045316
-0.0163872
0.0250818
0.0398713
-0.00172001
-0.0121716
-0.0311814
-0.00835332
-0.0461816
-0.0304051
-0.0205747
0.0247538
0.0394011
-0.0122698
-0.00857059
-0.0217814
0.0109819
-0.000141109
-0.00920785
0.0292548
-0.0466854
-0.00116163
-0.00496847
-0.0413028
0.0260164
0.0371034
-0.0175669
0.0389853
-0.0151838
0.0234931
-0.0405771
-0.0358946
0.0417973
0.0453693
0.0420264
-0.00127029
0.0166967
0.0411635
-0.01224
0.0367957
-0.00220453
0.0245131
0.0294584
0.00165337
0.0246312
-0.0462923
0.0298153
0.0438988
-0.00712081
-0.0434224
0.0304482
-0.0151914
0.0526193
-0.0640119
-0.0186752
0.0129901
0.0071687
-0.0236842
-0.0177676
0.0362723
0.0327927
0.00301709
-0.0278289
-0.0476414
-0.0476757
0.00900018
0.035534
-0.0319303
0.0241292
-0.0184134
0.00675997
-0.0238697
-0.00469658
-0.00946349
0.045683
-0.0417094
0.0690343
0.0833786
0.0460722
-0.0118696
-0.119725
-0.0353423
-0.06083
-1.61788e-05
0.0302936
0.0608816
-0.00888742
0.0225053
-0.029564
-0.0245062
0.0419158
-0.0375052
-0.058745
0.087045
0.0536597
-0.0150523
0.0387717
-0.0344117
-0.083966
-0.191689
-0.048701
-0.0370227
0.0281735
-0.0146342
0.00678671
-0.0108233
-0.00781144
0.0317059
0.0607877
0.0158223
0.0238741
0.04505
-0.00603418
-0.0290862
-0.0295101
0.0125788
-0.130316
-0.0231254
-0.0421092
-0.0114985
0.0158212
0.0207753
-0.0937411
-0.0135092
-0.056866
0.010392
-0.0196808
0.0624899
-0.0238908
0.0180127
-0.0245342
-0.0282236
-0.0368931
0.0721774
-0.0139692
-0.0241372
-0.0360278
-0.00961177
-0.0279276
0.0410437
-0.0291945
-0.0149212
-0.0528236
0.00321116
0.0552213
-0.00931558
-0.0146364
0.0664102
0.0376122
0.0331981
-0.0207139
0.0833061
0.0309292
-0.0801782
0.0114917
0.0242979
0.0261485
0.0284157
0.0105814
-0.0721129
-0.00430137
0.0376737
0.0305557
-0.0862227
0.104716
-0.0105726
0.0318784
-0.0093144
-0.0397605
-0.0283024
-0.0262984
-0.0127165
0.0559337
-0.0448215
0.0273232
0.00333214
0.00337862
0.0477343
-0.0427591
-0.0246005
-0.0378051
0.0379283
0.0333133
-0.0128511
0.0318075
0.0365594
0.00736331
0.0295314
0.00448468
-0.0145862
0.0263486
-0.0310832
0.0234058
0.0293496
0.0111784
-0.0703529
-0.0531122
0.011968
-0.0460741
-0.0494801
0.0121672
-0.0149105
-0.011969
-0.0219124
-0.0130539
-0.0165005
0.0103498
-0.0287514
0.0203962
0.0337725
-0.0644227
-0.030031
0.0368114
-0.00057493
-0.0403679
0.0423547
0.0109438
-0.0446954
0.029353
0.0492848
0.000609526
-0.0151229
0.0173667
0.0116134
0.0290696
-0.00422547
-0.000484822
-0.0202507
0.0556709
0.0473834
-0.0450868
0.0228362
-0.0107569
0.0357834
0.00632877
-0.00378862
0.0413084
0.0484895
-0.00398311
-0.0235953
-0.0102388
-0.00506211
-0.0254972
-0.0691379
-0.0162667
-0.00775798
-0.0145654
0.0249673
-0.00804681
0.0302313
-0.0385846
0.0102502
-0.0054529
-0.0196762
-0.00582561
-0.000324931
0.0441235
0.0244287
-0.0433454
0.0181579
0.0152023
-0.0291273
-0.00858288
0.0357448
-0.0170215
-0.0158169
0.0266573
-0.0263912
-0.00410138
-0.0379468
0.0203502
-0.0455717
-0.000682152
-0.0482765
0.0463265
0.0441535
-0.00487646
-0.0405896
0.0414269
0.0121899
-0.0513216
0.0249361
0.00453138
0.00366374
0.0190348
-0.0187184
0.00423984
-0.0769458
-0.0561075
-0.0648743
-0.0572519
-0.00421594
-0.0493548
-0.0541265
-0.0514086
0.0053874
-0.0647332
-0.00677807
-0.0459191
-0.00794943
0.0500397
-0.00544792
-0.0585673
-0.0407141
-0.00148553
-0.0330652
0.00126632
-0.02879
0.00535663
0.00830976
0.0300639
0.0173629
0.0251633
0.0592116
0.0432747
-0.00381358
0.0462332
0.0208833
0.00566171
0.0263309
-0.0251858
0.0232122
-0.0121354
-0.0189331
0.0276643
-0.0155042
-0.0337122
0.0161236
0.00914442
-0.0160474
-0.0467109
-0.0233874
0.0131414
0.106955
-0.116763
-0.0366701
-0.00293037
-0.017927
0.0215634
0.0837743
-0.0962222
0.0654298
0.00807547
-0.0121572
2.2686e-05
0.0827613
0.0813447
-0.00538626
0.0325813
-0.0121023
-0.0558204
0.0205949
-0.0212605
0.0412033
0.0573548
0.0576826
-0.0559726
0.00396636
-0.0143931
0.00430296
0.0444981
0.00835627
0.00895152
-0.0486488
0.0147181
-0.10932
-0.0433407
-0.0509315
-0.0620832
0.0186937
-0.066701
0.0563827
-0.0586507
-0.0230107
0.0272894
-0.00995933
0.0340315
0.0376611
0.0122877
-0.0160544
0.0114166
-0.0483533
0.0527722
0.0232003
0.0388869
0.022804
-0.0042208
-0.0215155
-0.0638741
-0.0669879
0.0427463
-0.0325799
-0.051182
-0.0132208
-0.00552021
-0.102214
0.0433729
-0.0518074
-0.0492488
-0.0760858
-0.036156
-0.0362664
0.0245776
0.00833195
-0.0240966
0.0317347
0.0246508
-0.0444283
-0.0377799
0.0144612
-0.00959583
-0.0355899
-0.0212865
-0.0241476
-0.0014539
0.0207903
0.0390995
0.0134628
0.037108
0.00875294
0.0293274
-0.0274818
0.031762
-0.00835525
0.00172613
-0.0215965
0.0313078
-0.0415166
0.0451106
0.0360519
-0.0237732
-0.00138749
0.0200644
0.0282646
-0.0375022
-0.0554989
0.027718
0.0189176
-0.00741461
-0.0172958
-0.00746919
-0.0212412
-0.00808207
-0.0241525
-0.0234679
-0.0386051
-0.0370824
-0.0284453
0.0391915
0.015473
0.0202395
0.0052228
-0.0498841
-0.00209044
0.00273045
-0.0463478
-0.0346414
0.0232984
0.0109703
-0.0314578
-0.029309
-0.0493314
-0.0204911
-0.0378933
-0.0191175
0.0139335
-0.0157745
0.00322406
-0.0366605
0.0446523
0.00938566
0.0606317
-0.00992697
-0.0324795
-0.0408474
-0.0133925
0.044898
-0.0292433
-0.0233219
-0.0583209
-0.0922151
-0.0764064
0.0310734
-0.00910212
-0.000914982
-0.0406923
-0.0393779
0.0406853
-0.0190188
-0.0417063
-0.0328159
-0.291089
-0.0604355
-0.120308
0.00331854
0.0150089
-0.133786
-0.0475749
-0.0675861
0.0403937
-0.0272438
-0.0104186
0.00746562
-0.0354322
-0.0217855
-0.0662267
0.0377739
0.0446915
-0.123848
-0.0383067
-0.0813031
0.00718856
0.0332356
-0.100455
0.28097
0.128891
0.0806764
0.0213069
-0.0872985
-0.00568489
-0.0443441
0.115027
-0.0862079
-0.101677
0.0814886
0.0170091
0.007111
-0.017223
0.0597475
-0.0126664
-0.0342965
0.103169
-0.0278628
-0.011665
-0.00630755
0.0347956
-0.00919066
-0.0416756
0.0654639
-0.00798786
-0.111997
0.00726562
0.00577083
0.044218
-0.0818775
-0.0176531
0.0207565
-0.011132
-0.0561473
-0.0178024
-0.0430574
-0.0326238
-0.0151255
0.0367001
0.0209702
-0.00148327
-0.0419302
-0.032996
-0.0305173
-0.0316091
0.0783693
-0.0261586
-0.0101069
-0.137305
-0.069264
0.0265923
0.0159089
0.0186524
-0.0675064
-0.0488687
0.0694486
0.0184241
-0.024799
-0.00320086
-0.0671978
0.0274147
0.0405626
-0.0332718
-0.112548
-0.0779365
-0.0160635
0.0283463
0.0495401
0.00410778
-0.0107026
0.0329834
-0.00270474
0.013671
-0.0229689
0.0134048
0.0409777
-0.0281048
-0.0380651
0.00107115
-0.0175087
0.0421788
-0.00694674
0.000413316
-0.0386348
-0.0239235
-0.0445062
-0.0488089
0.0215462
0.0229468
-0.0271406
-0.000897694
-0.0155144
0.0128269
0.0125033
0.0138145
0.125435
-0.0311001
0.101149
0.0157876
-0.0346961
0.026783
-0.0344683
-0.0416908
-0.00265295
-0.0294206
0.00141282
-0.00922671
-0.0279308
0.00682418
0.0361845
-0.0209341
0.00993727
-0.00444752
0.0455875
-0.0305388
-0.0229355
0.0231814
0.0049677
0.000932849
-0.0225005
0.0233514
-0.0322422
0.0303442
-0.0247389
0.00876689
-0.025998
0.0416843
-0.0149211
-0.00843561
-0.00251055
-0.0024961
-0.0544374
0.0236952
-0.0139624
-0.0387618
0.0461086
-0.00458422
0.0165961
0.0352743
0.00308646
0.00407831
0.0435534
-0.0249073
-0.0142395
0.0441338
-0.0118178
-0.0195931
-0.0307272
-0.0105581
0.0424584
-0.0455157
0.00843987
-0.0264253
0.0217248
0.0332975
0.0146562
0.0125633
0.0100345
0.025176
-0.0197601
-0.0218245
-0.00662171
-0.00496046
0.0308988
0.045416
0.0355263
-0.0233449
0.0132287
-0.00776865
0.00955523
0.0395142
0.0530389
0.0149659
0.0407274
-0.0187327
0.0340136
-0.0287848
-0.0109723
-0.029676
0.0441065
-0.0493055
-0.044041
-0.00263854
0.0153252
-0.0450552
-0.023343
-0.0349716
0.0319187
0.121981
0.0374066
-0.011808
-0.00272183
0.046496
-0.0187289
-0.00250318
0.0272794
0.0578611
0.00256512
0.0374419
-0.0571867
-0.0103079
0.06084
0.0234843
0.00158197
0.0244073
0.00877082
-0.0433306
-0.011286
-0.0537316
0.0284982
-0.0190652
0.0469677
-0.0140662
-0.0402492
0.0638058
0.0216669
-0.0186433
0.0413582
-0.0512783
-0.041591
-0.0623942
-0.0511105
0.0159019
-0.0329486
-0.0246113
-0.00260729
-0.0392508
-0.0441591
0.0398788
0.0221555
-0.000174765
0.0261227
0.0147166
-0.0592432
-0.0771461
-0.0529898
0.0019458
-0.0452467
-0.023092
0.0321013
0.0244416
-0.0351701
0.11318
0.00397429
-0.00184804
0.130041
0.0691403
0.00831202
-0.0220993
0.00143317
0.0238794
-0.0553561
0.0439935
0.0308489
0.0779534
0.0586485
0.0093466
-0.0836961
-0.0402293
0.0183763
0.0340591
0.0240158
-0.00694315
-0.0311487
-0.0104511
0.100626
-0.0243261
0.0340725
0.00835322
-0.0071078
-0.0460211
-0.014027
0.0495957
-0.037379
0.0682704
-0.0244679
-0.0420756
0.00368007
-0.015268
-0.0171394
0.0333938
-0.0534675
0.0295207
-0.0131922
-0.00246875
0.0157518
-0.00399582
-0.0681648
0.0446663
0.0491204
0.0085914
-0.00673211
-0.0232373
-0.0416137
-0.00720147
0.0239936
-0.164715
-0.075512
-0.0274991
0.0345362
0.00801542
-0.0334642
0.00143672
0.0404596
-0.091146
-0.032525
-0.00343601
-0.0371395
0.016437
-0.034245
0.0449102
0.0416882
-0.0578898
0.0323243
-0.0290493
-0.0445895
0.0144594
0.0180658
-0.0330055
-0.0367961
-0.0311989
-0.0447131
0.0307591
0.0112274
0.0265016
0.0270314
0.039982
-0.0458802
0.0287432
-0.00499622
0.00169889
0.00148444
-0.0128024
-0.0121324
0.0106301
0.021036
-0.00855061
0.0339839
0.029287
0.0362127
-0.0338905
0.0244879
-0.0214292
0.00316833
-0.0182961
0.0401322
0.0055276
0.0148153
-0.0341371
-0.00194529
0.0258431
0.0281641
0.0342632
0.00873184
0.0442427
-0.0471585
-0.0298964
0.038663
-0.0196089
-0.00020011
0.00160069
-0.0157312
0.00933259
-0.0128903
0.0607085
-0.0397918
-0.0484077
-0.0235174
-0.0099161
-0.0411495
0.0177243
0.0270343
-0.0896905
0.0728447
-0.0538809
-0.0451532
-0.0467843
0.0418166
-0.00900698
-0.00482829
0.00322578
0.00390601
-0.0382441
-0.0367932
0.0484063
0.0169757
0.0455144
-0.0463239
-0.0202233
-0.0183042
-0.0457768
-0.0722813
0.0220917
-0.0767437
0.00841585
0.0410826
0.00818744
0.00260682
-0.0406612
0.015963
-0.0196733
-0.0448866
-0.0238053
-0.00308651
-0.0291446
-0.0168386
0.00643068
0.00242869
0.031335
0.0353656
-0.0467426
-0.0435555
0.0292805
0.0517986
0.0354234
0.0247085
-0.0248724
-0.0401793
-0.0501166
0.0437779
-0.0537456
0.0460692
-0.0431785
0.00266829
0.0180813
-0.0312356
-0.0235781
-0.0489555
-0.00339783
0.0325174
0.0243576
0.0438636
-0.0331521
-0.0395579
0.0297777
-0.0222529
-0.0423754
-0.0374419
-0.0290261
0.0351101
0.0333705
-0.00938948
-0.0363652
0.00758807
-0.00483249
-0.037712
0.0358447
0.0288313
-0.03877
0.00825811
-0.0378143
-0.0369716
-0.0492196
0.0301452
0.0539414
0.0364937
-0.034379
-0.0365355
0.0417578
-0.0153439
-0.00427754
-0.00381032
0.029478
-0.0373952
0.022729
0.0187846
0.0539888
0.03423
-0.0554648
0.0264006
0.00929517
0.0208204
-0.0223359
0.0412931
-0.0390342
-0.040468
-0.00780644
0.011103
0.0219704
0.0219788
-0.0422699
0.0500791
0.00631776
-0.00847051
-0.0234665
-0.0361104
-0.0444945
-0.00183455
0.0150943
0.033634
0.029093
0.0178315
-0.00314933
-0.00880283
0.0237306
-0.0143646
0.0489566
0.0334123
0.0365851
-0.0298386
0.0146165
-0.0385053
-0.0476024
0.0433521
-0.0127087
0.0153287
-0.037063
-0.0227658
0.0361028
-0.0507633
0.00434272
-0.0265389
0.0177221
-0.00930026
-0.0121902
0.0178322
0.00842132
-0.0468092
0.0201523
0.0331681
0.0197919
-0.0324425
-0.0333807
0.0443112
-0.0355085
-0.0592943
-0.0162049
-0.0457228
-0.0456606
-0.0216188
-0.00986696
-0.0486048
0.0226441
0.0265399
0.0041349
0.00614038
0.0254488
-0.0120879
-0.0226297
-0.0299529
0.0358895
0.0145989
0.0228879
0.0420977
0.0100189
0.0257557
0.0344418
-0.0332916
-0.0399467
-0.0246603
0.0200686
-0.041784
0.017048
0.0363224
0.0182387
-0.02254
0.0387376
0.0473213
-0.0343268
0.0271571
-0.0200378
0.01722
-0.00848324
-0.0500045
-0.000519156
0.0100819
0.0311895
0.0332104
-0.0333355
0.00301434
-0.046155
-0.00215782
0.0401885
-0.0281279
-0.0132535
0.0386037
0.0164556
0.0247334
-0.0247958
0.00718419
-0.0462309
0.00566692
0.0251285
-0.0407124
0.000377969
-0.046999
0.0315421
0.0362068
0.0336539
0.0305811
-0.0282901
0.0150115
0.0228978
-0.0104875
0.00687965
-0.0411108
0.0308465
-0.0116559
0.0351698
-0.021663
0.0337611
-0.0430327
0.00390002
-0.00723259
0.0653479
-0.02659
-0.00966936
-0.00332704
0.0240992
-0.0383888
-0.0275748
-0.0179328
0.0204545
0.0399312
-0.0311416
-0.0186029
0.0624929
0.0232429
-0.013126
0.0338326
0.0504148
0.0187653
-0.0175408
0.00240278
0.0250338
0.0058425
0.0464053
-0.0317784
-0.0201616
0.0589419
0.0287425
0.0190035
0.0204615
-0.0364373
0.0051363
-0.0129471
-0.0102022
-0.0388143
0.0231742
0.00534439
-0.0498305
-0.0367133
-0.0542001
-0.000722937
-0.00551333
0.0438196
0.00632262
-0.0445534
0.0398246
0.000553206
-0.00400817
-0.0211447
-0.0518931
0.023119
0.0671417
0.023223
0.00412733
0.0257476
0.0495914
-0.0249283
0.0223718
0.00889037
-0.0433851
-0.014486
-0.0166596
-0.0428313
0.0094837
0.0263615
0.0251763
0.0174555
-0.0255773
0.028824
-0.0340701
-0.0128583
0.0294653
-0.0453134
-0.0425405
-0.0215253
0.0020254
-0.0458774
0.0493072
0.00905332
-0.0207639
-0.019182
-0.0535027
0.0259593
0.0376186
0.0196563
-0.0489029
-0.0359826
-0.00496313
-0.00980925
-0.0422605
-0.0284114
0.0388899
-0.0120277
-0.0296698
-0.0177594
-0.00985705
0.000308964
0.053089
-0.0148481
-0.00287559
0.0310453
-0.0130708
0.00960378
0.00253633
-0.00546062
0.0261232
0.0188299
-0.0432202
0.0227749
0.0266597
-0.0114272
0.00376438
-0.0450966
-0.0168464
-0.000997038
0.0144152
0.0193651
0.0417737
-0.0395631
-0.013383
0.0173049
-0.0175862
0.02292
0.0147718
-0.00844151
0.00433017
0.0445922
0.0403071
-0.0379966
0.0231939
-0.0350109
0.0434183
0.0250688
-0.0156845
-0.00233181
0.0419211
-0.00202987
-0.00678203
-0.0211037
0.0258132
-0.0365238
-0.0392243
0.0404776
0.0184309
-0.0147119
0.00789766
0.0402373
0.0286157
0.0272191
-0.0054404
0.0130842
-0.0493415
0.0226326
-0.0205448
-0.0213266
-0.0402202
-0.0460726
0.0282861
0.0356676
0.027582
-0.0216029
-0.000839113
-0.000430188
-0.0052789
0.0167144
-0.0185471
-0.0237125
0.026549
0.0109433
-0.0339199
-0.01541
0.0269626
-0.0370125
9.33649e-06
0.0390722
0.0154118
0.0399021
0.0156378
-0.0551784
-0.026954
-0.00715837
0.0196681
0.046886
0.0189411
0.0210649
0.0230877
-0.026249
-0.0390206
0.00615633
-0.0490093
0.00439359
-0.080205
-0.0184734
0.025213
0.0312419
-0.0328338
-0.0359582
0.0412185
0.0258543
-0.00381334
-0.0301303
-0.0345255
0.0426975
-0.0835508
0.0413284
-0.0123829
-0.0422749
-0.053751
-0.0415634
0.00761744
-0.0140676
0.0284244
0.0388514
0.0128361
0.0472845
0.0117015
0.0092291
0.0371871
0.0422486
-0.0195229
-0.088316
-0.00872437
0.0197214
-0.0105093
0.0165677
-0.0140862
-0.0462469
-0.00209698
-0.0732899
0.0441047
-0.00629061
-0.0435257
-0.0595391
0.0156299
-0.0431221
-0.0673059
-0.0752962
-0.0688618
-0.0230184
0.0167242
0.0447112
0.0205359
-0.0168221
-0.0246466
0.0233893
-0.0850698
0.00875386
0.0278095
0.0389297
-0.0297235
-0.00878614
-0.00192601
-0.0690481
-0.0168082
0.0181449
0.0360685
0.0269237
-0.014865
0.00929759
0.03731
-0.0025388
0.0146537
-0.0168392
0.0438144
-0.0153633
0.0569264
0.0335398
-0.015444
-0.0363833
-0.0288599
0.0254513
0.0302205
0.020306
-0.00901131
0.00407526
-0.0628212
0.064572
0.0196217
0.0501318
0.0501112
0.0510749
0.0349545
-0.00868039
-0.042491
0.0199446
0.0167017
0.0370891
0.0194059
-0.0443769
-0.0388708
-0.057073
-0.0257764
0.00188927
0.00527553
0.0360905
0.0104602
-0.00488296
-0.0484571
-0.014585
0.0485287
0.0290432
-0.0328555
-0.025413
0.033203
-0.0213468
-0.030054
-0.0220142
-0.048581
-0.0185627
0.022682
-0.00521806
-0.0371912
-0.0590305
-0.0511513
0.00480955
0.0209908
-0.00862361
-0.0808836
0.029545
0.0475512
0.0151175
0.00161486
0.0739185
-0.0374358
0.0255065
-0.0198848
0.0260089
-0.0260891
0.0113484
-0.0368368
-0.0194855
-0.0214135
0.00309525
-0.00607829
0.0370397
0.00696904
0.0420524
-0.0575444
-0.0420904
0.0237009
0.0160542
-0.0247348
-0.0325994
0.00924607
0.0309121
0.0396675
0.0224093
0.0192913
0.0348018
-0.00982339
0.0198922
-0.00959909
-0.0129802
-0.00611483
0.0241432
-0.0621478
-0.00603577
0.0264491
0.0322872
-0.0103111
0.00893855
0.0218876
-0.0031797
-0.0461163
-0.0109035
-0.0427829
0.0158159
0.000206257
0.0369667
-0.0226253
-0.0189479
-0.0240041
-0.0219719
-0.00605008
0.0292388
-0.023942
-0.0392605
-0.042642
-0.0517703
0.0373227
-0.0064505
0.015934
0.0437566
0.0267335
-0.033374
-0.0356752
0.0182973
-0.0370038
-0.00695222
0.0231514
-0.0179463
0.047661
-0.028295
0.0387872
-0.0221691
0.00776094
0.0128877
0.00620897
0.00275607
-0.0430859
-0.0208695
-0.0376209
0.00932433
-0.0244954
-0.00863962
0.00685401
0.017503
-0.042652
-0.0316524
-0.0391554
0.0516526
-0.0187108
-0.0294328
0.0185355
-0.0483746
-0.0164422
-0.0510452
0.00812206
0.0486647
-0.0238924
0.00193047
0.0190776
0.0373988
0.0486846
0.0289777
-0.029991
-0.0451428
-0.000708998
-0.0398723
-0.00117406
-0.068811
0.0399988
-0.0147611
-0.00621404
0.0086737
-0.0344758
0.0280296
0.0295424
-0.0090104
-0.00262584
0.0327167
-0.0453167
0.00712208
0.0392051
0.0401516
0.0299316
0.00556123
-0.0351702
-0.0152881
-0.024871
0.0252755
0.0313977
0.0122471
-0.0295028
0.0039272
0.0540985
0.00870455
0.0249449
-0.0254274
0.0116889
0.0538285
-0.0425745
-0.0313019
0.000779741
0.0444077
0.0330488
-0.0416803
0.0604679
-0.0247599
0.00968592
0.0373433
0.0331018
0.000763681
0.0772998
0.00911866
-0.026594
-0.00629735
-0.026163
0.00842705
0.059912
-0.0130462
0.0413228
-0.0546198
-0.025301
0.0302447
-0.00388534
-0.0173431
0.0414995
-0.0147827
-0.0390087
0.00330884
-0.0486894
0.0225589
-0.0820057
0.0435892
-0.00126091
-0.000458818
0.0737098
0.0228543
-0.00159818
0.00495037
0.0223207
0.0459186
0.0792904
-0.0518768
0.0353415
0.00172595
0.0256142
-0.0414133
-0.0377217
0.0316635
-0.0295649
-0.0318688
0.0295799
0.0283022
-0.0235423
0.00652785
-0.0532152
0.0386026
0.0459585
-0.0115854
-0.0161201
0.00694277
0.0350387
-0.0237034
0.00394558
-0.0418196
0.00875138
-0.00329418
0.0408958
-0.00394538
-0.0421358
-0.0343151
0.0314081
-0.0421138
-0.049123
0.0160904
0.0250895
0.0238102
-0.0518083
-0.0459716
0.0224228
0.00215732
-0.0253695
0.0291259
0.0341777
0.025392
0.00535424
0.0136822
-0.0143678
0.043338
-0.0394961
-0.0372365
0.0146812
0.034525
-0.046222
0.0396826
-0.0461205
-0.0445903
-0.0121168
-0.0129003
-0.00864832
0.0417342
0.0323452
0.0467456
0.0265309
-0.00441414
-0.0422595
0.0010353
0.000797304
0.00465178
0.00295317
0.00371525
-0.0313417
-0.00051092
-0.0308529
0.00906924
0.0462595
0.0279919
-0.0221342
0.01786
-0.0445298
0.0379256
0.0128739
-0.0383131
-0.0152864
0.00362022
-0.0350147
-0.0467096
-0.0280885
-0.0243661
-0.0516099
-0.0275574
0.020909
-0.00995051
-0.0334766
0.0199582
-0.019192
-0.044566
0.0170188
0.0140973
0.0191555
0.00355673
0.0386926
0.0441478
-0.0148144
0.17702
0.0375468
-0.0104065
-0.0380087
0.0584419
-0.0662367
-0.0306067
0.0667919
0.00515594
0.0514396
0.0242135
-0.00249666
0.0399252
-0.0388397
0.0358564
-0.0293452
0.0265156
-0.0922987
-0.0743448
0.0246461
-0.0108668
0.0300505
-0.0162627
-0.0412826
0.0299904
0.0471668
-0.000924866
0.00291917
0.0258788
-0.00909676
0.0108239
-0.0368799
-0.0141224
0.0238194
-0.101403
0.024243
-0.147231
0.101259
-0.0662254
0.0588163
0.0749664
-0.0379855
0.000927977
0.0122571
0.076758
-0.0208379
0.0214154
0.0638734
0.0585625
-0.0950995
0.0204461
-0.0364497
0.020413
0.0790478
0.15812
0.0402231
-0.0468775
-0.00359851
0.106835
0.0102113
-0.0218141
0.086825
-0.0632456
0.00494517
-0.0534715
0.00986401
0.0140096
0.0445342
0.0724958
0.0569985
0.0233882
0.0369231
-0.0479642
0.0462349
-0.0904161
-0.0201278
0.000154061
-0.00655268
-0.010596
0.019156
0.0259554
-0.0285768
0.00497889
0.040424
0.00113061
-0.0836707
-0.0176347
0.00350085
0.00494161
-0.0560051
0.00818217
0.0425901
-0.00530073
-0.0380579
0.0125048
-0.1271
-0.0371814
-0.00911514
0.0364846
-0.0562683
-0.0402327
-0.0130481
-0.00595087
-0.0570623
0.0441602
-0.0347118
-0.0306277
-0.0324261
-0.00190257
-0.0582842
-0.0419865
0.0282774
0.0213958
0.0388226
-0.0518674
0.102997
-0.00354582
0.06142
0.0207375
0.0325618
0.0578479
-0.0107528
0.00609487
-0.0263288
0.0299526
-0.00830456
0.0215085
0.0409844
-0.0288787
-0.0440282
0.0560645
-0.0490855
0.0263336
-0.0216592
-0.00639495
-0.0219878
-0.0259186
0.00854365
-0.0301676
0.0498966
0.0119417
0.0275697
0.0149711
0.00375076
0.0385496
-0.0739718
-0.0404409
0.0247974
0.00468551
0.0542804
-0.0034576
-0.047535
-0.0241542
-0.0123223
-0.0115103
-0.00598692
0.0251661
-0.0331842
-0.0137959
-0.0318488
-0.0248241
-0.00441716
0.0251294
-0.0337493
-0.00147121
0.0364037
0.0425143
-0.0092385
-0.00453824
0.00659986
-0.00641722
0.00628245
-0.00376428
0.0232493
0.0166556
0.0290411
0.00685481
-0.0294166
-0.0219939
0.0132737
0.00403665
0.0398516
0.0359461
-0.014508
-0.036484
0.0300842
0.0326671
0.0398623
0.0189294
-0.0293381
0.00265744
-0.0295377
-0.022143
0.0136791
-0.0443043
0.0314895
-0.0178093
0.0352768
0.00981901
0.00869407
0.0279167
0.0303276
0.00953534
-0.0115761
-0.0302702
-0.0350657
-0.00950561
-0.0469634
0.0384347
-0.0273353
0.00823034
-0.0313086
0.0231565
-0.00877472
0.049627
0.0136703
0.0741179
0.0269647
-0.0349074
-0.0826916
-0.04387
-0.00631678
-0.0301103
0.0962187
-0.0926783
0.0378023
0.0804433
-0.0239721
-0.0121172
0.00418545
0.0175845
-0.0140233
-0.0074299
0.0644332
0.00659322
0.00515726
-0.0323645
0.0440385
-0.061448
0.0591077
0.0754878
-0.0276907
-0.00620329
-0.0120653
0.0447642
0.0228168
-0.0469338
0.0224601
0.0109097
-0.03278
0.033148
0.038116
-0.018885
0.0405506
0.0425247
0.0231448
-0.0177518
0.0170648
0.0982221
0.0267201
-0.017552
-0.036923
0.0324405
0.0146518
0.0372219
0.00746684
0.0650718
-0.0203638
-0.0145053
-0.0391777
-0.0603959
0.0140225
-0.00335408
0.000120952
0.0369432
-0.0564428
0.00805624
0.0301484
0.0117735
-0.00889524
0.000225417
0.0676347
-0.056211
0.0188282
-0.048987
0.0418956
0.0688251
0.0413045
-0.0710343
-0.00818641
-0.0540764
0.0277623
0.078134
-0.0136714
0.0644343
0.00228772
0.0548569
-0.0594533
0.0486746
0.0418361
0.00114152
0.0217807
0.102704
0.0342465
-0.00399519
0.00974224
-0.0470969
0.0213776
0.0484106
0.0237204
-0.0444969
0.0149201
-0.0798972
-0.0293066
-0.0448222
0.0411464
-0.0160949
0.0504587
-0.0158199
-0.0855309
-0.0034707
0.0219393
-0.00206939
-0.0503429
0.00799284
-0.072777
-0.0584805
0.0347465
-0.00139989
-0.0623018
-0.0324326
0.0622965
-0.00570042
0.0188795
-0.00400847
-0.0415339
-0.0310451
-0.0357235
0.00356454
-0.0029373
0.0533236
-0.00806791
-0.0410408
0.0202123
-0.0455025
-0.015649
0.0390183
-0.0401058
-0.00132516
-0.00501506
-0.00898055
0.0218552
0.00124947
-0.0320878
-0.0117192
-0.00490982
-0.0282055
0.0222018
-0.0193309
-0.0428744
0.00947009
-0.00722417
0.0518984
-0.0434409
-0.0249286
0.0401787
0.037041
-0.013995
-0.0408917
0.0144081
-0.00210677
-0.0035358
-0.0206999
0.017164
0.0307005
-0.00230845
-0.00810064
-0.00687643
-0.0203591
0.043626
-0.00577828
0.00185277
-0.0427698
-0.0440212
-0.00430187
0.047108
-0.0271202
-0.029558
-0.0410111
0.0121896
0.00979916
0.00629266
0.0280369
-0.045391
-0.0150215
-0.0423876
-0.0177623
0.0426955
0.00667722
-0.00505652
0.0438787
-0.0678532
0.024463
-0.0250733
0.01979
-0.0186371
0.0334004
0.00525724
-0.0318826
0.0496972
-0.0157826
0.0463224
-0.00332888
-0.0339275
-0.0352959
-0.203031
-0.0478784
0.0723912
-0.00431231
-0.0327896
-0.0219638
-0.015058
0.00273214
-0.106807
-0.0482639
0.0219061
0.0183577
-0.0791843
0.0947745
-0.066228
0.0390529
-0.0954503
0.0557749
0.00921082
0.078519
-0.0399704
0.0140644
0.0509065
0.00202185
-0.0441107
0.0193525
0.0709407
-0.0207054
0.0216558
0.0847967
0.000198259
0.0373767
-0.0118581
-0.0406442
0.0785283
-0.155215
0.0216295
-0.0923388
-0.0290287
-0.0404295
-0.0168208
0.0163542
-0.0162186
-0.00818928
-0.0624336
-0.0245891
-0.0767793
-0.0575293
0.0276904
0.0269844
0.0311313
-0.0100767
-0.0416287
-0.0440951
-0.104303
-0.0260501
-0.0574639
-0.0567639
-0.126847
-0.0666656
0.0110083
-0.0865665
0.00276641
0.0140011
-0.0685509
-0.0615332
-0.0420811
0.0127471
-0.0551961
-0.0437708
-0.0698156
-0.0446611
0.0249938
-0.00279481
0.0705969
0.10477
0.0321945
0.0402254
-0.00807839
-0.035769
-0.0361223
0.0159577
0.0195123
-0.000129989
-0.0242444
0.0419378
-0.0455983
0.0824058
0.0646269
-0.00211421
0.0806516
0.00989476
-0.0101858
0.0110645
-0.0018801
-0.0201651
0.00484544
-0.0115235
0.0107449
0.030464
0.0736404
-0.033627
0.0366501
-0.0235678
0.0347198
-0.0118984
0.0103087
-0.0381047
0.0186805
0.0546176
-0.0387371
0.00391389
0.0360664
-0.0147596
-0.00105188
-0.0731348
0.030712
0.0374526
-0.013711
-0.0271129
-0.0858983
0.0111091
-0.0093947
-0.0258676
-0.0458623
-0.000845127
-0.0652873
0.0216933
-0.00809016
-0.0386172
-0.0867646
-0.0287877
-0.102242
0.018119
0.0692516
-0.0171863
0.00547692
0.00772503
-0.0147292
0.0299745
-0.0528722
0.0308049
0.0245865
-0.0420497
-0.0454759
0.0377867
0.00307943
0.00476932
-0.0932939
-0.0421001
0.000513965
-0.0159028
0.0488805
0.0315555
-0.0340225
0.0387418
0.00510599
-0.020153
0.028308
0.000680071
0.0360195
0.00214927
0.0440824
0.000472034
-0.0247002
0.0334571
0.00631898
0.0190457
0.0227203
0.0390314
0.00953289
-0.0193273
-0.0192424
0.0285801
-0.0483023
0.0382324
0.0584715
0.0257626
0.0179285
-0.0189754
-0.00339139
-0.0140745
0.0150896
-0.0104316
-0.0381173
-0.0263143
-0.0272045
-0.0203589
-0.0187794
-0.0378482
0.0159294
0.00627846
-0.0475509
-0.0283804
-0.0104086
-0.0606588
0.0578652
0.0317592
0.0238651
-0.0204814
0.0356177
-0.00730026
-0.0216145
0.0472849
0.0223773
0.0390986
-0.000678068
-0.0318233
0.0144864
0.042465
0.0297957
0.0481344
-0.0432119
0.0134746
0.0174675
0.0426373
-0.0474688
0.0194445
0.047404
0.0235619
0.0388604
0.0170762
0.047924
-0.0734003
0.0449199
-0.00193024
0.0120399
0.000946521
-0.0217048
-0.0659815
-0.0740111
-0.0259217
0.00763038
0.0145809
0.0108317
0.00119668
-0.0188544
-0.0643173
-0.0247747
-0.0683879
-0.0717848
0.0150777
-0.0349766
-0.0162927
-0.0336957
-0.0361234
0.00237253
-0.0834207
0.0270571
0.0323398
0.0903136
0.00701389
-0.00689615
-0.0303396
0.0247842
0.0291739
-0.0532339
-0.0166673
-0.0424065
0.0146614
-0.00891055
-0.0107381
0.0331475
-0.00499499
-0.0457132
0.0026936
0.0272094
0.00867455
0.00832581
0.0576133
-0.0226097
0.00104742
0.0620461
0.0412623
-0.0286429
0.089146
-0.0518964
-0.00398856
0.0169263
-0.0336622
0.0264774
0.00177
0.0302478
-0.00995814
-0.0420683
-0.0623674
-0.016429
-0.0442645
0.00358105
0.0490159
0.0165388
0.0119121
-0.0843145
0.0176394
-0.030333
-0.0343097
0.0308534
0.0657691
-0.0526901
0.012638
0.0240333
0.107637
-0.0107264
0.0528306
-0.0288332
-0.0593157
0.0602941
-0.0104271
-0.0205963
0.0233997
0.0594585
0.00562867
0.0688053
0.0199903
-0.0470112
-0.00852861
-0.00451643
-0.0546766
0.0634503
-0.0162294
0.0233552
0.0518183
-0.0184178
-0.0121881
-0.0274429
-0.00408197
-0.000496529
-0.0125432
0.0319577
0.0540032
0.0318446
-0.0474888
0.0142583
-0.0460281
0.0214441
0.0140264
0.0295319
0.0442701
-0.0433627
-0.0301668
0.00393259
-0.0349592
-0.0464449
-0.0433955
0.0275093
-0.0363223
0.0379718
0.0432087
0.0232796
0.0209149
0.0504295
-0.0325482
-0.0226442
0.0268153
0.0187769
-0.00936205
-0.00816715
0.00757367
0.00647036
0.0451603
0.0468443
-0.0466941
0.0030154
-0.0305441
-0.0172539
0.00218502
-0.0022907
-0.0343459
-0.024473
0.0190507
0.0206389
0.0263162
-0.00343501
0.0403285
-0.0414602
0.0147577
0.00516751
0.00136677
0.0196699
-0.00836226
-0.0318048
-0.0452776
-0.00317299
-0.0448005
0.0131352
-0.0104203
-0.0355262
0.0435314
-0.0220111
-0.0401148
0.000713453
0.0259896
0.0224982
0.00277308
-0.0330175
-0.0367283
-0.0368004
-0.0248838
0.0360886
0.0217868
-0.0157579
-0.00506276
0.00568746
0.0248857
-0.0246023
-0.0214497
0.0370377
-0.0479908
-0.0133051
-0.0157354
0.0413441
-0.0109717
0.047055
0.00739079
0.0190685
0.185149
0.0273011
0.0128145
-0.0145862
-0.00366461
-0.0459338
-0.043046
0.035223
0.0412412
-0.0249935
-0.00455877
-0.00656712
-0.00499095
-0.071737
-0.0426361
-0.0134536
0.0752256
-0.0877784
-0.0711265
-0.0134234
-0.0212944
-0.0252574
-0.0157791
0.00928767
-0.00380838
-0.0642401
-0.0482541
-0.0327612
0.00777409
-0.00161086
0.0675282
-0.00603189
-0.0335501
0.0916856
-0.101996
0.153094
0.0035488
0.153827
-0.0656202
0.0331539
0.0581629
-0.0423606
0.0122729
0.0184601
-0.0367136
0.0477324
0.0908567
0.0199173
0.0249893
-0.0396328
-0.027407
-0.0179918
0.0527978
0.0186621
0.142333
-0.0179139
0.0176582
-0.00750964
0.100889
0.087165
0.0276233
-0.0396673
0.0161392
-0.0586788
0.0502945
0.0701219
-0.0330823
-0.0381612
0.0319138
-0.0348404
0.0177024
-0.0376641
-0.0412625
0.0332109
-0.0423974
-0.125117
0.0432294
-0.0168131
0.038554
-0.0296954
0.00408648
0.0503301
0.0326931
-0.0210669
0.0428945
-0.0815189
-0.0121404
-0.0880051
-0.13505
0.0199347
-0.037344
0.0304314
-0.0291266
0.0225287
-0.047477
-0.0464715
0.0410399
0.0126597
-0.0198517
-0.0456614
-0.0685658
-0.00795997
0.029047
0.00976278
-0.0323266
0.00788935
-0.00351932
0.0141026
0.0345307
-0.068144
0.00705718
-0.00815191
0.030796
-0.0410865
-0.025107
0.0369146
-0.00168128
0.0191155
-0.0106055
-0.0442347
0.0839314
-0.02731
-0.0234359
0.00724761
-0.024198
-0.012563
0.103369
0.0405893
-0.000380391
-0.00192016
0.0886447
0.00918931
0.0547908
-0.0578878
-0.0203032
-0.00262005
0.00554166
-0.0177058
-0.0434516
0.00787853
0.0357817
0.0273228
-0.0136436
0.0128292
-0.0158004
0.00316581
-0.00251966
-0.0101646
0.0415343
0.0189813
0.0421323
0.0413623
-0.0312128
-0.0504297
-0.0399052
0.0256362
-0.00920914
-0.00416774
0.0150451
0.0363361
-0.0218711
0.0274948
0.0375357
0.0359133
-0.00893936
-0.0188252
-0.00885167
-0.033365
0.0251852
-0.0221777
-0.0185701
0.0106413
-0.0396833
-0.0433969
-0.0162299
0.0192689
-0.00845832
0.0180973
-0.0314413
0.0679756
0.00905057
0.0402006
-0.00811892
-0.00518373
0.000444145
0.026783
-0.0376777
0.0347469
0.00593502
-0.0474815
-0.0317185
-0.0252552
-0.0285622
0.00377033
-0.00446845
0.0423406
-0.0321564
0.00506531
0.0353189
-0.023315
0.0248084
-0.0466399
-0.0353597
-0.0129089
-0.00647482
0.0456323
-0.0421239
-0.000980658
0.0486734
-0.0347025
-0.00827706
0.0338822
0.0181016
0.0288338
0.0187034
-0.0624544
0.0740021
-0.0344752
-0.0361738
0.0199152
0.0025686
0.048734
-0.0317901
0.0511228
0.0219854
0.0220735
-0.00186371
0.00407393
0.0484422
-0.000806991
0.0734419
0.0138036
-0.0322936
-0.0349287
-0.0646108
0.040451
-0.0103549
0.0652065
0.0316601
0.0165996
0.0630344
0.00811811
0.02234
0.0157982
0.0742173
-0.0280086
-0.0519078
0.0577809
0.0307698
0.00495932
-0.0649573
0.0513457
0.0399941
-0.0335704
0.00383188
-0.0427916
0.0603362
0.0268508
0.0356382
0.0360179
-0.0265249
0.0293081
0.0127257
0.0194276
0.0559176
-0.00466677
0.0205292
0.00754585
0.0485768
-0.0139207
-0.0196515
-0.0556969
0.035558
0.0225967
0.0315335
-0.0874768
-0.0292432
0.0189997
0.0240778
0.0640798
0.0384596
0.0486003
0.023387
-0.00466815
0.0081612
-0.014658
0.0188897
-0.00739343
0.0096418
0.00222821
-0.0215407
0.0582498
0.100527
-0.0449559
-0.0201786
0.0350967
-0.0151238
0.0224373
-0.0107668
-0.0599396
-0.0133156
-0.100938
0.0148365
-0.0216815
-0.00103875
0.104128
-0.0436505
0.00955199
-0.00723336
-0.0133049
0.039006
0.013984
-0.0132364
-0.018068
0.0226834
0.0455877
0.0456487
0.0551091
0.000945066
-0.0369708
-0.0397398
0.00458854
-0.0103412
-0.062806
0.0318509
-0.00331786
-0.0733468
0.0211222
-0.0562495
0.0420209
-0.0274729
0.0258278
0.00663358
0.0105914
-0.045178
-0.0459907
0.00231299
-0.023609
-0.0189015
-0.0443619
-0.0171271
-0.0183349
0.00388632
-0.0109345
-0.0398832
-0.0420221
0.0309629
-0.0456252
-0.0175721
-0.0381443
0.0163173
0.00687247
0.0127948
-0.0171312
0.01544
0.0298705
0.0458864
0.00770061
0.0263244
0.0276835
0.0342242
0.0189298
0.0113045
-0.00821126
0.0357167
-0.0241943
-0.0225705
-0.0391886
0.0380577
0.0102053
-0.0265231
0.0462394
0.00785859
0.0416504
-0.0246501
0.0309322
-0.0435158
-0.0206487
-0.0368607
0.0440786
0.0381326
-0.0134527
0.00700464
-0.00515325
0.0162935
0.0135179
-0.0238726
-0.0159364
0.033305
0.0311535
-0.033015
-0.0182183
-0.0221439
0.0523825
0.0124626
0.00769571
0.0264355
-0.00458527
0.0203262
0.0116527
-0.0134232
0.0139822
0.02422
0.00159133
0.0312762
0.000339299
-0.0371552
-0.0390824
-0.096922
0.026813
0.0383174
0.0196148
-0.00601918
0.000387522
0.0105857
-0.0161294
-0.001093
0.00827194
-0.0109833
-0.00955638
-0.00932718
0.000292634
-0.00057404
-0.0200088
0.0168304
0.00246015
-0.0100195
6.51871e-06
-0.0360584
0.00958125
0.0443177
-0.148686
-0.009322
-0.000834786
0.00460629
0.17996
0.00166728
0.011963
0.0113687
-0.0197011
0.00572069
-0.0114607
-0.00944671
-0.0184046
0.030219
0.000971917
0.0210767
-0.0115042
-0.014825
-0.0183762
0.111414
0.00296885
0.010488
0.00905288
0.0124945
0.173289
0.00685087
0.0120425
0.0105543
0.00291874
0.161396
0.022371
0.0250809
0.00743991
-0.0130063
-0.0130007
-0.0961647
0.0136859
0.00363215
-0.0123287
-0.0156371
-0.0215869
0.00880992
-0.01724
-0.0335718
-0.00169103
0.00180667
0.00534181
0.0132759
-0.0207406
0.0213942
0.0395362
0.00563103
0.0146863
-0.00631811
-0.00307307
-0.00710318
0.0695593
0.0146973
0.0257741
0.0162817
0.0244445
0.00749012
0.0123738
-0.00410282
0.0099001
0.154507
0.0569175
0.0307355
-0.0501928
-0.00876481
-0.000336065
0.0113778
-0.0122075
0.000928704
-0.022567
0.0186293
-0.0119211
-0.00244485
0.00793193
-0.0144227
-0.00879159
0.00402241
0.0258972
-0.0121109
-0.00602957
0.00294847
-0.0947777
0.00525732
-0.0824645
0.114883
-0.0159271
-0.0276732
0.0142354
0.000968739
0.00494168
0.00071271
0.0812925
0.00217117
0.0106695
0.0427922
0.0671599
-0.0104636
0.0291265
0.00254504
0.0194394
-0.0225776
-0.0319588
-0.00392739
-0.0276731
0.0203739
-0.0337204
0.0119208
0.000995436
0.0731701
-0.0634185
-0.0604158
0.0456657
0.0343136
-0.0746601
0.0508955
0.0646417
0.0230806
-0.0431438
0.0566761
-0.00457111
0.0656214
-0.0119986
-0.0479413
-0.00631229
0.0107399
0.100268
-0.0696023
-0.077547
-0.0462192
0.0739591
-0.00902808
0.0149722
0.0446478
0.0329525
-0.0574002
0.0728351
0.0442186
0.0763194
0.0845924
-0.0654764
-0.028042
-0.0102917
0.0505742
-0.0477626
0.0478668
-0.0646922
-0.0455751
-0.084431
-0.0680549
0.0384946
0.0486255
0.0858254
-0.0214015
-0.0191688
-0.0327585
-0.00984067
0.0848136
0.0860413
0.0437963
-0.0266923
0.068401
0.0484975
0.0832923
0.0510038
-0.0871935
0.0457725
0.00267683
-0.0251326
0.0738421
-0.0553548
0.0385148
-0.0367618
0.0960773
0.0758721
-0.0251092
-0.037728
0.0833364
0.0747616
0.0258333
0.0630898
-0.0879156
0.0570186
-0.0581288
-0.0059372
-0.072695
0.00798475
-0.033376
0.00342424
0.0125889
0.0241248
0.00549969
-0.0530118
0.0765644
-0.0560661
-0.0298383
-0.0130013
-0.00476552
-0.0187789
-0.0674051
0.0453033
-0.0871263
0.0446938
-0.055496
0.0408369
0.0120761
0.0635799
-0.0502168
-0.012576
-0.0631668
-0.0420359
0.0656852
-0.0311193
0.0416551
-0.00989209
0.0708736
0.0358269
0.00752581
0.0561464
0.0387541
-0.0414122
-0.0499179
0.0593858
0.0380306
0.0330733
0.029096
-0.0298905
-0.0369662
-0.0473994
-0.0300633
0.0157307
0.0260625
0.0551135
0.108757
-0.00867697
-0.00338789
0.0212507
0.0922891
0.0466632
-0.0253643
-0.0846069
-0.00519458
0.0348871
-0.0782725
0.00701356
-0.0189807
-0.0219974
0.0657812
0.0196114
0.0517438
0.0313584
-0.0135313
-0.0602194
-0.0776665
-0.0708384
-0.0394047
-0.123269
-0.0790821
0.0401947
0.0676907
0.0518394
0.0863638
0.0443379
-0.0162717
-0.000161299
0.00629242
0.071665
0.0230023
0.0772941
0.0316292
-0.0798216
0.0630263
0.0701422
0.0452843
0.0381899
-0.060302
0.0877441
-0.0176216
-0.063779
-0.0185641
-0.0399445
0.129887
-0.0725231
0.0989914
0.0712884
0.0123416
-0.0585141
0.048702
-0.00976859
0.0264234
-0.0518758
0.0318937
0.0333205
-0.0114317
-0.00466776
0.0101931
-0.0216649
0.0132785
0.0963457
-0.0112493
-0.0751357
-0.00586601
-0.0470599
0.0722575
0.0393489
-0.0292277
-0.00480237
-0.022108
-0.0426663
-0.0760806
0.00205924
-0.0339382
0.0200397
0.0448287
0.0950712
0.0655327
0.0320942
-0.0622638
-0.00391876
0.0792928
-0.0104719
0.0780971
0.0321749
-0.0508125
-0.0219417
-0.0533163
-0.0115374
0.042216
0.084252
0.0168675
0.0269124
-0.00128856
-0.0250634
0.0335429
-0.0422318
0.037856
0.0655574
0.032686
-0.00913584
-0.0667697
0.0012855
0.0191408
0.0589538
0.0574268
-0.0527675
0.0948789
0.0221447
-0.00687728
-0.04612
-0.0738017
-0.00298259
0.101924
0.0999295
-0.0692324
0.0453755
0.0112312
-0.0650081
0.021639
0.0730857
0.0141297
0.0199427
0.0721951
-0.035701
0.0163846
-0.035017
0.00850564
-0.0130842
0.065786
-0.0517612
0.0150953
0.0564025
0.0304551
0.0423566
0.0232356
0.0729625
-0.0744598
-0.0279214
0.0101583
-0.0269678
0.101529
-0.0127162
0.0688727
-0.0475233
0.0146802
0.0565201
0.0259058
0.0645992
0.0966329
0.032184
-0.00246548
-0.0183198
-0.0702233
-0.029686
0.0122208
0.0720297
0.0191417
0.0704663
-0.0484387
0.0553487
-0.0339665
-0.0213113
-0.0529531
-0.0837983
-0.0366022
-0.027933
-0.00931351
-0.0528405
0.01313
0.0618203
-0.0402923
-0.0744267
-0.0571504
-0.00214013
0.0543333
0.0123598
0.017387
0.0712428
0.0395969
-0.0682512
0.0776494
0.0138263
-0.0123063
0.0259451
-0.0496648
-0.0115914
-0.0843097
-0.0479892
-0.0259048
-0.0074046
0.0407226
0.0376257
-0.00365861
-0.0483593
-0.0721979
-0.0432344
0.0769887
0.0580475
-0.0016194
-0.047621
-0.00273048
0.0138565
-0.0141393
-0.077498
0.00540077
0.00159526
0.0300604
0.00992576
0.0698437
-0.0281667
-0.0512223
-0.0917805
0.0493054
0.0259278
0.0777076
-0.0499561
0.0364603
0.0320081
-0.0700484
0.0938765
0.00370078
0.0644476
0.0336072
0.0749576
-0.0406095
0.0697899
-0.0188991
-0.0518053
-0.0205879
0.00978888
-0.0499422
-0.0607192
-0.00156657
0.00660574
0.00758137
-0.044065
0.0247994
0.0245121
0.0604552
-0.00737857
-0.0566865
-0.0753174
0.0541366
-0.0352376
0.0694858
0.0527437
-0.0408511
0.0509537
0.0395475
0.0556885
-0.0724867
-0.0814765
0.0705349
0.00306638
-0.00795856
-0.00159301
0.0965857
-0.0614968
0.0486626
0.0122368
0.00646948
-0.0460749
0.0284918
-0.0656427
0.0555307
-0.0924862
-0.0733258
-0.00931529
0.0640801
0.102708
0.0246936
0.0663919
-0.0195772
0.000364324
-0.00095359
0.0478055
0.00068386
0.0686348
0.0308357
-0.0298465
0.0430139
0.00523878
-0.0333612
0.0261757
-0.0601565
-0.0267601
0.0367533
0.0532021
-0.0513988
-0.0729704
-0.00602956
-0.0282712
-0.0229512
-0.0950455
-0.0358375
-0.0708046
0.0118713
0.0515901
-0.0579935
-0.0432877
-0.0418412
0.0321138
0.0765696
0.0597856
-0.076416
0.0521334
0.0691001
-0.0932541
0.0525189
0.0705828
0.0625737
-0.0760945
-0.0934659
-0.0182959
-0.0366956
0.0307234
0.0376757
0.0527816
0.0528259
-0.000448628
0.0068962
0.0407719
0.00911358
0.0131977
-0.0223105
-0.0865854
0.0315314
0.0666818
-0.0773397
0.0552445
-0.0582623
0.0542545
-0.0537519
-0.0339033
-0.00445672
-0.094813
0.068248
-0.0449732
0.00451734
0.00132002
-0.0233963
-0.0315508
0.00290707
-0.0215238
0.0479802
0.00169132
0.0195942
-0.0630406
0.0429608
0.00979152
-0.0791122
0.0533247
-0.0175144
-0.0364135
-0.0707462
-0.0242075
0.022683
-0.145637
0.0100367
0.0358562
-0.0171228
-0.0627602
0.0185711
0.0239512
-0.0296282
0.0436751
0.0818033
-0.0335955
-0.0581047
-0.0283626
-0.077008
-0.000713018
-0.0395553
-0.0301257
0.0573706
0.0544589
0.0375933
0.00940259
-0.0011173
-0.0353033
-0.0290535
0.0346041
0.0716138
0.017371
0.0221572
-0.00227021
-0.0914481
0.0429563
-0.0234838
-0.00731155
0.0693714
-0.0313243
0.0794893
0.0262035
-0.0207926
0.112025
0.00158463
-0.0163004
0.0702106
-0.0391795
-0.100602
0.059017
0.032025
-0.106145
0.0552807
0.0545724
-0.0204686
0.0854793
0.0491025
0.0742683
-0.0653914
0.0885816
-0.0793332
-0.0879914
-0.00396333
-0.0579718
-0.0935981
0.0768304
-0.0813289
-0.0104529
0.00803779
0.0773991
0.0767412
0.0556786
-0.0430443
-0.0988875
-0.0250194
-0.0542774
0.0659742
-0.0887817
0.047993
0.0160893
-0.0628385
-0.00978173
0.0319359
-0.029717
0.0460414
-0.0294105
0.030613
-0.0704761
0.017244
0.0653112
-0.0763192
0.058793
0.0361581
0.0682352
-0.0673321
-0.0615784
-0.0234751
0.0464362
-0.0490325
-0.0197376
-0.107363
0.0111799
0.0724332
0.0633173
0.0668892
0.0132598
0.0623582
-0.0575346
0.0734164
-0.016033
-0.0694427
-0.0379802
-0.0250936
0.0388468
0.0283561
0.0499179
-0.00636647
0.0483636
0.00152559
-0.0626085
-0.0349393
0.0434784
0.0166486
0.0386139
-0.0841863
0.032506
-0.0275752
0.0401207
-0.00462524
-0.0345506
-0.0909842
0.0531949
-0.077529
-0.0350708
-0.0271914
-0.0196654
0.00604979
-0.00455587
0.022651
0.0232066
-0.0216598
0.0800045
0.0757166
-0.0689064
0.0356973
-0.0525564
-0.0501803
0.0622941
0.0367353
0.0485642
-0.0445074
0.0310176
0.0661319
-0.0732328
-0.0856198
-0.0520881
-0.00165515
-0.047068
-0.064414
-0.0746415
-0.0782535
-0.00213994
-0.0152442
-0.0722183
0.0870505
0.0208324
-0.055665
-0.038372
-0.0878609
0.0201687
0.0057848
-0.00998186
-0.0518562
-0.0413417
-0.0693754
0.0282901
-0.00154172
-0.0342907
-0.061903
-0.0574558
-0.0704118
-0.00626456
0.0383525
-0.00789249
0.0746303
-0.0129212
-0.0514754
0.0458705
-0.0256398
-0.0254575
0.0263852
0.0628654
-0.054657
0.0661119
0.00255814
0.0370856
-0.0135592
-0.101125
0.0493593
0.0442863
-0.0681724
-0.0845601
0.059863
-0.0443245
0.00367876
-0.0416636
-0.0571795
0.0165737
-0.0689726
0.0640353
0.0461777
-0.0466584
0.0142982
-0.0599658
0.0942181
-0.0537234
-0.0710106
0.00364066
-0.00953696
-0.0422346
0.0361362
0.0845692
0.0493485
-0.00692082
-0.0131892
0.031828
-0.056174
0.0132261
-0.0397362
0.0372868
-0.0598535
-0.0338348
-0.0538532
-0.011039
-0.0519062
0.0063385
-0.0480351
0.00134725
0.0300863
-0.00096687
0.000527168
0.0643042
-0.0602264
0.0646834
-0.0244435
0.071384
0.0592114
0.051592
-0.00401041
-0.0285651
0.0119066
-0.0121513
-0.0821682
0.0638983
-0.0914321
-0.0767931
0.0907116
-0.0892667
0.0504038
-0.0205627
-0.0213437
-0.0879536
-0.0404365
0.0623677
0.0285198
-0.0906419
0.0890945
-0.0698597
-0.0391255
0.00583406
0.011151
-0.0674014
-0.0456892
-0.0279252
0.047278
0.0902242
-0.017454
0.0415496
0.0144214
-0.0677656
0.0342029
0.0200525
0.0362707
0.0164842
-0.053387
0.0133984
0.0303878
-0.185304
-0.0326246
0.109481
-0.224264
0.164786
0.0284102
-0.0109307
0.164759
-0.204008
0.236619
-0.00905882
0.216241
0.0439921
-0.0428179
-0.228287
0.167467
-0.117675
-0.121292
-0.216363
0.104896
-0.151634
-0.182884
-0.128812
0.197235
-0.145839
0.169234
-0.151981
-0.0874677
-0.285118
-0.10479
-0.035204
0.174328
0.0496447
-0.129196
0.160335
0.0694313
0.0785344
-0.0773564
0.232087
-0.24034
0.0585513
0.137353
-0.0948676
0.277337
-0.166509
0.380826
0.053905
0.048916
-0.0987112
0.0813641
0.0412775
-0.0651559
-0.180631
0.0618125
-0.00327811
0.204796
0.0787413
0.0669784
-0.201751
-0.0971172
0.233699
-0.123595
0.0097604
-0.11632
-0.285493
-0.122774
0.205959
0.0234511
0.0125076
-0.111072
-0.166368
0.113572
0.019232
-0.0506933
-0.108385
0.0119776
0.134665
-0.0691368
-0.039534
-0.171395
0.0421141
-0.081153
-0.187565
-0.0484408
-0.0927574
0.0979278
0.206224
-0.0925257
0.118199
-0.0108172
-0.173244
0.0573394
0.0627492
0.033196
0.176901
0.0499423
0.0913416
0.0742544
-0.122877
-0.195666
0.158253
0.167691
0.151587
0.24664
-0.224635
-0.119864
-0.0173755
-0.230345
0.153242
-0.0156743
-0.248857
-0.0276748
0.0848993
0.662459
0.127162
0.117854
-0.28466
-0.0524299
0.0862841
0.154556
-0.118729
0.0165016
0.000572076
-0.231589
0.192039
-0.226345
-0.0812139
0.0324852
-0.0591789
-0.0803722
-0.0983168
-0.0625913
-0.0404059
0.0891737
0.038681
-0.0804801
-0.0385071
-0.0346765
-0.0383626
0.0280461
0.0177221
0.0114041
-0.0619227
0.00399183
0.0707126
0.0754064
-0.051239
0.0455279
0.0833616
-0.0115687
0.0586589
-0.0480301
-0.0703286
-0.0606712
-0.0837402
0.0740985
-0.0709648
0.0507752
-0.0668666
0.0632516
0.0422318
-0.0430932
-0.0485239
-0.0580207
-0.0423708
-0.0611751
0.0687159
-0.07063
0.0375626
-0.100794
0.111816
-0.0359799
-0.0231807
0.00154328
0.0614659
-0.0624779
0.0935732
0.0747481
0.0649669
-0.00976514
0.00199142
0.0989073
-0.00745242
-0.0181703
-0.000323506
0.0698423
0.0958922
0.00784543
0.0660106
-0.0606686
0.0854506
0.0891043
0.0731507
0.0786221
-0.0583925
0.0214277
0.0126819
-0.00873485
0.0396529
0.0252075
-0.0175478
0.0279266
0.0723574
-0.0672764
-0.0182261
0.0925744
0.0105971
-0.00046065
0.0861663
-0.00123069
0.0946034
0.0927551
0.0748009
0.0807425
0.0649151
-0.0127775
-0.109096
0.0805694
-0.0543368
-0.113379
0.0303234
0.0801319
-0.0618729
0.0333329
-0.0187914
-0.0370631
-0.0222764
-0.00160373
0.0852841
-0.0819535
0.0107564
0.0297347
0.0704232
0.0237164
-0.0992759
-0.0642076
-0.0264273
-0.00689416
-0.131625
0.0359167
0.0503053
-0.149871
0.0494277
-0.0138502
-0.0338219
-0.0687722
-0.0873593
0.0320099
0.0573143
0.023966
-0.0870899
0.0163254
-0.00137953
0.0645662
-0.064819
-0.075523
-0.0102134
0.0413807
0.0140723
0.0502134
0.0736035
-0.0324995
0.067127
0.0643601
-0.0985288
0.0222957
0.0522304
0.0778411
-0.00249565
-0.0291348
-0.0679502
0.0354534
-0.100466
-0.089454
-0.00717122
0.00246566
-0.0929481
-0.0191457
0.0675956
0.00185593
-0.0354477
0.0282282
0.0715984
-0.102192
-0.0047924
-0.072805
0.0617326
0.0228909
0.0911099
0.00223197
0.0820547
0.0278493
0.0364424
0.0156462
0.00989675
0.101992
0.0310654
0.0856731
-0.116123
-0.00723294
0.0360891
-0.0256802
0.0261772
-0.0738076
0.00402142
-0.0598828
-0.0634707
0.0489406
-0.0506832
-0.000661105
-0.0346936
-0.0339602
-0.0338154
0.0922819
-0.00292453
-0.0635993
0.046969
-0.0335395
0.0415379
0.0243076
0.0116801
0.0218509
0.00720403
0.055711
0.0472641
-0.0190111
-0.0467386
0.0589797
0.10129
0.0804239
0.0186593
-0.0387184
-0.0316481
0.00392045
-0.0783538
-0.0169414
0.00489582
-0.0771554
-0.0418273
-0.0365066
-0.0504311
0.0847422
-0.0381007
-0.00305917
-0.044051
0.0250851
0.0351403
0.0776881
0.0537736
-0.0481897
-0.0200681
-0.025848
-0.00512806
0.123074
0.0646215
0.0039741
0.0277327
0.0772675
-0.0368306
-0.0415522
-0.0757509
-0.0622695
-0.00832646
-0.0948238
-0.0712157
0.0262662
0.101635
-0.0484141
0.0208101
0.051254
-0.0145529
-0.0994638
-0.0788708
0.0907167
-0.0663913
-0.0517771
-0.0341604
0.0247567
0.0369264
0.0238764
0.0904203
-0.0303678
-0.0142777
-0.0852683
-0.0837695
0.079629
-0.0800602
0.0515616
-0.0167121
0.0675748
0.0532668
-0.0632901
0.0729509
0.0536729
0.0465213
-0.0259878
0.0480986
-0.0753753
-0.0457716
0.0380081
0.0976639
0.0646823
-0.0458155
0.0362488
-0.0786566
-0.0204282
-0.0750757
0.000988423
-0.063436
-0.0429034
0.0730688
-0.0571952
0.0212211
0.0507059
-0.0777028
-0.0308049
0.0772542
0.0317186
0.014264
0.0432815
0.0742182
0.0520873
-0.0344256
0.0342892
0.0547567
0.00551618
0.0986545
0.0664219
-0.0677642
0.0527695
-0.0283829
-0.0212909
0.0375791
-0.0186225
0.0525513
0.0582098
-0.0209952
-0.0798559
0.00371917
-0.0730869
-0.0919033
0.0606858
0.0791132
-0.0791298
-0.017554
-0.0778234
0.0800197
0.00752982
-0.0286293
0.0187146
0.0121712
-0.0359105
-0.0721719
-0.0465065
-0.0519788
0.0647586
-0.0266148
0.0445511
-0.0223253
0.000947078
0.0809592
-0.0268274
0.00229221
-0.012243
-0.0221534
0.0263721
0.0223996
0.0512666
-0.0160935
0.0205219
0.0716377
-0.0513948
-0.00488488
-0.00439096
0.0167736
0.018671
-0.0389002
0.0768808
-0.0525257
-0.0758874
0.00720285
-0.0866559
0.0736787
0.0422427
-0.0365055
0.0517839
0.0558514
-0.00736597
-0.0210954
0.0315682
-0.0230135
0.00589671
-0.00547881
-0.052814
-0.0219342
-0.0317423
0.0105543
0.0565542
-0.0588619
-0.0218853
-0.0521994
-0.0446809
-0.0757118
0.0502759
-0.000467791
0.0594185
-0.0195549
-0.0642344
-0.0771587
-0.0689544
-0.0390596
0.0802823
0.0496902
0.0163402
0.0606986
-0.0234076
0.0137926
0.0276456
-0.0769446
-0.0820442
0.00576857
0.0475124
-0.0451041
0.0237297
0.0135338
0.101321
-0.00655538
-0.0666104
-0.0745246
-0.0607021
-0.0927212
-0.0343064
0.075818
-0.0730372
0.0168486
-0.0593122
0.0329835
-0.00914598
-0.0828721
-0.0670341
-0.00222179
-0.0261563
-0.0080328
-0.0011321
0.0013972
0.0288024
-0.0216756
0.0575849
-0.0618037
0.0592953
-0.0480225
-0.0588362
-0.00341523
0.0728174
-0.00514073
0.040029
-0.0739732
0.0283933
-0.0479141
0.0544982
0.00406044
0.0679766
-0.0632991
-0.0735983
0.043369
0.0467391
-0.00289522
0.0671826
-0.0412537
-0.0420406
-0.0402685
0.0656841
-0.00632007
0.00135562
-0.0207354
-0.0550917
0.0791553
-0.0223351
0.0537157
-0.0290867
-0.0056572
-0.0771939
0.038541
-0.0577177
-0.00522487
-0.0759448
0.0567174
-0.029011
0.0670421
0.0938769
-0.00644429
-0.0547097
0.0217802
0.052061
0.0186595
0.0767061
0.0533365
-0.0544869
0.0853158
-0.0529115
-0.0531332
0.0620459
-0.00944677
0.0585197
-0.0411201
-0.0101201
0.00329176
-0.0095033
-0.0671219
-0.0372259
0.0202251
-0.0493777
-0.0588221
-0.0301355
0.00512895
0.068185
-0.0449478
0.0244969
-0.0784549
-0.0472037
0.0830024
0.00440095
0.0131915
0.00877388
-0.0846869
-0.00170523
-0.020787
-0.0152219
0.00608626
-0.0634376
0.0716254
0.0221346
0.0650984
0.0362429
-0.037181
0.0857173
-0.0235101
-0.0463138
0.0096077
-0.081196
0.0181694
0.0713299
-0.0289406
-0.0706089
-0.033905
-0.0848024
0.0430108
-0.0970938
-0.0517445
0.0494329
-0.0510181
-0.057933
-0.0576564
0.0799005
-0.027485
-0.0327013
-0.0620968
-0.056716
-0.0753113
-0.0517777
0.0651867
-0.0223947
-0.046734
0.0771713
-0.033812
0.0421249
0.0854219
-0.0297973
-0.0826301
-0.0492046
0.0553793
-0.0595858
-0.057383
0.104406
-0.0138205
-0.00535662
0.099057
-0.00689393
-0.0578191
-0.0649381
-0.0807645
-0.0329908
0.000256188
0.0313531
-0.0701735
0.0510852
0.0224746
0.0746319
-0.0461801
0.019657
-0.0676067
0.0276543
0.0701658
-0.0657148
0.0393504
-0.0746696
-0.0553233
0.0118618
-0.060446
-0.0772222
-0.0690901
0.00196308
0.0373535
0.0204596
-0.0452766
0.070653
0.0567889
-0.0787415
0.00928136
0.0661606
0.0906381
-0.0455017
0.0165349
-0.0334073
0.0382553
0.0309468
-0.0501657
0.0873633
-0.0715209
0.0232392
-0.0397724
0.0320413
-0.056978
0.0136525
-0.0806602
0.0172371
0.041947
0.110929
0.0198214
0.0516607
0.0375181
-0.0333122
-0.0160019
0.0108047
-0.0819731
-0.0608557
-0.00658215
-0.0043616
0.0054707
0.090321
-0.0569568
-0.046656
0.0628626
-0.0243646
0.0105736
0.0416209
0.0586291
-0.0377735
0.0878278
-0.0139816
-0.0813932
-0.00524592
0.089259
-0.0160538
0.0746032
0.0621464
0.0126723
-0.0390613
-0.00613001
0.00271809
-0.0490312
0.0245478
-0.00769308
-0.0255214
-0.0558806
0.0308382
-0.0291783
0.057809
0.0487169
0.039848
0.054733
-0.0741994
0.0385491
0.0701471
0.0322314
0.0279213
0.00128177
-0.0524849
0.0202375
-0.0527313
0.00579675
0.0644982
0.0448085
0.0745757
-0.0147556
0.0365849
-0.0678397
-0.047797
-0.0585135
0.0963708
0.0895414
-0.0480996
-0.0034314
-0.0683923
-0.0790652
0.0642961
-0.00350176
0.0517112
-0.0360518
-0.0256622
0.0220287
-0.0132825
0.0180356
-0.00798166
-0.0493709
0.0824332
-0.0822757
-0.0119437
0.0335356
-0.0589714
0.0449351
0.0633157
-0.0224953
-0.0647035
0.014138
0.0169519
0.0593415
0.0228193
0.0172284
-0.00129495
-0.0811882
-0.0436966
-0.0410674
-0.0657332
0.00220793
0.00601012
0.00459109
0.0800009
0.00833146
0.0556864
-0.0700621
-0.00613313
0.0780331
-0.0159294
0.0447285
0.0800711
-0.00173577
-0.0560142
0.0378208
-0.00971254
-0.0369217
0.0589484
0.0411521
0.0510111
-0.0649529
-0.0759006
0.053331
0.000685471
-0.0385146
0.0576066
-0.0278613
0.0507907
0.0341284
0.0705589
-0.0253966
0.0390417
-0.00727183
-0.0761252
-0.0640084
0.0212961
-0.0633625
0.0583737
-0.0247759
-0.00242298
0.0522891
0.0836867
0.0412072
0.0713045
0.0561997
0.00978008
0.0405831
0.00497529
0.0723917
0.00893094
-0.0404488
-0.0881411
0.0537048
-0.0614124
0.0660297
-0.00623084
0.0721979
-0.0165743
-0.0365146
0.0149598
-0.0615456
0.0609963
-0.0107733
0.0327949
-0.0412923
-0.012474
-0.0430283
0.000591704
-0.0138382
0.0372944
0.0532497
0.0179338
-0.00854888
-0.0201458
-0.0797897
0.0783716
-0.000576796
0.0504877
0.0726551
-0.0749332
0.00451444
-0.0665065
0.032612
-0.0448843
-0.0495133
-0.0287802
-0.0163046
-0.00581527
-0.0465727
0.0255733
-0.0455409
0.011923
0.00107053
-0.0458636
0.00640819
-0.0203746
-0.00802899
0.0108558
-0.0372345
-0.0646555
0.0712202
-0.0162228
0.072252
0.0694254
-0.0176563
-0.0367795
0.0265284
-0.00493426
0.0113416
0.0527841
-0.00948627
0.0277423
-0.0719834
0.0656148
-0.069491
0.106847
0.00176791
-0.0156605
0.0192176
-0.00135734
0.0842213
0.0169513
0.0324529
-0.0522514
0.0816041
0.00378836
0.0141359
-0.05636
-0.0139564
0.093332
0.07425
-0.0697168
0.0723327
-0.0558601
-0.0316032
-0.00792279
-0.0577008
-0.0697733
-0.0734435
-0.0536538
0.0571641
-0.0565505
-0.00382404
0.0767578
0.0451015
0.0866969
-0.0981179
-0.0132354
-0.0647204
0.0102387
0.0485609
-0.0546555
0.0683102
-0.0277769
0.0858736
0.0342396
-0.0317303
0.0602272
-0.0191526
-0.0353876
0.056632
-0.0482995
-0.0379121
0.0460419
0.038968
-0.0735438
-0.0365769
0.041768
0.00976427
-0.0281296
-0.0451891
0.0114031
0.0293071
0.0024383
0.0673306
-0.0513318
-0.0714921
-0.0816029
0.0488339
0.0144103
0.0154213
0.00187773
0.0125184
0.0338011
0.0767993
0.065466
0.00120932
0.0087836
-0.0502363
-0.0578577
-0.0218403
-0.00897137
-0.0586138
-0.035281
-0.0310251
0.0057193
-0.0676166
0.0703231
0.105669
0.175154
-0.0357394
0.014333
0.110973
0.134544
-0.034118
-0.235406
-0.00429599
-0.230611
-0.297383
0.168794
0.0710479
0.0908015
-0.15318
-0.0234614
0.328943
0.152242
0.170167
0.00786226
-0.147461
-0.0499968
-0.049219
0.1043
-0.104254
0.128393
0.0785081
0.157065
0.0541943
-0.0135222
-0.19374
-0.0252035
-0.0333505
0.256688
-0.211136
-0.219952
0.0508653
-0.043641
0.158827
-0.10855
-0.195041
-0.141002
-0.170344
-0.22228
0.106182
0.156348
0.0933976
-0.173462
0.126644
0.0493947
0.100856
-0.109835
-0.333115
-0.111153
0.127901
0.146162
0.00117902
0.0825321
0.183383
-0.534617
0.0539985
-0.0742776
0.196177
-0.184306
0.156245
0.0174953
0.0290523
0.0939408
0.262037
0.0303921
0.148582
0.164941
-0.196077
-0.13406
-0.187644
0.139162
0.250883
-0.141411
0.0972115
-0.181017
0.122481
-0.0015691
-0.242602
-0.137698
0.0620026
-0.00626058
-0.248377
0.0735594
0.0164344
-0.00394273
-0.162979
-0.0444685
-0.147174
0.226946
0.0794656
0.155981
0.0840564
-0.236791
-0.0372693
-0.139719
0.0223367
0.233684
-0.0458718
-0.238757
-0.327369
-0.137869
-0.249303
-0.0036672
-0.12005
0.121625
0.0143097
-0.0908442
-0.258849
-0.126729
0.0124165
-0.458092
-0.342864
0.175555
-0.117209
0.105313
-0.11818
0.16517
0.176045
0.114665
-0.00619085
-0.001801
0.239838
-0.0403353
0.0334653
-0.00881888
0.0438673
0.0756611
-0.071916
-0.0123477
0.0314178
2.19045e-05
-0.0252179
0.0129704
0.0555514
-0.0408847
0.0358665
-0.0860292
-0.0684177
-0.00495574
0.0814978
-0.000470581
0.0468237
-0.00776887
-0.01456
0.0637901
0.0264395
0.071685
0.0168656
0.0269527
0.0591354
-0.0191996
-0.0498452
-0.00263647
-0.0571063
0.0179205
0.0456
-0.0885985
0.0394692
-0.0176296
0.0652237
-0.0727041
0.042463
-0.0427874
0.00312357
0.0254403
0.0743
0.00904673
0.0647534
-0.0769511
-0.0525381
-0.0067259
0.0349931
0.0201987
-0.0541824
-0.0842233
0.04866
-0.0779176
-0.0288641
-0.0467954
0.0777358
-0.0265152
0.0777801
-0.0109171
-0.0576413
-0.0560553
-0.0178124
0.0857406
0.0172919
0.0450153
0.0845902
0.056845
-0.0150147
0.0638193
-0.0846802
-0.029487
-0.0889128
0.033518
-0.0162758
-0.0473875
0.0114597
0.00140141
0.0151157
0.0180225
-0.0605809
0.0127251
0.0183494
0.0173168
-0.0181362
0.0168734
-0.00377459
0.0130943
0.0694111
-0.0648026
0.0334141
-0.0681129
-0.0620057
0.0743749
0.0475591
0.0348814
0.00453548
0.0596574
0.0325477
0.035203
-0.05767
-0.0791781
0.03877
-0.0601952
-0.0863374
0.0144227
-0.0270063
-0.0683292
-0.0658314
0.0683078
0.0394715
-0.0531121
-0.0109079
0.0773826
0.00247377
-0.1215
-0.0624838
-0.0412559
-0.041352
-0.0094576
0.0542206
-0.0196045
-0.0868606
-0.0589631
0.0360961
0.0720193
0.0830751
0.037003
0.0617821
0.0333662
0.0262453
-0.0829157
0.0674327
0.0115907
-0.0812239
-0.0271673
0.0529976
0.0744488
0.0431619
0.0495266
0.0197656
0.0707093
-0.0240507
0.0657994
-0.0694572
0.0643213
0.0612038
0.077807
0.075635
0.0499891
-0.0351415
-0.0222879
0.0749879
-0.0841674
-0.0825751
-0.0197337
0.0106148
-0.0567867
0.0297848
-0.0293793
-0.068952
0.0325526
-0.0862712
-0.0251721
0.0743
-0.0608672
0.0711979
-0.00582584
-0.0723308
-0.0587786
-0.0816435
-0.0399156
0.0296128
0.0400855
-0.0467203
-0.0508508
-0.0892161
-0.0284058
0.080483
0.0104336
0.0566219
0.069366
-0.0550788
0.0489823
0.0279485
-0.0796042
0.0101371
-0.0178036
0.0356806
-0.0617805
0.0258642
-0.0078028
0.056324
-0.0687219
-0.0427422
-0.00639615
-0.0444193
-0.0532814
-0.0222683
0.012724
-0.00526329
-0.0735192
0.00446443
-0.0133893
-0.0377305
0.0470205
-0.0841104
0.0717048
-0.0244138
-0.0306246
-0.00590198
-0.0528073
0.0477364
-0.0785151
0.03032
0.0259619
0.0371807
0.0464789
-0.0552123
-0.0801196
0.0624144
0.0458788
-0.0901778
-0.0665235
0.000805637
-0.0148601
-0.0733863
-0.0835431
0.000275531
-0.00533557
-0.0287363
-0.0279792
-0.0334908
0.0296373
-0.0443975
0.0070219
-0.0670925
-0.0328086
-0.0162357
0.0653453
-0.0146746
0.0522674
-0.0724422
0.016194
0.0137336
0.050224
-0.0471013
-0.0649847
0.0298745
-0.0645194
-0.0829308
0.0127163
0.0727858
0.00242108
-0.024376
0.0676134
0.0734927
0.0063778
-0.0791121
0.0174157
-0.0710603
0.0743516
-0.0582951
-0.0495007
0.0769358
-0.0131678
-0.0266968
-0.00691819
-0.0219649
0.0691767
0.0487859
-0.0166042
0.0131084
0.0623863
0.073201
-0.0768851
0.0204102
0.0700839
-0.0197987
-0.0733201
-0.060889
0.0746874
-0.0034679
-0.0175054
-0.0573584
0.0418347
0.0578647
-0.00914702
0.0743482
-0.0276228
0.07437
-0.098531
-0.0222867
-0.0663085
0.0752688
-0.0335118
-0.00284419
0.0749956
-0.0673794
-0.0534287
-0.0447336
-0.109328
0.0555622
-0.102888
0.00175881
-0.00585523
0.0268669
-0.085005
0.0139472
-0.0242281
-0.0489318
0.00827843
-0.0489158
0.030773
-0.0477694
-0.0722969
0.0161682
0.0060026
0.0732775
0.0525767
0.0294844
-0.0522041
0.00467545
0.0431337
-0.0472906
-0.0733175
-0.0472268
0.00899325
0.041705
0.0516975
-0.0409236
-0.0568541
-0.0151216
-0.0254555
-0.0419137
0.0818994
0.048428
0.112561
-0.0864384
0.0390811
0.0554516
0.00564988
-0.0242289
0.0248243
0.030633
0.0552174
0.0765383
-0.0740267
0.0147947
-0.0248894
0.0650222
-0.0307264
0.0158525
0.0652722
0.0561066
-0.0383364
0.0447203
0.0481205
-0.0868129
0.0869521
-0.0542503
-0.0562623
-0.0542895
0.00187522
0.0619369
-0.047331
-0.0775904
0.00740814
0.0802762
-0.0744602
-0.0503846
-0.0594409
-0.0565921
-0.0566521
0.0125619
0.0407385
0.0154466
0.0489031
-0.0493542
0.06244
0.0831647
-0.00892875
0.0735843
-0.00647999
0.0589306
0.00406644
-0.00239749
0.00952534
-0.0167431
-0.0219726
0.00627487
0.0502828
0.0291249
0.041099
0.0257685
-0.0786729
-0.0304471
-0.0026238
-0.0647054
0.0441536
0.0327575
0.0603024
0.0430981
0.0557056
0.0994393
0.0558501
0.015916
0.00991124
0.0463569
-0.0191743
0.0201674
-0.0700181
0.0715961
-0.0490788
0.0767268
0.041429
0.0406676
0.000591705
0.0751543
-0.0906312
0.0258498
-0.00279189
0.0485777
-0.0820658
-0.0224246
-0.0149476
0.0838464
-0.0587344
0.00948816
-0.0732795
0.0447082
0.0401567
0.00927772
0.0052325
-0.0267599
-0.0295634
-0.0755555
-0.00772641
-0.0150115
-0.00647083
0.0745632
0.104289
-0.0567257
-0.0162733
-0.0821102
0.0422344
-0.0424203
-0.0754874
0.0275004
-0.0758686
-0.0615247
-0.0401175
-0.000489852
-0.0182298
-0.0693766
-0.044133
-0.0215748
-0.0371607
0.0595957
0.0414983
0.0148143
-0.00629849
0.0430305
0.0553187
-0.0298938
0.0116219
0.000166621
-0.0462345
-0.027731
-0.0808388
0.0388396
-0.0243397
0.0401943
0.0366776
0.0694992
0.0108402
-0.0697815
-0.00344647
0.0244921
-0.0205208
0.0761244
-0.0507408
-0.022453
0.0824699
0.0316669
0.0752368
-0.0912967
0.0660653
0.0880181
-0.012505
0.0311207
-0.0395882
-0.0741697
-0.0304753
0.066481
-0.0288452
0.0553467
-0.00265304
-0.0197989
0.0226264
-0.0446126
-0.064374
-0.00740381
0.0462339
0.036483
-0.0778328
0.00404346
0.0655432
0.0251389
-0.0518879
-0.0133313
0.0417653
-0.0845099
-0.0832958
0.0503252
0.0426952
-0.00743907
-0.0317716
0.0465154
0.00096405
0.0673349
-0.035048
0.0488966
0.0740389
-0.0142189
0.075194
0.112101
-0.0964603
0.0143431
-0.0526791
-0.0134438
-0.0101014
-0.0205773
0.0852168
0.039593
-0.0646108
-0.0479915
-0.0153481
-0.02072
-0.0335406
-0.047467
-0.053601
0.0922979
-0.0624818
-0.0556146
-0.0964385
0.0864187
0.0318506
0.0708633
0.0115667
-0.0150668
-0.0324786
0.0321219
0.0212048
-0.0506984
0.0627526
0.00960316
-0.0354193
-0.0827314
0.0304945
0.0450547
-0.0559515
0.0267463
0.00867038
0.0496175
0.0465897
-0.0391136
-0.0220471
-0.0274859
0.096818
0.00676363
0.0442779
-0.00655697
-0.0661535
-0.0781206
-0.010162
0.0179852
-0.0518386
0.00485943
0.0116845
-0.0647283
0.0335368
-0.0025678
-0.0968474
-0.0771807
-0.0134973
-0.00069047
0.0778538
-0.0577162
-0.0791489
-0.0329092
0.0300953
-0.0670591
0.0783723
-0.0537525
-0.0500713
-0.0684846
-0.0300769
-0.0205633
-0.0807947
-0.0650718
-0.0993561
0.0855737
-0.105565
-0.0131018
0.0789999
-0.0314441
-0.0645517
-0.0407921
0.0975538
-0.00131907
0.0508455
-0.0100757
0.00267104
-0.06519
-0.0784986
0.10523
0.10933
-0.0503659
-0.0473375
-0.0553351
0.0562634
-0.0145001
-0.0144589
0.0466511
-0.0196652
0.0474618
0.0970386
0.097258
0.0642264
-0.0351848
-0.080374
0.0409832
-0.0246573
-0.0594971
-0.06713
-0.0399652
-0.0976685
0.0358202
-0.0608336
-0.0595299
-0.0719929
-0.00649142
0.0455022
0.0635701
-0.00726636
-0.034267
-0.0135103
0.0763821
-0.0480913
-0.0756992
0.0710843
-0.0357365
-0.0716865
0.0682582
0.0656733
-0.0177054
0.0240732
0.0453621
0.0524558
0.0878401
0.0303756
-0.0439937
-0.0768239
-0.0419443
-0.00441092
0.055884
0.0274169
0.0377331
0.0385027
-0.0751258
0.0717094
-0.0442728
-0.0619304
0.109244
-0.0954832
0.077207
-0.0372155
0.0689116
-0.0813428
-0.0459999
0.0641868
-0.0545243
-0.042015
0.00865956
-0.00363176
0.0346927
-0.0419377
-0.0225977
-0.0368654
0.0575923
-0.0741433
-0.023172
0.00824483
-0.0472099
0.0263463
-0.0721603
0.0800121
0.0239059
0.0668115
0.0420501
-0.0705594
-0.030892
0.0409318
0.0860966
0.0102629
-0.0852118
-0.0969499
0.0551098
-0.0180155
-0.048386
-0.0241518
0.0187176
0.0584789
-0.0690263
0.0684482
0.0311882
0.0354589
-0.077899
-0.0623797
0.0387104
0.00808524
-0.021497
-0.0142771
0.0134582
0.0196052
-0.0433753
0.0563175
-0.0355824
0.0225903
0.0638222
-0.0644374
-0.0673674
0.0151148
-0.110956
-0.104239
-0.0490977
-0.0706208
-0.0559491
0.0369377
-0.0557863
0.0080656
-0.0598004
0.0401611
-0.0905517
0.0509544
0.054424
-0.0171301
0.0492019
-0.0155224
-0.01607
-0.0770975
-0.0415014
0.0157479
-0.0173968
-0.030045
-0.0559807
-0.0470907
0.0112049
-0.0312262
0.0159096
-0.06207
-0.00643716
0.0143651
0.0105268
-0.0633674
0.0119863
-0.0236485
0.0409543
-0.00599546
-0.0409654
0.0379168
-0.0761125
0.0311334
-0.103584
0.000753534
0.0205022
-0.100781
-0.0371323
0.0100395
0.0343894
-0.100885
-0.0178045
0.0598745
-0.0848852
0.0670355
0.0407964
-0.0193309
-0.0494561
-0.0766018
0.0929169
0.0862966
0.0412659
0.0596283
-0.0382032
-0.0641261
0.0819514
-0.00696216
-0.0365902
0.0712308
0.0947587
-0.0523202
-0.0884242
-0.0316625
0.0585349
-0.0258295
0.0370611
-0.0439654
-0.0831494
0.0359234
-0.0476716
-0.0294156
0.118389
0.0226418
-0.0383698
-0.112673
-0.00804775
0.0219593
0.101242
0.0389924
-0.0411489
-0.070157
0.0736476
0.0657402
-0.0183449
-0.0305341
0.0204733
-0.0427454
-0.0251096
-0.000408128
0.024205
0.13254
-0.0109373
-0.0119059
0.00970425
-0.0435374
0.0119712
-0.0811591
0.0228804
0.0722856
0.0944802
-0.115111
-0.0542227
0.0431601
-0.0230984
0.0422432
-0.000844199
-0.015775
0.00271348
-0.00475154
0.0956721
0.0877257
0.0794019
0.0161121
0.0514301
0.0656249
0.0214453
0.0662618
-0.0973413
0.0762753
-0.0496125
-0.0911835
0.0836592
0.0606056
-0.0130404
-0.0735428
0.0511734
-0.126922
-0.0586205
0.0446698
-0.00790674
-0.0611009
-0.0584687
0.0104972
0.0461813
0.112068
-0.0361449
0.0717802
-0.0559918
0.026304
-0.122575
-0.102849
-0.0587639
0.0178894
-0.0825009
0.0807431
-0.0206745
0.0409743
0.0694572
-0.0169012
0.114203
0.00378484
0.040071
0.0196198
-0.0959723
0.0768755
0.0611492
-0.019001
0.0621425
0.0528348
-0.0162006
-0.0187755
-0.0534246
-0.0343693
0.0496795
-0.0444106
-0.0395483
-0.0230547
-0.0573924
-0.0828964
0.00804995
0.0229669
0.0442833
0.0735221
0.0196158
-0.0417622
-0.0216447
0.0523187
-0.069035
-0.00633804
-0.0619518
-0.0782946
-0.0616724
-0.0810735
-0.0148901
-0.0740715
-0.0287916
-0.0214879
-0.079726
0.0444032
-0.0690519
-0.0239919
-0.00489718
-0.0446244
0.08602
-0.0648384
0.0290159
-0.0638381
-0.0719481
-0.0237953
0.0830116
-0.051408
0.0783292
0.0429551
0.00604005
0.0656982
0.0903212
-0.0827939
0.0528083
0.062598
-0.024479
0.00445978
0.0654665
-0.0190621
0.027022
-0.0719551
0.0499278
-0.0579168
0.0799469
-0.0180776
0.0685636
0.0575526
-0.067949
-0.0138556
-0.0462361
-0.0661056
-0.0519379
-0.0780272
0.0126342
0.0272437
-0.0711365
-0.00680904
-0.0106816
-0.00631958
-0.0434703
-0.0424387
-0.0473762
0.0750714
-0.0312392
-0.00367458
0.0413125
-0.0334353
-0.0324701
0.021158
-0.042485
0.056084
-0.0484109
0.0695126
0.0656111
0.0696964
-0.0476032
-0.00729437
-0.0742832
-0.0761318
0.0743048
-0.0021227
-0.0844998
-0.0875268
-0.0835454
0.0635452
0.0779742
-0.0200327
-0.0565361
0.0886514
0.0454503
-0.0452357
-0.0587241
0.0510175
-0.0894166
0.0521085
0.0391062
-0.0546661
-0.0212
-0.0165094
0.0783162
0.0519491
-0.0192788
-0.0320994
0.0176072
0.00581621
-0.0712609
-0.0445175
-0.00179781
0.0649898
0.0780864
0.0243232
-0.00118043
-0.0021854
-0.0300984
0.0665841
-0.016191
0.0397676
-0.074852
-0.0669718
0.022587
-0.0515796
0.0460087
0.0596906
-0.102297
-0.0446713
0.0608455
-0.0257277
0.0220424
-0.0177694
-0.0509374
-0.0489987
-0.061758
0.0170709
0.033294
0.043183
-0.0413688
0.089213
0.0448987
-0.0775114
-0.0737865
0.0364458
-0.0447363
-0.021773
0.0700238
0.0665056
-0.0796955
0.00398123
-0.0210447
0.0771216
0.0533581
-0.0548212
-0.0262287
0.0330993
-0.00608439
-0.0237364
0.0942913
0.0523523
0.023256
0.0763255
0.0308131
-0.00481982
-0.0643701
0.0103155
0.0523956
-0.0561638
0.0752222
-0.0263871
0.0759394
-0.0231337
-0.0152893
0.0872868
0.0297427
-0.0153857
-0.00905538
-0.0306738
0.0373482
0.0540146
-0.0817927
-0.0429984
-0.0233647
0.042571
0.0445239
0.0385247
0.059529
0.0872117
0.0625736
-0.0546346
0.0084875
0.0060628
-0.0449206
-0.0639138
0.0584205
-0.0546062
-0.0546243
0.0604702
0.0792537
0.0444804
-0.0803384
0.0315758
0.00955321
0.0567183
0.0860651
-0.0682292
-0.00574358
0.0368953
-0.0653824
0.0524744
-0.0309695
-0.0911695
0.0979969
0.0309827
-0.00311506
0.0993589
0.0710493
0.0767151
0.050241
0.039847
-0.00791292
-0.0185866
-0.0421032
0.0338429
-0.0160803
0.022931
0.0495197
0.0914563
0.0719356
-0.0124662
0.0633048
-0.0266462
0.093379
-0.0819752
0.0672656
0.0618546
0.0716082
0.0833319
-0.0763717
-0.0621343
-0.0528063
0.0201716
0.0339814
0.140723
0.090537
-0.142838
0.0190561
0.0301644
0.0234793
0.0992385
0.050045
0.0663574
-0.000417748
-0.0400427
-0.0923961
0.582637
0.61944
0.0616293
-0.0828311
-0.0809297
0.49335
0.0270618
0.188141
-0.107474
0.00252239
0.0293164
-0.00114977
0.0611775
0.0580073
0.132961
-0.136443
0.0956743
0.154749
0.0850848
-0.0143819
-0.54268
-0.112795
0.123458
-0.0183264
0.0274517
-0.518246
0.155074
-0.0506421
0.144333
-0.0460345
-0.866962
-0.0681708
-0.440559
0.0545216
-0.00704559
0.0340188
-0.699856
0.014476
-0.0331261
0.0242743
0.112811
-0.237399
-0.107104
-0.128414
-0.680627
0.0215889
-0.0640575
-0.0957089
0.0904695
0.0780768
0.0977873
0.310073
0.0981125
-0.18978
0.171779
-0.05003
0.0557213
0.115452
-0.0119702
-0.125538
0.0702295
0.26399
0.150416
-0.0650511
0.0571518
0.0280083
0.851207
-0.213816
0.140918
0.478038
0.18104
-0.0766554
0.0236897
0.0701631
0.0309783
-0.171919
0.20239
-0.0210563
0.255755
-0.0448051
0.221903
0.0481792
0.118695
0.0107713
0.00467271
-0.00144096
0.0605017
-0.427937
0.2688
-0.297963
-0.645281
-0.0228979
-0.140574
-0.117333
0.0807816
0.133845
-0.00196276
0.558844
-0.0806025
0.092232
-0.389273
-0.69519
0.0562331
-0.124375
-0.0492284
-0.0631928
-0.00563135
0.0600233
0.0380741
0.0411837
0.0461052
-0.0805948
0.0763047
-0.055191
-0.0314273
0.0204069
-0.0628039
0.0840562
0.0731192
0.034469
-0.000760479
0.0183348
-0.0217988
-0.0635515
0.0667566
0.00969902
0.0875715
0.00762679
0.0107034
0.0681704
-0.0473911
0.0592188
-0.0402332
0.0589994
-0.00959915
0.0078155
-0.0303956
0.0885555
-0.0556648
0.045338
-0.0566033
0.0724975
-0.0547463
0.0517591
-0.0292701
-0.0397646
-0.0967719
0.0393212
-0.0588012
0.0657672
-0.0143792
-0.0572082
-0.0399875
0.0125081
0.0624708
0.0356108
0.0384321
0.0103924
0.0366281
-0.0193071
0.0294099
-0.0656702
-0.0149768
-0.0789505
0.0238212
0.00857343
-0.0540777
-0.0425447
0.0551649
-0.0898797
0.106627
-0.016948
-0.00715605
0.0716348
-0.0763879
0.00994882
-0.0642323
0.0879145
-0.075363
0.0664755
-0.057886
0.00459994
-0.0105095
-0.0364212
-0.0508027
0.0712597
0.0128008
-0.0613724
0.0158807
-0.00676392
-0.0301883
-0.0172953
-0.0489598
-0.0314615
0.00774186
-0.0168087
0.067285
0.0586234
0.0113718
0.0752931
-0.0939947
0.0284437
0.0559443
-0.0611233
0.0176336
-0.0179167
0.0733712
-0.057286
0.0204838
0.0851413
0.055845
0.0236698
-0.053885
0.0583689
-0.0466361
-0.0767995
-0.0555697
-0.0952458
-0.0396874
0.0624941
-0.106897
0.0619045
0.0660924
-0.0663103
0.0832586
0.0914693
0.0271316
0.0536779
-0.0732675
-0.0324228
-0.0733994
-0.0792513
0.024344
0.0727391
-0.0343209
-0.0510586
-0.0445358
0.0666042
-0.0362408
-0.0424499
0.057918
-0.0778092
-0.0250673
0.0950106
0.00531102
0.0238124
0.108918
-0.289064
0.0733818
-0.0435306
0.0588086
0.034636
-0.246537
-0.13497
-0.201511
0.113804
0.306029
0.332053
-0.0982434
0.0691197
0.0840261
0.21527
0.0384129
0.0131922
-0.0129246
0.0498788
-0.00919636
-0.175566
-0.144048
-0.176117
0.240245
0.11427
0.196563
-0.164234
-0.192063
-0.0272755
0.14582
0.0735278
0.0739812
-0.025851
0.176059
-0.0319879
0.193301
0.104056
0.10447
0.0767093
-0.091702
0.209711
-0.334089
-0.104038
-0.20041
0.246977
-0.297472
0.046803
-0.0315015
0.258467
-0.285782
0.170272
0.0206069
-0.0750349
-0.256944
0.0288711
0.0674301
-0.00921501
0.186952
-0.0860617
0.235895
0.387796
0.13407
-0.0610827
-0.0971662
-0.0943215
0.085465
0.155707
-0.0538913
-0.0575234
0.182328
0.285644
0.100865
0.0764614
0.0844857
0.0855243
0.0657291
0.0453742
0.282999
-0.0987803
0.144292
0.0802849
0.0404565
-0.0606868
0.0674736
-0.181647
0.193102
-0.117885
0.0257455
0.147406
0.0500505
-0.252543
0.0407947
-0.104917
-0.166303
-0.110705
-0.0853425
-0.27027
-0.158731
-0.0345927
-0.315106
0.104228
0.1654
-0.107962
0.203584
-0.132721
-0.117741
0.268337
-0.126239
-0.0896288
-0.20338
-0.0127144
0.101074
0.243175
0.0198015
-0.139904
0.00298457
-0.10288
-0.0294202
-0.230826
0.286659
-0.29529
0.264831
-0.0768928
-0.0580802
-0.044761
-0.0629037
0.018953
0.0304828
0.0698821
0.00126235
0.0924517
-0.00772712
0.0085007
0.089055
-0.0672657
-0.0833106
0.0693621
-0.0273554
0.0958543
0.0341191
-0.0293239
-0.0252531
0.048711
0.0622801
-0.0424608
0.00169931
-0.0392096
0.0306017
-0.00280121
-0.0961304
-0.0340316
-0.0777806
-0.0699404
0.0103055
-0.045823
-0.0186121
-0.0481944
0.0165811
-0.0516408
0.0889951
0.0690364
0.0298644
0.0139422
0.0643937
-0.0672101
-0.0360444
-0.000758864
0.0348594
-0.0602477
-0.0501902
-0.0960799
-0.0274646
-0.0685403
-0.08219
0.0598713
-0.0377302
-0.077383
0.0785124
-0.0344553
0.00494774
-0.0090941
0.0492343
-0.0560264
0.0149523
0.0616893
-0.0842812
0.0231843
-0.062296
0.00436315
0.0221732
-0.0451757
-0.0641104
-0.0480852
-0.0356841
0.033154
0.000644151
-0.0496404
0.022816
-0.061068
-0.039709
0.0220226
-0.0690285
-0.0529628
-0.00891629
0.0466799
0.0314632
0.0340466
0.00605332
0.0255877
-0.073083
0.00812049
-0.0147457
-0.0100434
-0.0583943
0.00811074
0.108041
-0.0709671
-0.00649953
-0.0215379
0.0381826
0.0323903
0.0473163
-0.0635186
0.0532526
-0.000821375
0.00220087
0.00755875
0.0277231
0.00744132
-0.0527207
-0.0666384
-0.0902902
-0.0383009
0.0660296
0.0641001
-0.0394503
0.0894035
-0.0357424
-0.0131699
-0.029189
-0.0266439
-0.0748075
-0.0539987
-0.0263344
-0.0505795
-0.0547158
0.037843
-0.0975971
0.0220638
0.0214332
0.0193222
0.0589438
0.023316
-0.0549912
0.019653
0.0223725
0.0419633
-0.0179615
-0.0177215
0.00999857
0.0123906
0.0356281
0.0464555
-0.0338577
0.11707
-0.038245
0.00831511
0.0102436
-0.0593651
0.000897115
0.0888429
0.0762779
-0.0603002
-0.047816
-0.0576508
0.0212099
-0.0552578
0.0447566
0.0419163
-0.0313167
0.000684433
-0.00299529
-0.0512347
0.0372982
0.0838739
-0.0639295
-0.0774706
0.0106071
-0.0772136
0.0785707
0.0287816
0.00198808
-0.0279991
-0.0061145
-0.0647352
0.0324309
0.0196239
-0.0504098
-0.0174487
-0.0773409
0.0291593
-0.0231796
0.0201608
0.0502536
-0.0522159
-0.0597568
-0.073831
0.05335
0.0437403
-0.0193384
-0.0750179
0.0153445
-0.0378285
0.00283808
-0.0867097
-0.0316582
-0.0742852
-0.0554578
-0.0317105
-0.0595629
0.0515392
-0.0433711
0.0371874
-0.058926
-0.038818
0.0549558
-0.00349123
0.0317603
-0.0193011
0.0224402
0.0488122
0.0167457
-0.101002
-0.0855485
0.0188212
0.0384616
0.00110981
-0.0908485
-0.0999848
-0.0423139
0.0614571
-0.0140941
0.0323073
0.0864486
0.0617844
0.0178489
-0.0487804
0.0543864
0.0633759
0.098633
-0.0900019
-0.0727409
0.0367786
-0.0636626
-0.0369141
-0.0641382
-0.0230224
-0.0618489
0.0226973
-0.0352739
0.0232039
0.0686613
0.00417894
0.0255001
0.0238486
-0.0500811
-0.0341229
0.0189791
-0.0474641
0.0368887
-0.0210435
0.0590663
-0.00364341
0.0384192
-0.00352185
-0.105363
0.0148103
-0.0354484
0.0152829
0.0626849
0.0738482
0.0521748
-0.0441821
0.0152552
0.0429901
0.0365569
0.00999117
-0.109263
0.0170283
-0.0725673
0.0329136
-0.00392783
-0.0612635
0.028478
0.0634182
-0.0779719
-0.00785393
0.102338
-0.071646
-0.0134031
0.0683885
0.0865939
0.0606676
-0.047114
-0.0164714
-0.0128157
0.0133095
0.0703472
0.00191947
-0.0528065
0.0318693
0.0344415
-0.0365279
0.0229194
0.0531086
0.0728904
-0.0143108
-0.0803866
0.0409452
-0.113824
-0.0378683
-0.0752614
0.0301608
0.0126272
0.0247851
0.0487799
0.0676372
-0.0822783
-0.0101072
0.0233592
-0.0550878
-0.0343886
0.0154102
-0.044262
-0.0196239
-0.0498184
0.0549638
0.00292117
0.102312
-0.0384373
0.020054
-0.0317771
-0.0175127
-0.0242568
0.00924434
0.0117325
-0.0846898
0.0325746
-0.0705365
-0.0499451
0.0671245
-0.0310672
0.0573065
-0.0614736
0.00557123
-0.0574929
-0.0154934
0.0409785
0.042467
0.0428657
0.00889341
-0.00321522
-0.0343533
0.060256
0.0673043
-0.0681756
0.0189199
0.100841
-0.0941628
0.0913813
0.0775871
-0.0687705
0.106792
-0.0205501
0.00562548
0.0391821
-0.0502873
-0.0516031
0.0295056
0.0402433
0.0300587
0.0692024
-0.0227445
-0.0892399
-0.0378463
-0.00986206
-0.0458942
0.0566139
0.0355406
-0.0834726
0.0241935
0.0296195
-0.0843475
-0.0937552
0.0679436
0.000340294
0.0387629
-0.0361778
-0.0589061
-0.0193656
-0.0411042
0.050614
0.033533
-0.0131816
0.0699281
0.00165625
0.0254424
-0.0563867
-0.0553021
0.00319492
-0.00550672
-0.0523312
-0.0567022
-0.0764502
-0.0867519
0.00344923
-0.0782266
-0.0559679
-0.0598894
0.0302653
0.0640943
0.0616056
-0.0537935
-0.0566328
0.0916847
0.018095
-0.107183
-0.0565549
0.0306334
0.100897
0.0640425
-0.0170252
-0.032681
0.020735
0.0725245
-0.0228202
0.0671098
0.0231091
0.00666406
0.111833
-0.0439988
0.0191534
-0.0502324
-0.0633088
-0.00425162
0.0355495
-0.019201
0.0145634
-0.0586074
0.0567868
-0.0195456
-0.0178981
-0.0820763
-0.051345
-0.0181879
0.0602252
0.0111876
0.108054
-0.0452166
-0.00510577
-0.0575648
-0.0595684
0.0826859
0.00197628
-0.0527507
0.00990033
-0.028265
0.0385079
0.0664616
0.0909987
-0.0214583
-0.0527528
0.0644446
0.0480373
-0.00509746
-0.110703
0.00176489
-0.0228063
-0.0841882
-0.0762459
0.00549011
0.00659687
0.0712272
0.0944528
0.0312274
-0.0173939
0.0307769
-0.0501165
0.0176386
-0.0480777
-0.080586
-0.00917402
-0.0598382
-0.0780147
-0.0223662
0.0518766
-0.065668
0.000563334
-0.0470178
-0.111394
0.0872446
0.0584032
-0.0462033
-0.0803304
0.0792701
-0.0474874
-0.0490871
-0.0398074
0.0436372
-0.0228142
-0.0643444
0.0574209
-0.0822958
0.123325
-0.060002
-0.0321448
-0.0258544
-0.0191031
0.00408783
-0.0379017
-0.05141
0.0149729
0.0451369
0.040695
-0.0251361
-0.0404838
0.0466697
0.0126179
-0.0822152
0.0565405
-0.0126479
-0.0373428
0.0640101
0.0122562
-0.0518075
-0.0410378
0.0236315
0.0993905
-0.00461211
-0.104055
-0.0244672
-0.00620573
-0.0122635
0.112967
-0.0731219
0.0114656
-0.032
-0.0592184
0.0147398
0.0760042
-0.0122864
0.0234352
0.0435828
0.0500897
0.0842353
-0.0317961
0.0743213
0.0530499
-0.0385364
0.0371571
0.0217387
-0.0588391
0.0378006
0.0702993
-0.0448855
-0.0907828
0.0619867
0.0435487
0.0359219
0.0203965
-0.056497
0.0733216
0.0340517
0.0314929
-0.10737
0.0614338
0.0478612
0.0481689
-0.103545
-0.0671346
0.0242935
0.00226024
-0.106122
-0.0673469
-0.030043
-0.0863931
0.0067896
0.00257357
-0.0411411
-0.0643875
0.0447451
0.0396864
0.0498191
-0.0926314
-0.047406
0.0862083
0.0486785
-0.082271
-0.0656419
-0.0729198
-0.0177525
-0.0400022
0.0498659
0.0804051
0.0508948
0.00929496
0.0653448
-0.0427421
-0.0777404
-0.024177
-0.0369657
-0.0840141
-0.0157637
-0.0167602
-0.0475115
-0.0181353
-0.0677077
0.0610957
0.109253
-0.0321508
-0.0703289
-0.0663948
-0.0130747
-0.0440143
0.122432
0.0647819
-0.0639767
0.0842719
-0.101134
0.0578043
0.00773348
0.0354576
0.0156557
-0.0107575
-0.0369532
-0.0488965
-0.0711102
0.0779182
0.0352269
0.0358184
0.0898389
-0.0548543
0.0879259
0.00130772
0.0181402
0.0512644
0.0374471
0.0563693
0.0809886
-0.0667066
0.0176612
0.0787198
0.0561221
-0.0241582
-0.079988
-0.0147697
0.000389888
-0.0295028
-0.0480902
-0.0743576
-0.0655529
-0.0539538
-0.0701819
-0.0740544
0.0185221
0.0172664
0.0323857
0.0145227
-0.0535078
-0.0151257
-0.0601441
-0.0771682
-0.00453766
-0.00103866
0.057121
-0.081996
-0.0011425
0.0262417
0.0650597
-0.0480036
0.0566331
-0.078093
-0.023683
-0.0560939
-0.0179297
0.0531368
-0.0692112
-0.0839062
-0.0315327
-0.00923384
0.0438431
0.00224243
0.0595395
0.0732507
0.035827
0.0420842
0.00091665
0.0507628
0.0860849
-0.077187
-0.0791106
-0.0582712
-0.0616542
-0.0732176
0.07559
-0.00361458
0.0334191
-0.0161755
0.0675339
-0.00432066
-0.0519445
0.0845677
-0.0548473
-0.0815962
0.0347522
-0.0134738
0.051099
0.064367
-0.0106208
-0.00218558
-0.0296467
-0.016862
-0.0556447
0.0661153
-0.0755113
0.0308125
-0.00684351
0.0300964
0.0363163
-0.0500458
0.0338549
-0.0563832
0.00189338
0.0399336
-0.0716135
-0.0677108
0.0165824
-0.00469209
-0.0358074
0.0222731
0.0621943
0.0741937
-0.0563625
0.0310261
-0.0485776
-0.0420781
0.0477813
-0.0663726
-0.0426378
-0.0111811
0.00823248
0.0544921
-0.0432559
-0.00651511
0.00531859
0.0407574
-0.077211
-0.0704454
0.0759572
-0.0525085
-0.0629156
0.0234652
-0.0790313
0.0484888
-0.0416643
-0.0569108
0.0459545
-0.0766752
0.0795461
-0.0652536
-0.04175
0.0272525
0.000922733
-0.0304489
0.0617812
-0.0238631
0.00557354
-0.0291367
-0.0121288
0.0448867
0.0664698
-0.0598603
-0.0433249
-0.0174041
0.0651655
0.0779097
-0.044348
0.058915
-0.0926125
-0.0464496
-0.0223038
0.123203
0.00433955
-0.0500719
-0.0706887
-0.0310033
-0.0374689
-0.0225021
0.0132685
-0.0722087
-0.0472221
-0.00140527
-0.0023568
-0.0495486
0.0625902
-0.0368603
0.144905
0.050628
0.0016902
0.0706106
0.0486302
-0.0201694
0.0599224
0.088784
0.00579262
-0.079375
0.063131
0.0189156
0.0122212
-0.0362422
0.0424688
-0.00628756
-0.0355726
0.0309409
-0.0383286
-0.131789
-0.0918177
0.0132913
0.0112071
0.0906211
-0.0849182
-0.0614883
0.0775363
-0.0238598
0.0839943
-0.110458
0.0206262
-0.093057
0.101293
0.0430168
-0.0663865
-0.0122444
0.0138241
-0.0609177
0.0111722
0.103388
0.0325275
-0.0477787
0.0503779
-0.0736762
0.0695321
0.0423727
0.0720114
-0.0376661
-0.0125584
-0.0448231
-0.0194015
-0.0527803
-0.0103024
-0.0438539
0.049171
0.0237939
0.0367835
-0.0660267
-0.0589228
-0.0552979
-0.0180672
-0.0138706
-0.0336927
0.0106635
-0.0422496
-0.0845976
0.0435764
-0.0963087
-0.037522
0.0552995
-0.0427437
-0.085126
0.0855252
0.00523625
0.013365
0.0584556
0.0346498
-0.00227847
0.0526142
-0.0235903
0.0649461
0.0261857
0.0654849
0.0730863
-0.0283391
0.0749274
-0.0874508
0.0732856
-0.185537
-0.131538
-0.092698
0.0402182
-0.0168281
0.000799447
0.0522118
-0.000491497
0.0789076
-0.0586533
-0.0264611
-0.131852
0.0260018
0.0705715
-0.0775592
-0.0419013
0.00791567
-0.0131392
0.0772513
0.0899955
0.0766639
-0.0652618
0.0578203
-0.0519073
-0.0426096
0.0251884
0.0269646
-0.0795795
-0.0100184
0.0101403
0.0469438
0.0401749
-0.0337485
-0.00575422
0.062666
-0.00462659
0.0583647
-0.0534065
0.0468544
-0.0552752
0.00936412
-0.0252571
-0.0531629
-0.0605159
-0.0384675
0.0169112
0.00690076
0.0290473
-0.061085
0.0245686
0.0684064
0.0603809
-0.078117
-0.0485978
-0.053695
-0.0688796
-0.0502869
-0.0756807
0.0583939
0.0617345
0.0252061
-0.00976341
-0.0417308
-0.0356157
0.0970257
-0.0156077
-0.0157824
-0.0133764
-0.0282974
0.0149309
-0.0127146
0.0921116
-0.018278
0.0260423
-0.00899334
0.0610375
0.0685899
0.045393
-0.0126341
0.0631109
-0.0231699
-0.015996
-0.00497263
-0.00755285
0.0144451
-0.0515585
-0.030984
-0.00681375
0.0735298
0.0418557
0.0232728
-0.0847513
0.0519991
-0.077628
-0.0906305
0.0605407
0.0870976
-0.0807582
0.0277198
0.0145977
0.00287272
-0.0156549
0.0859522
-0.0540957
0.060841
0.00248921
0.029624
-0.0733875
-0.0294111
0.0796368
-0.0223346
-0.0240286
-0.0324233
-0.0553651
-0.0853668
0.0036634
-0.0741869
-0.0721753
-0.0620721
-0.000460545
-0.00632801
-0.0372157
-0.0371264
-0.0858625
-0.0252825
-0.0543136
0.0641184
-0.0846592
-0.0315879
0.0724383
-0.04173
0.00998317
0.029503
-0.0616358
-0.0199237
0.0177665
-0.0729792
-0.0830572
0.0662038
-0.00718964
0.00139924
0.0386336
-0.0559511
0.0191291
0.0319134
-0.018001
-0.0249111
0.000814814
0.0738126
0.089296
-0.00518209
-0.0518412
-0.0174011
-0.0107407
-0.0444524
0.000624907
0.0389207
-0.0557883
0.043312
0.061625
-0.0231861
-0.0173218
0.0583913
0.0723426
-0.0539362
0.0244841
0.0122822
-0.0649342
-0.0568383
-0.0766207
-0.0908136
-0.0520581
-0.084342
0.0193025
-0.0912772
0.0358774
-0.0909821
-0.0703735
-0.0725907
0.0321757
-0.00873473
0.0297659
0.0661652
-0.0873786
0.0371795
0.0416431
-0.0824568
-0.000463186
0.0697434
0.0810436
0.0241362
0.0685723
0.141012
-0.0664456
0.012663
-0.00591968
-0.0808757
0.152935
-0.0251801
0.0296621
-0.0986338
0.0230387
-0.0248377
0.0642247
-0.0385351
-0.059679
-0.0685279
-0.0489909
0.0435414
0.0674233
-0.00450172
0.0113693
-0.0451154
0.0299563
-0.0302372
-0.0441781
0.0309609
-0.0177918
-0.063867
-0.0212717
0.0227642
0.0762245
-0.0709849
-0.0255107
-0.0413993
0.0380265
0.0106474
0.0265579
-0.110405
0.0821485
0.0558348
0.0551953
0.0743086
-0.0329147
-0.018051
-0.0426579
-0.12585
-0.064987
-0.00596078
-0.054871
0.0872652
-0.104108
-0.0079259
-0.0997406
-0.00806267
0.036241
-0.0206454
-0.00847704
-0.016949
0.0223477
0.0313525
0.117296
0.0320784
0.0327152
0.0711242
-0.0820357
0.0533937
0.0431824
-0.0303892
0.0357025
-0.0566576
0.0736868
-0.11663
-0.00336457
-0.0343371
-0.00603386
-0.0790761
0.172839
0.149024
0.0176479
-0.0393564
0.0539223
-0.0486469
0.0643
-0.057697
0.0162298
0.0912785
-0.0799174
-0.00941951
0.0499433
0.0566665
0.0117464
0.0251613
0.0623508
0.0129401
-0.00281505
0.0945035
-0.075639
0.00841331
0.118901
-0.0379296
-0.0211716
-0.0618007
0.0968339
0.0654307
-0.0148783
0.0995248
0.0746184
-0.109693
-0.102325
-0.0157818
-0.0300142
-0.0156466
0.0548349
-0.0721873
0.0225916
0.0440432
-0.0447078
0.0223913
0.0114204
-0.0140501
-0.0847637
-0.0910115
-0.125929
0.0338791
0.077784
0.00360122
0.0748925
-0.0511644
0.0692011
-0.0374856
0.0559566
0.0803518
0.0199668
-0.0247641
-0.0904687
-0.0292946
0.0879278
0.0703713
-0.0357489
-0.0057668
-0.12972
-0.07117
0.0417071
-0.0273686
0.0664568
0.0426209
-0.025118
-0.0491739
0.0335529
-0.00216974
0.00437234
-0.0920714
-0.00105107
-0.0729222
-0.0515221
-0.170792
-0.0156914
-0.0486277
0.0528621
-0.033792
-0.0449584
0.0362149
-0.0190693
-0.0456107
0.0756409
-0.117627
0.00268318
0.041452
0.0859674
-0.0229123
0.0368305
-0.025307
-0.05667
-0.0957514
-0.0564367
-0.0119924
0.0687626
0.00920556
0.00640479
0.00184668
-0.0330549
0.0496855
0.110349
0.029624
-0.111492
0.0967319
-0.0506209
0.108092
0.113467
0.0314385
-0.035737
0.0427698
-0.0244913
0.0389651
-0.0320483
-0.0364152
0.0312246
0.0766585
-0.00145638
-0.0237239
0.00402904
0.124075
0.0662661
-0.0567576
0.0905174
-0.00196638
0.0264531
0.0952748
0.0603332
0.0766951
0.00376568
-0.0512587
0.0212946
0.0857527
-0.123449
-0.020206
0.0609637
-0.0724825
0.0053488
0.0724741
0.0499433
-0.00551761
-0.0851108
0.11568
-0.0477717
-0.00302019
0.0464405
0.053514
0.089505
0.0281003
0.0301668
0.0970691
-0.0779339
-0.0249924
0.00603396
-0.0247429
-0.0466168
0.0187551
0.0884395
-0.0764268
-0.0393936
0.011879
-0.0726109
-0.0455916
0.037251
-0.00143586
-0.0303245
0.0566519
-0.114078
-0.0647092
-0.0466846
-0.0400775
-0.0260689
-0.0206577
0.0825376
-0.00128852
0.0168697
0.0429629
-0.0198213
0.0823245
-0.000669425
-0.00514131
-0.0677321
0.069747
-0.00757926
-0.0628141
-0.0596497
0.0546945
-0.107632
0.0507478
-0.0341657
-0.0889671
0.00704924
0.00887182
0.0807308
0.0819688
-0.0210565
-0.0183403
-0.0827293
-0.0757548
0.042905
0.071445
0.0239842
-0.154423
-0.0356591
0.046734
-0.039322
-0.00388767
-0.0895843
0.0317878
-0.0340233
-0.0602809
0.0866491
0.0180373
0.00510175
0.00349521
-0.0265959
-0.00398559
0.037812
-0.0885461
-0.0876168
0.0203
-0.0809884
0.0737794
0.0294029
0.0190294
0.00554011
-0.00813179
-0.0339329
0.0882077
0.0834477
-0.0495016
-0.0183657
0.10859
0.0854014
0.0924805
0.0945805
-0.00251022
-0.0559766
-0.0232516
-0.0737061
0.111447
0.028698
-0.0310577
-0.0964959
-0.00839517
-0.0284927
0.0415452
0.0319889
0.0246921
0.0772741
-0.026545
-0.0101396
0.0496897
-0.0388312
0.00445362
-0.0665114
-0.0700722
-0.0723912
-0.0563468
0.0313356
0.0759085
0.00735028
-0.0560417
-0.0410834
0.04602
-0.078866
-0.0162625
-0.0676446
0.0258252
0.0372976
0.0676867
0.0696234
-0.00179175
0.0748586
-0.0218336
-0.0555443
-0.038458
-0.0756457
-0.0575793
-0.0711398
-0.0106434
-0.0327825
-0.00779206
-0.0350189
0.00368787
0.0443217
-0.0755017
0.0775654
-0.0668358
0.0681605
0.0618503
-0.0924169
0.018956
-0.0275378
0.102276
-0.0242028
-0.0183131
0.0207044
-0.0179777
0.0895485
-0.010603
-0.0697892
0.0552696
-0.0359032
0.0293337
-0.0721817
0.0132644
0.0448643
-0.0707967
0.153379
-0.044973
0.110442
-0.0926689
-0.0319809
-0.0332489
0.0477716
-0.0813237
-0.0636761
-0.0783549
-0.00791516
0.04609
0.0744622
0.0639352
-0.0155349
0.0316869
0.0152726
0.037811
0.0611226
-0.068383
-0.0210922
-0.122999
-0.0659397
-0.0445814
-0.0854478
-0.0359296
0.0448613
-0.0809598
0.0565785
0.0443422
-0.0278128
-0.0685052
-0.0757095
0.0213751
0.00683205
0.0601774
-0.0473648
0.113518
0.0590081
-0.0915058
-0.0207917
-0.0498679
-0.00462172
-0.0623994
-0.0526702
-0.0495495
-0.082125
-0.0462662
0.0320386
0.0565352
-0.0816237
0.0547888
0.014845
0.100685
-0.0768704
0.0121977
-0.0242745
0.0674435
0.0469719
0.194415
0.023075
0.0501996
0.0615374
0.00359015
-0.0587571
-0.0175328
-0.0293627
-0.0770723
0.064229
0.053126
0.177113
0.0600513
0.0300223
-0.0131489
0.0531594
0.058239
0.0737575
-0.0815298
0.0661666
-0.0011016
0.0335119
0.0450945
-0.0140976
0.127649
0.104848
0.0878895
0.137726
0.146771
-0.0129303
0.0773497
0.0148261
0.0532934
-0.00100177
-0.0621683
-0.0134873
-0.107461
0.149201
0.00492453
-0.127245
-0.172078
0.0875056
-0.159973
-0.0326066
-0.593491
0.0365601
-0.273767
-0.0553223
-0.0290365
-0.0461273
0.0486248
-0.0112233
0.0365848
0.0178085
-0.0222258
0.0105765
0.0712316
0.0145904
-0.02133
0.528051
-0.0438421
0.100151
-0.0877439
0.0550943
0.532787
-0.0562158
-0.134665
0.169835
-0.0719815
1.14315
0.0519042
0.577297
-0.064937
-0.0412502
0.137862
0.756158
-0.158562
-0.135692
0.109362
0.0227327
0.162125
0.0844312
-0.0494524
0.698053
0.0873959
-0.0913894
-0.113459
0.0659724
0.071864
0.182439
-0.521021
0.0417951
-0.00137789
-0.00720125
0.0219399
0.0414736
-0.321867
-0.0699356
0.0645087
0.0420288
-0.382156
0.101115
-0.0549289
-0.158223
0.146919
-0.505166
0.377452
0.0509946
-0.701996
0.0129916
-0.05676
-0.0287533
-0.0400023
-0.202445
0.0638939
0.0839962
-0.0636797
-0.299347
-0.0943633
0.0746488
-0.0593754
-0.00311912
-0.103209
0.107011
-0.0662419
0.158489
0.556454
-0.0822744
0.969054
0.776607
0.0322009
0.510622
-0.117446
0.181309
-0.0581726
-0.0941101
-0.74318
0.0397901
-0.0685298
0.420598
0.679733
0.142579
0.101809
0.00999583
-0.191572
0.158704
0.0321902
-0.00442721
0.0506382
0.0966676
-0.0988546
0.0611623
-0.0312682
-0.00937974
-0.0612188
0.0267467
-0.0149218
0.0179403
-0.0713804
0.0721051
-0.0725088
-0.0209647
0.0115339
0.0539354
0.0199355
-0.0143598
-0.037132
0.00113658
0.0735282
0.0363938
0.0333013
0.0132138
-0.0363153
-0.0738564
0.040709
-0.00147923
0.0484697
0.0479935
0.0311514
0.0566245
0.0207397
-0.0398834
0.00730028
0.0664562
-0.0754351
0.0773013
-0.00924308
0.0378234
-0.0253071
-0.00692453
0.0309391
-0.0581088
0.049323
-0.075704
0.0214799
0.0295534
-0.079637
-0.0192353
0.0251268
0.0434168
-0.058496
-0.00741936
-0.0832515
0.119715
-0.0263361
-0.00973555
0.055862
0.0277703
0.0254874
0.0522062
0.0625491
0.040176
0.0241999
0.0736767
0.08432
0.0251744
0.0714065
-0.0680628
0.0624785
-0.00538354
0.0710934
-0.0191464
-0.0761993
-0.0587631
0.0475537
-0.0131348
0.0707308
-0.0792929
-0.0658159
0.0644645
0.081872
-0.0419449
0.0146553
0.0382605
0.0274913
0.0536175
-0.0907836
-0.0718613
-0.0128725
-0.0240303
0.0810101
-0.0456662
0.00503337
-0.0308583
0.0487728
-0.0341566
-0.0523765
0.00127817
0.00669851
0.0592927
0.0802606
-0.0668205
0.0621658
-0.0534583
0.0522517
-0.00675402
0.00509256
0.0513622
-0.0309282
0.00736712
-0.0731693
-0.0662641
0.0251884
0.0141361
0.0158878
0.0647803
-0.0901625
-0.0491301
0.0637482
-0.0533412
0.0827224
-0.00292697
0.0535905
-0.0225423
-0.0363566
0.0880577
-0.0381762
0.058548
-0.0189178
-0.0312722
0.0396433
0.0880927
0.0531681
-0.00260883
-0.0498007
0.0803969
-0.0530452
0.0192366
0.0724233
-0.0146915
0.0621071
-0.0760132
0.0719415
-0.0304384
0.0500292
-0.0293583
0.0545998
0.0411331
0.0579499
-0.0620406
-0.0313868
-0.0468933
-0.0150238
-0.0739219
0.0137697
-0.0582226
-0.0174802
-0.0404736
-0.0781982
-0.00481784
-0.0723802
0.00395386
0.0725073
0.0443728
0.0063588
-0.0537102
-0.0454234
0.0450395
-0.0726475
0.0596349
-0.00168006
0.014347
0.0190869
0.0736428
0.0150767
-0.0246964
0.0429643
0.00028945
0.00904723
-0.0558266
0.022594
-0.0743696
-0.0238524
0.0526738
-0.0461349
0.0629062
0.0115316
0.0747546
0.0833848
-0.0162555
-0.0657302
0.0160963
-0.0833673
-0.0482188
-0.0575723
0.0558294
0.0301159
-0.0592697
0.0648587
0.0433391
-0.0731674
0.0778963
0.0203302
-0.0628858
0.0742128
-0.00795748
0.0135249
-0.0343685
-0.0719843
0.00951435
0.0899114
0.0144351
0.0799236
-0.0549819
0.0167747
-0.0728998
-0.0300612
-0.0108944
-0.00413996
-0.0075902
-0.0798011
0.0799464
-0.0032722
-0.0287085
-0.0347333
0.059958
0.0175641
0.0473388
-0.0349484
-0.0335975
0.0521643
0.00878928
0.0178191
-0.0868723
-0.0386489
0.0587789
0.0324599
0.0457034
-0.051762
0.0285423
-0.0663922
0.0304495
-0.0183504
-0.0121436
0.0440761
0.0579251
-0.0534253
0.0521039
-0.0857997
-0.0665595
-0.0543016
0.0508971
-0.07672
0.0106698
0.0549468
0.00208546
0.0100432
-0.0269658
0.0562127
-0.086075
0.0452208
0.0895993
0.0410443
-0.0881672
0.011833
-0.0620997
0.0281552
0.0091669
-0.0359653
-0.00145235
0.0329441
0.0948692
0.0378895
-0.0789861
0.13402
0.0436872
-0.0617403
-0.0378797
0.0157075
-0.0733825
-0.124842
0.0258376
0.0114861
-0.0286289
0.0313489
-0.0653137
-0.00680296
-0.040846
0.0857466
-0.137866
-0.123199
-0.110179
0.0919002
-0.062791
-0.0726606
-0.0659969
0.0349398
-0.0586838
0.025516
0.0683597
0.0273563
0.0523751
0.0133588
-0.111339
-0.0560409
-0.0344125
0.016493
-0.098046
0.0453588
-0.116958
0.057506
0.0650617
0.0884001
9.49393e-05
-0.109756
0.0627003
0.109604
0.144838
0.00156627
0.0750055
0.0720972
-0.0195217
-0.0842642
0.0198641
-0.163052
-0.0643499
-0.0310432
0.0504753
0.0508963
-0.123551
0.0286445
0.0829858
0.0775512
-0.037761
-0.0957365
-0.0208006
0.00684743
0.0747441
-0.0564548
-0.0512616
-0.0376915
-0.078347
-0.107026
0.0820706
-0.0194476
0.0318231
0.0807386
-0.0874031
-0.0179277
-0.127338
-0.0397344
0.159744
-0.092042
-0.0681465
0.117019
0.0733556
0.0185523
0.094073
0.0844143
0.0270532
0.0809334
0.0228222
0.133935
0.104648
-0.0179289
-0.0793655
0.0995513
0.0221667
-0.0907098
0.0595323
0.119142
0.0332526
0.0521235
0.0664935
0.0238842
-0.0715135
0.0998677
0.0298264
0.00985145
0.0804545
-0.0452509
-0.0908975
0.0600772
-0.0486861
0.107932
-0.000137854
0.0111169
0.0651739
0.0407181
-0.0552411
-0.0916619
0.0110232
-0.00286836
0.0243581
-0.0514565
0.0131873
-0.0900939
0.00758215
0.0908303
0.0211806
0.0146272
-0.0488333
-0.0573413
0.0535066
0.117533
0.0241219
-0.150456
-0.0532354
-0.000691675
-0.0160868
0.0520695
0.0837497
0.0722655
0.00915513
0.0222578
0.0680425
-0.00650839
0.0768285
-0.0710234
0.0162273
-0.0849491
0.13606
0.037478
0.0831567
0.0449114
0.0661851
0.0843299
-0.0138961
-0.0209584
-0.0400106
0.0961162
0.123191
0.00186464
0.100278
0.0147403
0.0304505
-0.0405621
0.144183
-0.0716886
-0.0558336
-0.0386139
0.0656473
-0.0348024
-0.0109327
-0.0152817
0.0829295
0.0947805
-0.0182187
0.0969279
-0.0829497
0.066175
0.0499886
0.0389708
-0.00791616
0.0619584
-0.0544728
0.0606731
0.076321
0.0385776
0.00927521
0.0303179
-0.0935573
-0.0772311
0.0979809
0.0237901
-0.0288218
-0.0366123
-0.0531281
0.0465595
0.0626325
-0.109639
-0.0156191
-0.0188397
0.00425793
-0.0140419
-0.0113737
0.0314908
0.0357475
0.0697778
-0.0733464
0.0275932
-0.0595012
-0.00757406
-0.0528313
0.0726898
-0.0256038
-0.0140715
0.0475418
0.114562
-0.0429296
-0.0293844
0.135295
0.0508816
0.0215881
-0.0870035
-0.0354941
0.0446573
-0.0132974
-0.170296
0.0244384
-0.0622981
0.0874764
0.0105225
0.0840407
-0.00245273
-0.0335
-0.0184537
-0.0714109
-0.0334553
0.0193923
-0.000317817
0.0561327
-0.0298227
-0.0702123
0.0463194
-0.0683833
-0.0725138
-0.0429716
-0.067799
-0.0310428
-0.0548913
0.00158956
0.0138708
0.0448976
-0.0481639
0.0219876
-0.0564984
-0.0627904
0.0797301
-0.0181609
0.00193389
0.0495359
0.0308405
0.0150713
0.0420968
0.0210763
0.0214468
0.0633169
0.0369528
0.010738
-0.0185354
0.0723977
-0.0382238
0.0999577
-0.0723603
0.0593317
0.0458732
-0.069658
-0.0591252
-0.0261219
0.0352113
-0.00768287
0.0738471
-0.0633348
-0.0434767
0.016709
-0.0501716
-0.0721022
-0.0367449
-0.0206168
0.0360336
0.0176615
-0.00532424
-0.0578823
0.0926442
-0.0507802
0.0185882
-0.0453651
-0.0897064
-0.0229764
-0.0158571
0.0795633
-0.0608383
0.0243964
-0.0745283
-0.0766728
0.0439615
-0.0587345
0.0217532
0.0359518
0.0771598
0.0166647
0.0363107
0.0740466
0.0783147
0.0822704
0.0632096
0.0517364
-0.0625233
-0.0811678
-0.0114917
0.0761114
0.0104165
0.0417252
0.0229859
-0.0261194
-0.0121193
0.038141
0.0639326
0.0630507
0.0576201
-0.0157702
0.0695196
0.0142234
0.0749121
0.0589329
0.00948557
0.0346187
0.0618824
0.0397994
-0.0462288
-0.0283323
-0.0962598
-0.0801459
0.00818934
-0.0731052
-0.00622612
-0.0555841
-0.0389302
0.0225022
-0.0432826
-0.0352065
-0.0309371
0.0182696
0.0489954
-0.0267633
-0.0106332
0.0636707
-0.0426061
-0.0981295
0.0448741
-0.0139932
-0.0700659
0.073488
0.0488866
0.0437508
0.0526117
-0.0510853
0.0298027
0.073325
-0.0384871
0.095999
0.0353737
0.0644545
0.035578
-0.0107689
0.086577
0.0702448
0.104801
0.0803712
0.0709992
0.0877776
0.0633821
-0.0293038
-0.0939238
-0.00379254
-0.0119869
-0.0332069
0.114558
0.0680226
-0.109065
-0.0748649
0.0370057
0.00921355
0.0508039
-0.0567446
-0.0833038
0.0389324
0.01867
0.0448354
-0.0816757
-0.00651962
0.0804991
0.0651612
-0.047748
-0.0775637
0.0705487
0.00248206
-0.0129131
-0.000572778
-0.0559706
0.0567873
-0.0278205
0.11358
0.0654441
0.0120758
0.033852
-0.0779238
0.00590047
-0.0876932
-0.0467532
-0.091816
-0.0704033
-0.121124
-0.000489242
-0.0138062
-0.0345604
-0.0727503
-0.0384484
0.0136979
-0.0876564
-0.0546759
-0.0608916
0.00615422
-0.0109848
-0.0152476
-0.0375868
-0.102036
0.0207839
-0.0108603
0.0154162
-0.0136516
0.00164643
0.0486266
-0.0515733
0.07285
-0.0598032
0.0205174
0.0808522
0.0410312
-0.0170468
0.0452981
0.0802247
0.0760724
-0.105401
0.0394563
0.0733237
0.00897293
0.0497314
-0.0179865
-0.03441
-0.0356845
-0.0010651
-0.0835423
0.0429745
0.0228788
-0.0402292
-0.0745606
-0.0344839
-0.0228663
0.0643015
-0.00657158
0.038497
-0.053056
-0.00814405
-0.0537912
-0.0345303
-0.10463
0.0461996
-0.121894
0.0827165
-0.0394634
0.0109705
0.0411683
0.167142
-0.0284932
0.0629092
-0.03369
-0.106002
-0.0155169
0.0262021
-0.03374
-0.0648531
0.00238592
-0.0857797
-0.0113822
-0.0637452
-0.0185698
0.0687022
-0.0212962
0.051371
0.059591
0.0181306
-0.0838473
-0.0377414
-0.0668695
0.0347532
0.0477332
0.0285232
0.0165803
0.0446116
-0.0269158
0.0832524
-0.0504501
0.0158842
-0.0602774
0.0389124
0.0725639
0.0277852
0.0632877
-0.0572698
-0.0389043
0.0451911
-0.0568586
0.0450083
-0.0496555
-0.0858639
-0.0321854
0.0708402
-0.0168176
0.03426
0.0891081
0.0239169
-0.0660224
-0.00583039
-0.0429807
-0.0131617
0.00446605
-0.023013
-0.0824998
0.0317341
0.0651258
-0.0164694
-0.0314986
0.0860532
-0.0287632
0.0324742
-0.0111604
0.078355
0.00110137
0.0696473
-0.00641651
-0.0168065
0.0118216
0.0633501
-0.0203581
0.0081433
0.0506636
0.0708856
0.0412765
-0.0762598
0.0434765
-0.0121741
-0.0314601
0.0122257
0.00397634
0.0892475
-0.0632019
0.0189369
-0.0401125
-0.0722455
0.00789975
0.0206309
0.0622105
-0.0431862
0.0680839
0.0607407
-0.0321405
0.0719965
-0.0174247
0.0282521
0.000333697
-0.0493172
-0.0185343
0.0145151
0.0390135
-0.0308967
0.0765391
-0.0104078
0.0160081
-0.041631
0.0379587
-0.0180391
-0.0563761
0.0404179
-0.0764045
-0.00642131
-0.0455553
-0.0126932
-0.0810795
0.0158988
-0.0813091
0.000777796
0.0770903
-0.0663515
-0.0139689
-0.0662044
-0.00498851
0.00307001
0.0259916
-0.0199671
-0.0314659
0.00889225
0.0825235
-0.0131407
-0.0595561
-0.0034775
-0.0167326
0.0197969
0.0506963
-0.0413693
0.0500045
0.0196263
-0.0848724
-0.0617325
-0.0423758
-0.0149194
-0.0635752
0.0656516
-0.0168273
-0.0779736
-0.0490562
-0.107706
0.0422665
-0.0668296
-0.0469091
0.0711152
-0.104653
0.0859008
-0.0146302
-0.0706071
0.0110841
-0.118322
0.110509
-0.02615
0.0483179
0.0915206
0.0578976
-0.0558722
0.0555764
-0.00264342
-0.0441302
-0.0383541
-0.00734781
-0.016993
0.0779793
0.0772005
0.0214731
-0.0561139
0.0859932
0.0587824
0.0109124
0.0364694
-0.00408462
0.0742092
-0.0746941
0.0819604
0.0486384
-0.0103557
-0.115156
0.00468587
-0.0760543
-0.0189826
0.0622715
-0.0204521
-0.0010113
0.0364981
-0.0741819
0.00326792
0.0510042
-0.0418771
0.0597965
0.0444575
0.0949456
0.0101274
0.0261609
0.0370985
-0.0707168
-0.0291987
-0.0455417
0.0212172
0.0452207
0.0898648
0.00770722
0.053944
-0.070319
-0.0486504
0.0604749
-0.0613605
-0.0445157
0.026495
-0.0462244
0.0604133
-0.0335462
0.0634506
0.0439418
0.00801742
0.048407
0.0438517
0.0243816
0.077411
0.0831489
0.00390759
-0.0524551
0.063254
0.0291196
0.0581684
-0.037152
0.0395427
0.0101565
-0.0476826
-0.100445
-0.0575454
-0.0170806
-0.0550446
0.025727
-0.0375626
-0.107787
0.0163598
0.0491546
-0.0582944
-0.0587961
-0.01701
-0.0363654
-0.0478687
0.0438372
-0.0827195
0.0131
0.0493811
-0.0589156
-0.0970731
-0.10947
0.0474634
0.012372
-0.0086776
-0.0242779
-0.0850181
-0.0222905
-0.0184778
-0.0886252
-0.0278023
-0.0387026
-0.00719289
-0.0352722
0.0438239
-7.87232e-05
0.0188405
-0.00248141
-0.0106397
-0.012031
0.0487118
0.075259
0.015727
-0.0209082
0.0453504
0.0370348
0.0556811
-0.0501016
0.0512885
0.0414053
-0.00661731
0.0489057
0.0374184
-0.0262827
-0.00759533
0.0877665
-0.0584042
0.0645591
0.0896208
0.0660555
0.0620373
-0.021709
-0.0323055
0.0650023
0.0528131
0.105566
0.0569559
-0.0429653
-0.0768442
0.0949917
-0.104522
-0.0349893
0.0250262
0.0845782
-0.0720757
-0.0604893
0.0449047
-0.0165908
-0.018358
-0.0572683
-0.0232424
0.0664542
-0.00127147
-0.0580786
-0.0755953
-0.0380702
0.0350758
-0.00302826
-0.0153624
-0.0757661
-0.0319389
-0.0520579
-0.0534427
-0.0508622
-0.0514978
-0.05412
0.0173733
-0.0879981
0.00921743
0.0495404
0.0553714
0.0273156
0.0243543
-0.0629629
-0.0930463
0.0340991
0.0775063
0.0201519
-0.00280014
0.0573707
-0.0403879
0.0114315
-0.0414275
-0.0537074
0.0233271
-0.0481302
-0.0807181
0.044257
0.0550062
-0.00564533
-0.0504722
0.00813243
-0.0810583
-0.0671415
-0.00874816
-0.0653574
-0.100915
0.0251966
-0.0586801
0.0324261
0.0352847
0.0728587
0.0558564
0.0082013
0.0383102
-0.0281024
-0.073398
0.0790499
-0.0480077
0.0361926
0.0142125
-0.0756139
-0.0513562
0.0816718
-0.0573284
0.0587911
-0.0598414
0.0146526
-0.0803605
0.0509272
-0.0213558
0.0161155
-0.0288703
0.047415
0.0376016
0.0342937
0.0753401
0.0550976
0.0247148
0.0527907
0.0688512
-0.0297755
-0.0658568
-0.0308682
-0.000661831
0.108318
-0.0998351
-0.0706397
-0.125366
-0.0214654
-0.129015
-0.0796386
-0.0188943
-0.0502976
0.0421599
-0.0918743
-0.00744133
-0.0660314
-0.072903
-0.037707
-0.0431642
-0.0694524
0.0507758
0.120419
-0.141496
0.000780084
0.0794383
-0.0433338
-0.0793205
0.108731
0.0275835
0.000203161
-0.00292161
0.106851
-0.0656557
0.126782
0.0108494
0.1535
-0.0734242
0.0897157
0.00873309
-0.094602
0.0109392
-0.0685526
0.0615519
-0.119446
-0.0451162
0.0741582
0.0515584
-0.0323062
0.0565948
-0.0164538
0.0892139
0.0551721
0.0860039
0.0504675
0.0760207
-0.0194066
-0.0630877
0.0281977
0.0225164
0.00588644
0.00293151
-0.137309
-0.0437911
0.0222941
0.100394
-0.0329174
0.0584756
0.0407984
0.101073
-0.0282595
-0.0439407
0.0430218
-0.0671163
-0.0352918
-0.00910319
-0.0656937
-0.0882427
-0.0466935
0.105805
0.0336547
0.0060883
-0.0525648
0.0583669
-0.0288609
-0.0369472
0.102716
0.0138717
-0.0830893
-0.0713195
-0.0546339
0.0174266
0.0350755
-0.120538
0.0331278
-0.113708
-0.142877
0.0133253
0.114634
-0.0640152
0.0585291
0.0780465
0.015883
0.0921732
-0.0737132
-0.0743891
0.0500484
0.0445067
0.0255975
-0.083461
0.0869479
0.038421
0.093327
0.0111797
-0.0898951
-0.0804551
-0.105337
0.0186483
0.00696452
0.0627818
-0.0277198
-0.105164
0.0912665
-0.0667531
-0.0989713
0.128625
-0.00638396
-0.104475
0.156865
0.009899
-0.063178
0.0323395
-0.06221
-0.00409248
0.0235497
0.00123757
0.0661417
-0.0203096
-0.0266066
0.0241423
0.0499087
0.0492647
0.0128559
-0.0121491
0.0390938
0.0314769
-0.054643
-0.0579639
-0.0350223
-0.0499949
-0.00537988
-0.0918257
0.0015716
0.0566003
0.0696146
0.0637684
0.0441258
-0.0676414
-0.00322441
0.0877137
0.0642528
-0.0666396
-0.00655624
-0.0781521
-0.0230257
0.0516028
0.0328571
-0.0299408
-0.0865287
0.0111682
0.0776064
0.0234772
-0.0641718
-0.0420388
-0.077458
0.031362
-0.0370873
-0.00684029
-0.0700525
-0.0541052
0.0336418
-0.0796778
-0.00519548
-0.0695143
-0.0237655
-0.0127565
-0.028303
0.0740717
0.0502404
0.0459617
-0.0938491
0.00238482
0.0861316
0.0339528
0.0692294
0.0224155
0.0229832
0.0636281
-0.00280789
0.00400015
0.0408586
0.0454985
0.0668526
-0.0249913
0.0714218
-0.0406743
0.00540547
-0.0104913
0.0265012
0.08685
-0.065858
-0.0274642
-0.0280466
0.0709945
-0.0233945
0.0624809
0.0051092
-0.0456708
-0.0178359
0.0273176
0.0393086
-0.0429624
0.0307954
0.00300391
-0.0324159
0.0359708
0.00367356
-0.0211219
0.0176502
-0.0660278
-0.0195914
-0.0257821
0.0296943
0.0104882
0.0388617
0.010352
0.0799875
0.0377138
0.0203898
0.042983
0.0586765
-0.0928467
-0.100767
0.0259248
-0.0474489
-0.0309274
-0.107554
0.0098571
-0.0446984
-0.0621419
0.0371077
-0.014397
0.0229293
-0.0219873
0.0748103
-0.00608163
0.026657
0.0188577
0.0714264
0.109438
0.0741198
-0.075657
-0.0125929
-0.113165
-0.0554901
-0.0439859
0.0461219
0.172748
-0.035239
-0.0866123
0.115217
-0.0529937
0.149673
-0.128457
0.0601232
0.269143
0.072637
-0.0207432
0.0883018
0.0348856
0.130031
-0.0506062
-0.00799752
0.105006
-0.00373521
0.0161405
0.0694702
0.0867846
-0.00478407
-0.0381969
-0.0834864
0.0429825
-0.0357001
-0.0670508
-0.138014
0.0653439
-0.0491741
0.0237471
-0.023215
-0.0593693
-0.0600421
-0.137107
-0.0389076
0.118668
-0.162295
-0.0200997
-0.11919
0.0486799
0.153279
0.0682276
-0.116354
-0.0842119
0.108033
-0.102506
-0.103449
-0.0913059
0.0202035
0.107035
0.0805015
-0.0827545
-0.0776542
-0.113999
-0.0377704
0.121973
0.0538871
0.0209462
0.0631826
-0.0183961
-0.0430414
0.0630805
-0.0401791
-0.000995269
-0.0680244
-0.0378525
-0.190144
0.0832433
-0.0140069
-0.0432175
0.0465958
-0.0836439
0.0203434
0.0483586
-0.066876
0.258782
0.0344716
0.022863
-0.0615263
0.106806
0.00426857
0.107108
0.109014
0.0425113
0.00195993
0.0741549
0.0348338
-0.010695
-0.0653827
0.0153073
0.0256079
0.00411508
-0.0732044
-0.059324
-0.0219094
-0.167885
-0.103586
0.0802657
-0.115842
-0.108967
0.0772482
-0.0960973
-0.07525
0.0333203
0.0182575
0.0040009
-0.18605
-0.145081
0.135693
-0.0539566
-0.0887193
-0.0463412
0.104396
0.101177
-0.0516133
0.00205256
-0.0253749
0.182203
0.0426154
-0.182879
-0.145152
0.162544
0.0419189
0.153089
0.0401489
-0.0648806
-0.126055
-0.149353
0.138439
0.0187884
0.0755853
-0.0510738
-0.00322759
0.0781031
-0.180794
-0.518861
-0.139879
-0.050362
-0.0897409
-0.276782
-0.18574
0.0539177
0.0296226
-0.146911
-0.00977201
-0.0852005
-0.0442327
-0.0546904
0.000203264
0.13179
0.0321145
-0.067496
-0.081574
0.0219075
0.355053
-0.0286859
-0.0199967
0.0830022
-0.0056219
0.413428
0.0199048
0.0303475
0.0748363
-0.00373678
0.189116
0.0581339
0.216003
-0.134573
-0.189916
0.046928
0.19489
0.000702992
0.108536
0.093234
-0.0916259
-0.00738562
0.0325538
-0.011344
-0.140771
-0.0395124
0.102624
-0.0428975
-0.0506468
-0.101344
-0.126812
-0.177499
0.0312166
-0.0571133
0.0339483
-0.0162607
-0.038097
-0.00429163
0.106814
-0.0031671
0.303558
-0.412034
-0.0293689
-0.100752
0.0346234
0.111233
-0.145336
-0.00327938
0.0556068
-0.422911
0.218497
-0.0302998
0.148069
-0.0116173
0.0179715
-0.111026
-0.0480642
0.0916129
0.0408072
0.0278984
0.00629078
0.0810543
0.105901
0.0993126
0.0674313
0.078763
0.176137
0.118995
0.0772879
0.416454
0.258642
-0.0390681
0.366765
-0.00331057
0.136666
-0.0483477
0.0407378
-0.184056
-0.020705
0.00736989
0.2972
0.168971
-0.0528974
0.147622
0.00705557
-0.0842491
-0.158526
-0.186279
-0.0515442
-0.130881
0.189601
-0.0466922
0.166107
0.0793605
0.057778
-0.0845553
0.0063891
0.0126081
0.0712457
-0.128901
-0.033914
-0.0961943
-0.119072
0.0346691
-0.00845031
0.0451412
-0.0182146
-0.108965
0.0550906
-0.0873437
-0.0383583
0.101564
0.0706381
0.0526934
-0.0450446
0.0254607
0.0458568
0.00719328
0.0242452
0.0892235
0.0945118
0.0444965
0.125209
-0.00420828
0.0525657
-0.00349165
-0.00462817
0.0160866
-0.0928324
0.00102365
0.0426795
0.0434797
0.0787888
-0.0116531
-0.0480877
-0.071491
-0.0803479
-0.0220665
0.096598
-0.0174327
0.00738008
0.0269243
-0.0411371
-0.0232
0.0786629
0.0465545
0.0416472
-0.0885
-0.0748384
0.00550849
-0.111785
-0.0470516
-0.0943154
-0.0758851
-0.0444613
-0.0428634
0.0740223
-0.00273633
-0.0349679
0.0714174
0.0532083
0.0583642
0.0247275
0.0162816
0.137012
-0.00952989
0.0611559
-0.0484875
-0.03476
0.045622
-0.0158242
0.0132734
-0.021571
-0.0594987
-0.0406322
0.0381171
0.115278
-0.0794881
-0.0308594
0.0419622
0.00368913
-0.00355205
-0.0126021
-0.112171
0.121299
0.0254086
-0.137814
0.00121565
0.0306528
-0.0205226
-0.0779045
-0.0859691
-0.11742
0.0265252
-0.00279293
0.0583998
0.0599739
-0.0440557
-0.0669983
0.00932191
-0.00411046
-0.100237
0.0418921
-0.0621325
0.0468474
-0.0744164
-0.0963514
0.00225672
-0.14473
0.00997585
-0.0261661
0.0282085
-0.00393032
-0.0522701
0.0713787
0.0862518
-0.00944154
-0.0353017
0.109781
0.0209974
0.00477121
-0.0339581
0.042201
-0.0506
0.0779481
0.052655
-0.0694695
-0.0365126
-0.0476447
-0.0268865
0.020835
-0.0516081
-0.083543
-0.000926915
-0.0326148
0.0023273
0.029596
-0.0348225
-0.00547158
0.0731084
-0.0511423
0.027606
-0.0701965
0.0496626
0.0482471
0.00364479
0.0384851
0.0839145
0.0446206
0.00482943
-0.0812624
0.0768562
0.039738
-0.0322544
-0.0310022
-0.0404106
-0.0632468
-0.0237054
0.0728019
0.0670589
0.0364336
0.0286312
-0.0714921
-0.0622391
-0.0551332
-0.0203335
0.0546647
0.059464
-0.00969004
0.0225911
0.0169076
0.0830826
0.0231283
0.075567
0.00585785
-0.0398295
0.0366223
-0.0218709
0.0782747
-0.0752352
0.0486997
0.0271582
0.0544017
0.0528382
0.0316894
0.054655
0.0605328
0.00696039
0.00642431
-0.0259588
0.0613186
0.0706131
-0.0397305
0.0783811
-0.0834807
-0.0489649
-0.0318564
-0.0293663
-0.0217973
-0.0372538
0.0544431
0.036325
-0.0536094
0.0267484
-0.0364687
-0.0400887
0.0340855
-0.0814497
-0.0444707
-0.0808447
0.0658579
-0.0728395
-0.0575508
0.0762937
-0.0687895
-0.0042982
0.01683
-0.00242485
0.0362966
0.0499648
0.0120193
-0.0486122
0.0697288
0.0280739
-0.0373146
-0.057085
-0.0124804
0.0253678
0.0677183
-0.00304534
0.0224109
0.012824
-0.0112327
0.0208047
-0.0187341
-0.0243379
0.007439
0.0592281
-0.0113204
-0.0339627
0.0798753
0.0344688
0.0796698
0.00787686
-0.0343605
0.0568606
0.0988917
-0.0347014
-0.0410705
-0.0871863
0.0122342
0.0238075
0.0788066
-0.0764451
0.0921624
-0.0814596
0.0765946
-0.0624903
-0.0809278
-0.0297182
-0.0784755
0.0456898
-0.0803064
-0.00712916
0.0766094
0.0732724
-0.00417104
0.119688
0.0286524
-0.0344847
0.0558468
0.0193971
0.0581397
0.0954158
-0.0751622
0.0511586
0.00373082
0.0451201
0.0921224
-0.106503
-0.0197082
-0.0155331
0.0543907
-0.0144497
-0.109612
-0.0803961
-0.0573049
0.00251364
0.0519139
-0.0927183
-0.0667387
0.0219888
-0.108037
0.0177885
0.0373687
0.064893
-0.0507339
0.0246203
-0.0185481
-0.00299951
-0.025231
0.106352
0.0335816
0.0657219
0.0489494
0.000981447
-0.0625147
-0.0287593
-0.00687449
0.0713215
-0.000632704
0.0713901
0.00518992
0.0161641
0.0500791
0.136027
0.112956
-0.109208
0.110918
-0.0162216
0.144276
0.0668309
-0.0706519
-0.0993325
0.0246768
-0.0245102
0.0228422
0.00373643
0.0808762
-0.0744812
0.0920583
0.0295373
-0.0255628
0.0789726
-0.0129952
-0.0559671
-0.0603853
0.0708783
0.112864
-0.116468
0.0550028
0.0200192
-0.0736828
0.0773208
0.00793259
-0.0644625
0.0125032
-0.104457
-0.0370473
-0.0286855
-0.0922882
-0.0914151
0.0830916
-0.104357
-0.0787565
0.0106056
0.0204224
-0.0148922
-0.0115165
0.0649608
-0.0554647
-0.110607
-0.137746
0.0868252
-0.0634356
-0.069919
-0.0510869
-0.0937017
0.0898768
0.0561232
-0.0461068
-0.00962545
0.085644
0.0426311
0.0631469
0.0555413
-0.0322392
-0.0482374
0.0420947
0.0742495
0.073749
0.00939107
0.0577197
0.0331962
-0.0260006
-0.120922
0.036556
0.0172243
-0.0134804
-0.000884583
-0.023674
-8.66964e-05
-0.122876
-0.126739
-0.0897672
0.0632582
0.0831903
0.0177867
-0.0865016
-0.0399137
-0.0627397
-0.111073
0.00703438
-0.042458
-0.0374223
-0.0818923
0.0746908
0.0440217
0.0535985
-0.0405504
-0.0256996
0.0537852
0.00677546
0.0553207
0.0815102
0.0663868
-0.0306904
-0.0531579
-0.0029238
-0.0194093
-0.00980566
0.0331318
-0.00717338
-0.023871
0.105483
0.0201679
-0.074112
-0.0177459
0.0279334
0.0629002
-0.0948212
0.0305475
0.034211
-0.0129836
0.0128727
-0.0285497
-0.0164362
-0.058457
-0.0758175
0.0530523
0.057439
-0.0217698
0.0173691
-0.0821689
0.0330376
0.077406
0.0919041
-0.0204784
-0.0608367
-0.0349293
0.0211001
0.0549164
0.0971823
0.0419943
-0.000950795
0.0889671
0.00640355
0.0646844
0.054698
0.0497619
0.00308159
-0.111233
-0.0688482
0.0669312
-0.0617869
-0.0884185
-0.0161387
0.036348
-0.00117781
0.0816147
-0.087274
0.0607725
-0.0641243
-0.0175332
-0.0597064
-0.0885542
-0.0128933
-0.0215511
0.0105332
0.043046
-0.0164
0.0624672
0.0689987
0.0577778
0.0970859
0.0837352
0.0229208
-0.071726
0.0381757
-0.139197
0.0691055
-0.102224
0.0710564
-0.0390746
0.0116008
0.0699811
0.0126081
-0.0186977
0.062718
-0.0898551
-0.0304896
0.0153748
0.121413
-0.00257211
0.00539421
-0.010187
-0.0427901
-0.0405428
-0.0444648
-0.0246284
-0.00929191
-0.0780033
-0.0528383
-0.0627026
0.0562138
0.0241956
0.00323596
-0.0350174
-0.0341185
-0.0624672
-0.0430451
-0.0598012
-0.0299433
-0.0837535
-0.0481815
-0.0406701
-0.0592902
-0.0131405
0.0522391
0.0554304
-0.0453381
0.0467943
0.0179876
0.0608964
0.0361709
0.0225112
-0.0349927
0.0427755
0.044464
-0.0842525
-0.0577978
-0.0119588
0.0633627
-0.0832741
-0.0156134
-0.033819
-0.0149689
0.0261167
-0.0568125
0.0264683
0.0992005
0.00485576
-0.0561109
-0.0696553
0.0819574
-0.0600993
0.0555427
0.0557744
0.0823173
0.0158167
-0.0712457
-0.0275774
0.0449975
8.05058e-05
-0.0275816
0.0879808
0.0571788
-0.0440239
-0.0868278
-0.0158209
-0.0768365
-0.0757758
0.0564076
-0.0447802
-0.0790403
0.0115979
0.0870977
0.0220126
0.0646171
0.0353462
0.0492098
0.0115135
0.0564503
-0.00615221
-0.0629292
-0.0807256
-0.0328382
-0.0441658
-0.0606224
-0.00717723
-0.0266998
0.0348716
-0.0383362
0.0856202
-0.0889937
-0.0612257
0.0771773
0.0766424
0.0487888
-0.0694278
-0.037027
-0.0155077
-0.02495
0.031282
0.0453661
-0.00445474
0.0483547
0.0468289
-0.0091377
0.0577214
-0.0149871
0.0844684
-0.00883976
0.0244527
0.0368156
-0.0275308
0.00528341
0.0652966
0.031868
0.046336
0.0335991
0.0251907
-0.0434818
0.0200641
-0.025637
0.00010969
-0.0139875
0.0319815
0.0649855
-0.0753834
-0.0736195
-0.0333223
0.0823774
-0.0495524
0.0578304
-0.0340017
-0.00109897
0.0662152
-0.0267396
-0.0155582
-0.0367863
0.0482139
-0.0308415
-0.0735501
-0.0114878
0.0442598
0.0620813
-0.0442896
-0.0621194
-0.0328104
0.0842007
-0.0898409
-0.0385002
-0.0114524
-0.0241159
-0.0296788
-0.0682416
-0.051877
-0.0462103
-0.0285131
0.00529787
-0.0268202
0.0315335
0.00220939
0.0214996
-0.027909
-0.102484
-0.0367686
-0.0510535
-0.0578479
-0.0864467
-0.0755865
-0.083298
0.0495968
-0.0477904
0.0191421
0.0724249
-0.0228256
0.0653668
-0.0706333
0.102905
0.00125602
-0.0202492
-0.0474822
-0.0420593
0.0369356
-0.0381283
0.0982416
0.00494443
-0.00142082
-0.0683736
-0.0452698
0.0781466
-0.0426241
-0.0589109
-0.0601414
-0.0622443
0.0549815
0.00177814
-0.00689859
-0.047921
-0.0511527
0.0742142
0.0336834
-0.07623
-0.00946463
-0.00893201
0.0316258
-0.00536536
0.0277108
0.0705884
-0.0195174
-0.0347616
-0.048778
-0.0847167
-0.0758335
-0.051834
0.0225576
0.0154476
-0.0553654
0.0604588
0.0635133
-0.022814
0.0715899
0.0715493
-0.0234583
-0.0144687
-0.0595034
0.0628996
-0.0794383
0.088197
0.0909184
0.0163162
0.0321139
0.0184217
0.0419673
0.0526642
0.0852152
0.0403185
-0.0802647
0.0560646
0.0124394
-0.0734785
0.0895993
0.0754675
-0.0544744
-0.0738245
0.0459911
0.103804
0.0188957
0.0699882
-0.00535911
-0.0443806
-0.0473803
0.00373658
-0.0214572
0.037784
-0.0520112
-0.0819358
0.082113
0.0903757
0.00977226
-0.0188709
0.0816054
-0.0601006
0.0376909
0.0180176
0.010073
0.024788
0.0483438
-0.0626158
-0.0211567
0.0108039
0.0266906
-0.0529897
-0.00800921
0.0678523
0.0760414
0.0337237
-0.0293161
0.0534975
0.0160141
-0.0687908
0.0921951
0.0206113
0.0623695
0.00418688
-0.019595
-0.0371051
0.0756944
-0.00862986
-0.0816697
0.0124191
-0.0365902
0.0342184
-0.0988688
-0.025918
-0.0684359
0.0568304
0.0652704
-0.0344468
0.0186819
-0.0926003
-0.0795656
-0.0783287
-0.049478
0.0136581
0.00420358
-0.0288211
-0.0226523
0.0177411
0.0457412
-0.00931805
-0.00989803
0.0492985
0.0368919
-0.0415397
0.0285367
0.0366728
-0.00922416
-0.0716139
0.00659938
-0.00603465
-0.0156721
-0.039892
-0.0302903
0.0710774
0.0100275
-0.00647318
0.062397
-0.0364907
-0.0888353
0.0459107
0.0409063
-0.0631296
0.0361951
-0.0341182
-0.0180818
-0.0391097
-0.0389274
0.0131193
0.00253172
0.0387983
0.0280207
-0.030636
0.0149502
-0.0285849
-0.0563164
0.0279359
0.0554889
0.0820509
-0.0284738
0.00217492
0.0720193
0.0412539
-0.0176147
0.0663674
-0.0943172
-0.0261304
-0.0988614
-0.0463419
-0.0427229
0.0259956
0.0069778
-0.0590178
0.0419411
0.0348088
-0.0529867
-0.00773784
-0.0527725
0.0231104
-0.0857699
0.0762261
-0.0338858
-0.011996
-0.0253231
-0.0896062
-0.0195247
-0.0310156
-0.00624606
-0.0410173
0.0584799
-0.0584011
0.0780625
0.0800256
0.0119869
-0.0358208
-0.0714286
0.070625
-0.0524545
-0.0185773
0.0676145
-0.00956302
0.000313978
-0.0883524
-0.0597926
0.0639151
-0.0801002
-0.0620131
-0.032251
0.00526649
0.055914
-0.0451029
0.0537804
-0.07391
-0.0436215
0.0252457
-0.0352013
0.0289508
0.0785992
-0.0777399
0.0119249
-0.0353541
-0.0734715
-0.0163879
0.0119911
-0.042587
0.0205738
-0.012732
0.0427117
-0.0901059
0.0283946
0.0642789
0.0459678
-0.0204943
0.0613779
0.079418
0.0462465
-0.0629538
-0.0355603
0.0357805
-0.0648663
0.0547939
-0.0497115
-0.0809166
-0.0845631
-0.0282396
0.00173742
-0.063093
0.0275117
-0.0862319
-0.0735261
-0.0482596
0.0598981
0.0569453
0.0420658
0.0960306
0.0365229
0.0954687
0.0149318
-0.0562496
-0.0664969
-0.0732171
0.0689753
-0.0130912
-0.0084285
0.0499922
0.0559827
0.0431956
0.0185299
-0.0255661
-0.0396094
0.0680883
0.0813997
-0.00513248
-0.0405883
-0.0296999
-0.0135481
-0.0664282
0.0672042
0.00887053
-0.0397356
-0.0848403
0.000708411
0.0453084
0.0541204
-0.0779634
0.0639354
0.0200584
-0.0409383
-0.0899628
0.00415733
0.0648157
-0.0448399
-0.0420142
0.0462974
-0.0677131
-0.0627024
0.0633543
-0.0718215
0.000135839
-0.00377833
-0.0151974
-0.0668648
-0.000563727
-0.0688027
0.0487714
-0.0618049
0.0530812
0.0579867
0.050537
0.018961
0.0222937
0.0414541
-0.0466394
-0.0237172
0.0102016
0.0210719
0.0413351
0.0548781
0.0012332
0.039795
-0.0630577
0.0110555
0.000618119
-0.0502904
0.0321401
0.0821401
0.0344829
-0.0214547
0.0442834
0.0343291
0.037014
0.0535248
-0.0682582
-0.0122267
-0.0670755
-0.0183365
0.0149853
-0.00984862
0.0798587
-0.036217
0.0163629
-0.126226
-0.0239405
0.0294264
-0.0600749
-0.148931
-0.00352333
-0.0689122
0.08461
0.0657887
-0.0421236
0.000346097
-0.0250268
0.0827089
-0.0826612
0.0359964
0.0152357
-0.0164031
0.0746353
-0.0529163
0.00777567
0.042361
0.0260455
-0.0236858
0.0498805
0.0435792
0.0322748
-0.0978362
-0.061707
-0.00787735
0.119959
0.0704418
0.0403894
0.0810713
0.0695344
-0.0846419
0.08579
-0.0642197
0.0129976
-0.0839839
-0.0184235
0.00187077
-0.033429
0.0267558
0.0912338
-0.0619129
0.0513216
0.083119
0.0247481
0.0278831
-0.0522255
-0.015151
-0.000701924
0.0771813
0.0585785
-0.0230589
0.0502824
0.0714845
0.0157672
-0.0400819
-0.0908146
-0.063785
-0.00727696
-0.0131241
0.0266003
-0.0215847
-0.0210706
0.0566668
0.0606237
-0.029666
-0.0294148
0.0219993
0.0575666
-0.0184906
-0.065513
0.0374319
0.0439757
-0.052582
0.0586133
-0.0135373
0.018111
0.0686858
-0.0692235
0.0159952
0.0826348
0.00888271
-0.0727719
0.0489396
-0.0834558
-0.0112338
0.101449
0.00114707
0.00475283
-0.0130233
0.00158134
0.0866085
-0.0529465
-0.120031
0.0459609
-0.0378561
0.119556
0.0463581
0.100665
-0.0261312
-0.072643
-0.0590295
0.0352205
-0.0702766
0.0732211
-0.0308074
0.0990614
0.0278043
-0.0248175
-0.107429
-0.01993
0.0598141
0.00168888
0.144522
0.0591834
0.0100565
0.0667883
-0.0757383
0.0799431
0.106195
-0.111422
0.108256
0.030005
0.0303166
0.0163239
-0.248454
-0.182973
-0.0708046
-0.0141657
-0.0534293
-0.161555
0.00419663
0.0421537
-0.0321377
0.0781965
-0.137671
-0.0234303
-0.0672932
-0.02757
0.140981
0.030272
-0.0571048
-0.121912
-0.0773088
0.249903
0.049297
-0.00721323
-0.0956945
0.0642472
0.14712
-0.168683
0.0659993
-0.049433
-0.158804
0.0289609
0.0384062
0.327633
0.0202129
-0.0392702
-0.0877828
-0.0456315
-0.0680294
0.0724004
-0.0499159
-0.171476
-0.106146
0.0681699
-0.0597563
0.131221
-0.0656832
0.0351405
0.0756657
-0.0315856
-0.200285
0.0859304
-0.144232
0.0964022
0.079412
0.0375712
-0.0496819
0.0466489
0.00972273
0.153184
0.163258
0.144698
-0.138287
-0.0465731
-0.0207517
0.0887121
0.0513045
-0.00860232
0.10317
0.0164329
-0.0167014
0.124932
0.0055074
0.0721972
-0.157461
-0.0549631
0.0435435
-0.0496819
-0.0384387
-0.277556
-0.0253981
-0.183494
0.0559885
-0.0717135
-0.126332
-0.107118
0.110636
0.0818115
0.0305264
-0.0738994
0.162369
0.346019
-0.0618534
0.127111
0.00867604
0.145415
-0.189496
-0.0867961
-0.116694
0.00525941
-0.0292617
0.104092
0.0407405
-0.101386
0.196052
-0.0213517
-0.0648171
-0.0156452
-0.104178
0.0327951
0.0224346
0.0224363
-0.0976584
0.0995003
0.00850386
0.08578
0.0761253
-0.0799098
-0.077227
-0.00822777
-0.0856831
-0.0825202
0.00585772
-0.00388748
-0.099414
0.0341372
-0.05062
0.00455892
-0.0478906
-0.0427661
-0.0551809
-0.00881444
-0.0367738
0.0406959
-0.0241914
0.0385748
0.0217832
0.08256
0.0449991
0.0125433
0.0778686
-0.0219646
0.0959754
-0.000436958
0.0118632
0.0237555
0.0292456
-0.0337292
0.0221909
0.0766272
0.0979868
0.0786581
0.0512349
-0.070875
0.0467275
-0.110595
-0.0740544
-0.0538132
0.0652116
0.073678
0.00189586
0.135243
0.076494
0.119645
0.0647462
0.157732
-0.108922
-0.0926883
-0.0924739
0.082248
-0.0837463
0.00648336
0.0728891
0.00944484
-0.011791
-0.0384646
0.0306287
-0.0704079
0.0833473
0.0124525
-0.0629871
-0.0247402
0.0147613
-0.0122072
-0.0100519
0.0813051
-0.075439
-0.000138531
-0.0463137
-0.12724
-0.0290395
0.0301995
0.0207888
-0.0839559
0.0585404
-0.168487
0.125806
-0.0385566
-0.130562
-0.0301732
-0.105089
0.0500926
0.0995505
0.0272693
0.0244364
-0.0807319
0.0747308
-0.101196
-0.049663
-0.0299529
-0.0345403
0.0849005
-0.0215197
-0.0663462
0.0230214
-0.0924596
0.113757
-0.0344797
0.0636329
0.108475
0.0808039
0.0107537
-0.036904
0.0668145
-0.0393373
-0.0614567
-0.0939243
-0.0607585
0.0791028
0.0867642
0.0666395
0.103996
0.0666238
0.0062975
0.00613234
-0.0219026
0.00169031
0.051121
-0.0380307
0.031256
0.101669
0.0118309
-0.0178057
-0.0261262
-0.0343325
0.0618631
0.00193123
-0.0179755
-0.0533519
-0.0279817
0.0246218
-0.000619611
-0.00832901
0.00810777
0.0139397
0.0272462
-0.116784
0.0339543
-0.000214269
0.0105769
0.0145037
0.00164254
-0.00386196
-0.00890877
0.00480164
-0.0412509
0.104281
0.018921
0.213895
0.00149804
0.0212564
-0.0241998
-0.0133906
0.0169258
-0.00398431
0.015305
-0.00786973
0.019402
0.0351445
0.00885736
-0.0171263
-0.151955
-0.0134641
-0.00254763
-0.0186906
-0.046979
-0.0156013
0.040325
-0.00380594
-0.0275763
0.00208179
-0.0204756
-0.0161876
-0.0311347
0.0165358
0.00108526
-0.0339228
0.00271213
-0.0043973
0.0121355
0.0153909
-0.0075
0.0165026
-0.0167281
0.0279429
-0.0392337
0.0511841
0.0281881
0.00443227
0.0608373
-0.0787719
0.0248705
0.264229
0.032547
-0.0359452
-0.0454338
0.0260282
0.0470695
0.00529421
-0.0545386
-0.494045
0.0345998
-0.00172791
0.00886376
-0.0323083
-0.101631
-0.0101513
0.059892
-0.00248
0.0383186
-0.626682
-0.06134
-0.611559
-0.0612051
-0.0690683
0.0279186
0.12173
-0.0153637
0.0336658
0.0936303
0.0083762
-0.0660287
-0.117307
-0.0864988
-0.0138153
0.607337
0.0385861
-0.00631141
-0.204172
0.056229
0.00989671
-0.0474871
0.0137207
0.0599398
0.0110142
0.198423
0.0521894
-0.164146
0.490354
0.100538
0.0134985
0.0492155
-0.00863686
-0.0576595
-0.0695286
0.013885
-0.00960047
0.0286061
0.22169
0.093598
-0.340071
