spz-net-v2
415 128 64
-0.122312
-0.0164182
-0.00913905
0.0210042
0.00240357
-0.0527892
0.0223776
0.0401946
0.0350486
-0.0282698
0.00305632
-0.00261462
0.0450309
0.0265858
0.0108114
0.0657868
-0.0969905
-0.0535798
0.0147492
0.0710284
-0.0315585
0.0621376
0.0616332
-0.0114703
-0.0392845
-0.0104835
0.0183725
0.00504841
-0.0625732
0.00916664
-0.0287905
0.00843176
-0.0316387
0.0392773
-0.0591818
-0.114826
-0.0559174
-0.0161836
0.0367241
-0.0136022
-0.0226027
0.0119277
-0.0381074
-0.0090396
-0.0049973
-0.0518591
0.0186618
0.00685331
0.00780562
-0.0376288
0.00487921
0.0455275
-0.0828604
-0.0446943
0.033167
-0.0346138
0.00806325
0.0138376
-0.0830072
-0.00736527
-0.0469786
0.00165707
-0.0460499
-0.00246623
-0.0145642
-0.0372461
-0.00882455
-0.0204563
-0.0265919
-0.0231049
-0.0114993
-0.0616234
0.0457065
-0.0106266
0.000743262
0.0728395
-0.0305275
0.0035117
-0.0322996
-0.00743975
0.0110634
0.00529085
0.0293187
0.0639813
0.003736
-0.0188956
0.00518281
0.0576346
0.0640173
-0.0925759
-0.0143262
-0.0487231
-0.00846616
-0.0460038
0.0245539
-0.0203624
-0.0317682
0.0459496
0.00236435
0.0037615
0.0854923
-0.0104802
-0.00720126
-0.018661
0.0251953
-0.0389245
-0.0249293
0.000396083
-0.0082822
0.0161823
0.0219162
0.0138153
0.00265925
0.0455928
-0.0523154
-0.0367502
-0.0291003
0.0465651
-0.0211779
-0.0045164
-0.0275033
-0.00555456
-0.0175694
0.0160755
0.0135102
0.0337367
0.00307339
0.0123048
0.00397717
0.0287822
0.0430031
-0.00147011
0.0392919
-0.0225778
-0.0135253
-0.0385408
-0.00638421
-0.0184962
-0.015918
-0.0409572
-0.0232308
0.0358798
-0.0257964
-0.032228
-0.0257362
-0.0293555
-0.0427988
-0.0350931
-0.0690654
0.0407797
-0.058204
0.0366184
-0.018834
0.0184477
0.0391684
0.0171677
0.00053284
0.0047981
0.0155032
-0.0340025
-0.0211645
-0.00858389
-0.0010841
-0.00861586
0.0775932
-0.0242174
-0.0488882
0.0195875
-0.0404038
0.0114768
0.0179731
0.0240785
0.0316759
-0.0467374
0.00262667
-0.0439854
-0.0370891
-0.0279412
0.00919091
-0.00257279
0.0149033
-0.00716764
0.0379908
0.0224457
0.0473324
0.00110105
-0.0073753
-0.0257815
-0.037833
-0.0132513
-0.0287442
-0.028443
-0.0162899
-0.0102413
0.0125279
0.0224185
0.026988
-0.0496065
-0.0307053
0.0269131
-0.0195528
-0.0485241
-0.030638
-0.0234289
-0.0221883
0.0283067
0.0421491
-0.0314541
-0.00942115
-0.0247803
-0.0213321
0.055145
-0.0272143
0.0342611
0.00248766
-0.0114702
-0.0498928
0.0399178
-0.0499649
0.00166585
-0.0481209
-0.0256732
-0.00949208
0.0277322
-0.0626138
0.00757457
-0.0244737
-0.0688685
-0.00230115
-0.028647
0.00923808
0.0242912
0.0329944
0.0408792
0.0154857
0.019097
0.0453037
-0.0315527
-0.0621712
0.0107067
0.0575597
-0.0632308
0.00501541
-0.0567232
0.0240051
0.0358084
0.033796
-0.0686759
0.0247241
0.0110938
0.032968
-0.00878486
-0.0288021
-0.0316215
-0.00701256
0.0657685
-0.0316308
0.0548274
-0.0499644
0.0097695
0.0564731
-0.0430186
0.0528017
0.0304052
-0.0304534
0.0467983
-0.0595858
0.0362533
-0.0340716
-0.0137772
-0.124195
-0.0163457
-0.0315597
-0.0523524
-0.00596134
0.0434759
0.0407911
-0.0493497
0.0344206
0.000437542
0.0381874
0.0524516
-0.0208407
0.007067
-0.0278802
0.00415615
3.02799e-05
0.0338093
0.0163538
0.0290796
0.0172438
-0.00661893
0.00561829
0.0377181
0.0475942
0.0281151
0.00763923
0.0251307
0.00664781
-0.0193744
0.0148425
0.0113023
-0.0486231
-0.0425195
-0.0738209
-0.0437209
-0.0120835
0.0391835
0.00680866
-0.0187722
0.0189446
-0.0527755
-0.000957771
0.0121387
-0.0371797
0.00488137
-0.00422343
0.00918838
-0.047985
0.0428968
-0.0409426
-0.0445327
0.0205445
0.00581593
-0.00168495
-0.0504378
-0.0140125
0.00751406
-0.0356353
0.0320564
0.00474125
-0.0224593
-0.0102203
-0.0228484
0.0451134
0.013225
-0.0268006
0.00702718
0.0407467
0.0475787
0.013074
-0.0408626
-0.0123334
0.0102976
0.0165628
0.0386966
0.043218
0.0288125
-0.0207838
0.0441821
-0.0236461
-0.0366901
0.0486886
-0.0220039
-0.007786
-0.0464196
-0.0346205
0.0170738
0.0254059
0.0168545
-0.0383995
-0.0350673
0.024375
0.0454942
0.0443748
-0.0463293
0.0179389
0.00760196
-0.0373113
0.0394798
0.0334027
0.034245
0.0339476
0.0364406
0.0411453
0.000431407
-0.0414386
0.0056729
0.0264105
-0.000718608
-0.0431202
-0.0507406
-0.0215238
0.00763263
0.0126605
0.0248503
-0.0358608
-0.0388847
-0.0270923
0.0291249
-0.00341381
-0.028395
0.0481241
-0.0456082
-0.0391132
-0.0364026
-0.0264544
-0.0196143
0.036476
-0.0276369
-0.0345781
0.00841296
0.0472764
-0.0491368
-0.0160759
-0.0219667
-0.0154632
-0.00784713
0.0052664
-0.0193044
-4.65647e-05
-0.037705
-0.0397936
0.0315327
0.0147396
-0.0927823
-0.0128961
0.0286769
0.0293434
-0.0121321
-0.059557
-0.036037
-0.0492328
-0.0339139
-0.0530765
-0.00125973
-0.0239373
-0.00441999
0.0736708
0.0445891
0.0117437
-0.0863966
-0.046096
-0.0190524
-0.011551
-0.00905699
0.0330456
0.00587374
-0.0161642
0.0213544
0.00169123
-0.0321119
0.0422746
0.0403276
-0.00904085
-0.00843535
-0.0343198
-0.00806317
0.0403057
-0.0533748
-0.0390447
-0.0406313
-0.0301603
-0.00924168
0.0378882
0.0157201
-5.55228e-05
0.00159686
-0.025884
0.00865448
0.00965105
0.0169636
-0.0705458
-0.0532591
-0.00481315
0.0468766
-0.0181794
-0.0187808
0.0171426
0.0419238
-0.0307118
0.00449155
-0.000413161
-0.0863155
0.0409318
0.0193389
0.0667869
0.0401705
-0.0341883
-0.00261539
-0.0286537
0.0406424
0.0207968
0.0106728
-0.0300573
-0.0112059
-0.020526
-0.0297299
0.0281921
-0.0336826
0.0503167
-0.00569756
-0.0260466
-0.00888606
-0.010829
0.00999379
0.0390821
0.00360744
0.0384349
-0.063471
0.0648408
0.00506522
0.0603565
0.00787036
-0.0350694
0.0256576
-0.0425116
0.0321356
0.0384787
0.0192455
-0.0855807
-0.0301041
-0.0475818
0.0285198
-0.0392598
0.0648803
-0.00371623
0.0514273
0.064602
0.000113754
-0.00902217
-0.0161977
0.0255833
-0.0214568
-0.0228399
0.0142833
0.0122354
-0.0202143
-0.02171
0.0373824
0.0540146
0.00308713
-0.028733
-0.0324739
-0.0301398
0.0454908
-0.00378099
0.0337198
0.0187791
-0.0144025
-0.057198
0.0284476
0.0365414
-0.0451272
0.0252408
-0.0131488
0.0456594
0.0236186
0.0781508
-0.027848
-0.0175066
-0.0410846
-0.0152379
0.0380009
0.0212535
0.0639757
0.0452716
0.000818055
-0.0390819
0.0431569
-0.0415714
-0.0550346
-0.0147101
-0.0564618
0.0189618
-0.0351619
-0.0350976
-0.0436635
-0.0506305
0.00851217
-0.0280013
0.029367
0.035833
-0.046423
-0.0187211
0.00940155
0.0299558
-0.0402867
-0.0290172
0.0217407
-0.0085471
0.017858
-0.0395774
-0.0433722
0.00830228
0.0147207
-0.0305731
0.0428219
-0.0200115
-0.0378484
0.0183629
0.018182
-0.0289182
-0.0239335
0.0276347
-0.0194166
-0.0265777
0.040486
-0.0294081
0.0197096
-0.0186202
-0.0469949
0.0127189
0.0240459
-0.0449467
-0.0139442
-0.0368745
0.0416074
0.0428416
0.0358037
0.045833
0.0449611
-0.0533376
0.0253036
0.0188154
-0.0181477
0.0290281
0.0348117
0.0241034
0.0228369
-0.0285176
0.0101867
0.0350157
-0.026562
0.0485294
-0.0404834
-0.0080122
0.00342522
0.00494722
-0.0259266
0.0636841
-0.027254
0.000677446
-0.00375957
-0.020817
0.0325111
0.0260493
-0.0386087
0.0148517
-0.0610177
-0.0194299
-0.0338689
-0.0542262
-0.0493546
-0.02496
-0.0694767
-0.0346918
-0.00752976
-0.00770379
-0.044102
0.0124012
-0.0490922
-0.0127629
-0.0315104
0.000781945
-0.0175507
-0.00717706
-0.0302145
-0.0421666
-0.00979695
0.0155078
-0.00245971
-0.0288544
-0.00574261
0.00443069
-0.000327717
-0.0248552
0.0417104
0.0202968
0.0300217
0.0181069
0.0408377
0.00289659
-0.01191
0.0181404
-0.0273414
0.0165777
-0.0174786
-0.0145188
0.0096551
0.0247559
0.00214766
-0.0218705
0.03777
0.0713982
-0.0812412
-0.0106636
0.0273663
-0.0420291
-0.0111364
0.0746971
-0.00881518
-0.0309322
0.0365835
-0.0207946
0.0298271
0.0759584
0.0511131
-0.0407142
-0.0404152
0.0147787
0.0348572
-0.00256266
0.0437919
0.00541919
0.0382957
0.0672556
-0.00318645
-0.0140383
0.0246929
0.00584514
0.0213771
0.0209031
-0.00336329
0.020398
0.0318046
0.0276044
-0.00463047
0.0228532
-0.0358514
-0.0336767
-0.0271279
0.0344616
-0.0284737
-0.0263841
-0.0320635
-0.0469455
-0.0592058
0.023263
-0.0473697
-0.0372125
-0.0122906
-0.0463432
-0.033462
-0.0489643
-0.0190267
0.025764
-0.00931929
-0.087758
-0.0269892
0.0198067
-0.0294638
-0.0260424
-0.00999644
-0.0226546
-0.0233668
-0.077052
0.0781864
0.0061797
0.0011777
-0.00261641
-0.00174873
-0.0234352
0.0432214
0.0425599
0.0224405
-0.00885977
0.0250726
0.0162802
-0.0188348
0.00351828
-0.0297561
0.042275
-0.0320799
0.0326903
0.0107972
-0.0388724
0.00813539
-0.0280817
0.0372772
-0.0206382
-0.0150835
0.00838986
0.0240684
-0.0226688
0.0310608
0.0242768
-0.0052743
0.00342084
0.0105843
0.015658
0.0389539
0.0451151
-0.00891283
-0.02387
0.00182174
-0.0208705
0.0286252
0.0202161
-0.0376577
0.0466944
-0.0443458
0.0214109
-0.047973
-0.00874416
-0.0258349
0.0060606
0.0147749
0.0105363
-0.0181181
0.00365656
-0.0282696
-0.00635255
0.0233322
0.0399437
-0.0120645
-0.0357258
-0.0361674
0.0445426
0.00881799
-0.0104316
0.0106418
0.0293112
-0.0250351
-0.0376718
-0.00930356
-0.0507075
0.0324947
0.0342414
0.0384274
-0.0170843
0.0043565
-0.0138748
-0.0398243
-0.0178455
0.00709915
0.0305751
0.0123132
0.0184946
-0.0206167
0.167332
-0.0197649
-0.0154446
0.03986
0.0120543
-0.0176256
0.016672
0.0382244
0.00783115
0.0423422
-0.0421919
-0.031877
0.0552798
-0.0597897
-0.000102051
-0.0489628
0.0345872
0.000408973
-0.0232076
0.0117517
0.035705
0.0323116
0.0247431
-0.0366955
-0.0224317
-0.00596357
-0.00198376
-0.0220961
0.0234178
0.0517031
-0.00947064
-0.0343885
-0.00487223
0.0810436
-0.0737962
0.0430813
-0.0606519
0.0508976
0.021633
0.0193702
-0.0142934
0.0324605
-0.0360179
0.0346167
0.0203705
-0.00306031
-0.00132357
0.0206871
-0.00287987
-0.0494763
0.0265744
0.00507091
0.00647002
0.0380745
-0.02723
-0.031494
0.0178554
0.0311344
0.0421348
-0.0483227
0.0644739
0.0103427
-0.0458278
-0.0137902
-0.0139187
0.0437457
0.0284912
-0.0179307
0.0140494
-0.00671182
-0.0228003
-0.022007
0.019039
0.00182008
-0.0385996
-0.0653902
0.0520749
-0.0138332
0.0334483
-0.0019153
-0.0303749
0.0231963
0.0329162
0.0794916
0.0240417
-0.00202739
-0.00555092
-0.0535394
-0.0397845
0.00696037
0.0291736
-0.0188276
-0.0205719
0.0226854
0.0159789
-0.0321
0.0225656
-0.047873
-0.0463158
0.018703
-0.0193216
0.00657489
0.0119807
0.0449937
0.0424417
0.0348173
0.0102316
-0.0321169
0.00407813
-0.0464858
-0.0312128
-0.00581912
-0.0204274
-0.0439679
0.0313893
0.0491465
0.0328999
0.0124972
0.0419692
-0.0212327
0.0170911
0.0194456
-0.0336351
0.0334058
-0.0020683
-0.0425539
0.0601649
0.0179194
0.0308919
-0.0357256
-0.0267141
-0.0648345
-0.0311482
-0.00489669
0.026704
-0.0114865
0.0140068
0.00707358
0.0231959
-0.00100737
0.0367492
-0.00467003
-0.0194336
-0.00966976
-0.00218016
0.0184432
0.0163753
-0.00494413
0.0409608
0.0349171
-0.0366121
-0.0424642
0.0231659
-0.0344611
-0.0457619
0.0181488
-0.0108509
-0.0277331
0.027625
-0.0422436
-0.028587
-0.0191173
-0.0471824
0.0483378
-0.0177323
0.0174802
-0.0145366
0.026398
0.0117452
-0.0324437
-0.00209618
0.0241105
-0.00995319
-0.0160082
-0.0283244
0.0231573
-0.0497789
0.0135853
0.0220542
-0.021412
0.018187
-0.0267116
-0.0365318
-0.0119006
0.041071
-0.0450576
-0.00843273
0.0172385
0.00204194
-0.0284397
-0.0247801
-0.0336461
-0.0179628
0.0357903
0.0340266
0.0449315
0.0183782
-0.0349095
-0.0373647
-0.00855512
0.0420971
0.0436521
-0.0460945
-0.0318161
-0.0268393
0.0390532
0.0246376
-0.0412814
-0.00902038
-0.0412222
-0.0257199
-0.00702457
0.0225009
0.0342201
-0.0105044
0.0240325
0.0118423
-0.0179192
-0.0391654
0.0212793
-0.000826091
0.0164413
-0.0440311
-0.00207697
0.00265834
0.0093051
-0.0168543
0.0626691
0.0443292
0.0108779
-0.00832126
-0.0366298
0.0231234
-0.0413037
0.0139804
-0.0268861
0.0104119
-0.0401724
-0.00670703
-0.0107957
0.0136169
-0.0475433
-0.00855866
0.0317632
0.0198353
-0.0248458
-0.0222142
0.0792993
0.0214928
-0.00920094
-0.0542074
0.0059666
-0.0144277
0.0156074
0.00853862
0.0301956
0.0431491
0.0388094
-0.0218493
-0.0203254
0.016252
0.060455
-0.04001
0.04115
0.00597502
0.0110395
0.00178591
0.0168529
-0.00112895
0.0159103
0.0145782
0.0319017
-0.0162154
-0.0411542
-0.0129363
-0.0639088
-0.00274004
-0.0536772
-0.0282423
0.0395895
-0.0618671
0.0402947
-0.0439455
-0.003502
0.0288887
0.0196237
0.0238673
0.00643458
0.00407103
-0.0239486
0.0292538
-0.0385115
0.0133407
-0.013659
0.029772
0.0299556
0.0251811
0.0181507
0.0116539
-0.0461671
-4.60011e-05
-0.0323346
0.0336449
0.0216523
0.00504658
-0.00191409
5.67322e-05
0.00489627
0.0318357
0.000134365
-0.0585373
0.00339651
0.00389188
0.0400175
0.0346329
0.0304449
-0.0116701
-0.00966024
-0.0239311
0.00490475
-0.0190865
-0.0392981
-0.0701602
-0.0155991
-0.032403
0.0318634
-0.0219623
0.0202944
-0.0103177
-0.0158954
-0.0402491
0.0148881
0.0750373
-0.00874168
0.0378811
-0.0197233
-0.0471975
0.00560101
-0.0194724
-0.0219587
-0.0202085
-0.0172401
0.0124174
-0.00860027
-0.00680146
0.00120559
-0.0199111
-0.00870085
-0.0194537
-0.00808945
-0.00253025
0.0251922
-0.0423671
0.00765573
-0.00882447
-0.0120477
0.0426314
-0.00450287
-0.00883365
-0.0140285
-0.0172189
-0.0260685
-0.033347
-0.0362455
0.0349113
0.035006
0.0173419
-0.000300292
-0.0253493
0.0244559
-0.0133581
0.038576
0.046631
-0.0438988
0.0175017
0.00881692
0.0107654
0.0152916
-0.00182687
0.0204122
-0.00651085
-0.0288712
0.0161189
-0.0101485
0.0211768
0.0463015
-0.0276236
-0.0233845
-0.000861203
-0.0462626
-0.0203483
-0.00202444
0.0274106
0.0304944
-0.00786537
-0.0110158
0.0284943
0.0105117
0.0124462
0.0394254
0.0553827
0.0356317
0.0357656
-0.0638321
-0.0276178
0.0253826
0.0271732
-0.00352491
-0.028577
-0.010109
0.0356291
-0.0393762
0.00318283
-0.0346284
-0.0482546
0.083754
-0.0502584
-0.00899222
0.0143727
0.0043704
-0.0394904
0.044544
0.0342912
0.0386377
-0.0244297
0.0287109
-0.0130935
-0.00424829
-0.0563152
-0.0706226
0.0279798
0.0716006
-0.0138186
-0.0512481
0.0167017
-0.0305781
0.0312622
0.0128755
0.029708
0.0179425
0.019355
-0.00638004
0.0280524
-0.0308398
-0.00674576
0.00097773
0.0146434
0.00229587
0.0248488
-0.122558
0.0679955
0.0343806
0.0776496
0.00730033
-0.0161269
0.0310628
-0.0594271
0.00532758
-0.0507314
0.0292358
-0.0249466
0.0124039
0.00688348
-0.023342
-0.00285492
-0.0320605
-0.0418796
0.0380162
-0.0423308
-0.0603374
0.0431444
0.0174709
0.0390063
0.012557
0.0233195
0.00478099
-0.0744499
-0.0412839
0.0400652
0.0192667
0.041171
0.0153849
0.00585791
0.00368671
-0.0670752
0.0581335
-0.00719653
-0.0169008
-0.025187
0.0148528
-0.0653155
-0.0107305
0.0414307
-0.0341681
0.0098697
0.00600547
0.00839256
-0.0306573
0.0164389
-0.0657239
0.0228506
-0.0424935
0.0184117
-0.0414728
-0.0195658
0.00182841
-0.0113393
-0.0117382
-0.0290329
-0.0115452
-0.0202261
-0.0147716
0.0403303
-0.00386533
0.0192606
0.00503586
0.0393508
-0.0380299
-0.0146349
-0.0310193
0.0127222
-0.0373608
-0.039474
-0.0244753
0.0411385
-0.0357391
-0.0261732
-0.00626408
-0.026713
0.00226156
-0.0391586
0.0389724
0.0114539
0.0413275
-0.032263
0.0534063
0.00727051
0.037107
0.0132796
0.0411299
-0.0176276
0.0703989
-0.00645104
0.0340268
-0.0478264
-0.0247109
0.0592112
-0.021722
-0.0184319
-0.00534866
0.0341563
-0.0323823
-0.00264296
0.0441951
0.0106557
-0.0105294
0.0392369
0.0411207
-3.23307e-05
0.0418524
-0.00412928
-0.0279059
-0.046312
0.00954836
-0.0212686
-0.0457737
0.0403045
-0.0264094
-0.0228203
-0.0104821
0.0110679
-0.0457598
0.0117468
0.0334256
-0.0157608
-0.045467
-0.0310457
0.0370385
0.044069
0.00107221
-0.0101254
0.0481654
-0.0313439
-0.0187693
-0.0400437
0.0328068
-0.0350818
0.0316176
-0.0261898
0.0196465
-0.0142181
-0.0446212
0.0461492
0.0179811
0.0238596
0.0357519
-0.0233367
0.0411501
-0.00677401
-0.0305884
-0.00401513
-0.0271635
-0.0121504
0.0154815
0.0415471
0.0128481
-0.0463622
-0.0263422
0.00709249
-0.0187657
-0.0544122
-0.0198084
-0.0314751
0.0126135
-0.0358706
-0.0271702
-0.0476914
-0.00596853
0.0425859
0.00686724
0.0345914
0.000567819
0.00743932
-0.00374755
0.0426167
-0.0201202
0.0317197
0.0235147
-0.0265447
0.0979676
-0.0385613
-0.00832062
0.0326309
-0.0226096
-0.0382509
0.0315858
-0.0328873
0.00658545
-0.0336116
0.043964
-0.0714399
-0.0468326
0.00913869
0.0411589
0.0426498
-0.0135477
-0.0411004
-0.00106393
-0.0148588
0.0102751
0.0472234
-0.00975056
0.01928
-0.00127178
-0.00164389
0.00439508
0.0343929
-0.00183602
0.0569852
0.00423177
-0.0624265
0.00982739
0.0988883
0.0510278
0.0136829
-0.0406558
0.0100173
0.0340242
-0.0135297
0.00626804
0.00740298
0.0488597
-0.00673487
0.0169644
-0.0393544
-0.0374818
0.0484333
0.0252417
-0.000318743
0.0171097
0.011628
0.0255619
-0.0128479
-0.0113173
0.0104054
-0.0280467
-0.0536886
-0.0131903
-0.0273556
-0.0268575
-0.0355192
-0.0595083
-0.0423703
0.0125316
0.0148214
0.0518401
0.0499339
0.00338436
0.0220187
0.0156338
-0.053501
0.0595813
-0.0125312
-0.07158
-0.025585
-0.0383151
-0.0308523
0.0424514
0.0132602
-0.0321053
-0.0179124
0.0524664
-0.0342618
-0.00970635
0.00904857
-8.44218e-05
-0.0644732
0.00341817
-0.0228821
0.00166939
-0.0436268
-0.0335738
0.0349432
0.0374109
-0.0190843
0.0279465
0.0475619
0.0138941
0.0227469
-0.0224619
0.0194117
0.0208448
0.00849477
-0.0112564
-0.0307247
-0.0758413
-0.0129591
-0.0393922
0.0123492
0.0264847
-0.0182765
-0.0359272
-0.00767248
0.0153255
-0.0385468
0.0242646
0.0362244
0.086805
-0.000263622
0.0246098
0.0331127
0.0365892
-0.0478582
-0.0424066
0.0106413
-0.0287228
-0.0352494
0.0382148
-0.0194572
0.0470657
-0.0227456
0.00950845
0.0132126
0.0429913
-0.0255459
-0.000477643
0.0311012
0.00297409
-0.00102572
-0.0051152
-0.0452778
0.0371437
0.00908013
0.0415558
-0.0299249
-0.0443606
0.0235731
-0.0426307
0.00579423
-0.00973258
-0.0420102
0.0266902
-0.0413972
0.028772
-0.0463224
0.0301369
0.0483313
-0.0361287
-0.0275612
0.0239936
0.0398636
0.0014394
-0.0349448
-0.00417373
0.0382766
-0.0152527
-0.0275837
-0.000239464
0.0126298
-0.0406593
0.0025513
-0.0418123
-0.0086208
-0.023074
0.0173951
-0.0113345
0.0103042
-0.0154042
-0.0460986
0.00494429
0.0339956
-0.0478441
0.00663145
0.0169408
-0.0307826
-0.000676563
0.00232146
-0.046239
-0.070427
0.00268918
-0.0215056
0.0287076
-0.0388357
-0.0455068
0.0401411
-0.0616357
0.010641
-0.0376925
-0.0282149
0.0364518
0.128453
0.0229362
-0.0135569
0.0385988
-0.0451312
-0.034771
-0.00554972
0.0340592
0.0308343
0.0206173
-0.0219525
0.0415687
0.155912
0.0432026
0.0651774
-0.0333721
-0.0604315
0.00127088
0.00344359
0.000707279
-0.0358736
-0.040206
0.0104665
0.00562711
0.0243523
-0.00811289
0.0265771
-0.0334516
-0.0475035
0.0403965
0.030432
0.0257475
0.0211229
0.00967512
-0.0107691
-0.165589
-0.0460111
0.00278207
-0.0219558
0.10747
-0.03097
0.0827865
-0.0168866
0.011807
0.0341625
-0.03564
-0.0494711
-0.0205194
0.00304121
-0.062508
-0.0254763
-0.0246777
-0.0494395
-0.0557593
-0.0229072
0.0101938
-0.0307657
-0.0111667
-0.0155113
-0.0710986
-0.0446835
0.003047
-0.0327728
0.00317388
0.025167
0.0617832
0.0169506
0.036623
-0.0194628
0.0343483
-0.0722584
-0.0572731
-0.00857872
-0.00598572
-0.0607538
0.00425154
-0.0465678
0.0481242
-0.0192907
-0.0307904
-0.00450703
-0.00353259
-0.0342697
0.0897828
0.0483042
0.0508484
0.0217338
-0.0294494
-0.0163934
0.0106202
-0.0183405
-0.0686039
0.0333605
-0.0425482
0.0371176
0.0244818
0.0459912
-0.00674447
0.031936
0.00606933
0.0186082
-0.0222255
-0.00840153
-0.0079613
-0.0322188
0.0503185
-0.0153639
0.017992
0.0184582
-0.0468325
0.0174112
-0.0261327
-0.037401
-0.0489716
0.0126576
-0.00624696
-0.0373766
-0.0439212
-0.0410826
0.0399871
0.0584991
0.0334878
0.0267325
-0.0213791
-0.0343819
-0.0176659
-0.0199118
-0.0136395
-0.0325477
0.0455533
-0.0240224
-0.0044384
-0.0598441
0.0213347
-0.0221363
-0.0112119
-0.04984
0.00658234
-0.0107994
-0.0580207
-0.0159457
-0.00176378
0.0166747
-0.0332712
0.0218558
0.0332354
-0.0685721
-0.00540567
0.0249063
0.0450635
-0.0455035
0.00997148
-0.0458044
0.00101457
0.0404093
0.00467327
0.054584
-0.0264279
-0.0313321
0.013658
-0.0209147
0.030695
0.0339716
-0.0368662
-0.0250905
-0.0278622
-0.0443557
-0.030034
-0.0404032
-0.0161222
0.0469884
-0.0378231
-0.0140992
-0.0212228
-0.0396468
-0.0171994
-0.00798393
0.0480692
-0.00623302
-0.00784645
0.0268088
0.0459462
-0.0154005
0.0441095
0.0371611
0.0136739
-0.00720461
-0.0496668
0.0331437
-0.0443103
0.011708
-0.0211156
0.018184
-0.0331064
0.0361349
-0.0216965
0.00760782
-0.0422515
0.0314554
0.00760994
-0.0404975
-0.0385029
-0.00597406
-0.0353954
0.00928906
-0.0164753
-0.0245211
0.0292637
-0.0283373
0.0184246
0.0120048
0.0288471
0.0328431
-0.0653226
0.0590134
-0.0401838
-0.0149255
-0.00528605
-0.00262583
-0.0311579
-0.013789
-0.0406427
0.0241823
0.0122474
-0.0665569
-0.0294279
-0.0297852
0.0163694
0.028083
-0.0490529
-0.0158197
-0.060234
0.0289269
0.0371782
-0.000480796
0.0573878
0.00629208
0.030679
0.0225376
-0.0356396
0.0425454
0.0416331
0.0129803
-0.0574099
-0.0375485
-0.0473616
-0.0142567
0.0744209
0.0359785
-0.0338952
-0.0152453
0.0666755
-0.0140851
0.0022493
-0.0144091
0.0615836
0.0161904
0.0849878
0.00439429
0.0012703
0.0385259
0.0682472
0.0228126
-0.0212505
0.0254503
-0.0349441
-0.00406682
0.0244532
-0.0112079
0.0355296
0.0108391
-0.041297
-0.0293198
0.0148594
0.0109798
0.000922643
-0.0763551
0.014337
0.0113946
-0.0489646
0.0159518
0.00666208
0.0658857
-0.0360317
-0.0403885
-0.0318864
-0.00500641
0.018845
-0.00165168
-0.00667251
-0.0479794
-0.0466845
0.0572203
0.0756537
0.0103092
0.0169486
0.0710176
-0.00870586
-0.0164799
-0.0476067
0.0571598
-0.00598014
-0.0239114
-0.0296334
0.031669
-0.0151448
0.0331491
0.0471126
-0.0399841
-0.0391155
0.0056009
0.0259559
0.0072861
-0.0591158
0.0327978
-0.0301323
-0.0417384
0.0305418
-0.023733
-0.025021
0.0157711
0.00387181
-0.0323351
0.0063347
0.0180744
-0.00429048
0.00219541
0.0500033
-0.0275548
-0.0444874
0.00138941
-0.0151313
0.0767659
-0.0410001
-0.00654593
-0.0354775
0.0418069
0.00157305
0.0191769
-0.0188477
-0.0127908
0.0243869
-0.0199502
-0.0151632
0.035353
-0.0440554
0.0436674
-0.0134864
-0.00144708
-0.0243548
-0.0177629
0.0279801
0.0462991
-0.0423912
-0.01144
-0.00551895
-0.013502
0.0484526
0.0465039
0.0371592
0.00661344
0.0222825
-0.0386036
0.00716972
-0.0328775
0.0226738
0.0469632
0.00474776
0.0397252
-0.035325
-0.00193537
-0.0557978
-0.00730131
-0.0381725
0.0288239
-0.0465565
-0.00758708
0.0426695
-0.0360233
-0.0365715
-0.040749
0.0291168
-0.0088362
0.00851454
-0.00521641
-0.00440711
0.0462914
0.0113714
-0.0322194
0.039045
-0.00978198
0.0327654
-0.0131524
-0.0264174
0.0484499
-0.0184262
0.0201784
-0.0234583
-0.037657
-0.00469473
-0.0169156
0.00278522
-0.00375105
-0.0314478
-0.0157599
0.0113719
0.00615399
0.0107563
0.0572752
-0.0360104
0.0328208
-0.00115593
0.0482723
-0.0280272
-0.00369178
0.0524119
-0.0508795
0.0147859
0.0144955
-0.0176653
-0.0356744
0.0130783
0.0560004
0.0123597
0.0474458
0.0202272
0.0474538
-0.0432596
-0.0763801
-0.0186071
0.0425771
-0.0362945
-0.0339716
0.0424465
0.00833875
-0.0442834
-0.00846733
-0.045186
0.00223435
0.0481606
0.0148388
-0.0465804
-0.0154255
0.00129134
0.0111262
0.0112689
0.0789658
0.00285264
-0.018487
-0.0790653
0.0978398
-0.0742733
0.109667
-0.0317181
0.00356826
-0.00370524
0.0059481
0.0337239
0.0251064
-0.00108187
0.0429826
0.0171073
0.0431108
0.042723
0.00303455
0.00258486
-0.0559986
0.0254559
0.023457
0.0250797
0.0203189
0.0245539
0.0215299
0.0112951
-0.0185034
0.0060233
0.0333204
-0.0227177
-0.0041771
0.00706924
0.0105888
-0.0359816
-0.00460176
0.00327294
-0.0394247
-0.00990204
-0.0378053
-0.0472509
0.0149798
0.00363397
0.0142179
-0.0230051
-0.0244194
-0.0377374
0.0212514
0.045413
0.000487004
0.0313516
-0.0328667
-0.00250675
-0.0532779
0.04374
-0.0299673
-0.0322874
-0.0280698
0.003483
-0.0145223
-0.0407899
-0.00836324
0.0289994
-0.0894091
-0.000850572
0.0276264
0.0226259
0.0288267
-0.0229398
0.0483563
-0.0111439
0.0110258
0.0322744
-0.00293405
-0.0381545
0.0124445
-0.0463759
-0.0568924
0.0405704
0.0339122
-0.0355
-0.0179839
0.0157893
0.00194479
0.00837152
0.0428606
0.0221945
-0.0338475
0.0649302
0.0537986
0.050475
-0.0299272
-0.007426
0.0458405
0.00761552
0.0431625
-0.0297693
-0.0288832
-0.0571797
-0.0189975
0.0131957
0.0444641
0.0520051
0.0401787
-0.044179
-0.0214677
0.0285248
-0.00096219
-0.0176383
-0.0111961
-0.0160096
0.0229614
0.00867033
0.02578
-0.00627142
-0.0157917
-0.00522492
0.03073
0.0419503
0.0203599
0.00448947
0.0126947
-0.0470354
-0.036067
-0.0487709
0.0182362
-0.0458722
0.0246341
0.0133177
0.0360444
0.0192742
0.0222513
0.0134465
0.0370548
-0.0180416
0.0381275
-0.047762
-0.0139469
0.036551
0.00973105
0.00206231
0.0156217
-0.0372998
0.036213
-0.0114115
0.0376269
0.049044
0.0164615
0.0255593
0.0262845
-0.0246396
-0.0406016
0.0167226
0.0331774
-0.0150527
0.0336136
0.0125617
0.0369326
-0.0481885
0.0288321
0.0294759
-0.0480025
-0.0314808
-0.0294508
0.0155435
-0.0227485
-0.0433897
-0.0262318
-0.0115545
0.00738266
0.00827762
0.0291908
-0.0117569
-0.0256257
-0.024016
-0.0188047
0.0352934
-0.0248956
0.0129325
0.0301832
0.026681
-0.048991
-0.0767741
-0.0313964
-0.0175885
0.0328724
-0.0278192
0.0129133
-0.0419995
0.00457248
-0.0119696
0.0210505
0.0098405
0.042954
0.0413539
-0.045334
-0.0399471
-0.0311706
0.0276114
-0.0130501
-0.0295251
-0.000210676
-0.034433
0.0465569
-0.0106936
-0.0092609
-0.00179566
-0.0248675
0.0157345
-0.0507805
-0.00896439
0.015975
0.00281998
0.0560287
0.0147093
0.0118204
0.0294008
0.029027
-0.00364618
-0.0548984
0.0341709
0.00938478
0.00598166
-0.0407275
0.00849616
0.030333
0.056861
0.0810424
0.0748734
0.00133907
0.00521857
0.0155309
-0.0199399
-0.0115846
-0.00955558
-0.0401139
0.0438856
0.000854294
0.0239336
-0.0222114
-0.0251856
0.0311841
-0.000739141
-0.0210863
-0.0254193
-0.0557268
-0.000406697
0.0431724
-0.0278847
0.0689926
-0.0876482
0.0394155
0.0482228
0.040983
0.00809151
-0.0673532
0.0402647
0.0137549
-0.00208239
0.0395459
0.0937247
-0.0460576
-0.000443934
0.0270486
-0.0120833
-0.0247936
0.0397423
0.0507612
-0.0644477
0.0929389
0.0645847
-0.000480913
0.0513873
-0.00233882
-0.0164867
-0.0301977
0.0193949
0.0841483
-0.049467
-0.00825685
-0.0849522
0.0259787
-0.0173
-0.00650676
-0.0753165
0.0207159
-0.04159
0.0232338
-0.0397855
-0.0314938
-0.0152269
-0.00905456
-0.010353
-0.0260776
-0.0122305
-0.0623562
0.0320819
0.0519042
0.0487115
-0.0447384
-0.0379823
-0.0475529
-0.0403643
0.00244764
0.00304555
-0.0294732
-0.0144139
0.00138292
0.0260698
0.0358662
-0.0380717
-0.0400323
-0.0506483
0.0105585
0.0230607
-0.0171557
0.016822
0.0304219
-0.0124108
0.0352075
0.0087188
-0.0483397
0.0259727
-0.0183591
-0.0330607
-0.0440391
-0.0212917
0.0106434
0.0416573
0.0151944
0.0452485
0.0319532
0.0128792
0.0162531
-0.0291537
-0.0301726
-0.0286372
0.0171514
0.00533827
0.0388163
-0.0434083
-0.0126073
-0.0381628
-0.013867
-0.0242028
0.0188056
0.0239482
-0.022029
-0.0163659
-0.0484828
-0.0438104
0.0317298
-0.0303633
0.0103035
-0.0200826
-0.00820254
0.0401282
-0.00896437
-0.0469101
-0.00508371
-0.0228864
-0.00856977
0.0244473
-0.0323222
-0.037156
-0.0250236
-0.00314815
-0.0248299
0.0789249
-0.00179999
-0.0283798
-0.0123736
-0.00676942
-0.0462431
-0.0113661
-0.0427606
0.00490101
-0.0222629
0.0301719
0.00225934
-0.0328352
0.0092275
-0.013835
-0.072534
-0.0495859
-0.0579075
0.0167
0.00412614
0.0866444
-0.0205634
0.0139953
0.045967
-0.0396799
0.0438787
0.0445726
0.0215086
0.0732915
0.0245425
0.0256148
-0.0618166
0.113929
-0.00382895
0.0136131
-0.0178895
0.0182218
0.0356821
-0.0275145
0.0321252
0.0212907
0.0795717
-0.0135992
-0.0544388
0.00824259
-0.043793
-0.0800078
0.0206752
-0.0186278
0.00140818
-0.125787
0.00443283
-0.108204
0.0418938
0.0110523
-0.0585981
0.0396378
-0.067631
-0.076951
-0.0226899
-0.0808682
-0.0545692
-0.056564
-0.0631048
-0.00299158
0.0469347
0.0587921
-0.00476947
-0.0474313
-0.152904
0.0392835
-0.0264912
0.000299031
-0.0536304
-0.00917243
-0.0174759
-0.0121503
0.0139085
0.0285336
0.0440107
-0.0130598
0.0366463
0.00319121
-0.0204103
-0.0183523
-0.0360562
-0.0113539
-0.0128256
-0.0154833
0.00881086
0.0188251
-0.00860459
-0.0267495
-0.0388195
0.0316652
0.00181372
-0.0225104
0.00668953
0.0371925
0.0327767
0.0178769
0.0159467
-0.0228431
0.0268847
0.0692812
0.0246566
0.0282388
-0.0121783
-0.0506001
0.0462056
0.0890847
0.0438841
0.0103239
0.0292728
-0.0290399
0.0223057
-0.0628925
0.0285166
0.05984
-0.0219921
0.0309682
-0.0104218
-0.00512309
-0.0320543
-0.00266776
0.0273932
0.017124
-0.0422754
-0.0479939
0.0439618
-0.0154966
-0.00227962
-0.0524044
0.0214562
-0.050526
-0.100458
-0.0459215
0.00294572
-0.0415861
0.0214404
0.0153521
-0.0589394
0.0212888
0.0322698
0.0468257
-0.105061
-0.0198402
-0.0591955
-0.0373302
-0.0917306
-0.0732296
0.033351
-0.0397738
0.0102684
-0.0357325
0.0037126
-0.0453582
0.0331544
0.0486426
-0.0349461
-0.0369492
0.0369235
-0.0229107
-0.0271597
0.036238
-0.00651883
-0.0163269
0.0467246
-0.036853
0.028997
0.00840461
0.0294711
-0.017497
0.0355374
0.0409939
-0.0159248
-0.0488393
-0.0098203
-0.0215118
0.0228811
-0.0189648
0.00915843
0.00599258
-0.0228842
0.00520228
-0.0318983
0.038478
0.0175613
0.0152628
-0.0279573
-0.0473779
0.0269486
-0.0132789
0.040042
0.012948
-0.0160104
-0.0457646
0.0267055
0.0115201
0.0205576
0.0380235
2.4773e-06
-0.0139134
0.0372968
0.0212788
-0.0486605
-0.00370959
0.0189062
0.00489829
-0.024784
-0.0482877
-0.0407423
-0.0436775
-0.00741125
0.00332486
-0.0158246
0.0396673
-0.0405856
-0.029142
0.0299635
0.0252224
0.0022521
-0.0310029
-0.031684
-0.013965
-0.0417191
-0.0185844
0.0100601
-0.0412081
-0.00123682
0.0222622
-0.0437077
-0.00532584
-0.022989
-0.00888812
0.00486267
0.0072444
0.0440726
-0.00484513
0.0191682
-0.0311964
-0.0613117
0.0414214
0.010148
-0.00861121
-0.0642407
-0.0749595
0.0386214
-0.00315723
0.0122621
-0.00108861
0.0312009
-0.00762465
-0.027679
-0.031954
-0.0174483
0.0210795
-0.045669
-0.0380489
0.0280288
-0.00308587
0.0195643
0.015769
0.0166059
0.0516596
-0.0425994
0.0349292
-0.0295241
-0.0175347
-0.000225863
-0.0376763
-0.0298671
-0.0051781
-0.0405909
0.0259661
0.00837935
0.0197606
0.017311
0.0321617
-0.0299096
0.0263778
0.043174
0.029671
0.045156
0.093134
0.0465955
0.0327187
0.0530164
-0.0286237
0.035754
0.0187287
0.00956951
-0.0306886
0.0201418
-0.00803137
0.0738716
-0.0504296
0.0290373
0.00787671
-0.0349368
-0.043033
-0.0423966
0.0220674
-0.0268729
-0.00437163
0.00655761
-0.000584369
-0.0521938
0.0987235
-0.00595303
-0.00933609
0.043583
0.0077454
0.050707
0.0449893
0.0241603
-0.0697399
-0.120811
-0.0270988
0.0061854
0.00768581
0.0408607
0.0401732
-0.0454241
-0.0759984
-0.0394274
0.00961412
0.136635
0.00910723
-0.0140257
-0.0430307
-0.00310995
-0.0339474
0.000302671
0.084441
0.0422719
0.0761318
0.00724935
0.0318158
-0.0428995
-0.038168
0.0178189
-0.00748598
-0.0217072
0.029474
0.0405119
0.00474547
-0.0462931
0.0243051
-0.0102789
0.030605
-0.00439196
0.0452038
0.0139228
0.0224881
-0.00203646
0.0326567
3.94688e-05
-0.0293993
0.0290852
-0.0203408
0.00112683
-0.0300007
-0.0426193
-0.0132625
-0.0335808
0.00194367
0.0455582
-0.0286445
0.00507761
-0.0232629
0.0448199
-0.00128316
3.40623e-05
-0.0473626
-0.0448242
-0.00829408
-0.0230595
0.038445
-0.0323386
-0.0425603
-0.0138888
-0.0316626
0.0280248
0.0138214
0.0152308
0.00746
-0.0406545
-0.0272309
-0.0133009
0.0268294
0.0406654
0.043718
-0.0414738
-0.0233991
-0.0218663
-0.0463935
-0.050919
0.0375374
-0.0439766
-0.0212695
0.0135396
0.0420626
0.0364559
0.0234101
0.0219213
-0.000413739
-0.0371203
0.0124504
-0.00549764
-0.0120863
0.0394996
0.0236724
-0.010755
-0.0337924
0.0108253
0.0519303
0.0306825
0.00322808
0.0277892
0.00218498
0.0196609
-0.0584148
0.0159369
-0.00301394
0.015418
-0.0402761
-0.0420827
-0.0218914
0.0276957
0.0461453
-0.00120451
-0.0292049
-0.0151157
0.00402308
-0.0438402
0.00120009
-0.0185178
-0.0224544
0.0417157
0.0226352
-0.0326094
0.00309306
-0.101016
-0.0536205
-0.0369796
0.0827918
-0.0300303
-0.00516036
-0.0382504
-0.0334098
0.0142421
-0.0196561
0.0191813
0.017988
-0.0627995
-0.0668047
0.02414
0.0676698
-0.0469284
-0.0444837
-0.046252
-0.0446204
0.0386172
-0.00469213
0.140157
0.0164729
-0.0139037
-0.0339515
-0.0685352
0.0394544
-0.0395111
-0.017849
-0.0224114
0.00304562
0.0246181
-0.0265959
0.0350082
0.0146196
0.00295884
-0.0332364
0.0381821
0.0777669
-0.0059891
0.0524439
0.0165913
0.0425587
0.00274651
-0.0220613
0.0339941
-0.0227193
-0.0499976
-0.0358536
-0.027875
0.0449468
0.0123995
0.0327272
-0.00139923
0.00223785
-0.00838525
-0.00333736
0.0350392
0.0650055
0.0647887
-0.0276486
-0.0394876
0.0228984
-0.0310901
0.0363037
-0.0139698
-0.0340495
0.00229041
-0.00481678
-0.0354694
-0.0704928
0.0413152
-0.052259
-0.00516623
0.0288032
0.053713
-0.0565857
-0.0182006
0.0445152
0.0218147
-0.0199378
0.0085031
0.0324191
0.0119751
0.0289792
-0.0139674
-0.0471632
0.0125188
-0.0655804
-0.045901
-0.00923968
-0.054923
-0.0124693
0.0168338
0.0343015
0.015721
0.0244205
-0.0309443
-0.0178626
0.0127269
0.0278449
0.0139469
0.0436772
-0.034757
0.0170319
-0.024616
-0.0333801
-0.00545924
-0.0305841
0.0382006
-0.0372395
0.00243174
0.0391201
-0.0120171
0.00302648
-0.00534497
0.0679875
0.0390751
-0.0255265
-0.0639902
0.0102674
0.00383767
0.0134778
-0.0255708
-0.034124
0.0321261
0.0219186
-0.0325501
0.00205588
-0.0211083
-0.00673176
-0.00555588
0.0657422
0.0285418
0.0318291
0.0129193
-0.00812837
-0.00313291
0.0217328
0.0253174
0.0385195
0.0125532
-0.0246834
0.0287007
-0.0170154
-0.0300264
-0.0254894
0.0457441
-0.0211012
0.0223023
0.0257078
-0.0239173
0.00345665
0.00822668
0.0466027
-0.000667143
0.0324697
-0.0479063
-0.0312026
0.0145191
-0.00504834
0.0202225
0.0145213
-0.0454398
-0.0432883
0.00915461
-0.015747
-0.0444233
0.00596345
-0.00239204
-0.0103885
0.0262913
0.0323485
0.0302349
0.0261292
-0.0176942
0.00109429
-0.00865052
-0.00586528
0.0233853
0.0297087
-0.0359328
-0.0525769
-0.0429962
0.0280662
-0.0352541
0.0104287
-0.0351924
-0.0374325
0.00476354
0.0400933
0.0382724
0.0176879
-0.00673784
0.021187
-0.0462232
0.0515053
0.0265818
-0.0347034
-0.0110661
-0.0232802
0.0171447
-0.0301877
0.00144481
-0.0291778
-0.0145388
0.0453201
0.0168331
-0.0338005
0.0455886
0.0531166
-0.0103208
0.0686477
0.0561964
-0.0146897
0.030403
0.011366
0.0214951
-0.00146199
0.0105787
0.0235276
0.0186916
0.00244109
0.0134667
0.0655638
0.0630969
-0.0377142
-0.0042809
0.00691551
0.0606927
-0.0486431
-0.0531927
-0.0364015
-0.0195625
0.0370113
-0.0532045
0.0155622
-0.0126267
-0.015786
-0.0448261
0.0444963
-0.0281298
0.0151282
-0.0540974
-0.00431687
-0.0406941
-0.0178102
-0.024085
-0.0476948
-0.019037
-0.0123292
-0.0113541
-0.0206489
0.018765
0.0507501
0.0159627
0.000934597
-0.0179352
-0.019035
-0.0367498
-0.0293417
-0.0483085
0.0643809
0.0436077
-0.00872876
-0.00517084
0.0110357
-0.00599499
0.0151868
-0.00978384
-0.0266447
0.0181827
0.0111853
0.03415
0.00914132
0.0213796
-0.0225946
-0.0238589
-0.00721925
0.0346904
-0.0101348
0.0055779
-0.0208709
-0.017614
0.00506938
-0.0249479
0.0182265
-0.087246
-0.0816673
-0.0227978
-0.0175067
-0.0258316
-0.052747
0.00120355
0.00267377
0.0164976
-0.0396828
-0.028639
0.0394326
-0.0261027
0.0240056
-0.0219572
-0.0213321
-0.0494415
0.0290314
0.0736631
0.0221518
0.0375919
0.0351428
0.0256669
-0.0242772
0.0337009
0.00888781
-0.0137477
-0.0065863
0.0209029
-0.0410818
-0.00579975
0.000336658
0.0525714
0.00297724
0.0484633
0.0474303
-0.0368324
-0.0319905
0.00321683
-0.0464366
0.00744358
0.0231908
-0.0300147
-0.00132241
-0.0433737
0.0151916
-0.0362093
-0.0417729
-0.0470152
-0.0444207
0.0304938
0.0162673
-0.0121868
0.0364719
0.0402401
-0.0241289
0.0284123
0.0167736
0.0125937
0.0247035
0.0429267
0.0154176
0.0136115
0.0227291
-0.0369846
0.0368341
-0.0432419
0.0331322
-0.0138178
0.0264498
0.0307682
-0.00214519
-0.00285402
0.0368882
0.0268777
0.0423246
-0.0219592
-0.0212432
0.0315087
-0.0420162
0.0546867
-0.00156781
0.0237357
0.00892033
-0.0337911
-0.0336203
-0.0332141
-0.0134769
-0.0490694
-0.00975037
-0.0244227
-0.0151451
0.00300578
0.0117356
0.0138173
-0.00509736
0.0162277
0.0311392
0.0120368
-0.0706726
0.0279897
0.0411256
0.00988886
0.0445721
-0.00828217
-0.0157454
0.0263024
-0.0461868
-0.0337747
-0.00729809
0.0343936
-0.0451805
0.044203
0.0115154
-0.0930739
0.00485859
0.0554552
-0.0486836
-0.0106951
0.0370424
-0.00661679
-0.0441659
0.0168877
-0.0148485
0.0122212
0.0177023
-0.202422
-0.108839
-0.119293
0.0458367
0.000438974
0.00190415
0.0568949
-0.0268604
-0.0297651
-0.0277648
-0.0229037
-0.00303036
-0.0424002
-0.0370484
-0.0203212
0.015298
0.020688
-0.0613992
0.00635177
-0.0110921
-0.0457627
-0.0181593
-0.0569595
0.168084
0.140822
0.0731127
0.0221524
-0.13103
-0.0164166
-0.103024
0.0461052
-0.0527454
-0.0716126
0.0575393
0.0515442
-0.0649842
-0.0220812
0.0745889
0.005648
-0.0160138
0.0398968
-0.017542
0.0314764
-0.0174746
0.0195683
-0.00478157
0.0204276
-0.0315766
-0.01052
-0.0593395
-0.0123323
-0.0498971
0.065343
0.0119902
0.00807196
0.0490611
0.0369405
-0.0824787
-0.0402135
0.0605898
0.06861
0.0616165
0.0585437
-0.0303716
0.0317552
-0.0227683
-0.0180119
0.031228
0.00564181
0.0420976
-0.0412169
-0.0195882
-0.0858974
0.0101927
0.0208554
0.0238888
-0.0217029
-0.0260884
0.0256185
0.00339089
-0.0188855
0.0108664
0.0376524
-0.0667332
0.0182279
0.0111738
-0.00245374
0.0497592
-0.0876955
0.0146824
0.0190102
-0.0321974
0.0240747
-0.0355561
-0.00597352
-0.00998338
0.0277797
0.0208071
-0.00597903
-0.026908
-0.00304712
0.00882176
-0.0574587
0.00380646
-0.0490462
0.00763003
-0.0215758
0.050718
0.0371039
-0.0580231
-0.0203361
0.000865852
0.0169636
-0.0401428
0.0241104
-0.0431898
0.0291347
0.0355157
-0.0204397
0.0931297
-0.0226204
-0.0046836
0.0182339
0.0288567
-0.00681499
0.0425846
0.021767
-0.0159925
-0.00170273
-0.0452158
0.037648
-0.00347702
-0.0203816
-0.0112152
-0.0365649
0.043593
0.0528899
0.0387153
-0.0496874
0.0268242
0.0140909
0.0160353
-0.0278256
-0.043169
-0.048947
0.0108468
0.0169675
-0.0100558
-0.021473
0.032686
-0.0121294
0.0127208
0.0256425
-0.0134078
-0.0301368
0.0313909
-0.00329404
-0.00579915
-0.041415
-0.0118649
0.0329197
0.0211411
-0.040516
0.0479564
-0.0225602
-0.00283266
-0.0035817
0.0247094
0.0101437
-0.0100167
0.0111639
0.00504047
0.030277
0.0317162
-0.0342611
-0.017503
0.00885124
0.033967
0.0371286
-0.0249734
-0.0329854
0.0152693
-0.0411643
-0.0396683
0.024812
0.00467277
-0.0201898
-0.0380755
-0.0377291
0.0122285
-0.0129106
0.0232603
0.00591771
-0.0148672
0.00394206
0.00465281
0.00369346
0.0465045
-0.0162598
0.000734579
-0.0298045
0.00611087
0.0710443
-0.0558536
-0.0917346
0.0249332
0.03807
-0.0199673
-0.0283819
-0.00967378
-0.0435589
0.0262678
0.0776789
-0.0662118
0.0055147
0.00415128
0.0102854
0.04072
0.0449753
0.021142
0.0454545
-0.017386
-0.0316607
0.0355442
0.00356595
0.0529815
0.105203
-0.0333186
-0.0440729
0.00340043
0.0605897
0.0204234
-0.0154293
-0.0279528
-0.0171011
0.00258866
0.00551448
-0.0687627
0.000544801
-0.00572515
-0.00472658
0.0307853
-0.0192687
-0.0310618
-0.0328282
0.0191526
-0.00699595
-0.0301136
-0.0624883
-0.0666025
0.0166949
-0.0739591
0.0175029
0.036734
0.0141833
0.060845
0.00757202
-0.0391642
-0.0201217
-0.0327776
-0.0136332
-0.0553094
-0.00400911
-0.0487332
-0.00396621
-0.0134304
0.00155787
0.0519163
-0.00934136
0.0369415
0.0614082
-0.0211067
-0.0195349
-0.0752008
0.0526716
0.0399963
0.0312879
0.0336126
0.00386226
-0.0115114
-0.0859649
0.0130773
-0.0494042
0.0321241
0.0125957
0.00811642
-0.0291409
-0.0541233
-0.0171161
-0.0176071
-0.0461901
0.0441997
-0.020257
0.0313432
-0.0433268
-0.00683738
0.014468
0.00333155
0.0133147
0.010229
0.00698084
0.0442128
0.00979922
0.0427969
0.105108
-0.000312795
0.0873567
0.0709868
-0.0390755
-0.0223846
0.0070891
0.0411302
0.0349454
-0.0123949
0.000803223
-0.0208504
0.0201846
-0.033143
0.0434327
-0.00967257
-0.0510964
0.0141669
0.0217494
0.0245688
0.0105969
0.00715596
0.0390009
0.0236195
-0.0625228
0.0224864
-0.0248653
0.0373273
0.0338343
0.000391083
0.0182824
-0.0278522
0.0272599
-0.0107574
-0.02363
-0.0350541
0.0442775
-0.0180637
0.0459424
0.028555
0.0225174
-0.0429064
0.0229795
-0.0111913
0.00440362
-0.0133875
0.0405853
-0.00883514
0.0256722
0.0429859
0.0428668
-0.0273838
-0.0096061
-0.0439442
0.0172999
-0.00245968
0.0380862
-0.0108276
0.0404609
-0.000816921
-0.0229713
-0.0410998
0.0157364
0.0461322
-0.0131539
-0.0165728
0.0302186
-0.0197736
-0.0260644
-0.0249223
0.000475358
0.011639
-0.0243799
-0.0111323
0.0408768
0.046313
0.0324779
-0.0339858
-0.0300501
-0.029731
0.0120098
0.0232311
-0.0273515
-0.00398793
0.0321797
-0.0459618
0.00372366
0.016918
-0.0102161
-0.0246433
-0.0041161
-0.0545394
-0.0756616
0.0296784
-0.0230294
0.0240409
-0.00220289
-0.00835077
0.0469163
0.117055
0.0180182
-0.029878
-0.0579186
-0.0315917
0.00985345
-0.0385568
-0.0551599
0.0595509
-0.0170108
-0.00917136
-0.0186756
0.216051
0.0505491
0.0719669
-0.0372457
0.0297003
0.0627113
0.0249034
-0.0379024
-0.0204103
0.0177813
-0.00745608
-0.000525486
0.013931
-0.00659928
0.0604453
0.0259521
0.00627276
-0.0217822
0.00895293
0.00307954
0.0382004
-0.0109008
-0.00186234
-0.0662914
0.0221094
-0.0062942
0.0600979
0.000982376
-0.0148147
0.0385452
-0.0340214
-0.0176303
0.0733801
0.0317142
-0.0268509
0.0689104
0.0541726
-0.0723672
-0.0205647
0.0134512
0.0292469
0.012321
0.0127341
0.036731
0.00238754
0.0418215
0.0185424
-0.0358176
0.00803876
0.015373
-0.0566886
0.0306903
-0.0236411
-0.0149471
-0.0178894
-0.0293982
-0.00459445
0.0303513
-0.0151056
-0.0204248
0.0256967
0.00366946
-0.0526467
0.00620801
-0.011739
0.0433423
0.0450143
-0.00526588
-0.0457949
-0.0240006
-0.0436693
-0.0165892
0.0023555
0.024033
-0.031369
-0.0420452
-0.0296312
0.0440449
0.0153774
0.0180945
-0.00767483
0.0521361
-0.0118452
0.114364
-0.0423684
0.0111616
-0.0151885
0.0219922
-0.00590769
0.0425381
-0.0411775
0.0313378
-0.011622
-0.000693186
0.0193357
0.0307
0.0388355
0.036368
-0.0358019
0.028379
-0.0478178
0.00284743
0.0416028
0.0202016
-0.0378995
0.0458329
-0.0230583
-0.0408536
-0.0559068
-0.0128052
0.00842244
0.00112793
0.0215051
-0.0457342
-0.0299544
-0.0039239
-0.0467507
0.033209
0.00769508
0.0143368
-0.00891385
-0.106824
-0.0922683
0.0145559
0.0267924
0.0411974
0.040675
-0.00154452
-0.0429436
0.0106594
0.0384455
-0.00351519
-0.0274345
-0.0148481
0.0341059
-0.0428212
0.00477283
-0.0476931
-0.0160109
0.00706857
0.00798291
-0.0130461
-0.0351567
-0.0278358
-0.0174695
0.0175486
0.0479517
0.0243047
0.0216257
0.0190689
-0.0486195
0.0132974
0.00981017
0.0109026
0.0640753
0.0182348
-0.0266907
0.0145102
0.0441718
-0.0423804
-0.00179428
-0.00660775
0.0289194
0.0414597
-0.0134427
0.0306076
0.0107128
-0.0281429
0.00420858
-0.021854
-0.037218
-0.0359283
0.0612341
-0.00139584
0.0422619
0.00541383
-0.024064
-0.00779268
0.0156445
-0.0217925
-0.0411971
-0.0309495
-0.00297677
-0.0318297
-0.0453645
0.0265035
0.0489917
0.0221582
-0.0248534
-0.0222088
0.0392404
-0.0470686
0.00716601
-0.0156397
-0.0327859
0.00562694
-0.0143621
-0.0237793
-0.00041972
-0.0115203
-0.029344
-0.0165666
0.0936574
-0.0582605
0.0070194
-0.0270605
-0.0346113
0.0372943
0.0345807
-0.0312758
0.028956
0.0249873
-0.00656816
-0.00749771
0.0225878
-0.0179197
0.00192393
0.0367109
0.00178151
-0.0195052
-0.0183435
0.00703487
-0.0211942
-0.0204626
0.0469431
-0.0117092
0.0510742
0.0148666
-0.0344813
0.00175457
-0.0261519
0.00915354
0.0474501
-0.0932595
-0.0587939
0.0161277
0.00196494
0.00192446
-0.0341686
0.0182258
0.03447
-0.0152489
-0.0416046
-0.0373743
-0.0365805
-0.0290552
0.00415744
-0.0428915
0.00479883
0.00282969
-0.00971893
0.0244112
-0.0375785
0.0170643
0.0141719
0.0259029
-0.0560615
0.0100222
0.0924154
0.030733
0.0250572
-0.0195327
-0.0499421
0.000214726
-0.0808319
0.046313
-0.0142866
0.0532
-0.00322592
-0.0756843
0.0701645
-0.0394704
0.011058
-0.0558541
-0.0233133
0.00868668
0.0125433
0.0263875
-0.0510111
-0.039425
0.00260505
0.0733256
0.0414596
0.0157401
0.0360743
0.0202181
0.0148748
-0.0461377
-0.00676604
-0.0955437
-0.0549712
0.0395156
0.0279273
0.0572092
-0.0110977
-0.0302496
-0.0282531
-0.0696127
-0.0516643
-0.0111906
0.00777783
-0.0399551
-0.0469036
-0.0213745
0.033665
0.0348717
-0.0446108
0.0183349
0.0246287
0.0305956
-0.0229008
-0.0147072
-0.0578962
0.00296806
0.0375025
0.0635727
0.000582954
0.0141713
-0.0373333
-0.00151749
0.00882813
0.0485834
-0.0341881
0.00328571
-0.0511394
0.00215278
-0.0247785
-0.0180288
0.0509247
-0.0338207
0.0439549
-0.0159108
-0.0247907
0.0154402
0.0124323
0.027513
0.0172938
-0.00917746
0.0152038
0.0396423
-0.0425362
-0.0457476
0.0426978
0.00289115
-0.0384713
-0.00908965
-0.0220681
0.033667
0.00940252
0.0393096
0.0450425
-0.00482369
0.0108204
-0.018152
0.00258492
0.0183588
0.0487214
-0.033108
-0.00942571
-0.0343907
0.0436073
0.0345322
-0.00367874
-0.00659331
-0.031733
0.0246248
0.0131284
-0.00439132
-0.0311502
-0.0473424
-0.0455885
0.0482075
0.03326
-0.0458691
-0.00223507
-0.0378077
0.0447266
0.0392916
-0.0193607
-0.00316155
0.0417474
0.0248361
-0.00195188
0.037409
0.00389309
0.0362347
0.00089641
-0.0277055
-0.0478014
0.0115932
0.0117227
0.0153483
-0.0348455
-0.0449224
0.00677083
-0.0268087
-0.0158764
-0.0162846
-0.00170662
0.010916
0.0286228
-0.0274673
-0.0263642
0.149788
0.0183205
-0.0554087
0.0314949
0.00322667
-0.0532212
-0.0186892
-0.0207752
0.011564
0.0344449
-0.0534814
0.00757419
0.0236665
-0.149009
0.0369843
0.00698355
0.0709127
0.0690385
0.0589252
-0.000145469
0.0390476
0.0148058
-0.0727103
0.0018
-0.0463338
-0.00425212
-0.0560342
-0.0330763
0.0180125
-0.059161
-0.0587312
0.0221895
-0.00862264
-0.0185887
0.0158572
0.222196
0.0177469
0.0447922
-0.0346859
-0.0436983
0.00223287
-0.0201955
0.0138802
0.0552367
-0.0365397
0.0318228
-0.00023988
0.0569351
-0.00619253
0.0128058
0.000538709
-0.0325806
0.0575439
0.0164387
0.033144
0.00597585
-0.0423503
0.0288193
0.103793
-0.0324554
-0.0127551
-0.00630311
-0.0225822
0.00871139
0.038857
0.0516176
0.0384002
-0.00300214
0.0178691
-0.000393284
0.0149712
0.0532772
-0.0417607
0.00815219
-0.029058
0.0117178
0.0735848
0.0362907
0.0146232
-0.0329335
-0.0286087
-0.0155572
0.0474913
-0.0732899
-0.0447109
-0.0590326
-0.01543
-0.0595406
-0.010216
0.0808066
-0.0602635
0.0158891
-0.0278007
-0.0138126
0.0274444
-0.0144133
-0.031374
0.0418737
0.0340287
0.0165606
-0.0415715
-0.00847393
-0.0671465
-0.0639109
-0.0439995
0.00892085
-0.0224647
0.0200566
0.0294504
-0.00525537
-0.00137272
0.00155777
0.00450604
0.0315729
0.0170487
-0.0236356
0.00581584
-0.0155859
-0.00696051
0.0194131
-0.00316159
-0.0150786
0.00569672
-0.0109588
0.00921728
0.0256621
-0.0185059
-0.00770728
-0.0198805
-0.012978
0.0422748
0.0112966
0.00842019
-0.0373627
-0.00234182
-0.00669589
-0.00812163
0.00522015
0.0348544
-0.0326619
-0.0401758
0.0273825
-0.0404373
0.0484803
-0.00702294
-0.0349659
0.0252005
0.00264927
0.0317867
-0.0213324
0.00329378
0.0277195
-0.00250784
-0.0345699
0.0349858
0.035205
0.0299986
-0.00157885
-0.0252453
-0.0185018
-0.0069359
-0.0324876
-0.00654208
-0.0331191
-0.0182047
0.0317288
-0.0248349
0.0138973
0.0225764
0.00565394
0.0244458
-0.0457857
0.037422
0.0168901
0.0290675
-0.0319042
-0.0453931
-0.0257468
0.00487472
-0.0184781
0.00244906
-0.0302791
0.0152963
-0.0267785
-0.0411724
0.0190471
0.0353758
-0.00501306
-0.0211444
-0.0203449
-0.0076162
-0.0414599
-0.0322549
-0.0334193
-0.0135483
0.028097
-0.0132304
0.0154106
0.0435535
-0.0390677
0.00431412
0.0393405
0.0354214
-0.0234341
0.0452733
-0.0314351
0.0322322
0.0549326
-0.0427625
0.00908924
-0.0332101
-0.0749069
-0.0030264
-0.0174947
-0.0395734
-0.0410231
0.0407078
-0.00746437
0.00307095
-0.0331842
-0.0135915
-0.0212108
0.0287424
0.0599117
0.0140651
0.0454126
0.0131471
-0.0124304
0.0355348
0.0304301
0.0430232
0.0208858
-0.0300211
0.000854084
0.00605838
-0.0192326
0.0243052
-0.0409076
0.0600782
0.0551514
0.00550533
-0.00908356
0.0359429
0.0455077
-0.0252679
0.00297611
0.00132268
0.068159
-0.0225199
-0.0236412
-0.0446192
0.033447
-0.00285779
-0.0351569
-0.0144238
-0.0665751
0.0381373
0.00518134
-0.0215536
-0.00147199
0.0316656
-0.0122796
-0.0363889
0.00802345
0.0559172
0.0235712
-0.0248739
-0.00908589
-0.0384276
-0.0580794
0.104071
0.0121158
-0.00837791
-0.0213023
0.0211656
-0.146397
0.0770341
0.0427959
-0.0408951
0.0441581
-0.0306946
-0.0444121
-0.0124453
-0.0115566
0.0196337
0.00141594
0.0110708
0.0146951
0.06195
0.0310392
0.00926572
-0.0823379
-0.0451925
-0.000209861
0.0450189
-0.032761
0.000615773
-0.0135816
0.0275272
0.0433976
-0.0442767
-0.0676984
-0.0180248
-0.0182617
-0.0410691
0.0329634
-0.00238471
-0.0341429
0.00937779
0.0127179
-0.0304169
-0.0218891
0.00220498
-0.0358661
-0.0205186
-0.0262897
-0.0629257
0.0369649
0.0196985
0.00300459
-0.0433485
-0.0242274
-0.057085
0.0590548
-0.0243933
-0.0190051
0.0541784
0.029304
-0.0647348
-0.0298401
-0.0277612
0.0763205
-0.0593095
0.0549377
-0.0788901
0.0631406
-0.0273096
-0.00307001
-0.0108213
-0.0276975
-0.055408
-0.0435739
-0.0143787
-0.0292885
-0.0103881
0.0366283
-0.014238
-0.0422853
0.0060718
-0.0122934
-0.0525823
0.0287858
-0.036809
-0.0364729
-0.00914354
-0.0193786
-0.0312017
0.0463891
0.0464424
-0.0169116
0.00684672
0.000312092
-0.0374135
0.00548679
-0.0235189
-0.0266308
0.00251342
-0.0180641
0.0237045
-0.0378127
0.0229671
0.0203618
0.0223648
-0.0402701
-0.0218315
-0.0338982
-0.00980959
0.000947287
-0.00872723
-0.0393341
0.0363468
-0.00337356
0.0511621
-0.0112639
0.0433867
0.0371069
0.0473327
-0.034759
0.0337426
-0.00506099
-0.0337519
0.0435583
0.0432819
-0.0366555
0.00440348
-0.0100654
-0.00476746
-0.033702
0.00769274
0.0231318
0.0268167
-0.0273516
-0.0437836
-0.0227156
0.038963
0.0130096
0.0454394
-0.0434686
-0.03026
0.03102
-0.0407746
-0.00635318
-0.00776386
-0.00570429
-0.0341944
-0.11896
-0.00128536
-0.0116415
0.0105443
-0.065813
0.0757697
0.0505514
-0.0513064
-0.0467123
-0.0504211
0.0483248
0.0290637
-0.0559494
0.0472738
0.0667642
0.0531028
-0.0166256
0.00654444
0.0120008
-0.0145684
-0.0347367
0.0145011
0.0752934
0.0287044
-0.0142235
0.00380121
-0.000569553
0.0354151
0.0332959
0.0215675
-0.0526987
-0.0172049
0.0403667
-0.00967275
0.0250727
-0.0972664
0.0492581
-0.0417209
0.0464395
-0.0248591
-0.0146896
0.0237164
-0.0136443
0.00717666
-0.0623515
-0.0226355
-0.0617297
-0.0717578
-0.000600069
0.0389539
-0.0194763
0.0334047
-0.0156609
-0.0337566
-0.151178
-0.0342404
-0.0336311
-0.0201603
-0.0483567
0.0352454
0.0265435
-0.0515632
0.0593455
-0.00639589
0.0319471
0.0128469
0.0312576
-0.022773
-0.0555722
0.046646
0.0101297
0.0131799
0.0571238
-0.0168054
-0.0148836
0.0346283
0.00990379
0.0377092
-0.0362782
-0.0152232
0.00305184
0.0267181
-0.0463196
-0.0411812
-0.0256784
0.022934
0.0145654
0.0169368
0.00993881
0.0342394
0.0376766
-0.000895664
0.0026687
-0.0320448
0.00670322
-0.00258125
-0.0457256
-0.00110462
0.0450443
0.0223758
0.0535479
-0.0230754
-0.000264177
0.045546
-0.0202456
-0.0289868
-0.0393193
-0.0397542
-0.0257025
0.0113775
0.0449365
-0.0127461
0.0349591
0.0143036
-0.0113072
-0.082375
-0.00233638
-0.0302034
0.0493783
0.0414108
-0.036173
0.00694844
-0.00771988
0.0183246
0.0071147
-0.0363443
-0.0654026
-0.00959637
0.0339072
-0.00118159
-0.108538
-0.0394284
-0.0968568
0.0917878
0.00870623
-0.0359316
0.00277265
-0.000966734
0.0139104
-0.0113976
0.0379346
-0.0275383
-0.0272827
-0.0174147
-0.00146804
-0.0273025
-0.0289096
-0.0273663
-0.0513347
0.0143201
0.0127925
0.0200995
0.0286052
-0.0627778
0.0490766
-0.0256959
-0.0227153
0.0425868
0.0252345
-0.0188352
0.0438528
-0.0359908
-0.0299836
0.0453334
0.0187859
0.0340236
0.0504531
0.0288761
0.0286407
0.0432863
0.0052418
-0.0460916
-0.022629
0.0417866
-0.0104809
0.0155153
0.0116349
0.030845
-0.0437425
-0.028777
0.045269
0.0224022
0.0373978
-0.0363155
-0.0387878
0.0127012
-0.00306593
-0.0406619
0.0319976
-0.0252304
0.0237661
0.0155716
-0.0250942
-0.0117376
-0.0147973
0.00750033
-0.00620371
0.0333432
0.0305775
-0.0430246
0.0282351
0.00919813
-0.00742576
-0.0196867
0.0118251
-0.0250676
-0.014189
-0.041523
0.00935521
-0.018417
-0.0301667
-0.0300399
-0.0120469
0.0149353
-0.0430501
0.0248442
-0.0206135
-0.0307484
0.0254642
-0.0520103
-0.0229261
0.0364123
0.00344291
-0.0625008
-0.0134826
-0.014134
-0.0596333
-0.0232203
0.0187437
-0.0233296
-0.0498175
-0.0375611
-0.0151902
-0.0412196
0.0241523
0.0291146
0.0531084
-0.0540815
-0.020122
-0.116579
-0.0855771
0.0226377
0.0347054
-0.0347193
0.0110341
-0.0113787
0.032488
-0.0476625
-0.0186822
0.0520528
0.00132234
-0.000852384
-0.0419964
-0.0164144
-0.0527079
-0.0288618
-0.0422014
-0.0134161
-0.0198604
-0.00419824
-0.00981283
0.00155009
0.00410765
0.0323147
-0.0449596
-0.0461748
-0.0619255
-0.0172539
-0.00945802
0.0399739
-0.0366276
-0.0411678
-0.0301332
0.0412679
0.0309716
0.0701
-0.0742945
0.0247732
0.019854
0.0124391
0.0474963
0.000491058
0.0876252
-0.0364979
-0.00737759
-0.0454992
-0.0192051
0.048283
-0.0431406
0.0163892
0.01607
0.00280208
-0.0755994
0.00627558
-0.0503543
0.0309843
0.0507504
0.0297984
-0.0597713
0.000911494
0.0437163
0.0862865
-0.0288985
-0.00981829
-0.0531288
-0.0348859
0.0649339
0.00236806
-0.0117643
-0.0198114
0.0209801
0.0140721
0.0271666
0.00598221
0.030877
-0.020604
0.053915
-0.0409503
-0.00514109
-0.0440937
0.0364484
-0.00811919
0.0673587
0.0281467
0.0215262
0.0553367
-0.0259442
0.0450471
0.0658528
0.0477444
0.0236687
-0.0630128
0.0733113
0.0242162
0.00756498
-0.0101351
-0.0163828
-0.0386929
-0.00966237
-0.00275178
0.0438029
0.0104362
-0.0034341
-0.0124127
0.0208359
0.00754535
-0.0347349
0.00146024
-0.00552856
0.0285978
0.038072
-0.0158297
0.0241434
0.0101055
0.0134313
0.0105613
-0.0129869
-0.00911052
-0.0500158
0.0324202
-0.0439007
0.0298751
-0.0397252
0.00840036
0.0379384
-0.0227239
0.0454403
0.0192009
-0.0296067
-0.0384617
0.011981
-0.053863
-0.0457006
-0.0249457
-0.0155138
0.00924391
0.00333255
-0.0240419
0.030041
0.00948793
-0.0363942
-0.00160927
0.0102907
-0.0248199
-0.0154079
0.0319544
0.039834
-0.045687
-0.0165427
0.019458
0.0329009
0.0177989
0.0425623
0.0214886
-0.0265693
-0.0445459
0.00734087
0.000460108
0.00497097
-0.0403127
-0.0342935
0.0408444
-0.0333244
0.0103205
0.0273494
-0.040899
-0.0304106
0.0165268
0.0574043
-0.0641045
0.0412324
-0.0235997
-0.0379244
0.0227242
-0.0193905
-0.0660987
-0.0572947
-0.0537682
-0.0164202
-0.0555812
-0.00847629
-0.0411413
-0.0299656
0.00397028
-0.0420857
-0.038853
0.00600816
-0.0668174
0.00258687
0.00422441
-0.0495814
0.0459563
0.0134144
-0.0265804
0.00113252
-0.0179599
0.0174392
0.0164031
0.0283397
-0.0577981
-0.0421285
-0.0121516
0.0121876
-0.0180765
-0.0311593
-0.0706698
0.0138643
-0.00890489
-0.00903239
0.0302026
0.0373732
0.0994403
-0.0401323
0.00666437
-0.0221644
-0.0641581
0.000844915
0.0477296
-0.0166695
-0.052467
0.030687
0.0247248
-0.0266902
0.00285351
0.00926897
0.013674
0.026234
0.00421276
0.0104689
0.00438721
-0.0154534
-0.0148463
-0.0211713
0.00894153
0.0450075
-0.0290548
-0.0120341
0.0161609
-0.00421551
-0.017982
-0.000424015
-0.0419795
0.0299381
-0.0618325
-0.0411029
0.0201264
0.00898305
-0.00329401
-0.0520372
-0.0198838
0.0340468
0.0315607
0.0273183
0.0453748
-0.00641388
0.00681449
-0.0273716
-0.00783898
-0.0627994
0.0478821
0.0130096
0.0445588
0.0356638
0.0333814
0.0177557
0.0150307
0.0316232
0.0106347
-0.0386411
0.0277627
-0.0120209
0.0449084
0.0174111
0.0375202
-0.0482125
-0.00679599
-0.0228457
-0.0308643
-0.0510968
0.0376948
-0.0482576
0.00921612
-0.0339688
-0.027884
0.05591
-0.00234388
0.0361686
0.011364
0.047898
0.0552659
-0.0289965
-0.0453439
0.0396716
-0.00505926
-0.0141091
-0.0330622
0.0116243
-0.0239324
0.0358565
0.00582199
0.0126277
-0.0332142
0.0071607
0.0118441
0.0126453
-0.0583595
0.0376358
-0.0401337
0.111206
0.0595616
0.0398627
0.0357849
-0.000704578
0.00515984
-0.00961812
-0.0336298
0.00560607
0.00806836
-0.0210455
0.0170277
-0.0306063
0.0344208
-0.00786344
-0.0485515
0.0128776
-0.021906
0.00370862
-0.0417913
0.0330101
-0.00259282
0.0305049
0.0175347
0.0147219
0.00654165
0.0133001
0.0336042
0.0139236
0.000844055
-0.00353727
-0.0591298
0.0284214
0.0394891
0.0162691
0.0486943
-0.0458602
-0.010296
-0.0214756
-0.0261988
-0.0307668
0.023827
0.0423394
-0.00296006
-0.00849895
-0.000498097
0.0193212
-0.00101532
0.0366265
0.0222132
0.0172879
0.0181102
0.0163483
-0.016128
-0.00826781
0.0147704
-0.0294399
-0.0268689
-0.0147854
-0.0340214
-0.0176105
0.00527504
0.0616362
0.00965534
0.00945723
0.0278341
0.0453515
-0.00731968
0.0224214
-0.0225784
0.0128899
-0.0375382
0.0126322
0.0174411
-0.0380618
-0.0347544
0.009806
0.0306328
0.0011514
-0.0192997
-0.0351614
-0.00839375
-0.0453415
0.0340361
-0.0476185
0.0125765
0.0283305
0.0074243
0.0190911
-0.0424873
0.000561904
-0.00764587
0.0134435
0.0490685
0.0307705
-0.0202277
0.0420737
-0.0360634
0.0312321
0.040633
-0.0297426
0.0574401
-0.00203741
0.0231651
0.00659557
-0.0110227
0.00387245
0.0375203
0.020247
-0.0298006
-0.00350288
0.0146606
-0.00222483
0.0685922
-0.042059
0.036707
0.0382328
-0.0327595
-0.0321993
-0.00469623
-0.048712
0.00258721
-0.0585168
-0.0374192
-0.0174711
0.0112857
-0.0236954
-0.0161827
0.0486012
-0.00781809
0.00483154
-0.0257056
-0.0452328
0.00764941
-0.0562541
-0.0102929
-0.00545603
0.028381
0.0497744
0.00989167
-0.00231463
0.048842
0.051945
0.0223516
-0.0375722
-0.0493919
0.0419256
0.0210677
0.0362342
-0.01673
0.0294107
0.0012139
-0.0181717
-0.0376617
-0.0250684
0.0103569
0.0404898
0.0140386
0.0479711
-0.0011967
-0.0340877
-0.050683
-0.0540347
-0.00930922
0.0591613
-0.0321468
0.0676521
-0.0175952
0.0787685
-0.0191591
-0.0323472
-0.0194131
-0.0338839
0.0366377
0.0350314
-0.0469679
-0.0442614
-0.026961
0.0365039
0.00656943
0.0107156
0.0292146
0.0271894
-0.00581171
0.0292622
0.0362429
-0.0144061
0.0112477
-0.00322253
-0.0171713
0.00701139
-0.0267138
0.0130397
-0.0363571
-0.0146858
-0.0235034
0.00721677
-0.0135316
0.0271242
-0.0352182
-0.0542906
0.0527871
-0.00603685
0.00685723
0.0292809
-0.0370286
-0.00950088
-0.0489994
-0.0173871
-0.00949517
0.0304223
0.00323277
0.0102038
-0.0212631
-0.0100873
0.018703
0.0388748
0.0410511
0.0205707
-0.0447763
0.0214845
0.0412158
-0.0198332
0.0418575
-0.0161295
0.0282339
-0.00568877
0.0411062
0.046798
-0.0164973
-0.0388696
0.0248685
0.0105677
-0.0222967
0.00938032
-0.0282976
-0.0307092
0.0273199
-0.0222599
-0.0193815
-0.0247315
-0.00851365
-0.000515553
0.00721511
0.00806149
0.0278194
-0.0246496
0.000798998
0.025388
-0.0240359
-0.0358821
0.0271458
0.0326025
-0.0101164
0.00156494
-0.0142295
0.0438107
0.0408896
-0.0179123
0.0401265
-0.038096
-0.0108713
0.0457196
0.0467896
0.00596716
-0.0428044
-0.013549
0.0337622
-0.000211353
-0.048978
0.0554683
-0.0167682
-0.0419254
0.00960196
0.0185863
-0.0139491
-0.0595728
-0.0175436
0.0342454
-0.027079
0.0473969
0.00836034
-0.149184
-0.0216934
0.005836
-0.0167502
0.0145477
0.0652442
-0.00305353
-0.0653596
-0.0299521
0.0278683
0.0243466
0.00116431
0.135967
0.135458
0.00453874
-0.0284204
-0.0340335
-0.011595
-0.0926878
-0.00614135
-0.0487639
-0.0413861
0.0361802
-0.0430175
0.00237792
-0.0352819
0.0863126
0.0096955
-0.0113037
0.0274944
0.0237547
-0.0843777
-0.0228144
-0.0562804
0.0660527
-0.245954
-0.0034463
-0.0512211
-0.0055355
-0.0154903
-0.0692974
-0.00683205
-0.0891321
-0.0254599
0.0107501
-0.13054
-0.109995
-0.0544477
-0.0571298
-0.0307063
0.0345737
0.0196142
-0.0510033
-0.083318
-0.0354442
-0.01091
-0.0312874
-0.034077
-0.0367602
-0.0449731
-0.0212313
-0.0183162
0.0611535
0.0203177
-0.0309197
-0.0020892
-0.0110575
0.0213646
0.0155169
0.0228007
-0.0642624
0.00654265
0.0368999
0.00964232
-0.0548496
0.0417002
0.00280183
0.0106513
0.0285736
0.00952579
-0.0314264
-0.0421792
-0.0287324
0.0556642
0.0411343
0.0211043
0.000919002
0.0524268
0.0371177
-0.042363
-0.01712
0.00633683
0.00234569
-0.0139204
0.0181562
0.00726783
0.0419031
-0.0203117
-0.0302472
-0.0562066
0.0292889
-0.0371327
0.010961
0.0259766
0.0254203
-0.0330294
0.021296
-0.0434199
-0.0206868
0.0426545
0.0269132
0.00983767
-0.0358312
0.0149487
-0.0131236
0.00234221
0.0300275
0.0111102
0.0251575
-0.0051395
-0.0762425
0.0167868
-0.00759472
0.031089
0.0302556
0.00346488
-0.0947181
0.0197194
0.016732
0.0170236
-0.031515
-0.0171981
0.0101692
-0.024602
-0.0354999
-0.00253294
-0.00305114
-0.0467441
0.0269163
0.035353
-0.0281415
0.0288633
-0.0417862
0.00835286
-0.0112667
-0.0284737
-0.00334339
0.0490312
-0.0295948
-0.0174362
-0.0236765
0.0145772
-0.013101
-0.0127438
0.0207458
-0.0448897
0.0151346
-0.04359
-0.0220185
0.0391149
-0.0128444
-0.0351237
0.0366803
0.0399755
0.0430934
0.0348901
-0.0243868
-0.0474643
-0.0221418
0.0178895
-0.0424373
-0.000725929
-0.0135767
0.0325507
0.0409134
0.0161226
0.0559353
0.00330433
-0.0273885
-0.0653991
-0.0483643
0.000270411
-0.0162148
-0.01412
-0.0453648
-0.0126346
-0.0381678
5.7794e-05
-0.0289403
-0.0171343
-0.000116358
0.00207691
-0.0105091
0.0345805
0.00590072
0.0309506
-0.0197054
0.0147849
0.0157313
0.0478062
-0.0167768
0.0465884
-0.016458
0.00325605
0.0159854
-0.0192288
-0.0191458
0.0244217
-0.0428777
-0.00576806
-0.0167253
0.00605583
-0.0340696
-0.034683
-0.00216035
0.0741535
-0.0551271
-0.0262548
-0.0391618
0.0300796
0.0443332
-0.0317732
-0.00367114
-0.0479274
0.000419367
-0.0683295
-0.0780854
-0.0421186
-0.0221873
-0.0204852
-0.0500063
-0.0638635
-0.0127258
0.0164139
0.0252982
-0.0258646
0.0426288
-0.00791612
-0.0930699
-0.00724707
0.0359587
0.028714
0.0174087
-0.0605016
-0.01516
-0.0633086
-0.0064723
-0.0131493
-0.0284005
0.0140983
0.0585847
-0.0138979
0.0148677
-0.0346809
-0.0129336
0.0491617
5.62986e-05
0.0206275
0.0384485
0.0173204
-0.021335
-0.00454891
0.00821525
0.0765669
-0.0401003
-0.0486547
0.0332368
-0.0321357
-0.0298688
0.0951865
0.0141957
-0.0581428
-0.0297069
-0.00798403
0.0228942
0.0823647
-0.0703941
0.0492818
0.0177747
-0.0546267
0.0312386
0.0220023
0.0542221
-0.0228541
0.003768
-0.0282715
-0.0072777
0.00484954
-0.0549151
-0.0482526
0.016866
0.0470216
-0.0921569
0.0431639
0.0505513
-0.00520194
0.00542458
0.0184742
-0.0146639
-0.0111682
0.0510616
-0.0219461
-0.02618
0.0100154
0.0150997
-0.0438915
0.0347744
0.0443384
-0.0309246
-0.0603574
-0.00273008
-0.0151566
0.0640607
0.00724673
0.0075656
-0.0436585
0.0422814
0.0377151
0.0843848
0.0330462
0.0983985
0.0311872
0.0197106
-0.0258604
-0.0704402
-0.0742153
0.0409469
0.00711584
0.0310481
0.00882173
0.0299248
-0.0547835
-0.026283
-0.00617304
0.058812
-0.0174301
-0.0502425
0.0227291
0.0209425
-0.0427386
0.0684102
0.00893502
0.0233174
0.0362367
0.0236977
0.0104939
0.0143176
0.0283787
0.0166348
-0.00669064
0.0261414
0.00889888
0.02019
0.0345523
0.0044753
-0.0197434
0.0091815
-0.0171561
0.00931572
-0.00951755
-0.0451696
-0.0194377
-0.0244897
0.0115872
-0.0124305
-0.0476862
-0.0268792
-0.0388497
0.0165124
0.0336837
0.00455029
-0.0142579
0.0385658
-0.0132845
-0.026541
-6.56264e-05
-0.0373781
-0.0314703
-0.0463488
-0.0376256
-0.0330913
0.0277809
-0.0151012
0.0252767
-0.0328928
-0.0067733
0.0132719
0.0424635
0.00614582
-0.00724591
0.0196626
0.0405994
-0.0284735
0.00940119
0.0246344
-0.0137096
0.0471667
-0.0306484
0.042705
0.0175416
-0.0081034
-0.0112641
0.0111872
-0.0337803
0.030282
-0.0153149
-0.0126795
0.0184918
0.0727002
-0.0615554
0.012129
0.047869
-0.00758053
0.0420488
0.0174433
0.0428942
0.0523364
-0.0240944
-0.0538814
1.60554e-05
0.0306799
-0.00126831
0.0166014
0.0421572
0.0169867
0.0534101
0.00407932
0.255616
0.0543086
0.0559752
-0.0487453
-0.0551789
0.00787497
-0.0176602
-0.0338533
-0.0152908
-0.0252877
0.0438966
-0.00282952
0.032275
0.0253823
-0.0156628
0.0497311
-0.0463175
0.0691761
-0.0213399
0.0375566
0.0467206
0.0112437
-0.00323606
-0.182377
-0.126342
-0.0303782
-0.00895619
0.0830835
-0.0681526
0.0504876
-0.041867
-0.00522863
0.0165491
-0.0453893
0.0277611
-0.00644328
0.0742959
-0.0794069
-0.0519404
-0.0191941
-0.064101
-0.0543296
-0.0402168
-0.0197018
-0.000594948
0.05029
0.0270796
0.00887253
0.0374278
-0.0424991
-0.0662916
-0.0295087
0.00492694
0.0717363
0.0364335
0.0349792
-0.00168383
0.0242339
-0.000381325
0.0359361
0.0159464
-0.0238519
0.00238775
-0.0264421
0.0292336
-0.0230705
-0.00888488
0.0436126
0.0114895
0.0181897
0.0415158
0.0155025
0.121807
-0.0144292
-0.00530626
0.033142
-0.0411242
0.0672462
-0.0208587
0.000229867
0.0243339
-0.0455249
0.043436
0.108017
-0.0433665
0.0156835
-0.0109711
0.0841671
0.0528361
-0.00114074
0.0193921
0.00841715
0.0598521
-0.0291805
-6.48456e-05
-0.0412041
0.0122507
0.00278805
0.0156738
0.032592
-0.0121705
0.0106235
-0.0406806
0.0280421
0.0076265
-0.0113361
0.01824
-0.0376885
-0.00589246
0.0322776
0.0659646
-0.041623
0.0202396
-0.0335458
-0.0190228
-0.00937811
-0.00042383
0.0444014
-0.00926556
-0.0470397
-0.0235435
-0.12154
-0.0611083
0.00634948
-0.0441945
-0.0310838
-0.00621195
-0.00271542
-0.00409956
0.0256577
-0.00409064
-0.0423975
-0.0449717
0.0271101
0.0300722
-0.0139013
0.0663962
-0.0327672
0.0537427
-0.0126959
0.0163489
-0.049138
-0.0413054
0.00210293
0.0443777
0.00581303
0.0318758
-0.0424579
-0.0172693
-0.0112608
-0.0407505
-0.00620574
0.00908783
0.045291
0.0301492
0.0127994
-0.0334199
-0.0447115
0.0153276
-0.0382507
-0.0373567
0.0449731
-0.0428449
0.0488069
0.0281795
-0.042504
-0.0240083
-0.027832
0.0174878
0.00575921
0.0283516
-0.0335974
0.009665
-0.0114231
0.0182311
-0.00736859
0.0171673
-0.0441043
-0.0221766
0.000606039
0.0327322
-0.0248081
-0.0372014
-0.00560713
-0.0344236
-0.0197403
-0.030862
-0.0465902
0.0391243
0.0458386
0.0186711
0.0018447
-0.00542158
-0.00306894
-0.00611
0.0188172
0.043086
-0.00316274
0.019863
-0.0157539
0.0387482
0.00399933
-0.0519069
-0.00809286
-0.0790754
0.0257667
0.0158214
0.0625784
-0.0183096
0.0274455
-0.0381079
-0.00413907
-0.0312554
-0.00843802
-0.0494918
-0.0475082
-0.0417649
0.0428354
0.0675094
-0.0652542
-0.0240018
0.0450284
-0.0128716
0.0423904
0.0156574
0.0208143
-0.0408782
0.0683026
0.0474519
0.026988
-0.038132
-0.050674
-0.00301911
0.00211324
-0.03575
0.0600739
-0.00182196
0.0192599
-0.0613815
-0.0220387
0.0453359
-0.0430721
0.044921
0.0735929
-0.0158956
0.0134834
-0.013747
-0.0493709
-0.021729
-0.00817612
-0.0158245
-0.00420595
0.000404386
0.0525572
0.0576695
-0.00299425
-0.0224493
0.0192203
0.0184181
0.0293485
-0.0272973
0.0340228
0.0152305
0.0101025
0.014831
0.0246448
-0.0113968
-0.0326691
0.0273146
-0.0944779
-0.0601139
0.0353114
-0.0307753
-0.019516
0.0207416
0.0591178
0.0260776
0.000656567
0.000756408
-0.0512936
0.0486901
-0.0123645
0.0296693
-0.054306
0.0193509
-0.00818448
-0.000223771
-0.0144632
0.0141102
-0.0342736
-0.00805618
0.0194647
0.0401769
0.032382
-0.0213663
-0.0421204
0.0304211
0.0303407
-0.022109
0.0113365
0.0335045
0.000846503
-0.0412148
-0.013664
-0.0434129
0.0357474
-0.0568816
0.0696251
0.0415581
-0.036208
0.0435823
-0.00588233
0.0289442
-0.0280714
0.00894622
0.00531547
-0.00209199
-0.0394171
-0.0317742
-0.0593747
0.0264219
0.0478266
-0.0214442
-0.0165285
0.0356028
-0.0327514
0.0482165
-0.0199634
0.0260762
-0.0138474
0.0283811
0.00109906
0.0233658
-0.0380897
0.00934115
-0.0291796
0.0535193
0.0480174
-0.0133311
0.0397922
-0.0337772
0.0173975
-0.0384872
-0.03977
-0.0271049
-0.0223654
-0.0422465
-0.0187266
-0.00272278
-0.0153677
-0.0407568
0.0400081
0.0232984
-0.0400472
-0.0382519
-0.0023926
0.0133301
-0.0395466
-0.0408265
-0.0607227
-0.0337837
0.00131699
-0.0233036
0.0123269
-0.0321781
-0.0347007
-0.00875093
0.00948924
0.0472726
-0.0431023
0.02806
-0.0140937
0.0201019
-0.0358964
0.0213777
-0.00982419
-0.021919
-0.0013077
-0.00702827
-0.00923819
-0.0362945
-0.0308988
0.0253313
-0.0415732
0.0142662
0.0380025
-0.021654
-0.041962
-0.000405673
0.00118158
0.0143376
0.0520673
0.0370945
-0.0160383
0.0485453
0.0407463
0.0778505
0.000505318
-0.0134078
-0.0300788
-0.0484743
-0.0129016
0.0120535
0.0843091
-0.0434836
-0.0106323
0.00898196
-0.0505523
-0.0214707
-0.0394051
-0.0213479
-0.0261794
0.0533289
-0.0814613
-0.00417554
-0.542524
-0.273715
-0.222991
0.0346317
0.0474916
0.00679331
0.0685387
-0.185456
-0.118682
-0.100313
-0.23289
-0.211979
-0.136225
-0.185522
-0.0228413
0.00651113
0.078336
-0.12309
-0.0423439
-0.113358
-0.0203217
-0.020594
-0.0741467
0.323861
0.173357
0.0944199
-0.0512069
-0.0956389
-0.0124949
-0.0472537
0.0267837
-0.0200968
-0.0442628
-0.0029129
0.0489796
-0.0509231
-0.0436971
0.115441
-0.00986433
-0.00467626
0.103559
0.0106433
-0.100018
0.0195882
-0.0538135
0.0303743
-0.0242225
0.248733
0.0254204
-0.126749
0.0541823
-0.134116
0.179395
-0.040541
0.0441114
-0.00142588
0.0492498
-0.0391396
0.0432561
0.009457
-0.029855
-0.113844
-0.144194
-0.0491449
0.0479557
-0.0594817
-0.00287785
-0.00265972
-0.0197316
0.0531243
0.108541
-0.146489
-0.0696105
0.000280176
-0.0979621
-0.0957317
0.0206961
-0.0751642
-0.00374014
0.0158533
0.0140716
0.0291233
-0.0893858
0.171694
-0.0271781
-0.0136702
-0.0234126
-0.0828236
-0.0114077
-0.046907
0.13508
-0.0396772
-0.0673001
-0.0419165
0.00695145
0.000725395
-0.0396713
-0.0476259
-0.00397262
-0.0317618
0.0301881
-0.00620432
-0.0262556
-0.0769691
0.0381059
-0.0810324
0.00672123
-0.0463584
-0.0224001
0.0560473
-0.0532105
-0.0134445
-0.00127501
0.0154732
0.0791828
0.0290084
0.0141055
-0.0370535
-0.149441
0.0669492
-0.0684041
0.135472
-0.060169
0.000337141
0.0818431
6.05814e-05
0.0156373
0.00597389
-0.0958545
-0.0277381
-0.0127373
0.0218416
0.0140615
0.00341666
0.0228056
-0.0436268
0.0256091
0.0349176
-0.0582593
0.00851874
-0.0213028
0.0450334
0.0390402
-0.027981
-0.0261738
0.0377967
-0.025407
0.0228884
0.0228516
-0.0355796
-0.0109874
0.039887
0.120325
0.0213454
-0.0994261
-0.0320819
-0.0223406
-0.031771
-0.0257739
-0.0344955
0.00114468
0.00385558
-0.0170799
0.0339474
-0.046166
0.0111657
-0.0401146
0.00785981
-0.0257017
0.00238172
-0.043257
0.0265617
-0.0388794
0.0248257
-0.0508151
0.0362965
-0.014564
-0.0224811
-0.00738443
0.0265406
0.0420268
0.0154907
0.0455784
0.0600778
-0.0537729
-0.0549712
0.023477
0.0490249
-0.0270517
-0.0439324
0.00553477
-0.00141023
0.0266523
0.0133999
0.0446205
0.0805147
0.049005
-0.00959161
-0.0584213
-0.00267343
0.00558268
-0.018187
0.029228
-0.0488144
-0.113723
-0.0354288
-0.0121034
-0.00993168
0.0515363
-0.0215702
-0.0369839
-0.0617471
0.0729128
-0.0547453
0.0628806
0.113666
0.089044
0.119595
0.000261586
0.00434799
0.0678428
0.0349581
-0.0406402
0.0458711
-0.0767696
0.014069
0.141073
0.0516941
0.0263679
0.0317605
0.0102794
0.0261765
-0.0584781
-0.0709728
0.0528183
0.0962472
0.04167
-0.0864808
0.00840759
0.165286
0.0351104
-0.0200882
-0.0579381
-0.0549151
0.0198262
-0.160599
0.0216701
-0.0641
-0.0561693
0.0112228
0.012017
-0.05994
0.0162545
-0.0202651
-0.00105801
-0.0189698
-0.0285336
-0.110984
0.0221545
-0.0209237
-0.00970114
-0.0439276
-0.0254524
-0.219913
-0.421014
-0.167358
-0.0339451
-0.0457985
-0.0218001
0.262542
0.218166
0.0179214
-0.020896
0.163076
0.00297684
0.0917229
0.191969
-0.192529
0.0104282
0.0307033
0.135857
-0.12798
0.0290445
0.057722
-0.0355676
0.0340817
-0.0262308
0.130708
0.141831
0.240419
0.0439907
0.0342372
-0.051238
-0.145928
-0.183201
0.0887209
-0.0496113
-0.0862715
-0.0422956
0.108178
0.0858788
-0.0440734
-0.0483831
0.0401069
-0.270715
-0.0267478
-0.238315
0.0321156
0.13547
0.130019
-0.0317441
0.00895881
-0.0191905
0.0614389
0.117085
0.0900009
0.0582051
0.0263264
0.0757983
0.129388
-0.00423648
0.0889249
0.00376357
-0.0131767
0.0236288
-0.044278
0.0198692
-0.0293833
-0.0700611
0.0397143
0.0339271
0.0137956
-0.0270699
-0.00273765
0.0335349
0.00631433
0.0150535
0.020255
-0.0224938
-0.0262946
0.0312478
0.0359528
0.0455308
0.052021
0.0193317
0.0216167
0.040772
-0.0194759
-0.0301002
-0.0090653
-0.0115248
-0.0091562
0.0427312
0.0467311
-0.0234829
0.0244082
-0.0431916
-0.0287586
0.0582065
0.10513
0.000763194
0.00410366
-0.0196983
0.0504188
7.60542e-05
0.000158595
-0.0390228
0.00036311
-0.0357749
0.0482187
0.0223098
-0.0240056
-0.0365219
0.0448841
-0.0225988
0.00231063
-0.0312935
0.00643962
-0.00690316
-0.0139677
0.0360354
-0.0274465
-0.0234866
0.0177663
-0.0195467
-0.00676134
0.0227955
0.0376848
0.0351133
0.0812088
0.0593728
-0.0202934
0.00983587
0.016705
-0.0117267
0.0107395
0.0411752
-0.0286025
-0.0384013
-0.036075
-0.0328219
-0.0100524
0.0120884
-0.0869922
0.0112079
-0.0541019
-0.00153389
-0.0382039
0.00128733
-0.0226531
-0.00471843
-0.10724
-0.0383777
0.00278164
0.0635951
-0.934471
-0.404428
0.300366
0.0309937
0.0135626
-0.589213
-0.244784
-0.170873
-0.119434
-0.0345103
-0.216488
-0.190913
-0.0987804
-0.110288
-0.0238553
0.0383058
0.115221
-0.304741
-0.239432
-0.188809
-0.0532314
-0.0144894
-0.0986634
0.576296
0.100256
0.280467
-0.110106
-0.337041
0.254619
-0.0353613
0.15923
-0.0289212
-0.0950798
0.120317
0.0605144
-0.0702959
-0.0598044
0.29919
-0.0298112
-0.0321588
0.484571
0.145689
-0.0694169
0.0316933
-0.0244164
-0.0230394
0.0213158
-0.443496
-0.121644
0.568898
0.0538902
0.21428
-0.201701
-0.0441617
0.0308568
-0.0213657
0.209357
-0.233058
0.0714357
-0.137304
0.0838523
0.169442
0.0993155
-0.0850219
0.0368246
-0.127341
-0.0897509
-0.0268066
-0.0660861
0.139273
-0.0723796
0.35248
-0.123079
-0.00879897
-0.0125949
0.0552465
0.151787
-0.371826
-0.312216
0.0120162
0.0054062
-0.0157842
-0.0550103
-0.694937
-0.0466186
-0.0439566
-0.0288346
-0.0494596
-0.0608663
-0.0425606
0.108718
-0.0123131
-0.063746
-0.0248946
-0.031301
-0.000208662
-0.029787
-0.0753662
-0.0421278
-0.0131199
0.0361857
-0.00717941
-0.0538162
-0.0556781
-0.00744625
-0.170235
-0.0598859
-0.0265461
0.00807412
0.111315
-0.0123243
-0.0402959
-0.0729101
-0.0216418
0.314072
-0.0168906
-0.0346149
0.0348204
0.101688
0.318452
0.0247666
0.192616
0.0547031
-0.0566392
0.0547129
0.000403758
-0.0251203
0.107669
-0.0184175
-0.0284275
-0.039948
0.0327149
-0.00469492
0.0847785
0.137639
-0.00856128
-0.0342125
0.0349083
-0.0511874
-0.00854521
0.0175476
-0.0205973
-0.0086199
-0.0495606
-0.00250697
-0.00501923
0.0288777
0.0320208
0.00807765
0.0237783
0.029968
-0.0234633
0.0814512
-0.0457527
0.00014169
-0.0198053
0.00561954
-0.0049225
0.0218566
-0.0394099
-0.00462873
0.0135375
-0.0411054
-0.0206466
-0.0233379
-0.00997244
-0.0241007
-0.0850914
-0.0797541
-0.0365898
-0.00945024
-0.0192412
0.00751426
-0.0303597
-0.087173
0.0313551
0.0240069
0.0286416
0.0137346
0.0182981
0.0256799
0.0100817
-0.0363575
-0.0219747
0.0761264
0.0254847
0.0035694
0.023454
-0.0105592
-0.0100786
0.028642
0.0430711
-0.0175867
0.0316224
0.0430697
0.0992888
-0.0451994
-0.0455742
-0.0661972
0.00483935
-0.0637609
-0.0612998
0.248332
0.00849029
-0.426278
0.0147731
-0.00751408
0.0407734
0.0529763
-0.0329295
0.043687
0.134639
0.231466
0.134076
0.00731997
0.00729318
-0.0239554
-0.0934856
-0.039712
-0.0341378
0.00657132
0.0167998
0.00187868
-0.0324659
-0.0221558
0.0156023
0.134322
0.00627351
-0.077272
0.0807879
0.0526403
0.0755396
-0.0993539
0.0362398
-0.0748816
0.0120381
0.00584801
-0.078926
0.167888
-0.136308
0.0389015
0.00206602
-0.0828073
-0.270619
-0.175032
-0.174375
-0.0423036
-0.00231999
0.0159997
-0.147895
-0.0933792
-0.0157165
0.0559312
-0.103954
-0.0440081
0.00491593
-0.00546969
-0.198001
-0.262587
-0.0572042
0.0128654
-0.0949881
-0.0560973
0.333006
0.320961
0.180458
-0.126625
-0.0281379
-0.0533357
0.502835
-0.0344497
0.0330511
-0.00763319
0.117553
0.0526042
0.116586
-0.224294
0.127922
-0.13
0.00597198
-0.212053
-0.0632192
0.108441
0.228951
0.0291163
0.156667
-0.0861365
-0.245729
-0.331813
-0.230599
-0.14855
0.0981962
-0.147307
-0.165158
-0.221028
-0.187297
-0.102285
0.000775833
0.0319872
0.0240318
-0.301643
0.198563
-0.0153194
0.0301079
-0.16184
-0.0479946
-0.018344
-0.0491927
-0.157141
-0.0923901
-0.104827
0.0166579
0.0325405
-0.0374942
-0.0354432
0.0767246
-0.0173875
-0.0538476
0.00271873
0.0844478
0.0633015
0.0116293
-0.0184618
-0.0604767
0.051461
0.0341686
0.0108503
-0.0321684
-0.160711
-0.0100928
-0.0317312
-0.0413824
-0.0584862
0.0363363
-0.0484577
-0.0448945
-0.0202798
0.0310967
-0.063853
-0.0102115
0.0375596
0.0439982
-0.0248869
-0.0295801
-0.0505204
0.00243489
0.013666
-0.0546192
0.0163014
-0.0373148
-0.00736399
0.0100824
0.0358739
0.0213525
-0.00640106
0.000910664
0.0109631
0.0253764
0.0555311
0.116079
0.0193152
0.0079999
-0.0335583
-0.0301692
0.038785
0.0408315
-0.0287127
0.0461867
0.0307118
0.049779
-0.011243
-0.0153743
-0.00762079
0.0101251
0.0374551
0.0146697
0.0210312
-0.0484353
-0.00455163
-0.039182
-0.0284985
-0.0307522
-0.00369221
0.00196456
-0.0489848
-0.00653875
-0.0220561
-0.0433704
-0.0594332
-0.249652
0.0569225
-0.00990741
-0.0208284
0.0396684
-0.0187145
-0.0611227
-0.0394763
0.179532
-0.11413
-0.00540941
-0.0256861
0.00209693
0.00599474
-0.141931
0.00813652
-0.0308303
-0.0212116
0.030645
0.0140973
0.0477107
-0.0070595
-0.0108975
-0.0421407
-0.0535175
0.0527984
-0.270475
-0.0276375
-0.09914
-0.015755
-0.0262204
0.0238591
0.0105431
-0.0328986
0.00665693
-0.00774298
0.0177999
-0.0183665
0.0295237
-0.0262971
-0.0288137
-0.025405
0.0437341
-0.0302633
-0.0129496
0.00487244
-0.0497482
-0.0015281
-0.128254
0.18886
0.12419
0.0130819
-0.0285181
-0.130205
0.0154458
-0.0753882
0.0353209
-0.0112999
0.0125494
0.0856823
0.066004
-0.0217855
-0.0420173
0.0887844
0.00320199
0.0159634
0.0824189
-0.0618461
-0.0216264
0.0103952
0.0312205
-0.0372984
-0.0785082
-0.00881245
-0.0415722
-0.0265357
-0.0108392
0.0101478
0.0254911
-0.0726928
-0.044928
-0.0048107
0.0134351
-0.0416149
-0.0087068
4.43005e-05
0.0481196
0.034993
-0.0161673
0.0206289
0.0146525
-0.00107189
-0.0252106
0.0125559
-0.0326317
0.0673525
0.00413294
-0.0202992
-0.117967
0.0518115
-0.0205484
0.0269064
0.0418944
-0.0743393
-0.0368551
0.0671744
0.012112
-0.0510254
-0.021638
-0.0763382
0.0154466
-0.0278836
0.0402226
0.0118217
-0.00262831
0.0166403
0.0391705
-0.024921
-0.0130345
-0.0633512
0.00532347
0.0264761
-0.00324375
-0.0114571
0.0180017
-0.0150481
0.0353351
-0.0389718
0.000350788
-0.0380886
-0.032586
-0.0383254
-0.0437121
0.0583081
-0.00134666
0.0325045
-0.0542926
-0.0169053
0.0284085
0.0196178
0.000506105
0.0279826
0.0347101
-0.0260702
0.0454582
0.022792
0.035532
-0.0125529
0.0465567
0.0213297
0.0533976
-0.0279177
0.0187955
-0.0047814
-0.017678
-0.00742456
-0.0337477
0.0417505
-0.0277983
-0.00747093
0.00274543
0.0419566
0.000713509
0.0146534
0.0337182
0.00966136
0.0241204
-0.028863
0.0355153
0.00285536
0.0265448
0.0387548
-0.0205705
-0.00982435
0.00245654
-0.00128184
0.028516
-0.0219038
-0.0280825
0.0681015
0.0445139
0.016954
-0.00326754
-0.0147596
0.0150374
-0.0378446
0.014263
0.0259028
-0.0191964
0.045695
0.00457994
0.0166328
0.0258581
-0.0313595
0.0120644
0.0419874
-0.0388038
-0.00936799
0.0125289
-0.00215656
0.0399438
-0.0173517
-0.0355686
0.0153035
-0.0232354
-0.0422511
-0.0368411
-0.0269628
0.0220954
-0.0331736
-0.014513
-0.0427641
-0.0317516
-0.0141454
0.0207522
0.0125021
0.0161563
0.0356835
0.0171068
0.0243837
0.0190784
-0.016947
-0.0363656
-0.0209892
-0.00586571
0.0449676
0.0321937
0.0150703
0.0587962
-0.0104216
-0.0882055
-0.0188213
-0.01714
-0.0342826
-0.00891326
0.0260517
0.0258425
-0.0526817
0.0381146
-0.0740989
-0.0450662
0.00730273
-0.0153283
0.00397281
-0.0214839
0.0132091
0.0298755
-0.00690266
0.0227516
0.0295862
0.0342374
0.0256057
0.0133173
-0.00397164
-0.00534884
-0.0158409
-0.00392832
-0.010668
0.0408586
-0.0542879
-0.0110413
0.00581072
0.0165108
-0.0231632
0.00956051
-0.0188327
-0.04204
-0.0232849
-0.0731362
-0.038746
-0.00264437
-0.0322281
-0.0767357
-0.0369951
-0.0705457
-0.0241414
-0.012749
-0.048275
-0.0153476
2.12423e-06
-0.0518087
0.0233766
-0.0575456
-0.0771844
-0.0326062
-0.0272492
-0.0111075
-0.0213969
0.0391761
0.042484
-0.0891136
0.00903839
0.0565726
-0.0376785
0.0514493
0.0446741
0.0207345
-0.0443476
-0.0103162
0.0380725
2.26018e-06
0.0998041
0.0498904
0.0772811
0.0566246
-0.00293448
0.00911155
0.0171837
0.0100565
0.0564671
0.0393381
0.077598
-0.0391297
-0.0709224
0.0491572
0.0406494
-0.0352044
-0.0338727
-0.0574781
-0.0392018
0.0515706
0.0189703
-0.00138799
-0.000518028
-0.0402062
-0.00180602
-0.000200505
0.00265941
-0.0260418
-0.0178453
0.0220448
-0.0203172
0.110213
-0.0115626
0.0168809
0.0125568
0.0462561
0.0327518
0.0237011
-0.00265383
0.039012
0.0449381
0.0323087
0.0381214
0.0481864
0.0226739
0.0378747
-0.0520024
-0.0284365
-0.0111742
0.00374107
0.02556
-0.0204576
0.012416
-0.019082
0.043868
0.0362971
-0.0258867
-0.0315621
-0.0440306
-0.0248399
-0.018215
0.0391035
0.0238064
-0.016351
-0.0347502
-0.0469993
0.0172773
0.00837628
-0.0392093
-0.0430365
-0.0259666
-0.0349905
0.0098537
-0.0339877
-0.0114483
-0.00282424
-0.0226723
-0.014578
-0.0183326
0.0154695
-0.00174947
-0.0307354
0.00263592
0.0215584
0.0415097
-0.0484144
0.0448565
-0.00112955
0.0173027
-0.0101455
0.0180422
0.0328469
0.0242191
-0.00172339
-0.0406225
0.0523677
-0.0436027
0.037543
0.00292975
-0.0274536
-0.0181039
-0.0139129
-0.0415144
0.00729014
-0.00288065
0.0434339
0.0500488
-0.0134998
0.0263683
-0.0341639
0.0326688
0.044387
0.0181548
-0.00954255
-0.0050844
0.02673
-0.0335314
0.0247469
0.0338824
-0.00140841
0.0409347
0.0184453
-0.0157545
-0.0622552
-0.0110296
-0.0273619
-0.0110359
0.0435417
-0.104269
-0.0448366
0.0245941
0.00663846
-0.0302115
-0.0447627
-0.0203323
0.0406097
-0.0766798
-0.0531018
-0.0567566
0.0131261
-0.247458
-0.132247
-0.173671
0.0234203
0.0497499
0.00701349
0.025325
-0.0728446
-0.0194903
-0.0322399
-0.119235
-0.112373
-0.0390669
-0.0864147
-0.0247435
0.0171446
0.0440332
-0.00217301
-0.00308279
0.0335225
-0.0302619
0.00522365
-0.00779029
0.200438
0.117585
0.0234204
-0.0277857
-0.0614988
-0.0226304
-0.0541045
0.0273255
-0.0251618
-0.00596166
0.0631688
-0.0133097
-0.0730219
-0.0653488
0.0711877
0.0102254
-0.0033569
0.0647929
0.0432094
-0.115966
0.0197434
0.0431413
-0.0134498
-0.0643112
0.0773311
-0.0443463
0.0241124
-0.0249737
-0.087665
0.0695502
-0.0150085
0.0304046
-0.017073
0.0301607
-0.0583056
-0.0254406
-0.00316661
0.022566
0.0117442
0.0343262
0.0448558
0.0237652
0.0235557
-0.0324269
0.0161181
-0.0465927
0.0340364
-0.035731
-0.112095
-0.0832519
-0.00382249
0.03146
-0.0248434
-0.0218076
-0.11486
-0.0516915
-0.0391608
-0.0291205
0.0057653
-0.040841
-0.0515241
0.00844556
-0.0164944
0.00467071
0.0508485
-0.0402663
0.0146793
0.103194
-0.0423437
-0.0152948
-0.0538013
0.0299965
-0.0262944
0.00907386
-0.0413573
-0.0204956
0.0486978
0.0257436
-0.0392198
-0.00815938
-0.0299814
-0.0404851
-0.00653827
-0.0286871
0.0487874
0.0603641
0.016314
-0.0217549
0.0299336
0.00521999
0.0487781
0.00561485
-0.0175003
0.0431897
0.011265
-0.0810117
0.0321038
-0.0724189
0.0490307
0.0440686
0.0446407
0.0425144
0.0268181
0.0415575
-0.00707051
0.0236701
-0.00111102
-0.0318895
-0.0403942
0.0121391
0.0247198
0.0190289
0.00651761
0.0249708
-0.0509479
0.0172099
-0.0467621
-0.00654582
0.0240072
-0.0139992
0.021416
-0.00974653
0.00186155
-0.0488617
-0.0321561
-0.00849388
-0.0158692
0.011194
-0.0219906
0.0908637
-0.053542
0.00872716
0.0141122
-0.0118791
-0.0283677
0.0191594
-0.00289721
0.00734416
0.0453487
0.0139446
0.00910498
0.00498677
0.0359101
-0.0351057
0.0480393
-0.0029221
0.0103598
-0.00510997
0.0368622
0.00198822
-0.0356828
-0.0556738
-0.00774806
0.00695634
-0.00639202
0.0407574
-0.0042607
-0.0248198
0.0429291
0.0403385
-5.02142e-05
-0.0436194
0.00183481
0.0405821
0.00136458
-0.0213122
0.0238698
0.0286074
-0.0488213
0.00171551
-0.0432069
0.0177341
-0.0212162
0.0138686
0.0450111
-0.0461107
-0.0465962
0.0188892
-0.0300113
-0.0357291
-0.0245029
0.00453397
-0.0434728
-0.022068
-0.0488599
-0.024622
-0.0199731
-0.0111201
0.0583466
0.0976766
0.0242626
0.0305255
0.0126854
0.00860112
-0.0149821
-0.035642
-0.0125117
-0.0126603
-0.0279223
0.0276846
0.0337252
-0.0329173
0.0692041
0.0471225
-0.0742206
-0.00135215
0.0156971
-0.0117875
-0.024386
0.042026
-0.0454176
0.000530658
-0.0347719
-0.00996033
-0.0306024
0.0759361
-0.0234122
0.0226468
0.00792393
-0.0152373
-0.0614731
0.0542654
-0.0186704
0.0445363
0.0121848
0.0376617
0.0272011
-0.0585662
-0.0521972
-0.00184139
0.0286938
-0.0020009
-0.0304217
0.0115925
-0.0653313
0.0175265
-0.00710912
0.0562587
-0.00569295
-0.00319027
-0.123407
-0.0101254
-0.0107123
0.0200176
-0.0227704
-0.0189192
0.0231831
-0.0668315
0.0296289
0.0403603
0.0458661
0.0408612
0.0502322
-0.0155829
0.0406244
0.00923374
0.0395526
0.100859
-0.078705
-0.0682269
0.018065
-0.0615733
0.0149046
0.00767428
0.0396366
0.0420501
0.203485
0.134099
-0.0425823
-0.0639023
-0.097357
-0.00709099
-0.010468
-0.0694844
0.0855684
-0.00201136
-0.035533
-0.0947515
-0.05094
-0.046812
-0.0242921
-0.0623162
-0.00155849
-0.02254
-0.0202381
-0.0586331
-0.0472048
0.0222121
0.0159272
-0.0193186
0.0585451
0.00111491
0.0253003
0.0576164
0.0208347
0.0492969
0.00748524
-0.0521897
-0.0894961
-0.0262219
0.0558427
0.0516423
-0.0242544
0.041658
-0.0382996
-0.0145399
0.00810664
-0.00529188
0.0444385
0.00191897
-0.0294294
-0.027011
0.037931
-0.0390555
-0.0126109
0.00559287
0.00802455
-0.0224956
-0.0110481
-0.0429406
0.00427963
-0.03629
0.0140478
0.0406712
-0.0426372
0.00325424
0.0151637
-0.000466787
0.042908
-0.0074905
0.00931037
-0.0115625
-0.00208759
-0.0250003
-0.0201435
-0.000328157
0.056494
-0.0434874
0.0185554
0.0158102
0.0184533
-0.0361101
-0.0271612
0.011558
-0.0156316
-0.0321826
-0.0333762
0.0320087
-0.0234605
-0.00866382
-0.0460847
0.0296141
0.0108467
0.0241788
-0.0205178
0.035102
-0.0091263
0.00885894
0.0310441
0.00769547
-0.0412628
0.0291125
-0.0468803
-0.0176157
0.00602678
0.0896277
-0.00118208
-0.0181518
0.0499614
-0.0335594
-0.0142962
-0.0174392
-0.0363832
0.010908
0.0380605
-0.0634258
-0.0224107
-0.0306015
-0.0233533
0.0312111
-0.058082
0.0491345
-0.0173573
0.0351467
0.0273305
0.0126072
0.0269798
0.0225577
-0.0375589
-0.0194782
0.0298202
-0.00292393
-0.0584571
-0.0764285
-0.0631128
0.0114032
-0.0248447
-0.0313723
-0.0318094
-0.0237544
0.0374219
0.0550909
0.0192559
0.0256491
0.0149451
-0.00814388
-0.0498073
-0.0119393
0.0418579
0.0145159
-0.0359408
-0.0232069
0.0422255
0.0636378
-0.0107145
0.108664
-0.016117
0.0356545
-0.0237788
-0.0178319
0.0601176
0.00806427
0.0524872
0.0496979
0.0130374
0.0243834
0.00895528
-0.00558707
0.0168166
0.0204033
0.0136051
0.0112608
0.0599637
0.000420436
0.0184015
-0.0481108
-0.0450728
0.0180617
0.00658712
0.0189879
-0.0162968
0.043438
0.0239414
0.0318291
-0.0590667
-0.00584856
-0.0292555
-0.00684678
-0.0655207
0.0392024
-0.00411533
0.0189154
0.0349918
-0.00665999
0.0334373
3.05736e-05
0.00976776
-0.00395872
-0.0434709
-0.0174081
-0.0547141
-0.00770998
-0.0137644
-0.0674587
0.0162846
-0.0158458
-0.0323664
0.0106941
0.0349363
0.00289335
-0.0413148
0.0447995
-0.0446586
0.00940459
0.0294721
-0.0930966
-0.0212774
0.00965349
0.0429466
0.0507448
-0.0524313
0.0153704
0.0475876
-0.0127302
0.0138334
0.0100102
0.0164894
0.0465605
-0.0428838
0.0343561
0.00722903
0.00948602
-0.00224294
0.0365159
0.0106616
0.00536017
-0.00592042
0.0315462
-0.0395046
0.0121726
-0.0459632
-0.0238617
0.0340662
0.0131999
-0.034699
-0.0338323
0.0500508
-0.00166969
-0.0253771
0.0355756
0.0209104
-0.0163057
0.0297355
0.0366264
0.0426091
0.0396168
-0.00260895
-0.031887
-0.0148285
0.00827682
0.0181618
-0.026738
-0.0176294
0.0358209
0.0125725
-0.016861
-0.0306036
-0.0452527
0.0081853
0.0131892
-0.04187
-0.0427399
0.00582755
0.0669717
0.0319693
-0.0313333
-0.0487141
-0.0411648
-0.00528753
0.00865142
0.0358138
-0.027153
-0.0104641
0.0309107
-0.0353753
0.0528215
-0.0520758
-0.0427636
-0.00269269
-0.0438161
0.00384759
-0.0265389
-0.00141097
0.0301093
0.0266532
-0.00283559
-0.0272442
0.0110893
-0.00352238
-0.0301972
-0.0250299
-0.0362745
-0.0159444
-0.023815
-0.0276748
-0.0148432
0.021049
-0.00105471
-0.0335006
0.0235789
0.038103
-0.0157188
-0.039688
-0.0180818
-0.000250241
0.0477677
-0.0356271
0.027249
-0.00194378
0.0401063
0.0381122
-0.0378008
-0.00541341
0.0486461
0.0362522
-0.00849683
-0.0474155
0.0114505
0.0242001
0.0130503
0.0178154
-0.054499
-0.0268764
-0.0293244
0.0114819
0.0515208
0.0337323
-0.0103035
0.0229433
-0.0464529
-0.0214274
-0.0191133
-0.0225862
0.059079
-0.0107159
0.00153603
0.00969394
0.0114761
-0.0447676
-0.0430772
0.0269804
-0.00965021
0.0471492
-0.0216949
0.00380211
0.0469763
0.00555909
0.0710738
0.0270734
0.0164261
-0.00871723
0.00673218
0.026376
0.00256789
0.0211313
0.0227384
-0.010619
-0.0304325
-0.0107968
0.0427744
0.0591477
-0.00370884
0.011997
-0.031364
-0.0301923
-0.0364272
-0.0188068
-0.021209
-0.020634
-0.00636604
0.042295
-0.0292227
0.00202389
-0.0277337
0.0336604
-0.0288831
-0.0393312
-0.0325376
0.0100999
-0.0653701
-0.0435298
0.0424682
-0.0460657
-0.0474858
-0.00996463
0.0379161
0.078161
-0.0585367
-0.0351037
0.0192876
-0.0169511
0.0475006
-0.0580861
-0.0265749
0.0230926
0.0424008
-0.0256708
-0.00439313
0.0568658
0.0370204
0.00571934
0.0156376
0.0336369
-0.0470985
0.0218866
-0.030059
-0.064624
0.016762
-0.0156378
0.0701147
-0.0654831
0.0226301
0.0600008
0.0230785
-0.038215
0.0121801
-0.0148032
0.0104922
0.0169476
0.0355199
0.0430772
-0.039509
-0.0654206
-0.0163941
-0.0313333
-0.0479561
-0.00667963
-0.00308677
0.0126612
0.036922
-0.00386192
-0.0262032
-0.0675998
-0.00407933
-0.0417519
0.0406502
-0.0410692
-0.0174788
-0.0392367
-0.0485408
0.030465
0.0266643
-0.0175644
-0.0481511
-0.0244489
-0.038326
-0.0219535
0.0226073
-0.0376506
0.0425551
0.0158262
-0.000850283
0.020555
0.0435024
0.016783
-0.0433988
-0.00298272
-0.010433
0.0422657
-0.0381672
-0.0402156
0.00990924
0.0072597
0.0330175
0.0451325
0.00368144
-0.045212
-0.0455615
0.0198705
0.00989496
0.0115573
0.0346519
-0.000208688
0.0453344
-0.0269626
0.0338317
0.0228708
-0.0306381
-0.0476521
-0.0443378
-0.00232711
-0.0366187
0.0361268
-0.0363195
-0.00159442
0.00199114
0.0318432
0.00830348
0.0208053
0.0163158
0.00960508
-0.0363163
-0.0129617
-0.00413589
0.038487
0.0194883
0.0131211
-0.0441513
-0.0456017
0.0184233
-0.0335478
-0.0143467
0.0177653
0.0383768
0.0164467
0.0212091
-0.00361832
0.0181233
-0.0323555
-0.0472618
0.0248729
-0.0609476
0.0389427
0.00806889
0.00451369
-0.0383203
0.0123012
0.0114753
0.00462125
0.0510197
0.0154241
-0.0317812
-0.0299221
-0.0481626
0.0176091
0.411341
0.0136539
-0.00686341
-0.0249929
0.0469816
-0.0646984
-0.00582034
0.0830747
0.157099
-0.0263062
-0.018171
0.029765
-0.498339
-0.334419
0.320908
0.0199117
0.313303
0.121019
0.0533449
-0.117539
0.0126033
-0.0852814
0.101884
0.153219
0.165892
0.0866016
-0.163886
0.0384992
0.0150262
-0.0473879
-0.058793
0.0695075
-0.0691441
0.0159712
-0.125415
1.06161
0.36325
0.0645301
0.0280843
0.116224
0.157271
-0.30409
0.1659
0.0293215
-0.00321256
0.131415
0.192849
0.0597289
0.0342174
0.055551
0.0470529
-0.0520857
0.34969
0.206309
0.0390571
0.00895059
-0.0287822
0.0345789
0.114976
0.0855183
0.0329464
0.0768481
-0.0209968
0.0748424
0.0841467
-0.0534626
0.00804414
0.0272996
0.118889
-0.226513
0.116771
-0.0805327
0.0957758
0.118374
0.112885
0.0148335
-0.0749775
-0.0839371
0.0204299
-0.0122305
0.0115289
0.1415
-0.0930304
-0.019779
-0.318441
0.0540706
-0.0260661
-0.00452267
0.0733254
0.100296
0.0501316
-0.046787
0.0398853
-0.00400079
-0.0114113
-0.00432383
-0.039505
-0.0324262
0.0347696
0.0971091
-0.111597
0.0861439
-0.260879
-0.00158882
-0.0653505
0.0443633
-0.0205313
-0.0173303
0.0713986
-0.0181896
-0.000606627
0.0133755
0.0129732
0.0292524
-0.04527
-0.0337367
0.0154226
0.0505041
0.0320698
0.0765829
0.213019
0.118932
0.00200775
0.035826
0.0371067
-0.0131987
0.300637
0.0110227
0.0459041
0.0219858
-0.076522
0.286792
0.0194604
0.0751829
0.058716
-0.0226077
0.0438539
0.0192018
0.0276703
0.00914176
0.0164129
-0.021149
-0.0304066
-0.0171687
0.0415348
0.0184954
0.0500746
0.0315769
0.0745924
0.0667101
0.02439
0.0394322
-0.00280778
0.0144074
-0.0278883
0.0606448
-0.00229378
0.0111121
0.0120869
0.00560549
0.0291925
-0.0275008
0.0179393
-0.0129174
-0.154902
-0.023812
0.0310865
-0.0248626
0.0428071
-0.0313204
0.0312152
-0.0437511
0.0476109
-0.025858
-0.0310264
-0.0221312
0.0035887
-0.000429888
-0.028261
0.048951
-0.00941954
0.105924
-0.038414
-0.0168097
0.0541486
-0.0231564
0.0386603
0.0499183
-0.0379819
0.000311411
-0.0467758
0.024253
0.0472601
0.0210566
-0.0143726
-0.0172027
0.0210402
0.00786815
-0.0296589
-0.0215038
-0.0367972
-0.0204394
-0.00457893
0.0200254
-0.00943613
-0.0101629
-0.0485296
-0.0285026
-0.0286102
-0.00786553
-0.0302809
0.00480258
0.0167403
0.135995
0.0558663
0.00495077
0.214498
0.0165415
0.0902782
-0.105579
0.16973
-0.0157441
-0.0314216
0.0675155
0.172978
0.178877
-0.0130606
-0.13427
0.0651195
-0.0721995
0.0593354
0.111769
0.0552528
0.00848924
0.0955463
0.0482633
-0.0282402
-0.204248
0.230235
0.178542
0.00974619
-0.028836
0.00932562
-0.0147537
0.0209961
0.0552805
0.0740401
-0.0694096
-0.00784374
-0.0130972
0.0208097
0.0495999
0.00421
0.0259737
0.0188466
-0.218241
-0.0660938
0.0754988
0.113278
0.110467
0.128821
0.190613
-0.00643601
-0.0175511
0.022818
0.00805408
0.0359894
0.0378394
0.0538907
-0.0685323
0.113615
0.194968
0.0306261
-0.028562
-0.0173654
0.0622308
-0.175023
0.128731
-0.192966
0.0188427
-0.0241791
-0.162569
-0.132899
0.0344119
-0.0272715
0.155534
0.271117
-0.0568638
0.164079
0.217048
0.00454213
-0.0199404
-0.110227
0.0114665
-0.0730036
-0.0565948
-0.0104673
-0.0429118
-0.0567866
0.0844856
-0.0207288
0.157231
-0.0396711
0.106981
0.0680519
-0.00413297
-0.0293986
0.272134
0.0352349
-0.539739
0.070871
0.0137224
0.318517
0.172598
-0.0490659
0.0255786
-0.227557
-0.094538
-0.0348799
0.190041
0.266911
0.218243
0.12878
-0.255988
0.0829101
-0.035308
-0.0298813
-0.0360941
0.00816898
-0.0168009
0.225581
-0.0265831
-0.358919
-0.230749
-0.0723599
0.00636733
0.0928263
0.0419342
-0.0376295
0.0405286
-0.220105
-0.0129358
-0.0459735
-0.0159916
0.0257327
-0.0188506
0.0110162
0.0442421
-0.00308836
0.0405994
0.00480171
-0.0165386
-0.00204216
0.0399939
0.0413456
-0.0390017
0.0246585
0.0105135
0.00409383
-0.026082
0.0466315
-0.0315332
-0.0114029
-0.039904
0.0411086
0.0421151
0.0277229
0.00160402
0.0391357
-0.0272359
0.00392647
0.0691547
-0.0245426
-0.0208106
0.0476208
-0.023946
0.0468353
0.0258205
0.0265017
-0.0103683
-0.0274999
-0.0195559
-0.0177999
-0.0354559
0.00657824
-0.0180848
-0.0344557
-0.0231513
0.0219023
0.0409631
0.0374897
-0.000912934
-0.0124441
-0.024303
0.0294374
0.0411064
0.0152444
0.0197143
0.00690043
0.00384109
0.00330484
0.0386044
0.0484662
-0.0521134
-0.00434781
-0.00106749
-0.0356521
-0.0079137
-0.328969
0.115687
-0.0987592
-0.0128757
-0.0228481
0.00997749
0.0343571
-0.0460442
-0.015085
0.00321247
0.0198676
0.000930445
-0.0515271
-0.00064839
-0.0510159
-0.0256322
-0.0616318
-0.00920945
0.02043
-0.205955
-0.0882239
-0.0882984
0.0263254
0.0350404
-0.0324654
-0.0183764
-0.0756514
0.0526849
-0.00368451
-0.0712177
-0.0636346
-0.0271037
-0.0216655
-0.0492553
-0.0034797
0.035489
-0.0621468
-0.0171237
0.0144654
-0.0379664
-0.000713657
-0.115298
0.236222
0.176532
0.0397604
-0.000932328
-0.0943173
0.0377924
-0.125003
0.0437621
-0.00108984
-0.0331393
0.00542822
0.0765387
-0.000996534
-0.00554976
0.0348628
0.0219411
0.00120257
0.107061
0.00575151
-0.0114401
0.0406068
0.00326573
-0.0464845
-0.0496352
0.0159415
0.00508176
-0.0683942
-0.0178227
0.0469498
-0.0177784
-0.0370219
-0.0296291
0.0396405
0.047179
-0.00255842
0.00886468
0.0646435
0.033481
-0.0324891
0.0179739
0.0228799
0.0252368
0.0273717
0.0124566
0.0345577
-0.0201343
0.0732008
-0.0418496
-0.094804
-0.0914401
0.0372998
-0.0116872
0.0307434
-0.027558
-0.0495492
-0.00164938
0.000568561
0.0385924
-0.0385292
0.0401266
0.0531919
-0.0244961
0.0427386
-0.015346
0.0456983
-0.00784283
0.016693
-0.015641
0.0219047
-0.0399276
0.00796842
-0.00229747
-0.0269868
-0.0254898
-0.0205524
0.00862151
-0.0442878
-0.0350013
0.0366822
0.00354518
-0.0476404
0.0188083
0.0151762
-0.00154642
-0.0118143
0.0408539
-0.0460507
-0.0345671
-0.0217616
0.0379409
-0.00130297
-0.0482929
-0.0361857
-0.0179122
0.00958327
0.0134685
0.0497212
0.0540994
-0.0438501
-0.0581452
-0.00320252
0.0478403
0.0365716
0.0379834
-0.0224712
0.0297047
-0.0377365
-0.00120087
0.0431839
0.00738785
0.0485023
-0.0266092
-0.0324988
0.008216
-0.0516078
-0.0158713
0.0433353
-0.0113201
-0.0124182
-0.0222498
0.0185087
-0.0346313
-0.00626019
0.037985
-0.0106724
0.0270824
0.0327008
-0.0490542
0.0377912
-0.0139837
0.0255809
0.0305191
-0.0487675
0.00781046
-0.0328955
0.00420938
-0.0287791
0.000486433
0.0144234
0.0197378
0.0311488
0.0173012
0.0117386
0.0280651
-0.00785499
0.0500815
0.0276066
-0.0365303
0.00665453
-0.0258882
0.0152263
0.00109564
-0.0416579
-0.0451526
-0.0353197
0.00937496
-0.0291735
-0.00641812
0.0268816
0.0456771
-0.0200938
0.0155367
0.0316172
0.0440886
0.0413012
0.0102769
0.0346531
0.0172259
-0.0304087
-0.0155822
0.0148135
0.00877814
0.0201676
-0.0369225
-0.0329536
0.022038
0.00173428
-0.0129053
0.0467397
0.0448127
0.0157069
0.0153964
-0.0532452
-0.015118
0.0269788
0.00746924
0.0430908
0.00489704
-0.0257562
0.0901068
-0.057061
-0.0236183
0.0443732
-0.0247176
0.0531157
-0.0105667
0.04742
0.026299
-0.0460859
0.0100534
-0.0258438
-0.00814609
-0.027258
0.0378997
-0.0492233
0.00368399
0.00620915
-0.00130158
0.0366756
-0.0345481
0.0205989
-0.0167615
0.0194086
0.0417671
-0.014016
-0.0239503
0.0179536
-0.0473165
0.0441127
-0.00861477
-0.0669297
-0.0132933
-0.0596324
-0.0480767
-0.0654333
-0.018488
-0.0105061
0.00261919
0.0120029
-0.0386211
0.00649341
-0.00642896
0.00906482
0.00312465
-0.0472804
-0.0272011
0.0269241
-0.0477112
-0.0169492
-0.0287097
0.0421547
0.00418046
-0.0280752
0.0140824
-0.0034621
0.0558637
-0.0219499
0.069719
0.0127404
-0.0232748
0.00994641
0.0475588
0.0926771
0.00297193
0.00985124
0.0589344
0.0149718
-0.111413
-0.0669322
-0.0328456
0.0615914
0.0390113
0.00548364
-0.0166177
-0.0447631
0.0279204
-0.0448682
-0.0595443
-0.00471998
-0.0284238
0.0521442
-0.0312456
0.0313182
0.0255274
0.0187001
-0.0228294
0.0203656
0.0187385
-0.0018122
-0.0485441
-0.0207988
0.0491589
0.031594
0.123169
0.0260303
-0.000518614
0.0047531
-0.034392
0.0492409
-0.00091593
0.0611013
0.0439002
-0.00901665
0.0144679
0.0209749
-0.0326288
-0.0184925
0.00699853
-0.0373119
-0.0409122
0.0541255
0.0540201
0.00217408
-0.0211505
0.00531497
-0.0778579
-0.0287811
0.00314297
0.048202
0.0351427
-0.0325176
0.0324005
0.0463215
0.0291119
-0.00766473
0.0134218
0.0356328
-0.0223521
-0.0075248
0.019744
-0.00795073
-0.00659845
-0.0151538
-0.0287495
0.0194834
-0.0354399
-0.0072595
-0.0289719
0.0214883
0.0302361
-0.0322508
-0.0269031
-0.0208438
0.0430863
0.0175339
0.0332999
0.0644483
-0.0298516
0.0397773
0.00655537
0.00168256
-0.00722615
0.0392899
0.0461013
-0.0209972
0.000173691
-0.0107331
-0.00545405
-0.0459508
0.00826568
0.0457873
0.0440501
0.011962
0.00112169
0.0444902
0.0016469
-0.0492452
0.013828
-0.0145792
-0.00754764
-0.0286979
-0.0161687
-0.0145119
0.000472276
-0.00724687
-0.00051863
-0.00262187
0.0492098
-0.0525217
0.0233414
-0.0287501
0.0186679
-0.0549162
-0.056614
0.0417448
-0.0339047
-0.0207461
0.00109438
0.048007
0.027587
0.0487946
0.0005382
0.00979446
0.0128744
-0.0440508
-0.097502
-0.00980167
0.021974
0.00702653
0.0155467
-0.0160306
0.0187868
-0.261415
-0.178234
-0.224302
-0.0159139
0.0602285
0.0575262
0.0561683
-0.0797322
0.0203101
-0.0664706
-0.0521871
-0.0122826
-0.0570835
-0.0514322
0.0356265
0.0147168
0.04273
-0.0410786
-0.0523047
-0.0249441
-0.0210208
0.0439326
-0.00968529
0.180693
0.129389
0.0745785
0.0225929
-0.119764
0.0668267
-0.0377637
0.0485046
-0.0621467
-0.00218704
0.03739
-0.0472536
-0.0451722
0.035509
0.0947602
-0.0340929
0.00668172
0.14174
0.0119453
0.0934747
0.00281533
0.131586
0.038473
-0.0144073
0.0590522
0.0285905
0.0137413
0.00670044
-0.0730175
0.0132456
-0.101953
0.0291501
0.0360382
-0.0207565
-0.0312959
-0.00389801
0.0631367
-0.0472266
0.0177829
-0.0378259
0.0417651
0.0430476
0.00146391
-0.00481906
-0.0339785
-0.0467333
0.0292136
-0.0171126
-0.174002
0.00260616
0.0383375
-0.0196422
-0.0894147
-0.0518123
0.0602952
0.0197753
0.0158095
0.0368337
0.0153551
0.0084193
0.0169963
0.0259515
-0.0385849
-0.00748626
-0.0441371
-0.0322771
0.0272553
-0.0208263
-0.0275714
0.00357488
-0.0114241
0.0110806
-0.0391886
-0.0329416
0.0505464
0.0155198
0.0335247
0.0358874
-0.0317903
-0.0340806
0.0103506
0.0355972
0.0113919
-0.00993688
-0.0492781
-0.0620785
0.0450569
-0.00475866
0.00874038
-0.0617683
-0.0108337
0.0413309
0.0223159
-0.0176754
0.0485958
0.120926
0.10023
0.054102
0.0923745
-0.0573241
-0.00591726
0.0195146
0.0387047
-0.0455026
0.0295024
-0.0378131
-0.0471778
-0.0318896
-0.0474725
0.0207314
0.0132566
0.0482015
0.00675493
-0.0309076
-0.00801652
0.023459
0.0259023
0.0274544
0.0651476
-0.0266386
0.00831099
-0.0240311
-0.00550817
-0.0125943
-0.0172054
-0.0454575
0.0403927
0.00551456
0.0240495
0.00781371
-0.00734254
0.00388366
-0.00137409
0.0187516
-0.0140681
-0.00327054
-0.0296161
-0.0454203
0.00338107
0.0120014
-0.0157887
-0.00836562
-0.0272136
0.0397919
0.0637768
-0.0023541
-0.00470897
0.0105996
-0.0421557
-0.0222961
0.00925996
-0.00996009
0.0642335
0.0362939
0.0311386
0.034444
0.00330098
0.0181855
-0.0129134
0.000748477
0.0437254
0.00152165
-0.000999354
0.0468007
-0.00737917
-0.0109979
0.0405476
0.0481537
-0.0138482
-0.0197598
-0.0133815
0.0340896
0.0576884
-0.0470371
-0.00244245
-0.0326218
-0.0147045
-0.0554233
0.0326219
0.0138254
-0.0674497
0.154518
-0.0214032
0.0401493
-0.0138947
-0.0589357
-0.0362772
-0.00296689
-0.0469032
0.0330453
-0.0410479
0.0599505
0.0775925
0.0420168
0.0712726
0.0141864
-0.0254998
0.0145765
-0.0102085
-0.023977
-0.0564658
-0.0800104
0.00175393
0.0938094
0.136041
0.0180624
-0.0281442
0.0529742
0.0729245
-0.0187623
-0.0506022
0.0313578
0.0693948
0.0273226
-0.032202
0.00338846
0.0529571
-0.0267004
-0.0335966
-0.0599913
-0.108609
0.00123729
-0.144984
-0.0228491
0.0149108
-0.0119747
0.0325014
-0.024034
0.00391645
-0.000747738
-0.0468941
-0.00805527
0.0632881
-0.0496483
-0.0849096
-0.0187156
0.00577295
0.0175223
-0.0338476
0.0121733
-0.102488
0.104606
0.0053466
0.103736
0.0189637
0.0422684
-0.0432124
0.0852048
0.0224907
-0.0160361
-0.0581199
-0.0349627
-0.0764153
-0.020323
-0.0659797
0.000159843
0.00306026
0.0563603
0.0163471
0.023276
-0.0531395
-0.0240086
0.014002
0.0236716
0.0721175
-0.0294279
0.118585
0.0902285
0.0305243
0.0530378
-0.0587603
-0.18808
0.00931145
-0.0295279
0.156777
0.0245775
0.00119906
-0.00239193
0.0218517
0.0475226
0.0269191
0.228131
0.0484661
0.142382
-0.0466224
-0.0742683
-0.061612
-0.0617693
0.00838935
-0.0409707
0.0859462
0.0574272
0.0512233
-0.0073712
0.0037054
-0.0601286
0.0912383
-0.0818811
-0.0268182
-0.0434728
-0.0777257
-0.0373703
-0.0420453
-0.0467656
-0.0053741
-0.0865249
0.0192909
-0.0137077
-0.035828
-0.0270946
0.0272391
0.0064711
0.042841
0.0276718
-0.0090102
-0.035174
0.0251005
0.000153896
0.0297378
0.00464381
0.0101558
-0.0329786
-0.00487667
0.045803
0.0159795
0.00362861
0.027888
-0.0367656
-0.0262834
-0.0298987
-0.0391616
0.0367759
-0.00642281
0.0205778
-0.0459695
0.0148644
0.0495411
0.0130389
0.00070328
-0.0321891
-0.0234663
-0.0309311
0.00746171
-0.0190522
-0.0188562
0.017286
-0.0205535
-0.0222752
0.0393868
0.0414312
0.00446217
0.0129274
-0.0159922
0.020467
-0.0381733
-0.0156155
0.046171
-0.0182531
0.0316078
0.025548
-0.0155328
0.0129238
0.00474301
0.0465846
-0.00954022
0.0112837
0.0332303
0.0272901
-0.0048772
-0.0285095
-0.0347374
-0.0384934
-0.0613815
-0.0135095
0.0225431
-0.0458987
0.044397
0.00917142
-0.0327791
0.0320109
-0.0371278
0.0409832
-0.00733017
0.0627363
0.0197004
-0.0231437
0.0133119
0.0510527
-0.056237
-0.00971053
-0.00161968
-0.0444313
0.0626632
0.0392109
0.0136847
0.00125868
-0.0582582
-0.053263
-0.0588331
0.0245491
-0.0288074
0.00199053
0.0381194
0.00536675
-0.0188841
0.00270766
-0.0427435
-0.0208147
-0.0360705
0.0424508
0.0420859
-0.0509084
0.0429158
0.00834493
-0.0165715
-0.0710694
-0.11495
0.00031958
-0.035269
0.0748648
-0.0541612
0.00549275
0.00829084
-0.000394596
-0.00723996
0.0366371
-0.0306668
0.0287078
0.0216349
-0.0531773
-0.0132316
0.00203807
-0.0415698
-0.00248983
-0.0716913
0.0320763
-0.00120206
-0.0432945
0.0463779
0.046505
0.0344917
0.00740431
0.00972261
-0.0308186
-0.0438276
-0.00856521
0.0282851
0.0247228
-0.0115708
0.0463708
-0.00579546
-0.0495176
-0.0339609
-0.0519002
0.0436386
0.0483689
0.00535342
0.00757795
-0.0265487
0.0388397
-0.0442778
-0.0248671
-0.0133653
0.0410104
0.0209771
-0.0283905
-0.018672
-0.029517
0.00125748
0.0334841
-0.0250836
0.0142451
0.0402925
-0.043808
0.0383108
-0.094871
0.0138237
-0.0225921
-0.0463702
0.050736
0.0249623
0.0269261
0.0132073
0.0436837
-0.0497781
0.0237204
-0.00603469
-0.0349404
-0.00530077
0.00370304
-0.0133075
0.0165462
0.0320547
-0.00308776
0.0236386
0.0747934
0.0397695
-0.0288828
-0.0297419
0.0423653
-0.0336535
-0.0134176
-0.0208147
-0.0252612
-0.0156334
-0.0303952
0.0020665
0.021209
-0.0297901
-0.0396238
-0.0527098
-0.071024
-0.0595325
0.00839799
0.0784083
0.0159268
0.000498772
0.0196719
-0.0240962
0.0124605
0.0633146
-0.00255685
-0.021388
0.00977976
-0.0336092
0.0230878
0.0225091
0.017049
0.0118339
0.0384298
0.00380878
-0.0441817
0.0413766
0.00406278
-0.0457155
0.0349559
-0.0189183
0.0101747
-0.0112323
-0.0160308
0.015969
0.00372416
-0.0236866
-0.0183376
0.0177278
-0.00352211
0.0327472
-0.011229
0.00143538
0.0433121
-0.0397805
-0.0171943
-0.00582231
-0.0370204
-0.0029471
0.0276411
0.0102838
-0.0212375
0.0201051
0.0354794
0.00446807
0.0297198
-0.0435892
0.000451518
0.00681432
-0.0146872
-0.0359173
0.0354582
-0.0453396
0.00619183
-0.0259173
0.00137367
0.0117192
0.0307352
-0.00350932
-0.0402325
0.065193
0.0139725
-0.00115961
-0.0186552
-0.00640164
0.0322752
-0.000882352
0.037712
-0.0139387
0.0267162
0.0280236
0.000595868
0.00982297
0.0192629
-0.0343961
0.0125773
0.0152672
-0.00898275
-0.0139473
0.0170847
-0.00953212
-0.0339864
-0.0551576
-0.0133919
-0.00708125
-0.0163435
0.0472648
0.0321882
-0.0336606
0.0299039
0.0402968
-0.0189686
0.0219761
-0.0544837
-0.0403236
0.00492253
0.0262422
0.0367955
-0.0298575
0.0235529
0.0188626
0.0132162
-0.011331
0.0163048
0.0398279
0.0216982
-0.0279774
-0.0125803
0.0207884
0.0811154
-0.0180891
-0.0681334
-0.0387121
0.0522121
-0.00305616
-0.0145609
-0.0385914
-0.0422868
0.0196014
0.0542937
-0.0148542
0.045204
0.0130074
0.0812688
0.0496722
-0.0337895
0.0478079
0.0478577
-0.00200339
-0.0274658
-0.0619278
-0.0260183
0.00952252
-0.0297998
-0.00593057
0.0325165
-0.0283666
0.0110613
0.0547426
0.0128881
0.0668588
-0.0556369
-0.0522306
-0.0424847
0.0286744
0.0146922
-0.0109093
0.027856
0.0397931
0.0109048
0.0366495
-0.0432036
0.062078
0.0455093
0.0250206
-0.0363657
0.0336217
0.0273417
0.0149958
-0.0338499
-0.00156209
-0.0491638
-0.0372009
0.0597147
-0.0571541
0.0890465
0.0271262
-0.036444
-0.0230952
-0.0254475
-0.0271781
-0.0223629
0.0234069
0.043516
-0.0423332
-0.00802753
0.0361797
-0.0322608
0.0128569
-0.038622
-0.0920053
-0.0336882
-0.0436987
0.00430333
-0.0511144
-0.0120994
0.0336026
0.00814517
-0.00808901
-0.0275155
-0.00223917
-0.040796
0.0279797
0.0469516
-0.0109965
-0.0344987
-0.0465821
-0.00248371
0.0272975
0.0231756
0.0333095
-0.0393415
0.00609877
0.0118427
0.0329987
0.0238748
-0.0424626
-0.0159607
0.0102751
-0.00110805
0.0102644
0.0369429
-0.0125892
-0.035945
0.00503373
0.0301858
-0.0339551
0.042401
0.0176756
0.0270842
0.0115103
-0.0353587
0.00792536
-0.010845
0.0287618
0.0450846
-0.011258
0.0105024
0.0038264
-0.0282894
-0.0358952
0.0284345
-0.0287101
-0.0118519
-0.0416054
-0.0369882
-0.0416791
-0.0346047
0.0206443
0.0068731
-0.0465619
0.023555
0.0122653
-0.0142692
0.0336547
-0.0286357
-0.00626189
0.0334436
0.029674
-0.0115552
-0.0421174
-0.0370501
0.0369369
0.039242
0.0425646
-0.0364869
0.0292309
-0.00230632
-0.0109755
0.0161087
-0.0108368
-0.00254294
-0.0300148
-0.00899749
0.0147398
-0.0222726
-0.0451936
0.0020313
0.00880446
-0.0383446
0.0374979
0.0327166
-0.0190087
0.0225324
0.00598837
-0.0302788
0.0195875
0.0405492
-0.0359395
-0.0762288
0.0265328
0.0505807
0.0309595
-0.0380723
-0.0602285
0.0394907
-0.0337219
-0.0454622
-0.00075634
0.00832918
-0.0316071
-0.131246
-0.0499736
-0.0701095
-0.0193209
0.0739931
0.0246405
0.0288717
-0.0200962
-0.0108185
0.0541803
-0.043084
0.0405046
0.0493825
0.0503014
-0.0897984
-0.0273633
0.00892409
0.0162588
-0.0559027
-0.0134134
0.0409539
0.0593377
0.0372205
0.138942
0.0660593
0.0705614
-0.0300492
-0.0809073
0.0320752
-0.0576307
0.0297316
-0.0199307
0.0325102
0.0617305
0.0375947
-0.00574962
-0.0404364
0.0124524
-0.0319983
-0.0182798
0.0364468
0.0638461
-0.0588854
0.0159911
-0.011033
-0.0451168
0.0478522
0.0441199
-0.00874173
-0.0483043
-0.0380894
-0.0667443
-0.0375266
0.0194357
-0.0384525
-0.0125931
-0.0728135
-0.0291606
0.0267975
-0.0193976
-0.0242085
0.0377303
0.04762
-0.0168491
0.0712404
-0.0338777
0.0265489
0.0481426
-0.0123436
0.0596511
0.0439479
-0.0383442
-0.0702679
-0.0754552
0.00675548
-0.0505037
-0.000857137
-0.00953425
0.0296653
0.0226941
-0.0124875
0.0349652
0.0125884
-0.0819256
0.0360358
-0.0205645
-0.0151156
0.0254946
-0.0414332
0.00311102
-0.00486765
-0.00464687
-0.00156252
0.000447223
0.0352247
0.0132071
-0.0371977
-0.0446374
-0.0322203
0.00768373
0.0317547
-0.0217163
-0.00510314
-0.0079773
-0.048658
-0.0253773
0.0567326
0.0222537
0.00732134
0.00281197
-0.00160036
-0.0033212
0.0209802
-0.00996713
0.0583279
0.0165529
0.0336801
-0.0395319
-0.0337494
0.0290884
-0.0564619
-0.0781186
0.0169101
0.0622212
0.0237563
0.00274825
-0.00796863
-0.0399873
0.0135548
-0.0424606
0.0125334
-0.00208404
0.0348592
0.0492331
0.064889
0.0415441
0.0451263
0.0113903
0.0211498
-0.0478468
0.0299281
-0.015114
0.0353865
-0.0311177
-0.0267922
0.0021242
-0.0115798
0.0372742
-0.0249325
0.00882862
-0.031715
0.023737
-0.0190818
0.00643284
0.0454004
-0.00119459
-0.0257028
-0.0452405
-0.00253819
-0.0150296
-0.0183093
-0.0298848
-0.0134741
-0.0123842
0.0110519
0.0392084
-0.000283861
0.0511873
-0.0117299
-0.02656
0.00376171
0.00677793
-0.0116331
-0.0420076
-0.0230316
0.000298146
-0.00240392
-0.0407143
-0.0103366
0.0453994
-0.0259037
-0.0207362
0.00824693
-0.0321531
-0.0612283
-0.0113518
0.0510151
0.0424262
-0.0419512
0.0270384
0.0366115
0.0436106
0.0170357
0.0129572
-0.000169787
0.0097649
0.000619588
-0.00141955
0.00096744
-0.0453399
0.0137193
-0.0425348
-0.00569588
-0.00795074
-0.00836659
0.0339326
0.000315463
0.0392567
-0.0679165
0.0137228
-0.0217624
-0.0136397
0.0057945
-0.0142938
0.0519433
-0.0496741
0.0447485
0.0405901
0.0221319
0.00748094
0.0213335
0.0130211
0.0319385
0.0421601
-0.00505051
0.0199578
0.0579415
-0.0213612
0.0143645
0.00943378
0.0263158
0.0264882
-0.00166354
0.00290721
-0.0126094
-0.0537805
0.0241667
-0.0294749
0.000273655
-0.029736
0.0107215
-0.0445197
0.0168638
-0.00286766
-0.00659196
-0.0795015
-0.0273411
-0.0241051
-0.0211746
-0.0140497
-0.0468136
-0.0115336
-0.0151246
-0.0138096
0.0374494
-0.0191925
-0.00777483
-0.0283358
-0.04618
-0.0055663
-0.0211288
0.0218047
0.0319373
-0.0358516
0.0520695
0.00725228
0.00783271
0.0338222
0.035196
0.0284162
-0.0501498
-0.012263
-0.022667
0.0523863
-0.029
0.0574887
0.0261263
-0.0216222
0.0470962
-0.0384826
-0.00758777
-0.0564845
-0.00178604
0.017098
-0.0575696
-0.0498045
-0.00725428
0.0628108
-0.0124388
-0.0341586
-0.0415187
0.0366277
-0.0199018
-0.0238977
-0.0508284
-0.00196332
-0.0144404
-0.00890577
0.0177674
-0.024314
0.00286885
-0.0330305
0.0366118
-0.0389266
0.0369949
0.0389842
0.0086011
0.0152019
-0.0423711
-0.0198556
-0.00105544
0.00363364
0.00930686
0.00274704
0.042604
-0.0367582
-0.0290024
-0.0241833
0.0279103
0.0475017
-0.0832101
0.0139883
-0.052016
0.0602586
-0.00882551
-0.029833
-0.0128325
0.00887807
-0.0691961
0.00837191
0.0327709
0.0390815
-0.0466722
-0.0141413
0.0325228
0.0257312
0.0249628
0.0317389
0.00965852
0.0446586
0.0473918
-0.0373619
-0.00961102
-0.00875078
-0.00374147
-0.0306762
0.00287268
-0.0228857
0.0177732
0.0118552
-0.0144134
-0.0102386
0.0118787
0.0241539
-0.0329929
-0.0339229
0.0323073
0.0400985
-0.0159905
-0.0144906
-0.0295975
-0.0235214
-0.0432923
0.0263228
0.0252304
0.00553818
-0.0363004
0.0108137
-0.0200133
0.0346352
-0.0331154
-0.0327034
-0.00609294
-0.03251
-0.00804197
-0.043226
-0.0335326
0.0328019
0.0114667
0.034535
0.0475493
0.0301719
-0.0230288
0.0309604
-0.0318664
-0.0408412
-0.0468662
0.0165841
0.0195032
-0.0443543
-0.0235107
-0.00666731
-0.028347
-0.0315396
0.0123561
0.0359868
-0.0717729
-0.0339544
-0.0246939
-0.0158116
-0.0202706
0.0321123
-0.00736524
-0.0380639
-0.00529552
0.016602
0.0182077
0.0120971
-0.00709434
0.0156854
-0.0114101
0.0372663
-0.0329633
-0.0436587
0.0386462
-0.0590001
-0.00767217
-0.0337431
0.0283542
-0.0124959
0.0260008
0.02619
0.0186743
0.00872023
0.0280081
0.0244007
0.0218051
-0.0476935
-0.0496
0.0286081
-0.0431896
0.0151556
0.0568751
0.0359834
-0.0528975
-0.0052175
-0.00548103
0.0148103
-0.0590178
0.0276086
0.0184058
-0.0194634
-0.00169419
0.0309095
0.0557308
-0.00122599
-0.0032464
-0.0270802
-0.0197559
-0.0220013
-0.0105999
0.00788732
0.0274494
-0.00396843
-0.0263261
-0.0230658
-0.00313766
0.0368338
-0.0338435
0.0346689
-0.0208135
-0.0448568
0.0375874
-0.00499265
0.0574185
0.0232799
-0.044509
-0.0420569
-0.0339144
0.0258694
0.0325987
-0.057915
-0.0313729
-0.0148517
0.014708
-0.057736
-0.0121917
0.00253724
0.0121923
0.0438928
0.0252029
-0.0464467
-0.0102155
0.00220474
0.0496157
-0.00996234
-0.0562797
-0.0419622
0.0433278
-0.0265378
0.00346245
-0.0265592
-0.031181
-0.00383044
0.000692293
-0.00548529
0.0216699
-0.0253325
0.0530198
-0.0109761
0.0419184
0.0167998
-0.0116893
0.0367392
-0.0492535
0.00615082
-0.0439914
-0.0019903
0.00320297
-0.0329683
-0.0272189
-0.0425169
0.0441716
-0.0127789
0.00245585
-0.0218165
0.00298741
0.0300737
0.0085254
-0.0246844
0.00881347
0.0348069
0.0132381
0.0317559
-0.015508
0.0475295
0.00389251
-0.0267256
-0.0407978
-0.0247209
0.0450151
0.00753374
0.0383741
-0.020312
0.0546077
0.0144781
0.0293387
-0.0103545
0.0176304
-0.0155892
-0.0187983
-0.0109802
-0.0219987
0.0066419
0.0102544
0.00845081
-0.0325871
0.0344748
-0.0375984
-0.0454434
0.0348454
0.0256603
0.042032
-0.000121514
-0.00270912
0.00662626
-0.0263142
0.0197217
-0.00688331
0.0326534
0.021765
0.00316055
-0.0204071
-0.0373123
0.0457557
-0.0282066
0.00435068
-0.0156922
0.0225193
0.0227805
-0.0210407
0.0110679
0.0443942
-0.00946767
-0.0373205
0.009545
0.00931569
0.0186593
-0.029862
0.0185561
0.0331934
0.00969082
-0.0204354
-0.0362726
-0.025496
0.0142253
-0.0177197
0.0322203
0.0233459
-0.0217125
0.0112591
-0.0170046
0.0310424
-0.0385203
-0.0239233
-0.0123169
-0.0283401
-0.0146835
0.0183186
0.0399242
-0.055024
-0.0108229
0.0408977
-0.00775997
0.0338905
0.0060293
-0.0483633
0.0330812
-0.0426549
0.0344491
0.0175443
-0.0472929
-0.021837
0.00279041
0.0296996
0.0444766
-0.0146925
0.0601889
0.0180846
0.00602205
0.0392409
-0.0385408
0.00563596
0.0542749
0.0487274
0.00996117
-0.0183096
0.0425857
0.0181395
0.00628295
0.0360561
0.0228699
-0.0373749
0.015158
-0.0431556
-0.0371905
0.0128264
0.00282646
-0.0372561
0.00500285
0.0169356
0.014362
-0.0417155
-0.0533676
-0.031049
0.0342462
0.0171294
-0.0171906
0.00317093
-0.00587804
0.00719842
0.0181872
-0.0269629
-0.00150435
0.0162181
-0.0230556
-0.0278536
0.0393872
0.00915805
-0.0324712
0.000990401
-0.00298315
0.0217729
-0.0222587
0.037272
0.00475359
0.0249964
0.0102387
-0.0484487
-0.0102346
0.0131209
0.0364029
-0.0272279
-0.0243633
-0.0100466
0.0254699
-0.0441252
-0.031218
0.0947023
-0.0934288
-0.0160162
0.00926387
-0.012736
-0.034066
0.0284286
-0.0120135
0.0103011
0.0349124
-0.0118497
-0.0778885
-0.0419957
0.00727966
0.0617104
0.0277352
0.00983786
-0.0358358
0.0218051
0.0361254
0.0183632
-0.0241538
0.0509873
-0.0551925
-0.00320852
0.0198917
0.0388383
0.0276599
0.0318864
-0.0321916
0.0394551
0.0280456
0.0136087
0.00504073
-0.0305885
0.00089703
0.0292062
-0.0419305
-0.00620307
-0.0108281
-0.00981085
0.0389152
-0.0165345
0.0424476
0.00789256
0.000383696
0.0414307
0.044031
0.00318697
-0.0379186
0.0151652
0.0574945
0.00232432
0.0183689
-0.0352981
0.0134375
0.0282978
-0.045019
0.0230746
-0.0379137
0.0387851
0.0106581
-0.0420222
0.0259789
-0.00587738
0.00426299
0.0442105
-0.0452746
-0.00306027
-0.00257789
-0.0332796
-0.0203375
0.00696589
-0.0180417
0.00699651
-0.0416653
-0.0374443
0.0449463
-0.0440873
0.0120404
0.046394
0.0474206
0.0262596
-0.0442777
0.00218565
-0.0288808
-0.0410791
0.0186434
-0.0149601
-0.00735228
0.0279477
0.00834125
-0.00184034
-0.0215597
0.0461195
0.0381957
0.00638404
0.00731805
0.0135646
0.0445964
-0.0366456
-0.0370177
-0.040903
0.0244466
-0.016782
-0.0296193
-0.04023
0.0192367
-0.00128268
-0.0031291
-0.0261583
-0.013283
-0.0376575
-0.0111353
-0.0422516
0.017924
-0.0359531
0.00629387
-0.024145
-0.0486798
0.0371963
0.0141493
-0.0323082
-0.00748598
0.0456201
-0.0572343
0.0499874
0.0352302
-0.000589708
-0.0155818
-0.0411518
-0.025553
-0.0129288
0.0668074
0.013695
-0.00216317
0.00675664
0.0249688
0.0307976
-0.00987469
-0.114635
-0.0345368
-0.0230089
-0.0286026
0.0264594
0.0338211
0.0320031
0.042932
-0.0242745
-0.0127392
0.0433599
0.0119014
-0.127227
-0.0703753
0.0167841
-0.0174506
2.23864e-05
-0.0736251
-0.0177464
-0.0424313
0.0198325
0.00293291
0.0305691
0.00534681
-0.00136057
-0.0131965
-0.0394842
-0.00132702
-0.0289808
0.0196373
0.00362761
0.0303452
0.0114942
0.0526894
-0.0615672
0.0866859
0.0580242
0.0549591
0.0293964
-0.0753847
0.0123739
-0.102904
0.0354152
0.00593594
-0.0534224
-0.0250405
-0.0383275
-0.0515577
-0.000290236
0.109975
0.0221894
-0.0526121
0.0777121
-0.0250215
-0.034702
0.00526492
0.0459675
0.0229876
0.0127404
-0.0303126
0.0353466
-0.0611388
-0.0374785
-0.0287145
0.014921
0.00185095
0.00743585
0.0280685
-0.0235875
-0.0131356
-0.00841068
-0.044071
0.0539631
0.0296849
0.0130069
0.0416843
-0.00151707
-0.00415563
0.0254177
-0.000955374
0.00512828
0.0390516
0.0294985
-0.00901288
-0.0708881
0.0350367
0.0365834
-0.0450539
-0.058136
0.0268733
-0.0285622
0.0489021
-0.0481768
-0.047175
-0.0443731
-0.0297548
0.0304493
0.0487192
0.00808303
0.0480071
0.00511406
0.0219251
0.0484012
-0.0312565
-0.00553766
-0.0314342
0.0446268
-0.0295299
-0.0353381
0.00969368
-0.0360325
0.0018066
0.00229281
-0.0223719
-0.0491567
0.033816
0.00311638
-0.00635077
-0.0192328
0.0312348
-0.0197222
-0.0415793
0.00936735
0.0191527
-0.0421389
-0.035833
-0.0763043
-0.028813
-0.0319781
-0.0220705
-0.0243763
-0.00667174
-0.0552573
0.0342507
-0.0178461
0.0197519
0.0135329
-0.0436741
0.000838161
-0.0274547
0.0241114
-0.0289803
0.0287177
0.00220555
-0.0279501
0.0383503
-0.00216799
-0.0460557
-0.0455413
-0.012184
-0.00543009
0.0102053
-0.0473114
0.0627013
-0.00425992
0.0388441
0.0125208
0.0102108
0.0265104
0.0335904
0.0100319
0.0429358
-0.0103913
-0.0266728
-0.0183314
-0.0221501
-0.0359238
-0.00801062
0.00632539
-0.020883
-0.0434497
-0.0122251
-0.0117739
-0.0423199
-0.00123031
-0.0310578
-0.0225685
-0.00505013
0.00902452
-0.0294987
-0.0248151
0.00990979
0.040472
0.0387112
-0.0481196
0.00772569
0.0227913
0.0012379
0.0252645
0.00159314
-0.025967
-0.00293425
-0.0235378
0.0134175
-0.0343934
0.027133
-0.0320582
-0.0100457
0.00549701
0.0350429
-0.0355581
-0.00641338
0.0488602
0.0283558
-0.0391489
0.0450812
-0.0232486
0.0210886
-0.0018331
0.0463927
-0.0325445
0.0112069
0.0369099
-0.0200833
-0.0300335
0.0398692
-0.01827
-0.0158952
0.0157497
-0.0411262
-0.0445127
-0.0012638
0.041081
0.000373807
0.00143905
0.0217908
-0.00066447
-0.0114999
0.0421012
-0.0573546
-0.0477738
0.0140665
-0.0117734
-0.0540363
0.0382248
-0.027389
-0.0144086
-0.0493973
-0.0148043
-0.00573806
0.0111801
-0.0483385
0.0519357
-0.033475
-0.0132437
0.0312132
0.0254636
0.00197456
0.0323866
0.0107684
0.0421332
-0.0870973
-0.0478646
-0.0303222
0.00952967
-0.0469639
-0.0612587
-0.0366471
-0.0540599
0.00922869
-0.0388766
-0.0458931
-0.00107325
-0.0169542
-0.0203671
-0.0285898
-0.0297959
0.0400831
-0.0457183
-0.0166878
-0.0998559
0.000809682
-0.00274226
-0.0542903
0.0416953
-0.0838589
0.0017045
-0.00269551
0.029477
-0.0255962
-0.00782229
0.00110559
-0.0108547
0.011647
-0.030645
0.0540444
0.0402017
0.00138303
0.011765
0.0362647
0.0659335
-0.00204216
-0.00376552
-0.061488
0.033055
-0.00381806
-0.000553581
0.0461125
0.0247258
-0.0302547
0.00872889
0.0249294
-0.0105266
0.00662983
-0.0408922
-0.00287363
0.0128005
-0.0149371
0.00830563
0.0284293
0.042519
-0.00367384
0.0313219
0.0376365
0.010807
0.00165089
0.00119687
-0.0493903
-0.00595305
-0.0675244
-0.00140652
-0.0168021
-0.0323023
-0.0220799
-0.0178941
-0.0363701
-0.0359834
-6.18637e-07
0.0512065
-0.0140076
0.0153542
0.0369594
0.0379049
0.0301664
0.0457409
0.016694
0.0208712
-0.0475371
-0.020861
-0.0452105
0.010515
-0.00345763
-0.0422281
0.0436458
0.00206667
-0.0258104
-0.00877243
-0.00319667
-0.000761258
-0.0258503
-0.0159916
-0.0042383
0.015236
0.0474596
-0.00971665
0.0359559
-0.0466234
0.034225
0.0141002
-0.0092154
0.0263315
0.0225229
-0.0385432
-0.0370609
0.0251222
0.00839137
-0.0437831
-0.0150118
-0.0421512
0.0444658
-0.00853642
0.0597995
0.0324872
-0.0018922
-0.0441385
-0.00352002
-0.0215137
0.0215703
-0.0391184
-0.0400775
0.034235
-0.00713497
0.0446595
0.033338
-0.0315119
-0.00251077
-0.0308335
-0.0418518
0.045048
-0.00228842
-0.0343585
0.0210327
-0.0400333
-0.018561
0.0361608
0.0261532
-0.00839317
0.0395516
0.0349137
0.0293105
0.0667503
-0.0517362
0.0184289
0.0261587
0.0231842
0.00996226
0.0338307
0.0385726
-0.0660677
-0.0462977
-0.00325547
-0.0297507
0.0195736
0.0368543
-0.0214134
-0.0808177
0.0157614
0.00021617
0.0244346
-0.0111825
0.0290798
0.0463936
-0.0411684
0.0197933
-0.0316772
0.0360933
-0.0227361
-0.110203
0.0154617
-0.0788731
0.026263
-0.043505
0.0307992
-0.0116939
0.0333483
-0.00680526
0.00502744
-0.0233377
-0.00464442
-0.0301382
0.0380457
0.0107387
0.012343
0.0314207
0.0334454
-0.0498664
0.0119778
0.0244084
-0.0178859
0.0379024
-0.00439084
0.0952662
0.00843418
-0.0116073
-0.0379361
-0.00130388
-0.0074785
0.0335672
-0.0421064
0.0141137
-0.0198844
-0.0084291
-0.0494281
0.00272696
-0.0182222
0.0198584
0.0477859
0.0124204
-0.0372283
-0.0402193
0.0295086
0.0371175
-0.0260556
-0.0303113
0.0681975
0.00456429
0.041075
0.0473617
-0.0394456
-0.0348887
0.00991879
0.0406024
0.0376446
-0.0413258
-0.039736
-0.0539547
0.0466745
0.0517479
-0.0499198
-0.00344233
0.0497387
-0.0207467
-0.0392117
0.00700781
0.0156109
-0.0187303
-0.000267891
-0.042974
0.00904579
-0.0452645
0.0171882
0.0503281
-0.00191759
0.00150037
-0.0294097
0.022426
-0.00524518
-0.0481437
0.0372378
-0.0328921
-0.0271741
0.0350696
0.00595043
-0.0204041
-0.0147198
0.0190877
-0.020804
-0.00492671
0.0246126
0.0260111
-0.0413606
-0.0136763
-0.0343771
0.016103
0.0504822
-0.00406245
0.00160741
-0.0464845
-0.0438661
0.0262974
-0.0343857
0.0124035
-0.0144682
0.0257459
-0.0518624
0.0353371
-0.0250922
-0.0119317
0.0411639
-0.0249038
0.0319422
-0.0221831
0.0304674
0.0469823
-0.0139304
0.0121663
0.0453303
-0.0321719
0.0491701
-0.029494
-0.00986291
-0.00480071
-0.0171413
0.041486
0.0030117
-0.0514175
-0.0159993
-0.00582032
0.043621
-0.0460466
0.0345219
-0.0434423
-0.0387351
-0.0570071
-0.0339207
-0.0155704
-0.0301239
-0.0420835
0.0236401
0.0254833
-0.0349905
-0.0137256
0.00288855
0.0119443
-0.0436459
0.0452844
-0.0102936
-0.0284949
0.0211734
-0.0414984
-0.0162089
0.035233
0.0408772
0.0199091
-0.000689269
-0.0338782
0.00995965
-0.01178
0.0413963
0.0301851
-0.0433507
-0.00829323
0.0187424
0.00307159
-0.0246998
-0.00874889
-0.0372002
0.00465973
0.0473472
0.0180938
0.00460257
0.0224229
-0.0323573
-0.0361771
0.0472694
-0.0175913
-0.0215372
-0.0331537
-0.0336325
0.0312793
-0.0438622
0.00659837
0.0172255
0.0449762
-0.039323
-0.0332945
0.0240219
0.0415409
0.00999332
-0.0110052
0.025671
-0.0358602
-0.0227238
-0.00559953
0.02754
0.00273349
-0.00150469
0.0333013
-0.0234778
-0.0151062
-0.0402024
0.0180789
-0.0277796
-0.0135905
-0.024686
0.0280423
-0.0013512
-0.00875866
-0.040319
0.0374147
-0.0739644
0.00864321
-0.0442038
-0.00533121
0.0179556
-0.0135874
0.0264535
0.0574109
-0.0054483
-0.0217222
0.00476122
-0.0326629
-0.0149473
0.012586
-0.0513572
-0.0267696
-0.0282359
-4.52169e-05
0.0111615
-0.0491653
0.0302988
0.0450015
-0.0113213
-0.0148832
0.0306347
0.019126
-0.00377608
0.00234176
-0.00511776
-0.0495306
-0.0621881
-0.0335842
-0.00598533
-0.00370067
0.048689
-0.0285274
0.0268536
0.0452673
-0.0110558
0.027875
0.0384092
0.00598115
0.0286995
0.0132406
-0.0542044
-0.0521277
-0.0298712
0.00740677
-0.0192212
-0.0264013
0.0623545
-0.0393076
-0.0178814
6.65818e-05
-0.0418908
0.0383532
0.0151447
0.0350532
0.0363682
-0.013726
-0.0220382
-0.0505122
0.0180138
-0.0344136
0.0672801
-0.0254519
0.0418208
-0.0482162
0.0094469
-0.0132935
-0.0459744
-0.0215094
0.076548
0.036356
-0.00468103
0.0197664
0.0773798
-0.0512539
-0.0200995
-0.0315469
-0.00704846
0.0479326
0.0162214
-0.0490687
-0.0174067
-0.00854576
0.0101105
-0.00485766
-0.0414773
0.0433108
0.026787
-0.000788715
-0.04961
0.0272194
-0.0551213
0.00266027
0.0560083
0.00506487
-0.0511988
-0.0427231
-0.0275885
0.0119341
-0.0430676
0.00112729
-0.0189675
-0.0126402
0.0269224
0.0488811
0.00311746
0.0193917
0.0355937
0.00595657
0.0484399
-0.0106797
-0.0389472
0.00459724
-0.0478127
0.0280654
-0.0406334
-0.0418161
0.0448651
-0.00230807
0.00870567
0.045977
0.0276968
0.0358596
-0.0249909
-0.00102867
-0.0269912
0.0220392
-0.0182845
0.0222647
-0.0201043
-0.0299844
-0.0163278
0.0422853
0.0231009
-0.02763
-0.0175465
0.0343925
0.03471
0.00109851
0.043671
0.00813065
0.0457833
-0.0149083
-0.0392396
-0.019024
0.0138817
0.00361707
0.000420887
-0.0411547
-0.0465052
-0.00940713
0.0470013
-0.0245594
0.0342186
-0.00617282
-0.0458049
0.0347039
-0.0234216
-0.0158328
0.0143475
0.0445085
-0.0474575
-0.0209145
-0.0313173
0.0234373
0.0469469
0.0187503
-0.00845133
0.000202371
0.0283666
-0.0035252
0.0225065
-0.0266024
-0.0353973
-0.0288459
-0.0124552
-0.0346903
-0.0236062
-0.0217713
-0.0430299
-0.00758012
0.00909749
0.0228696
-0.0221116
-0.0114734
-0.00644729
0.0369692
-0.0539673
-0.0360665
0.0179636
0.0191793
0.00166356
0.00565723
-0.00576513
-0.0157149
0.0220046
0.000256101
-0.0337296
-0.0234772
-0.0306154
0.0506113
-0.00878406
0.057654
0.0126564
-0.00302857
0.0226341
0.024968
-0.0190016
0.0194922
0.00759639
0.0384319
0.0497104
0.00686686
0.0207149
-0.0361768
0.00611932
-0.00623359
-0.00879621
-0.0520961
-0.0442503
0.0448358
-0.0259211
0.00208679
-0.0407547
0.0190094
-0.020971
0.00450423
-0.022525
-0.0641075
-0.0181361
-0.0481724
-0.0346146
0.0233494
-0.0618582
-0.0370535
-0.0344335
0.021987
-0.0354395
0.0301017
0.0106743
-0.0370818
-0.083376
-0.0109785
0.0516461
0.00884816
0.0271824
0.0159355
0.0294263
-0.0279416
0.0154109
0.0124366
0.040104
-0.0523822
-0.0481769
0.0360981
-0.0309441
0.0406099
-0.0390552
-0.0216314
0.0179896
-0.00311597
0.0503196
0.0472917
-0.0229652
0.0271781
0.0297504
-0.0478265
0.0469872
0.0167273
0.0502385
-0.0057884
-0.0369292
-0.00245398
-0.0359903
0.0412985
-0.0236391
-0.0578377
0.00335327
-0.041694
0.0296573
-0.0274609
0.0522815
-0.0660474
-0.000671816
0.0115596
-0.011845
0.00291512
0.0309123
0.0122172
0.0273493
-0.00807122
0.0193894
-0.00315614
-0.022212
0.0217108
0.0381535
0.00449798
-0.0345495
0.0401543
-0.0298885
0.0156742
-0.0193195
-0.0255762
-0.0112261
0.0311766
0.019177
-0.021244
-0.0227516
-0.0841689
0.0346978
0.029584
-0.00231682
0.0235014
-0.0618985
-0.0305759
0.00730793
-0.0419193
-0.0206736
0.0600619
-0.016883
0.0724602
0.0333745
-0.0353057
-0.0209158
-0.016547
-0.0247363
0.0105402
0.042721
-0.0469959
-0.00722119
-0.0148971
-0.0450741
-0.0393258
-0.0432154
0.0335399
0.0279574
-0.0249612
0.0131235
0.033963
-0.0062923
0.0485595
0.0252212
0.0396085
0.0534175
0.0259216
0.0281792
0.00923555
-0.0406651
0.0454371
-0.0322855
-0.02389
-0.00934788
0.0545406
0.0292792
-0.0315363
-0.0354762
-0.00838642
-0.038355
-0.0314108
-0.00403109
-0.0128537
0.0350631
0.0185464
-0.0210755
-0.0170412
0.0394033
0.0243605
-0.00179736
-0.0201151
-0.0209944
0.0287777
-0.0328979
0.0353168
0.00800518
0.00436541
-0.00727892
-0.0271914
-0.00224616
0.0132124
-0.0298903
0.0389796
-0.0211077
0.00973974
0.0350656
-0.0311522
-0.00622115
0.0289583
0.0246832
-0.0209656
-0.00491507
0.0285054
-0.0157086
0.0164682
-0.0228307
0.0371422
0.0458445
0.0301765
0.020708
-0.0206471
0.0422492
0.0409629
0.0175324
-0.032737
0.0102385
-0.0526834
-0.0442851
0.0123663
-0.0190602
-0.0172982
0.0220594
0.00589988
-0.0253808
0.0419271
-0.0612659
-0.0151505
-0.0171189
-0.0393051
-0.0181978
0.0395731
-0.00447015
0.0324897
0.0383639
-0.0106226
0.0123797
0.0103694
-0.0132265
-0.00555039
-0.0173191
-0.0306789
0.0321107
-0.021059
0.0381217
0.028299
0.0287368
-0.0106094
-0.011309
-0.0358797
0.00282346
-0.02164
0.0401692
0.0309906
-0.0411746
-0.0482837
-0.0366978
0.00429207
-0.0472207
-0.0292072
0.0148733
0.0176241
0.0139016
0.0506516
0.0194606
0.0115718
0.0337476
-0.0212575
0.0068615
-0.000481062
-0.0931691
0.0219832
-0.0265167
0.00483293
-0.0128253
-0.0657209
0.030604
0.0309409
0.00565538
-0.000668445
-0.021706
0.0136484
0.0439259
0.0152984
0.00513722
0.0386846
0.0426261
0.0399948
0.0232703
0.00311637
0.053437
-0.00074824
-0.038851
-0.0189422
-0.0364452
0.0287327
-0.0194002
-0.0305484
0.0318002
0.0358487
-0.0289206
-0.0241359
0.0218215
-0.00669071
0.0131772
-0.0356085
0.0026297
-0.0085997
-0.0273237
-0.00168701
-0.0353024
0.0101349
0.023547
0.0257006
-0.0284068
0.0020824
0.00556846
0.00636461
-0.0361452
-0.0756362
-0.0384067
0.0159774
-0.0534137
-0.0409259
0.0298863
-0.010048
-0.0480965
-0.0436736
-0.00226206
-0.0308203
0.0434491
-0.020213
0.0289478
-0.0175695
-0.000683807
0.0200727
0.033783
-0.025276
-0.0483496
0.0412988
0.0341812
-0.00731094
-0.00905635
-0.0187791
-0.0054794
0.020025
0.0289781
-0.0428117
-0.0310664
0.0225498
-0.0376259
0.00675973
-0.00803705
0.0150066
0.0431784
0.0336275
0.00709736
0.0370054
0.0208353
0.0375233
0.00973051
0.0111304
0.0381694
0.00126325
0.0434142
-0.0298165
0.0397238
-0.0420427
0.0192926
-0.0162878
-0.0173037
0.00267892
-0.00905889
-0.0359314
-0.0474601
0.0398309
0.0274666
0.0141274
0.00240439
0.0423624
0.025829
-0.0419993
-0.0440918
0.00420619
-0.0223923
-0.0121227
-0.0408857
0.0445853
0.0486399
0.014207
0.00991299
0.0013489
0.0364741
-0.0362509
0.0270185
-0.0100556
0.0442406
0.00242646
0.0295349
0.0310646
0.0531925
0.00925336
-0.0154306
0.00771492
-0.0227144
-0.0356567
0.0448326
0.00545624
0.0150314
-0.0273653
-0.00238128
-0.00595545
-0.031211
0.0450725
-0.0420577
0.153383
0.0167599
0.0256657
-0.039938
0.0173021
-0.0372518
-0.0358117
0.0527953
0.0158609
0.0368866
0.00948686
-0.0252638
-0.160216
-0.121329
-0.0556168
0.00738639
0.0894764
-0.0731053
0.0205071
-0.0613373
0.0574812
-0.0394052
-0.0703746
0.0140384
0.00229601
-0.032604
-0.0993985
-0.0170932
-0.00818431
-0.0600706
-0.0345935
0.0688969
0.00434777
0.0380995
-0.128651
0.225934
0.0544675
0.0973127
-0.0717797
-0.0302087
0.0763614
-0.0654149
0.132612
0.0252582
0.047041
0.121297
0.0890099
0.10171
0.0446245
-0.0296095
-0.00343992
-0.0574522
0.0516112
0.0666573
-0.0313451
0.00164894
0.060067
-0.0018543
0.0519734
0.0753359
-0.00976909
0.0347382
0.00629865
-0.0188993
0.0314997
-0.014791
0.0389576
0.0474479
0.083694
-0.0680763
0.0146224
0.0561855
0.0361762
0.0121005
-0.0472742
-0.0350981
0.0441917
0.00751922
0.00364619
0.0122996
-0.000716045
0.0515986
-0.060962
-0.00175584
-0.102046
-0.0447873
0.0397403
-0.000274772
-0.0240697
-0.0270427
-0.0312182
0.0323177
-0.0222145
0.0342391
-0.0567891
-0.0701343
-0.0143485
-0.0480923
-0.0148175
-0.0372398
-0.041023
0.0292755
-0.0167621
-0.00191934
-0.0222436
-0.0466735
-0.013498
-0.0204986
-0.00539899
-0.0349463
0.0094206
0.00856213
0.0408619
0.0481977
-0.0526601
0.00769065
0.0234532
-0.0287389
-0.0392567
0.0103621
0.0856514
0.071008
0.0243819
0.0221513
-0.0484804
0.0178375
0.099917
0.0185243
0.0394907
0.0312828
0.0826101
0.00783727
-0.0331033
-0.0295081
0.037923
0.0310558
-0.0213248
0.00236494
0.0286018
-0.0113993
-0.00902424
0.0167196
-0.00438523
-0.0311081
0.0144617
0.0162682
-0.0044303
-0.0190203
0.00814264
0.0602303
0.0223068
0.00399072
0.0419256
-0.00360037
0.00520878
-0.00322412
0.0292187
-0.0174402
-0.0320193
-0.0320861
-0.0134043
-0.0364821
0.043591
-0.030139
0.0129223
-0.017303
-0.0228082
-0.0313621
0.0345767
-0.0282179
0.0384405
-0.0261972
-0.0146348
-0.0466581
-0.0278584
0.0481964
0.0169863
-0.0113013
-0.00808814
0.0585823
0.0390791
-0.000139872
0.0434539
-0.0247957
-0.0121819
-0.0298343
0.0479942
-0.0253169
-0.0388234
0.0464473
0.0015931
-0.0292497
0.0400165
0.00322095
0.0241263
-0.0203449
-0.0191008
-0.0125742
0.00151032
0.0172858
0.0352399
0.0287767
0.012531
-0.0132844
0.00985732
-0.0085715
-0.0350357
0.0207873
0.0368176
-0.00569302
-0.0465855
0.044733
-0.0137465
-0.0426321
0.02617
0.00225228
0.0584982
-0.0394147
0.031151
-0.0524202
-0.0408271
0.0147334
-0.0133252
0.0238227
0.0331611
0.0506587
0.0571278
0.0582575
0.042276
0.0399174
0.00668061
-0.0255616
0.0626759
0.0379527
0.0122016
0.0135595
-0.0748401
-0.0039584
0.0815363
0.0837121
-0.037414
0.00158522
-0.0450251
-0.0125392
-0.00268476
0.0198301
0.00349733
0.0458992
0.00645466
-0.0465785
-0.00133929
-0.0306328
0.0232691
0.0441576
-0.0224303
-0.0583796
0.0380977
-0.0230693
0.0483491
0.0325917
0.0205474
0.024458
-0.0586075
-0.0564357
0.0288926
0.0164224
0.0139329
0.0614949
-0.0321927
-0.0517903
-0.0347668
0.0143101
0.00584183
-0.0534229
0.0165461
-0.0468486
-0.0629986
0.0242361
0.0418795
0.00917591
-0.0217921
0.0316754
-0.0243381
0.0261984
-0.0131101
0.0755197
0.00222097
0.0426626
0.0402185
-0.0538096
-0.0386519
0.0203572
0.0176472
-0.0501982
-0.0326459
0.0386497
-0.0285911
0.0223357
0.0283717
0.0326213
-0.00373284
-0.0248379
-0.0256704
-0.0449248
0.0519987
-0.00321619
-0.0250698
-0.0470199
0.0150944
0.0416665
0.00955481
0.0456359
-0.0983523
-0.030548
-0.019081
-0.0479127
-0.044918
-0.043871
-0.0147938
-0.0309474
-0.01657
-0.0519791
-0.0653622
0.000871841
-0.0215961
-0.00343541
-0.0064012
-0.0285469
0.02832
-0.0606771
-0.0657981
0.0328125
-0.00657764
0.0305477
-0.0501445
0.0401521
0.0306374
0.0213759
0.0422537
0.0461437
-0.0527878
0.0155013
0.0381781
-0.0323448
0.0121503
-0.00235686
0.0321523
0.0248998
0.00676701
0.00539524
-0.00633101
-0.0503482
-0.000865961
-0.000657427
-0.0312063
-0.0204537
-0.0183871
-0.0437702
0.0489285
0.0305667
0.0387068
-0.0341415
0.0446041
0.0355163
0.0478198
-0.00610487
-0.0232348
-0.0252511
-0.027266
0.0097385
0.0514218
0.0618576
-0.0429473
-0.0248942
-0.0225269
0.0486434
0.0209851
0.00391662
-0.0241205
-0.000191355
0.0417394
0.036568
0.0280098
-0.0415279
0.020622
0.0142987
0.0522815
0.0448128
0.0445717
-0.0190409
-0.0307966
-0.0394898
0.0258689
0.0295187
0.00425178
0.0146591
0.01476
0.0433334
-0.0191296
-0.000963821
0.00110038
0.028552
0.0675655
-0.038391
-0.0106143
-0.0314625
-0.0205966
-0.0139161
-0.0866154
0.0475108
-0.0225046
0.0346666
0.0293954
-0.0377981
0.0413797
0.155613
-0.0590784
0.0127958
0.0220459
0.0462977
-0.00524341
0.0378884
0.0288545
0.0255897
0.0165273
-0.00251386
-0.0119229
0.202566
0.00943502
0.0512081
-0.0275153
-0.0409554
0.045935
0.0186804
0.0109921
-0.033405
-0.0237212
0.0320554
0.0114205
-0.00821236
0.0460295
0.00370728
-0.0237766
0.00769747
0.0179687
0.0439347
-0.00324551
-0.0185409
0.00694781
0.00998981
-0.0722666
-0.112625
0.0546232
-0.0476562
0.0973174
-0.037416
0.0584381
-0.0248836
-0.0046821
0.0156656
0.0748936
0.0186885
0.0976819
0.0555328
-0.0134599
0.00225504
0.0389138
0.0277871
0.0278975
0.0175976
0.045875
-0.0285026
0.0114391
0.0955434
-0.0323048
0.0549786
0.0441233
-0.0134647
0.0327667
0.0634948
0.0875151
-0.0404641
0.0362408
-0.00625994
0.065367
0.0616096
-0.0222945
-0.0504029
-0.0226723
-0.044518
-0.032637
0.0222424
-0.0347909
-0.000283839
-0.00758451
-0.00784288
0.0183598
0.0139898
0.00445436
0.0785736
0.0116452
-0.0315766
-0.0547115
-0.0254639
0.0314391
0.0479254
-0.0346821
0.00459625
0.0209456
0.0449527
0.0372495
0.0282148
-0.00409679
-0.0489575
-0.0222064
7.6893e-06
0.0238888
0.0700793
-0.00574222
0.0239791
0.0153198
-0.00785557
0.00565102
0.0157375
-0.0323657
0.0175991
-0.000227554
-0.000285245
0.00812319
0.0297065
0.0989027
-0.0113255
-0.00479108
-0.0082861
-0.0168392
0.0390377
-0.0703047
-0.00204497
-0.00819058
0.0152088
0.0311707
0.0697209
-0.0272176
-0.00799384
-0.000164276
-0.0295851
-0.00526089
-0.0377282
-0.142425
0.0510872
-0.0107037
0.00340997
0.0146377
-0.039804
0.0262623
0.0130816
-0.00583122
0.00744547
-0.026489
-0.00480595
0.0352761
-0.00646613
0.00875176
0.013541
-0.0344558
0.0332408
0.0200489
0.04796
0.03192
0.0278971
-0.00940954
0.0360866
-0.0411237
-0.0171584
-0.036858
-0.0125955
-0.00243404
0.0486062
-0.0131851
-0.0228681
-0.0155447
0.0306412
-0.0313721
0.0386735
-0.0100371
-0.0119334
-0.00159857
0.0464168
0.00630553
0.0060565
-0.0437383
0.0168168
-0.0377465
0.0328792
-0.00981159
-0.0214186
-0.0299906
0.01058
0.0179322
0.00654389
0.0231523
0.0422881
-0.0210674
0.00449797
0.0346143
-0.0251629
-0.0186932
0.0300494
0.0330355
-0.0171304
-0.0316738
-0.0251942
0.00962668
0.015337
0.0201008
0.00530492
0.0339206
0.0206511
0.00204997
0.0133822
0.0219914
-0.00670585
-0.0161113
-0.0187037
-0.0316427
0.0335003
-0.0105095
0.0166587
0.00345544
-0.0638453
0.0450614
-0.0285762
0.0306845
-0.0247751
-0.0427787
0.00493858
0.0231169
0.0240685
0.0581755
-0.105085
0.0523518
0.0384849
0.0031668
0.0397582
0.040462
0.0618131
-0.0421484
0.0268768
0.000655068
-0.0108012
0.0637281
-0.00326795
0.00203585
-0.0195091
0.010896
0.0456528
-0.00627869
0.00810269
-0.0158834
0.039863
0.0205739
-0.0547167
0.0109597
-0.00235979
0.0240303
-0.0013367
0.0264571
-0.0397565
-0.0258395
0.0504824
-0.00132713
-0.0092108
0.0134164
-0.00517825
-0.0175562
0.0502169
-0.0167104
0.0219938
-0.0266966
0.0472575
0.0110279
-0.00157226
-0.0278553
0.0261033
-0.0227721
0.0236163
-0.0130495
-0.0222467
0.0321211
-0.0105476
-0.0897133
0.00160172
-0.0247264
-0.0562912
-0.0246177
-0.00992251
0.077693
-0.0458054
0.0460121
-0.0257509
-0.0503223
0.075476
-0.0696872
0.0497327
-0.0344416
-0.0428277
0.0175454
0.0483726
-0.0280533
-0.00953487
-0.00456144
0.00761844
0.0159151
-0.0129233
0.0315013
0.0112338
-0.0385464
0.0250492
0.0139854
0.00211541
0.0822016
0.0417752
-0.0218825
0.0651839
0.01145
0.0344891
0.00404377
0.0318649
0.0974212
-0.00563664
-0.0236227
-0.0157777
0.0305599
-0.0717519
0.0973615
-0.0377898
-0.0438129
0.00116105
0.0157432
0.0182433
0.0336586
-0.0146588
0.0170098
0.00281451
0.0485957
0.0309388
0.0546633
-0.0445387
0.0416678
0.0236833
-0.0413471
0.0110817
0.0088997
-0.0401541
0.0224266
-0.00209596
-0.013839
0.00450908
-0.0184978
-0.0301672
-0.0293674
0.0427563
0.0127818
0.0408371
0.0478922
-0.0256288
-0.0155666
-0.0229963
-0.0438899
-0.000555133
0.0456378
0.0277729
-0.00666176
-0.0290053
-0.0478383
-0.0042518
-0.00886349
0.00361142
0.0380759
-0.0437236
0.0235581
-0.00302359
-0.0373854
-0.0308477
0.0225128
0.01862
0.0252837
-0.0251385
0.028185
0.0356134
-0.00343356
-0.0261203
-0.0213693
0.0429772
0.047418
-0.00248393
0.0206113
-0.00212821
0.0365428
0.0172442
0.0203186
-0.022101
0.00997727
-0.0419997
-0.0449017
-0.0172498
-0.0392962
0.0347345
0.0277122
0.00827891
-0.00851724
-0.0128815
-0.037515
-0.00623493
0.0225882
0.0467699
0.0244109
0.0330265
-0.0500782
0.0210939
0.014315
0.0196998
-0.0101709
-0.0661612
-0.0259518
0.0241612
0.0109639
-0.0381051
0.0179907
0.0364069
0.115861
0.0576314
0.00830664
-0.0265857
0.0441183
-0.0487586
0.0386565
0.0712574
-0.0129455
0.0272305
0.0402102
-0.00319129
-0.0882737
-0.0397424
-0.00100198
-0.0332403
0.0647503
-0.0190107
-0.00105038
0.0144481
-0.00363192
-0.00348051
-0.0225357
-0.0332716
0.0113529
0.0183171
-0.0473665
0.0220967
0.0471283
-0.0440948
-0.00123716
-0.0317243
-0.0326232
0.0571924
-0.0267167
0.162661
-0.0537832
0.120799
-0.0121904
0.0242572
0.0989049
0.0196473
0.0453271
0.0553515
-0.0296997
0.0606314
0.0835505
-0.0030397
0.0471395
-0.0387164
0.0452466
-0.0534058
0.0420706
0.00789039
0.0685904
0.0191112
0.036283
0.0468246
0.0215864
0.0500727
-0.0225183
0.0585994
0.0400245
-0.0380572
0.013898
0.0653522
0.017958
0.0232434
-0.0136619
-0.0545001
-0.041149
0.0500389
-0.00722153
0.0172198
0.0390845
-0.0669227
0.0509421
-0.0132134
-0.034611
0.0311339
-0.0133672
0.0251186
-0.00265583
0.00446245
-0.0472532
-0.0919384
0.0145849
-0.0598888
0.0223441
0.0357181
0.00601293
0.0253826
-0.0478149
-0.0299379
0.00630219
-0.00610745
-0.042596
0.0125282
0.0406772
-0.0195705
-0.0500573
-0.0206139
0.0352292
-0.0450184
-0.0417049
0.00577572
-0.0128369
-0.00241047
0.0179078
-0.0566213
0.0209423
0.0122567
0.047385
0.00751408
-0.0181245
-0.0516789
-0.00438211
0.010437
0.00125453
-0.00166584
0.0848877
0.0104803
-0.0190452
-0.0172337
0.0144968
0.0413217
0.102345
0.0478383
0.00820045
-0.0115773
0.0413465
0.0411271
0.0138813
0.066462
0.0295304
0.00282847
-5.17829e-05
0.000185119
-0.00032899
-0.00239634
-0.0076593
-0.0241129
-0.036698
0.000559458
0.0182799
-0.0560683
0.0718361
0.0182456
0.0544394
0.0452112
0.0101149
0.0291746
0.0317365
0.028158
0.0139933
-0.0247149
0.0206905
0.0454495
-0.0451794
-0.0188602
0.0442761
0.0186486
0.00369076
-0.00802877
-0.00549595
-0.048964
-0.0445747
0.0129014
-0.0125324
0.0391509
-0.000161462
0.0183969
0.034158
0.0470246
-0.0231525
-0.0474335
-0.0510425
-0.035256
0.000638806
0.0341939
0.0142576
0.0299175
-0.014256
0.0343567
-0.0144191
0.0486382
0.0373677
0.0267599
-0.0435084
0.0150121
0.040322
0.0267607
0.0428807
-0.0415901
0.0116217
0.0123478
0.0223754
0.0256529
-0.0291106
0.0209307
-0.0330824
-0.00925243
-0.0289084
0.000553883
0.0121024
-0.0163519
-0.0348878
0.00988005
-0.003959
-0.00711442
-0.0029865
-0.0357384
-0.0125505
-0.0139593
0.0103119
0.00128733
0.0867622
0.034129
0.0275791
-0.0267971
-0.0418212
-0.0211999
-0.00340414
0.084126
0.0506377
0.0844313
-0.00797016
-0.0091144
-0.0230168
0.0179613
-0.00872424
0.0292219
0.0274823
0.000465254
-0.020968
-0.00888043
-0.00496835
0.0543001
-0.00764749
0.0226007
-0.0169979
-0.0374829
0.0194194
0.0429689
0.0777126
0.00401792
-0.0166052
-0.04407
-0.0221174
0.0125566
-0.0655661
0.054297
0.0403199
0.0352975
-0.0145729
-0.0653318
0.0517013
0.00367583
0.0592549
-0.0333557
-0.013263
0.0138445
-0.0121805
0.00861903
-0.0334466
0.0135113
0.0217951
0.0314069
-0.0418453
-0.0435637
-0.0615845
0.0181829
0.037976
0.0240046
0.038288
-0.0825753
-0.0415669
-0.000366262
0.00632814
0.0415469
-0.012527
0.0096044
-0.0253963
-0.00137346
-0.0313815
-0.00247831
0.00586301
0.0431828
-0.0445292
-0.0101085
0.00771592
-0.0478087
-0.0238493
-0.0176323
-0.0571391
-0.0197908
0.0145107
0.0344741
0.00846759
-0.0163796
-0.0331748
0.0129231
0.00797647
0.0490483
0.00765532
-0.00400071
-0.0255108
-0.00533458
0.0175814
0.0272047
-0.00317988
-0.0597932
-0.0819909
-0.0649857
0.0340045
-0.00736318
-0.0233278
-0.0251651
-0.0399557
0.0304983
-0.0379506
-0.0557304
-0.00919239
0.0505924
-0.0266658
-0.00572582
-0.0344169
-0.0343895
-0.0241954
0.00782168
-0.03388
-0.0356762
-0.00363654
0.00567139
0.00398933
-0.0396965
0.0024773
-0.0477688
-0.0325805
-0.0314781
-0.00480571
-0.0395204
0.0213297
0.0238491
-0.0216935
0.0302809
0.0247119
-0.0415482
0.0251741
0.0117846
-0.00379254
0.0445338
-0.000191135
0.0122943
0.0264717
0.0259998
0.0303725
-0.0174724
-0.0240617
0.0214116
-0.0403094
-0.0334363
0.0409314
0.0224195
-0.0112163
-0.0304801
-0.00877475
-0.0361709
-0.0104916
0.00590669
-0.0281074
0.0043021
0.0175579
-0.0421156
0.0458049
-0.012521
0.00978659
-0.0065195
-0.0349855
0.0156974
0.027475
-0.0245854
0.0407031
-0.00899152
0.0175972
0.0395392
0.0368835
0.0321977
-0.0268899
0.0328922
-0.02102
0.0341009
0.0229973
-0.0119484
-0.0437429
-0.0468472
-0.0128635
-0.0152722
0.0475461
0.0318504
0.02038
-0.0523424
0.0421321
0.00302294
0.00835205
0.024661
0.0353573
-0.037266
-0.0355131
0.0584526
0.00582853
0.0195066
0.0440887
0.0391149
0.0251405
-0.0219578
0.0310868
-0.000557541
-0.0495662
-0.00384035
-0.00249178
0.0261185
0.0140289
0.000279193
0.0175956
-0.0101988
-0.00608284
-0.143197
-0.0803534
0.0144798
0.00888126
0.0201391
-0.0582372
0.0217998
0.00327763
-0.055869
-0.0445628
-0.0151132
-0.0507923
-0.0612542
-0.00671372
-0.0336245
-0.00264866
0.0426286
-0.0653625
-0.0598795
-0.0612237
-0.0359303
0.0292082
-0.0552835
0.118718
0.0932173
0.0576806
0.0283838
-0.0219737
-0.0583113
-0.0856065
0.00643765
-0.010811
-0.0519259
0.0119643
-0.0364913
0.0130809
-0.0421631
0.0896066
0.0501233
-0.0312607
0.0954825
0.0221419
-0.0121949
-0.0154102
0.0498098
0.00662391
-0.0170193
-0.0182559
-0.0323453
-0.0473289
0.0461099
-0.0132318
0.00808818
0.0376139
0.0224438
0.00191696
0.0411872
-0.0466758
-0.0463614
0.0449881
0.0466408
-0.0320111
-0.015864
0.0147616
0.01408
0.027085
-0.0108523
-0.0287512
0.0277684
-0.0290204
0.0235741
0.00184106
-0.0555485
0.0327243
0.0152201
0.0170196
-0.0526123
-0.0360449
-0.011048
0.0395446
-0.012481
-0.0364506
0.00400725
0.0115059
0.00809225
-0.0324853
-0.0221081
-0.0115316
-0.00420368
0.0165161
-0.0619709
-0.0227858
-0.0442596
-0.0609129
-0.0369969
-0.0198797
-0.0345145
-0.0223417
0.00283771
-0.00434145
-0.0161035
0.000762612
0.0378161
-0.04448
-0.021703
-0.0518852
0.0350771
-0.00940255
-0.0206612
-0.0674454
0.00908772
-0.00387387
0.0311699
-0.0156738
0.0370363
-0.0440723
0.0271689
0.0400299
-0.0761212
0.0623491
-0.0246701
0.0600739
-0.0336955
0.0104574
0.048927
0.0216357
0.0443798
0.027003
-0.0456603
-0.033921
-0.012016
0.0174922
0.0088823
-0.0207563
0.00653534
-0.00651464
0.00833814
-0.0239046
-0.0144306
-0.00528453
-0.0442645
-0.0273372
0.00880955
-0.0188384
0.00369485
-0.00566212
0.00998315
-0.0428074
-0.00115589
-0.0461551
-0.0307355
-0.00301196
0.0105928
0.0447968
0.0267982
0.00942074
-0.0279392
0.00289213
-0.0197554
-0.0118442
-0.0111471
0.0248862
-0.0283741
-0.0418248
0.0377313
-0.0421913
0.0227894
0.0236292
-0.0176247
0.0290037
0.000691874
0.00621828
-0.0433022
-0.00829669
0.0412432
0.0280861
0.0220094
0.00370048
0.0138598
0.0104711
0.016019
-0.0287069
0.0381742
0.0561273
-0.0462455
0.0348489
0.0183456
-0.010605
-0.0103697
0.000666201
0.0298932
-0.0300668
-0.0396329
-0.0297398
0.0239904
0.0302184
-0.0236326
-0.0165696
-0.00388674
0.0422797
0.0376655
0.0224744
0.0577902
-0.0399038
0.00189347
0.00153308
0.0264538
0.0443703
0.057586
-0.0373782
0.0435015
0.0146806
0.0333878
-0.0394055
-0.00711273
0.0480015
0.00477583
-0.0298808
-0.0487551
0.0551827
-0.0242598
-0.0331239
0.0334278
-0.0436013
-0.0443829
0.0247603
0.060471
0.018612
-0.0423168
0.00095285
-0.034536
-0.0336843
0.0084542
0.0188742
0.019418
0.060012
-0.0314025
0.00455305
-0.0246123
-0.0240133
0.0338781
0.0133182
-0.0275918
-0.0861957
0.0112529
-0.0803836
-0.0482704
0.00975747
-0.0416929
-0.0440399
0.0176926
0.000111826
-0.0238658
-0.0327187
-0.0321576
-0.0066423
0.0490427
0.0267538
-0.0291022
-0.00567849
0.0595253
-0.0476815
-0.0654851
-0.0547833
-0.0285939
-0.0227847
0.0541073
-0.00724188
-0.00423419
0.0552582
0.0832867
-0.0434141
-0.00381132
0.0300809
0.00767816
0.0419351
-0.00292011
0.0147007
0.0393394
-0.00819474
-0.0985301
-0.0232021
0.0496324
-0.00595501
-0.0196442
-0.0102843
0.0270063
0.010206
0.00747111
-0.0202586
-0.0235605
0.00268282
-0.0533335
0.0401907
0.0162053
-0.0154021
0.0663119
-0.0178496
-0.0112242
0.00847081
-0.0102678
-0.0468599
-0.0477424
0.0488454
-0.0220809
-0.0475599
-0.0595475
-0.0486053
0.0317788
-0.0137111
-0.00711358
-0.0183776
-0.00398835
0.0336815
0.00686059
0.0281192
0.0409872
-0.0355331
0.0185656
0.0567135
0.0215466
0.0348101
0.0485354
0.0350782
-0.0211823
0.029272
0.0175513
-0.02619
-0.0689059
0.0282922
-0.0404888
0.0312041
0.033913
-0.0467303
0.041178
-0.0224404
0.00661315
0.0321281
-0.0188398
0.0145361
0.025942
-0.0380369
-0.0442275
0.00693967
-0.0088158
0.0446744
0.00741112
0.0224688
0.021917
-0.0240604
-0.0470221
-0.0400352
0.032326
-0.0304343
0.0286223
0.0172156
0.0467846
-0.0290959
0.0352467
-0.028587
0.0271944
-0.0178862
-0.0404867
-0.0372753
0.00225662
0.0453959
0.0333468
0.021948
-0.0123398
0.00262412
-0.0382864
0.0240853
-0.030178
0.0396231
0.0502828
0.010984
-0.0275963
-0.0401604
0.03559
0.046209
0.0336248
-0.0171755
-0.0110172
-0.0017946
-0.0102195
-0.016495
-0.0164458
0.0149869
-0.00671424
0.0169669
8.18388e-05
0.0266043
0.0383625
0.0472765
0.027264
-0.0289533
0.0219621
-0.0391772
0.0069402
0.0359265
-0.0283713
-0.00164643
-0.0487155
-0.167287
0.0351717
-0.0227791
0.0389457
0.00571783
0.00242089
-0.0225375
-0.0528848
-0.0382563
-0.018911
0.0477285
-0.0331789
-0.116623
0.0133513
0.0153848
0.046037
-0.0719041
-0.0320764
0.00489028
-0.00294161
0.025973
-0.00457373
0.0360744
0.0054275
0.0367814
0.0442654
0.0886553
0.0267185
-0.0141193
0.00398742
-0.0612546
-0.0252489
0.0570603
-0.0656667
0.0629953
-0.0791071
-0.0300747
-0.079391
0.0665387
-0.0327415
-0.0185359
0.0466072
-0.00454754
-0.0501248
-0.0348943
-0.0306151
-0.0148819
-0.0204315
0.000612713
-0.00580871
0.0199186
0.0113498
-0.0798991
-0.0404742
-0.0759168
0.0214673
-0.0087973
0.00299865
-0.0421887
0.0552753
-0.018575
0.0534786
0.0160227
-0.0158964
0.0114821
0.011177
-0.0400176
-0.0180781
-0.0169767
0.0270452
-0.0746016
-0.0114551
-0.0568979
-0.0541991
0.0229238
0.107752
0.0101615
0.00635444
-0.0401842
0.00855742
0.0455561
0.0104439
-0.0375565
0.0504494
-0.0341753
0.0275332
0.0502851
0.0719521
0.053558
-0.00454299
0.0121014
-0.0489718
-0.0392089
-0.046981
-0.0114183
-0.0830787
-0.0409697
0.00928171
-0.0427284
-0.00961184
0.0872609
0.029461
0.068896
0.0411136
0.00051249
-0.0235754
-0.00406852
0.0458593
-0.0222118
0.00190439
0.0270845
-0.00610491
0.0255522
0.0486411
0.0222917
-0.0607013
0.0342146
-0.0162049
-0.00648604
-0.0286114
0.0385825
0.0666109
0.00531864
0.0303247
0.0207363
-0.0101235
-0.0481988
0.015764
0.0368513
-0.0429821
0.0166117
-0.0156214
0.00494721
0.0849735
0.0197101
-0.0532215
-0.0324271
0.0275877
-0.00911177
0.0240125
-0.0228226
-0.0041363
0.0366235
-0.0443866
-0.0299158
-0.00729814
-0.0745893
-0.00668138
-0.032996
0.00218365
-0.0365733
-0.0419899
0.00493631
0.00678925
0.00666831
-0.0110479
-0.0160274
0.0441949
-0.045863
0.0446785
0.0193583
-0.00840107
-0.000261922
-0.0229656
0.0633957
0.0259687
-0.0182145
-0.0357575
0.0209311
-0.0304452
-0.0453921
-0.019189
0.00519298
-0.0241742
-0.03292
0.0258317
0.0503327
0.0256063
-0.0489269
-0.0464879
0.016835
-0.0380639
0.00482978
0.0114106
0.0486612
-0.0222858
-0.045105
-0.0469652
0.00670502
-0.00649819
-0.0306932
-0.0223007
0.0407729
-0.0139972
0.0395402
0.051222
0.0121789
0.0394883
-0.00316135
0.0481141
-0.0183708
0.0149512
-0.0397039
-0.047768
-0.00986456
-0.0414044
0.00218161
-0.0462527
-0.00270863
-0.0431617
0.00281614
0.0051079
0.0408335
0.0447936
-0.0418471
0.000793288
0.0284099
0.00939841
-0.0269464
0.0233271
-0.00873914
-0.047057
0.0257217
0.0217962
0.0335019
0.00204525
-0.0442098
-0.010747
-0.0404758
-0.0298368
-0.048627
-0.0294415
-0.0220243
-0.0516843
-0.0378376
0.0260398
0.0175112
0.00669268
0.00749949
0.00926254
-0.068101
-0.0178957
-0.0243104
-0.0208119
-0.00307473
0.028446
0.0446942
-0.0432851
-0.00374659
-0.036151
0.0297877
0.0176815
-0.0212861
-0.0448687
-0.0401998
-0.0277817
0.0170142
-0.0464425
0.0255969
-0.0123884
-0.0362665
0.00685247
-0.00905509
0.026648
0.022665
-0.0115418
-0.0422471
0.00158256
0.0138822
0.0535764
-0.0721897
0.00121565
-0.00307514
-0.0105091
-0.0239468
0.0674866
-0.00769408
-0.0109343
0.0136329
-0.0451967
0.0482785
0.0412206
-0.0434833
-0.019507
0.0180399
-0.00577975
-0.0538477
0.0804945
-0.0110134
0.0101072
0.0696929
0.0218926
-0.0439696
0.0462788
-0.011885
0.0510338
0.0309089
0.0225106
-0.0251758
-0.0375679
0.00665708
0.084189
0.00978811
-0.0028218
-0.0624554
-0.0756863
0.0603567
0.0218791
0.0137121
0.0138416
-0.0320875
0.0323331
-0.0586603
-0.0132124
0.0332126
-0.0294807
-0.0379035
-0.0413645
0.061668
-0.0567638
0.0703106
0.0562115
0.0648111
-0.0192165
-0.0431625
-0.0278265
-0.0288438
-0.0233841
0.0476543
0.0409999
0.0372164
0.0165029
0.0973084
-0.00693659
0.0319194
0.025999
0.0464167
-0.0479169
-0.0114467
-0.034202
0.00417742
0.0411589
0.0359314
0.0178195
-0.031021
0.0041985
0.0456565
0.0444815
0.0383386
-0.0344715
-0.0380036
-0.00158619
0.0329336
0.0270633
0.0347058
0.01861
0.0238303
-0.0366486
0.0445891
-0.00728942
-0.0342533
0.000556277
0.0132347
-0.0165827
0.0447714
-0.0464927
0.0400606
0.00926865
0.0137421
0.0355938
0.0430633
-0.0182844
-0.0100487
0.0454943
0.000118004
0.0063563
0.018523
-0.0176188
-0.0471221
0.00484716
0.032278
0.00689759
-0.0390069
0.0102524
0.0234823
0.0342778
0.0332955
-0.0119834
-0.04271
-0.0330698
-0.00808838
0.0117528
-0.03387
0.0184321
-0.0297067
-0.0418069
0.0178398
-0.0334038
-0.0365353
0.00170932
0.0190064
-0.0275064
-0.00759989
0.0613436
0.0371877
-0.0387761
0.0347963
-0.029054
-0.0212589
0.0203935
0.0450177
0.0347624
0.0465607
0.00300903
-0.013369
0.000991592
0.00440294
0.0103415
-0.0470702
-0.0136468
-0.0255869
0.0430118
-0.043585
0.0248955
-0.0356132
0.0379112
0.00722219
0.0274093
0.000275942
-0.00449072
-0.0159227
0.0121273
0.0263137
0.0317112
-0.0490794
0.0409753
-0.0194066
0.00272741
0.0463052
-0.00539312
0.0349232
-0.0112052
-0.0399517
-0.0002292
-0.0311913
-0.0365483
0.0614276
-0.0150932
-0.00977731
0.0340706
0.000986257
0.0551464
-0.0894165
0.0558384
-0.0316008
-0.0327146
0.00842824
-0.0727787
-0.0364161
0.0521155
0.030363
-0.00327913
0.00660324
0.0333328
0.0175131
-0.0429332
-0.00336588
-0.020699
-0.0358828
0.0384142
-0.0239208
0.0113986
0.00591923
0.0592108
-0.0590487
0.0521488
-0.0575738
0.0344122
-0.00558252
-0.029556
-0.0272184
-0.0298282
-0.044483
-0.00422415
-0.0261299
0.0300221
0.00147465
0.0533315
0.00810294
-0.0282173
-0.062697
0.00973413
-0.0428739
0.0526008
0.00823576
0.0161045
-0.0245993
0.00321188
-0.00321989
0.0447847
0.0274713
0.0196125
-0.052172
-0.0517333
0.0202603
-0.0311449
-0.0181273
0.0327325
0.0313052
0.0264034
0.0499215
-0.0182994
-0.0446298
0.0394714
0.0118241
0.0246889
0.0330648
0.0128318
0.00235484
-0.000434662
0.0113107
-0.0179406
-0.0449657
0.042335
0.0306064
0.00236232
0.00311846
-0.0240979
0.01876
0.0109477
-0.0538858
-0.0223099
-0.0354798
0.0318485
-0.0362047
-0.0361953
-0.0196647
-0.0333649
0.00664519
0.0112724
-0.0300906
0.00467996
-0.0408332
-0.0137423
0.0161555
-0.00236572
0.000269283
0.00741804
-0.0562607
-0.0523942
0.00820575
0.00702557
0.0432991
-0.0388234
-0.0154984
0.0204792
-0.0326697
-0.00206804
-0.0374457
-0.0473916
0.033359
0.0425679
0.0372146
0.0630022
0.00897091
-0.0301202
-0.0355897
0.0398314
-0.0476428
-0.0191238
-0.0186242
0.0398112
-0.0117154
0.0237523
0.0197668
0.0188072
0.0401178
-0.0294651
-0.0271322
-0.0147056
-0.0362818
0.0294634
0.0419276
0.0465925
-0.0359011
0.0129471
0.0372917
-0.0326842
-0.019474
-0.00298899
-0.025035
-0.0265867
-0.0480636
0.0116448
0.0139014
-0.0114342
-0.053237
-0.0167586
0.0319461
-0.0378767
0.0105529
0.0203939
-0.0183508
0.00811182
0.0313989
0.00192278
0.0455393
-0.0022559
0.0259466
-0.0421033
-0.00968671
-0.0465491
0.031065
0.0271255
0.0144137
-0.00888785
0.0381128
-0.0463622
-0.034339
-0.0332428
-0.0407631
0.035219
-0.0377762
0.005
-0.0450551
0.0483193
-0.0261923
-0.0148545
0.0322428
-0.00681104
0.0113533
-0.0469341
-0.0256259
-0.0219618
0.00976511
-0.0136001
-0.0489095
-0.00100332
-0.0629007
0.0274871
-0.0783019
0.0354462
0.00422545
-0.012705
0.0558827
0.0688709
-0.025845
0.0491334
0.0167058
0.00452085
-0.0121222
0.0226421
0.0298384
-0.00462148
0.0127091
0.00906399
0.0458384
-0.000506124
0.041607
-0.00622915
0.0193174
-0.0216789
-0.0233896
0.0117538
-0.0268652
-0.0518609
-0.0469678
-0.0111849
-0.0195317
0.0210767
-0.0488448
0.0354851
0.0161929
0.00856168
-0.0518312
-0.0154483
-0.0397273
0.018718
0.0267769
0.0107391
0.00135092
0.0478514
0.0157948
0.00900526
0.000258406
0.0946565
0.0208121
0.0405236
-0.0480161
-0.0330617
-0.0653381
-0.00522242
0.0439049
0.000550915
-0.000720846
0.00232228
-0.0891014
-0.0169116
0.031265
0.0107993
0.0089051
0.030004
-0.00862939
-0.0397189
-0.0599389
-0.0590869
-0.0165735
-0.0186927
0.0131475
-0.0150434
-0.0208905
-0.051838
0.0195578
0.026122
0.0154418
-0.0101843
-0.0436039
-0.0430686
0.0357509
0.0282724
0.028903
0.00532476
0.00599958
-0.0094693
-0.00371647
-0.00330048
-0.037008
0.0590821
-0.00792234
-0.0192539
-0.0480097
0.027784
-0.00289633
0.0407571
0.040937
0.0328448
-0.00593581
-0.0103162
0.0539532
0.0218874
-0.0155454
0.0369516
0.03165
0.0264578
0.0119432
0.0183291
0.0406708
-0.0220623
0.0319942
-0.0461309
0.0126025
0.00824127
-0.0194159
-0.0109018
0.00151053
-0.000255017
0.042895
0.0211799
0.0319406
0.0221431
0.0215017
0.0489594
0.00634626
-0.00855685
-0.0167448
-0.00320542
-0.0413478
-0.0156751
-0.00385728
0.00518879
-0.0443845
0.0236548
0.0251749
0.0381126
0.0285513
-0.0137395
0.048083
-0.0114701
-0.00424594
-0.00920081
-0.0376109
0.0195309
-0.0385425
-0.0445874
-0.040263
0.0211829
-0.00509003
-0.0457092
0.0251629
-0.018872
0.0287978
0.0350569
-0.0153436
-0.0149738
0.0291613
0.0467616
0.0425015
-0.0200062
0.0227163
-0.00822517
-0.0381098
-0.017712
0.00239165
-0.015728
0.0188209
-0.0089055
-0.043992
0.0125623
0.0468811
-0.0301754
-0.0371607
-0.007898
0.035046
0.0398068
-0.0211205
0.0250414
-0.000515547
-0.0364794
-0.00840378
-0.0178391
-0.0233217
0.0470003
0.0401412
0.016808
0.0136043
0.0235022
0.021688
-0.0308638
0.0205819
-0.00966002
0.0829653
0.19013
0.0372876
-0.0613314
0.0447599
0.113122
-0.0232727
-0.101358
0.0422589
0.0657551
-0.003191
-0.0422569
0.720062
0.361264
-0.0195425
0.0938031
-0.0703727
0.0125606
-0.022367
0.0725637
-0.0101392
0.0210893
-0.0510077
-0.0244423
-0.0500544
-0.0437606
0.0588341
-0.0271813
-0.0990918
0.174522
0.124478
-0.197538
0.012811
-0.0271344
0.0165661
-0.449485
-0.282798
0.159755
0.0370077
0.126725
-0.0165605
0.0849044
0.0797812
0.152724
0.0845476
0.111738
0.0664954
0.126877
0.0616909
-0.13252
-0.0038055
0.0245943
-0.187079
-0.0285848
-0.15815
-0.0342243
0.0213699
0.0230123
0.0952008
-0.363129
0.036313
-0.038914
-0.011957
0.088281
-0.0173322
0.17029
-0.0365211
-0.0211433
-0.275856
0.212574
0.148193
0.0686695
-0.0832998
-0.0654818
-0.0974874
-0.0267411
-0.091558
-0.0280249
-0.0198026
-0.00590304
-0.0127572
-0.068356
0.0929581
0.0508227
0.132931
-0.0715646
0.0801481
0.0670227
-0.0670253
-0.00685863
-0.0639833
-0.0641009
0.0458156
-0.0621846
0.0856423
0.243212
-0.0091074
-0.0320994
0.0478354
-0.0498238
0.226588
-0.0898432
0.256493
-0.112616
-0.0718368
0.0468677
0.0337761
-0.0430856
-0.0487265
-0.0414243
-0.0334395
-0.0158933
-0.0211177
0.0221405
0.0264564
0.0613086
-0.0143791
0.00238377
0.00480562
-0.0152596
0.0998016
-0.279813
0.0449065
-0.0230138
0.0443193
0.0190125
0.204633
0.0244653
0.0298422
0.00168503
-0.200557
-0.238616
-0.0153384
-0.0748056
0.0947488
0.0296073
-0.0996922
0.0176589
0.0433894
-0.0162034
0.154596
0.0441602
-0.0253563
-0.026055
0.013778
-0.025509
-0.0751743
0.0479415
0.0838815
-0.0167036
0.0697071
0.0134301
-0.0215878
-0.0487171
-0.0343757
-0.0526212
0.0602209
-0.0128075
-0.0169703
-0.047984
-0.0316258
-0.0335546
-0.0413655
-0.0364663
0.121396
-0.0755477
-0.00310647
0.00640907
0.0239026
0.0284326
0.042236
0.00824717
-0.021999
-0.0342617
0.00391661
0.0461679
0.0314588
0.00100949
-0.0181065
-0.0711432
0.0374054
-0.0308886
0.004266
-0.0442642
0.0555789
0.0438955
0.0389016
-0.0267792
0.0179553
0.033453
-0.0457945
0.047427
0.00201749
-0.013556
-0.0140389
0.0412844
0.121428
-0.000934255
0.0328767
0.0441397
-0.0390156
0.0362398
-0.0248849
-0.047211
0.0307448
-0.000771096
-0.0245523
-0.0431978
0.0218446
-0.0356281
0.127981
0.047673
0.00285717
-0.0570793
0.0297659
0.0108219
-0.303018
-0.0339695
-0.118418
0.0928784
0.0587248
-0.0131172
0.012036
0.168588
-0.173974
0.0942173
0.0710609
-0.0242727
0.0892319
0.0124844
0.0563631
-0.107158
-0.0300133
0.0485531
-0.00693556
0.0284723
0.0537516
0.0596022
-0.0367781
-0.02791
0.0578166
-0.0519676
-0.0612249
-0.0358328
0.111398
0.0958356
0.022627
-0.123205
0.00240724
0.0886451
-0.0426524
0.134326
0.0452034
0.0216112
0.0966371
0.159916
0.241249
-0.0120254
-0.0518111
-0.0387325
0.125016
-0.114948
0.126705
0.0196815
-0.041345
-0.00876407
-0.0184307
0.0092155
-0.0313765
0.140903
-0.0358431
-0.0338669
-0.0528375
0.0380617
0.0456334
-0.13747
-0.0262869
0.104145
-0.345483
0.0764046
-0.0905141
0.31406
0.0982893
0.0427842
0.0104687
0.305861
-0.259849
-0.0801027
-0.166098
0.0984046
0.0538709
0.0892722
0.112003
0.128393
0.0319965
0.150934
0.071336
0.0190415
0.0452903
0.0458098
0.0996896
0.112784
0.161827
-0.0845884
-0.103896
0.0924616
0.345661
0.0338839
0.126196
-0.391995
-0.0262346
0.0423532
0.287859
0.110777
-0.0486699
-0.00477272
-0.0307959
0.0255693
-0.321584
0.198958
0.156737
0.123243
0.0245045
-0.0728426
0.00903328
-0.0633978
-0.0286101
0.0405664
-0.0275554
0.0213178
0.133962
0.0587804
-0.287637
-0.180979
0.0532244
0.124067
0.039337
0.0207652
-0.0447809
-0.0339031
0.146661
-0.0123464
0.0208133
0.014859
0.000170049
0.0282339
-0.0342209
0.0288145
0.0673832
0.0325494
-0.00945992
-0.0352142
-0.00671869
0.0440247
0.0405039
0.0168254
0.0440491
-0.0194885
-0.00282362
0.00633939
0.0231104
0.038276
0.0144035
-0.0158239
0.0277113
0.0115675
0.0406493
0.0273494
-0.0327331
-0.0298191
0.00205126
-0.100369
0.000964957
0.00161795
-0.0409227
-0.0210745
-0.034985
-0.0378965
-0.0149743
-0.0155102
0.0428143
-0.0147167
-0.0238271
0.0086483
0.0430898
-0.0150628
-0.0113418
0.022247
0.010577
0.0307904
0.0322511
-0.021601
0.031884
-0.0185207
-0.0470489
0.0307884
-0.00646374
-0.00861263
0.0201669
-0.0107921
-0.0389058
0.062309
-0.0131095
0.059095
0.0463828
-0.0454681
0.0103734
0.0450117
-0.141843
0.173123
-0.0377792
0.0350891
0.0322083
0.043876
-0.0150238
-0.0841071
0.0537946
0.0274864
0.0181584
0.0313517
0.0410029
-0.0179552
-0.0645798
0.0355938
0.0430644
0.0567174
0.0113277
0.16675
0.0670536
0.0251065
0.00849407
-0.0893656
0.00948676
-0.0235505
0.0559189
-0.0249915
0.0355562
-0.0158194
-0.0267014
-0.050838
-0.0395434
-0.00573344
0.00938495
0.0270463
-0.00651672
0.0543051
0.0363883
0.0193254
-0.0199678
0.103837
-0.22023
-0.0963034
-0.0398466
0.00385802
0.0754697
0.0130193
0.0545974
-0.0394605
0.0162255
0.0401864
-0.0485853
0.0114805
-0.0264432
0.0608951
-0.0960889
-0.0367141
0.0485244
-0.0927901
0.0294503
0.034447
0.00770679
-0.0639869
0.0389539
-0.0059732
0.0558437
-0.0251233
0.05744
0.0110328
0.0350657
-0.0765191
-0.0327883
-0.0299334
0.0419337
0.0292833
-0.000335256
-0.0490393
0.00295194
-0.012554
0.0301259
0.0319591
0.0226527
0.0103241
0.0537362
0.0165042
0.0390118
0.0356213
-0.00764789
0.0320033
0.0482576
0.0117934
0.0313432
-0.0218334
0.010441
0.0613838
0.0151964
0.0163332
-0.0484544
0.0452253
-0.016338
-0.0167493
0.0532015
0.0128626
0.0201194
0.0201692
-0.00807695
0.0379861
0.00243355
0.0651315
-0.00447588
-0.037873
-0.00449237
-0.0286175
0.0246738
-0.0380883
-0.0519646
-0.0169917
0.0335814
0.0251046
-0.00690023
0.0341125
-0.0144357
-0.0365927
0.0559858
-0.059413
0.0291
-0.0071489
0.0329034
-0.010454
-0.00961562
-0.0329814
0.00483495
0.0171084
-0.0430488
0.0184101
0.00268456
0.00919369
-0.0511797
0.0559875
-0.0683781
-0.0113532
0.035194
-0.000731328
0.0446032
-0.0349086
-0.02752
-0.00607559
-0.0450378
-0.0286314
-0.0369957
-0.035094
0.0099473
-0.0447014
0.0324974
-0.0214858
0.00834116
0.000347542
0.0431819
-0.0490287
-0.0102191
-0.0468848
0.0506798
-0.00436703
0.00403567
-0.0390908
-0.0160992
0.0248025
-0.0415572
-0.0337565
-0.0261964
0.00134551
-0.0267503
0.0287387
-0.0210659
-0.0133367
0.00125674
-0.0402168
0.0207397
0.0448292
-0.0252379
0.0108329
0.0123911
-0.0138584
0.00793258
-0.0229437
0.00510824
0.0222117
-0.047124
0.048091
0.0490049
0.0594602
0.0387753
0.0191048
-0.0310477
0.0334176
-0.0465768
0.0386973
-0.0255455
0.0303099
0.0130422
0.017813
-0.00426909
0.015297
-0.0332566
0.0281148
0.035032
-0.00777785
-0.0297799
0.0129438
0.0267461
-0.0352169
-0.00363782
0.00694381
-0.00395004
-0.048515
0.00267091
-0.00496859
0.0411095
-0.0176437
-0.000832707
-0.0662473
0.0477949
-0.03946
-0.0133757
0.0186325
0.000813113
0.035434
0.0414726
-0.012508
0.0141049
-0.079071
0.0167177
-0.0102524
0.00803551
0.0411169
-0.0520821
-0.00291585
0.0100086
-0.00237577
-0.0172576
-0.0234987
0.0440849
0.0697374
0.0206558
-0.0598924
-0.0191762
0.0284985
-0.0313134
-0.0527921
0.0256074
0.00345965
0.0246374
-0.000153285
-0.0901496
0.0261478
-0.0286975
-0.0026118
-0.0151003
0.0353954
-0.0237515
-0.0153477
0.0635625
0.0192525
-0.0267066
-0.0107156
-0.0358218
0.0493776
-0.0214897
-0.0239335
0.0122463
0.0243004
0.0403258
-0.003421
0.000684164
0.0258217
-0.0100783
-0.0265923
0.0417129
0.0441492
-0.0337928
-0.000854393
0.0943625
-0.048055
-0.00909574
0.0392551
0.000295084
-0.0200259
-0.00995407
0.0153547
0.0488999
-0.0170662
0.00883668
-0.0312934
0.0382203
-0.00339167
0.0229255
0.0224096
0.0497741
0.0115527
0.0232039
0.0232409
-0.0130625
0.040261
0.0283089
-0.0519245
0.0295096
-0.041049
0.00174574
0.0135712
-0.00945532
-0.00658413
0.0255298
-0.0400437
-0.0236231
0.0145203
0.0152789
-0.0439824
0.00264077
-0.0229312
-0.0171329
-0.0452684
-0.033452
-0.0302467
0.0282156
0.0103686
0.00987316
0.0789976
0.0228902
0.0727739
-0.0639298
0.0148656
-0.0124819
0.021803
-0.0581716
0.00777516
-0.0165479
0.0181648
-0.00584033
-0.0306024
-0.0381979
0.0153798
0.0286746
0.0109704
0.0405775
0.04722
0.0433533
0.0828243
-0.0135146
0.0158923
-0.0490728
-0.0264671
0.0453466
-0.0210815
0.0308105
0.0134541
-0.00193407
0.0294218
-0.00261873
-0.0270738
0.0299279
0.0149945
0.0169199
-0.0363877
0.0348653
-0.0375238
-0.0432539
-0.0404368
-0.0228462
0.0198306
0.0144915
-0.00124456
-0.0480168
-0.0166201
0.0318276
0.0149388
0.00680537
-0.0214213
0.0181933
0.0225339
0.0026742
-0.0473356
-0.00676964
0.0284304
-0.0214331
-0.00341125
-0.0236237
-0.0342767
0.0353255
0.0327589
0.0178576
0.00505067
-0.0030058
-0.0329236
-0.0489938
-0.0327166
0.0195778
0.0409629
-0.0138882
0.0288143
-0.0160877
-0.0441422
0.0213909
-0.0367675
0.0113012
0.0275514
0.0197553
-0.0336258
0.0613291
-0.0477125
0.0215519
0.028491
0.034442
0.0282955
0.0307861
0.0689616
-0.0318736
-0.0158468
0.0486377
0.0440499
-0.0427288
0.0161071
0.103949
-0.00923028
0.014894
-0.0203111
0.0182081
-0.0139008
0.0383997
-0.0104729
0.0600245
0.0182058
-0.0345351
-0.00644887
0.0643305
-0.00907157
0.0187169
-0.0118032
0.00273755
0.0242501
-0.0283637
-0.0267337
-0.0437841
-0.019501
-0.0475373
-0.000967889
-0.00875513
0.00901415
-0.0203789
-0.043447
0.036394
0.00181065
-0.0474608
0.0222946
0.00828079
-0.0439678
-0.0533536
-0.074889
-0.00382312
-0.00522175
-0.0331701
0.0137138
0.0115727
-0.0262846
-0.049123
0.00971571
0.0250565
-0.0600731
0.0227548
0.0115161
-0.0368965
0.0119472
0.00423637
0.0051909
-0.048736
0.00160448
-0.018393
-0.0409689
0.041003
-0.000161761
-0.0270335
0.0115175
0.0183314
0.0368934
-0.00427013
0.0430776
0.0240722
0.0621065
-0.0485317
-0.00659235
0.0655515
0.00261835
-0.0361235
0.0391658
-0.0157642
-0.0425881
0.00315726
-0.0229928
0.00983703
-0.0304411
-0.0237414
-0.0297971
0.0438129
-0.00436193
-0.0304126
0.0215674
-0.0591169
-0.0226771
0.0410391
0.0547138
-0.00315358
-0.0415076
-0.0425595
0.00776659
-0.0370194
-0.0287588
0.031541
0.0434535
-0.0293177
-0.0313325
-0.0197748
-0.015737
0.0106605
-0.0409278
0.0037918
0.00174182
0.00889584
0.020844
0.0421156
0.0110117
0.0363435
-0.0416816
0.0114062
0.00822989
-0.0217283
-0.0369854
-0.0398318
0.00103292
-0.0226626
0.0243479
-0.0357382
0.0263094
0.0272075
-0.0641741
-0.00255529
-0.00428709
0.0109629
0.0291978
0.0682866
0.0260346
0.0463109
0.000170138
-0.0355325
-0.0426072
0.0282906
0.0305196
0.00660717
0.0160118
0.0108042
0.00354717
-0.0145166
-0.0143036
-0.0430834
-0.00646396
0.0157961
0.0412401
0.0137678
0.023194
0.0147004
-0.0295659
-0.0297303
-0.0126497
-0.0377463
-0.00214488
-0.0139479
-0.0333688
-0.0313177
0.0248266
-0.0414398
0.0101088
0.00388438
0.0166759
0.0224576
0.0140184
-0.0150384
-0.0106858
0.0298131
-0.0137201
0.0396231
0.0227797
-0.0270785
0.0448172
0.000946942
0.0406486
-0.0406656
-0.0287637
-0.017156
0.0135361
-0.0421171
-0.0490839
-0.0354691
0.0121468
-0.00691481
-0.0265474
0.0448739
0.010449
0.0506579
0.0154805
0.0408791
-0.0496133
0.0323445
0.0150104
0.0204466
0.0214334
0.0163279
-0.0215509
-0.0223476
-0.00875276
-0.0614383
-0.0532962
0.011575
0.0129265
0.0110908
-0.0423656
0.0300344
-0.0443967
-0.00867657
-0.0161784
0.0131728
-0.00691206
-0.00965995
0.0487372
0.0496784
0.0424172
-0.0478959
-0.0384996
0.0220123
-0.00898868
0.0454163
0.0454241
-0.0155951
0.0152967
0.0513144
-0.0365517
-0.0184163
-0.040623
0.0259416
-0.00662019
-0.0350335
0.038261
-0.0579769
-0.0343492
0.0402329
-0.0392655
-0.0116832
0.0524485
0.0189778
0.0171712
-0.0107549
-0.0229787
-0.0391796
0.0631242
0.00352325
-0.0341988
-0.0281129
0.0300483
0.00301176
0.020082
-0.0596224
0.0677256
-0.0298184
0.028912
-0.0373952
0.0398
0.0106811
-0.0153006
0.0200633
0.0170425
0.0277714
0.00601768
-0.0115705
-0.0463345
-0.0132503
0.0467213
0.00631987
0.0554344
-0.0165682
-0.0550943
-0.015194
-0.00123422
0.027917
0.010754
0.0170713
-0.0389358
0.0296953
-0.0541138
2.48742e-05
-0.00727941
-0.0260917
0.0458531
0.0263741
-0.0044174
0.00364122
0.0245201
0.0455636
-0.019984
-0.0151374
0.0432964
0.00890814
0.0202941
-0.0603508
0.0127488
0.0118072
-0.0493886
-0.0386205
0.0138424
-0.00502818
0.0113202
0.0354317
0.0499248
-0.0227885
-0.0283358
0.075093
-0.0876814
-0.00443678
-0.0230216
0.00283386
0.0584299
0.0300483
0.0017247
0.0314948
-0.0246771
-0.0241594
0.0641426
-0.0368282
0.00910154
0.0235185
0.0154561
0.0109689
-0.0409577
-0.019182
-0.0200122
0.0534777
-0.0125474
0.00172478
-0.0301293
-0.0178399
-0.0425163
-0.0473465
0.0630635
0.0302696
0.0264343
0.023163
-0.0500297
0.0156645
0.00352761
-0.0451594
0.0323243
-0.0312184
-0.011223
-0.000436679
0.00406405
0.0266159
-0.00298039
0.00920701
-0.0144525
-0.0237253
-0.00981965
-0.00459842
-0.00530981
0.0340291
0.0171706
0.00913674
-0.0253014
0.0162639
0.00191175
0.00121088
0.00240374
0.0213307
0.0150436
-0.00931924
-0.0410308
-0.0218507
-0.000383835
0.0110087
0.0202062
-0.0226911
-0.0362075
-0.0386285
-0.00809421
0.0267719
-0.0425072
-0.0469297
0.00655575
0.048216
-0.0430149
0.0212422
0.0320009
0.0477969
0.0153281
-0.0195637
0.00851561
-0.00380852
-0.0465563
0.0337548
0.00853192
0.0216967
-0.0469204
0.0116073
-0.0132988
-0.00630884
0.000905613
0.0350358
-0.00672522
0.0492305
-0.0378821
0.00843413
0.0330506
-0.0163016
-0.00591563
-0.0487406
-0.0363168
-0.0116258
-0.016751
0.00115143
-0.0442199
0.0525317
-0.0241412
0.0459344
0.0475756
-0.0208232
-0.0254566
-0.0235417
0.0160782
-0.046922
-0.0212141
0.0345613
-0.0607798
-0.0264207
0.00674117
-0.0220912
8.68932e-05
-0.0148301
-0.0119769
0.00675489
0.00341304
0.0198851
-0.0291363
0.015072
-0.101502
-0.0395533
-0.0818832
0.0473682
-0.0124611
0.036449
-0.0170743
-0.0166681
-0.0454453
0.048325
0.0191499
-0.0330204
0.0124001
0.0470192
-0.0216723
0.000123455
0.0435503
0.040746
-0.0275689
0.00718436
-0.0243486
0.020495
0.0844546
-0.0102833
0.0791003
0.0308863
0.0297566
0.00349503
0.00458871
-0.0289365
0.064733
0.0368493
-0.0443979
-0.0361895
-0.00907551
-0.0263072
-0.0510134
0.000185492
0.0396887
-0.0393047
0.00182249
-0.042473
-0.0495416
0.0330089
-0.021515
-0.0210025
0.0195207
0.0178673
0.0416023
-0.0416065
-0.00364624
-0.025253
0.00696484
-0.0333095
0.0152362
0.0326395
-0.0537574
0.0252217
-0.00696437
-0.0131952
-0.0171086
-0.0636463
0.0456754
0.0491548
0.0584693
-0.017286
0.0360366
-0.0185924
-0.0532629
-0.0067444
0.00325669
-0.0444172
0.0308051
-0.030449
-0.0065147
-0.0246661
0.0317896
-0.0074796
-0.0142301
0.0259253
0.0447895
-0.0429827
-0.0208094
-0.00406618
-0.0412323
-0.0283211
-0.0249312
0.0580224
-0.00185841
-0.0159903
-0.0277933
0.0492233
-0.0102095
-0.00471886
-0.0392337
-0.0335157
0.0281431
-0.0419601
-0.00495075
-0.0162526
-0.0440476
0.0209929
-0.0340694
-0.0425566
0.0386872
-0.0510131
-0.0213162
-0.00192197
-0.0149112
0.0361437
-0.053171
0.0428451
0.0246727
-0.0269072
-0.0135975
0.0291151
-0.0231917
0.0469811
0.00617388
-0.0284873
0.0172122
0.0770286
-0.0129725
0.0204291
-0.0139791
0.0333345
0.0270158
0.0190851
0.0176385
0.036084
-0.00598814
-0.0406944
-0.00626996
-0.0205387
-0.0201902
0.0433929
0.00350197
0.00766067
0.0122886
0.0259897
-0.0100391
0.0485789
0.0480472
-0.0454424
-0.0185986
-0.0265845
2.87076e-05
-0.0108139
0.048356
-0.00634364
0.00912693
0.0358442
0.0408424
-0.0339651
0.000966277
-0.0360077
0.0324966
-0.0145901
0.0184837
0.0376839
-0.0466337
-0.0278527
-0.0268858
-0.0442941
-0.0332585
0.00290727
0.0438495
-0.00313998
-0.0274492
0.0369409
0.0252077
-0.0209149
-0.0581049
0.0382778
0.0226609
-0.0404098
0.0147656
0.0472359
0.0130719
-0.0103995
-0.0360584
0.036582
-0.0488799
-0.00705277
0.0230539
-0.0239621
0.0215916
-0.0434258
0.0489598
-0.0251854
0.0304468
0.0380006
-0.00348035
0.037966
0.0445974
0.0170152
0.0169472
-0.0158579
0.00387535
0.00301467
-0.0506447
-0.0310699
-0.00744434
-0.0144006
-0.00717568
-0.0313384
0.0165911
-0.0247915
-0.0372985
-0.0380254
0.0432042
-0.000543776
0.0250977
-0.0229743
-0.0395111
-0.0576943
0.000895903
-7.9467e-07
-0.0489285
-0.00642862
-0.0375453
0.0334912
0.0449245
0.000721778
-0.0288519
-0.00332695
0.0199114
-0.0314236
-0.0217151
-0.0365451
0.033687
-0.0401065
0.00776972
0.016244
0.0148597
-0.0115059
-0.033614
-0.00929151
0.0417632
-0.0479552
-0.0032879
-0.0261647
0.0163837
-0.0556422
-0.0193735
0.026175
-0.0335646
-0.0271254
-0.0313665
-0.0114252
0.035087
-0.0128867
-0.0442911
-0.0429687
-0.039295
-0.0497602
-0.0435203
0.00664669
-0.0480104
0.0744085
-0.00845803
0.0437015
-0.00725998
0.0673887
0.00554409
0.0340924
-0.00406975
0.0478165
-0.0417553
0.0150927
-0.0443544
-0.00761664
0.0453226
0.0259187
-0.0339509
0.0164887
-0.011171
0.0412838
0.000554092
0.0398356
0.0243453
-4.1844e-05
-0.0491423
0.00336792
-0.0448943
0.0563786
-0.0329927
-0.0539234
-0.0603921
0.0392032
0.0347515
0.00239157
0.0431726
-0.0248725
0.0508234
0.0271839
0.0225458
-0.0165465
-0.00390006
0.00302637
-0.0184967
0.0169288
-0.00828957
0.0181035
-0.0183148
0.00169669
0.0594318
-0.0654579
-0.0181428
0.0379657
-0.0100195
0.0497428
0.00893095
0.0347726
-0.0269497
-0.0278524
-0.0242841
0.0434156
-0.0138842
0.0464996
-0.0249866
-0.0363866
-0.0420775
0.013937
-0.0466374
0.0120117
0.00723748
-0.0315355
-0.0186158
0.0168344
-0.0489616
0.0145308
-0.0290285
-0.040889
0.0287052
0.0177635
0.0285908
-0.0226605
-0.0277744
-0.030369
-0.0301445
0.0431714
-0.00417936
-0.0365008
0.0467324
0.0463697
-0.0477771
-0.0181047
0.0208404
0.00159956
-0.0122812
0.0456654
-0.0423121
-0.045314
0.0319699
-0.0161533
-0.042753
-0.00205645
0.00970886
0.0209123
0.0449738
-0.011339
-0.0177545
-0.0335469
-0.00698284
0.0315601
0.0019103
0.0459057
-0.0319529
-0.0232081
-0.0078221
-0.0103117
-0.0290258
0.0277573
0.0332072
0.0367231
-0.0424919
-0.015967
0.0181332
0.0223686
-0.0226238
-0.0358507
-0.0348972
0.023318
-0.00970766
0.0102292
-0.0254716
-0.0411276
-0.023337
0.0245614
-0.0252308
0.0478237
0.00366294
0.00490734
0.0113953
-0.0149736
-0.00222666
-0.0170849
0.0413436
0.0201461
0.0371782
-0.0339878
-0.0318534
0.135437
-0.0277701
0.0215985
0.0267205
0.00735239
-0.0220489
-0.0055955
-0.0245673
-0.0179932
0.0201161
-0.0465239
-0.0102459
-0.0580264
-0.101564
-0.0821241
0.00761312
0.0804912
-0.00933882
0.00755537
-0.0768566
0.00742719
-0.00396177
-0.0556261
0.0127154
0.00529114
0.0177427
-0.0724722
0.0201326
0.0476921
-0.0749535
-0.00380397
0.0273978
0.024161
0.0481998
-0.101071
0.22649
0.0412401
0.132872
-0.0450609
0.020413
0.0425848
-0.003972
0.0181717
0.0290387
-0.00818436
0.00285183
0.0547883
0.0389259
0.0112636
0.0244852
-0.0411206
-0.00413723
0.0238172
0.00292826
0.0583215
0.0507543
-0.0165744
0.0305095
0.0161187
0.000900872
0.0728189
-0.0906255
0.0118697
-0.0437404
0.0301492
0.0263323
-0.0422054
-0.0121706
0.0101574
-0.00310687
0.0480295
0.0177996
-0.0134877
-0.00382876
-0.0251672
-0.038006
0.0594412
-0.0278404
-0.0067427
0.0126255
-0.0420474
0.0307686
-0.0350516
-0.00340796
-0.077637
0.00177456
0.00978672
0.00871559
-0.0444086
0.0148058
0.00150247
0.0434632
0.0246599
0.0249471
-0.02717
-0.0276742
0.0113887
-0.030765
-0.00457762
0.0266477
-0.0848752
0.028227
0.0402066
-0.0372696
-0.00268231
-0.00258449
0.0112803
-0.0302637
-0.00966117
-0.000551375
0.028042
0.0465486
-7.80055e-05
-0.0214426
-0.0508037
-0.000608702
0.00132414
-0.0404871
0.0529115
-0.0237923
0.0654472
0.0263445
-0.0524947
-0.0221311
0.0233272
-0.0104644
0.0750539
-0.025657
0.0118088
-0.0345793
0.0814398
0.0561381
0.0372994
-0.0436472
-0.00445247
-0.00726224
-0.0229425
-0.0473008
0.000515058
0.0389521
-0.0425176
0.0111038
-0.0426207
-0.0152888
-0.0490712
-0.0196655
-0.0204888
-0.019183
0.00994622
-0.0336854
0.0406688
0.0215399
0.0406271
0.0154522
0.0176038
-0.00361529
0.000680659
0.0248603
0.0154418
-0.0303349
0.0353086
-0.0135683
0.0464161
0.00423948
-0.0426218
0.0263861
-0.0245472
0.0412813
-0.00123612
0.030944
-0.0239848
0.0435817
-0.0252764
-0.0341159
-0.00224443
-0.0396912
0.0112601
-0.0131001
-0.0483835
0.0470783
0.0254589
-0.0319574
-0.0385029
0.0352329
0.030397
-0.014457
0.00248779
0.0199792
0.00228385
-0.0234735
0.0283776
-0.0164606
-0.0279998
0.0237393
-0.0424634
0.0313032
0.0142578
0.0119986
-0.0390393
-0.00983612
-0.0410895
0.0428211
0.0272154
0.0231955
0.0411364
-0.0251966
-0.0207061
-0.0183895
-0.0291756
-0.041024
0.0262061
-0.0183232
0.0146264
-0.0300061
-0.0293059
-0.0380749
-0.00406958
-0.0250481
0.0154893
0.0264248
0.0330585
-0.0242433
-0.0325876
-0.0215319
0.0626125
-0.0236619
0.0523077
0.0414844
-0.0290808
0.0390805
0.0269941
-0.00717521
0.0298012
0.0351978
0.0263491
0.00523605
-0.00391991
0.0459669
0.0081751
0.0121477
0.0228109
-0.0257306
-0.033793
0.0618937
0.00882623
0.0580282
0.017237
0.0255457
0.0182309
-0.0579777
0.0204165
-0.0305026
0.0265444
-0.0127475
-0.0120739
-0.0534078
-0.0114756
-0.0237047
0.0138809
-0.0462313
0.0160303
-0.057105
-0.0597484
-0.0609767
-0.0256443
0.0218426
0.0385809
-0.0334916
-0.0177976
0.0160952
-0.0250817
0.0213309
0.00473136
-0.0333306
-0.0323178
-0.0409471
0.01997
-0.0571832
0.0192673
0.0473968
-0.0274007
0.0153458
0.00849803
-0.0215672
0.0410117
0.00227877
-0.0031284
-0.024906
-0.0423051
-0.00602264
-0.0396035
-0.018666
-0.0218749
0.00515506
-0.0356571
0.0480635
-0.0161234
-0.00802387
0.0309453
-0.0320913
-0.019479
-0.086906
-0.0443997
-0.0313937
-0.0145358
0.0505653
-0.03321
0.031537
-0.0335238
-0.0095724
-0.0322947
0.00785815
-0.0267661
0.0347849
0.0490512
0.0143396
0.0559586
0.0307723
-0.00697582
0.0684127
-0.0693732
-0.0431653
-0.0552894
0.0309065
0.0514976
-0.0100597
0.00307801
-0.0192729
-0.0146896
0.0239007
0.0162852
-0.000867551
-0.00366174
0.0688487
-0.0463011
-0.03996
-0.00600798
-0.00117283
-0.0248317
-0.0241602
-0.0452583
0.0159708
0.0215082
0.0224034
-0.0221456
0.0387813
-0.0446549
0.00371754
0.00198996
-0.0355959
0.0146853
-0.0392948
0.0428256
0.0208931
-0.039601
-0.00700341
0.0448607
0.0394739
0.0156505
0.00217942
-0.0450979
0.0134688
-0.0421553
0.000916954
-0.0194861
0.0179696
-0.0438027
-0.0116198
0.0192559
-0.0349476
0.0413107
-0.0152979
0.0340699
0.0431586
0.00179063
-0.0294396
0.0285631
-0.0443041
-0.0324555
0.0395158
0.0308741
0.00188985
-0.0262413
0.0456368
0.016261
-0.0133907
-0.0113646
-0.00100675
0.0077364
0.0474446
-0.01212
0.0483033
0.0416395
0.0378963
0.0138814
-0.00983139
0.0112164
-0.0454934
0.000549921
-0.0377523
0.0127615
0.0293824
-0.0315951
-0.00216638
-0.00780156
-0.0341146
0.0130943
0.0132072
-0.029148
0.0116456
-0.0405145
-0.00221369
-0.0425632
0.0149869
-0.0331895
0.396047
0.219674
0.129333
-0.116081
0.0624825
0.225273
-0.00854065
-0.194273
0.083914
0.0371337
0.118668
0.0142633
0.240791
0.132468
0.728386
-0.073755
-0.0242972
0.0411519
-0.194206
0.120604
0.00628903
0.0611851
0.27311
0.274075
0.160113
0.127118
0.121321
0.00966472
-0.0854243
0.0355207
-0.0336389
0.295421
0.0339656
0.120505
0.172618
-0.364481
-0.16505
-0.122477
0.159593
0.20748
-0.0170031
0.116666
-0.134384
-0.0835604
0.068981
-0.278247
-0.186314
-0.193184
-0.0572067
-0.0252881
-0.0555942
0.0731936
-0.0170938
0.00851474
0.0910084
-0.0174429
0.0679364
-0.0183974
0.0215293
-0.0386494
-0.0172295
-0.163314
0.0059587
0.178657
0.0811912
0.130476
0.00278397
0.0415985
0.109235
-0.0492201
0.0154783
0.0418984
0.0630443
0.0777473
0.143835
0.0688854
0.0101067
0.0743592
0.0631843
0.0471383
0.0109402
-0.093597
-0.0187044
0.373363
0.272594
0.00330129
0.00332138
0.082751
0.050007
-0.0191753
-0.275411
0.0245778
0.0208829
-0.0323135
0.126323
0.0741784
-0.00631655
0.0210494
-0.0313674
0.308011
-0.0096792
0.0866415
-0.0349626
0.106137
-0.00969986
0.0808431
-0.0343094
-0.0398378
0.0738783
-0.0237293
0.0142158
-0.0142424
0.0328324
-0.0484669
0.0758598
0.05522
0.0225214
0.0295661
-0.0328149
-0.0266737
-0.113469
-0.0827839
0.0730436
0.0368421
0.0510345
-0.0683959
0.100042
0.0114405
-0.0152903
0.0120201
0.0159162
0.0107422
0.102232
0.117361
-0.00695033
-0.042895
-0.0894504
-0.00645203
-0.0204747
-0.0109417
0.0700511
-0.041573
0.0296065
-0.0159163
-0.00976723
-0.0740252
-0.028768
0.0257378
-0.053299
-0.0867684
0.0551511
0.00969859
0.0037741
-0.0558877
-0.0246098
-0.0229412
0.0708723
0.0140142
0.0423306
0.0298349
0.0463598
-0.0374873
0.044309
-0.0345623
-0.0835042
0.010495
-0.0541231
0.056784
0.0431788
-0.0483917
-0.0302789
-0.0256944
-0.0324068
-0.00789304
0.0373903
-0.0267933
0.0642085
0.03198
0.0137421
-0.0280726
0.00681001
-0.0354481
-0.0201789
-0.00687594
0.0508417
-0.0214811
-0.0219888
-0.108045
-0.0283345
-0.016907
0.0281132
-0.0279018
0.0490281
-0.0426049
-0.0235529
0.0711642
-0.0442816
-0.00203976
-0.0598292
-0.0202888
-0.00363013
-0.000581898
-0.0267454
0.0298924
0.0360687
0.0402223
-0.036923
-0.00329641
0.019096
0.0425091
0.0228073
-0.0366627
-0.00390226
-0.0177924
0.104965
0.0189465
0.102918
0.0383182
-0.0657521
0.0294843
0.0895486
0.0267139
-0.0348131
-0.0378152
-0.0485903
-0.024734
-0.133262
0.0675634
-0.0621931
-0.00442122
0.0446726
-0.0480835
-0.0202977
0.0651141
0.0727416
0.0511335
0.0965933
-0.118754
-0.102576
-0.0190075
0.0756109
-0.087742
-0.0286427
-0.050869
0.0268782
-0.0725482
-0.0320184
0.237746
-0.0167166
0.0701173
-0.00451633
-0.130819
0.0250691
0.0162421
0.0097715
0.0291781
0.0616704
-0.0182305
0.0304725
-0.0361874
0.0845841
0.103229
0.0578634
0.0567403
0.0474503
-0.0242416
0.0393937
-0.0826632
0.200247
0.155729
0.102192
0.00497793
0.0163525
-0.0151582
0.0555921
0.270103
-0.210241
0.187757
0.343895
0.03457
-0.0597509
-0.20997
0.202357
0.0174915
-0.0352794
0.160805
0.111199
0.198468
-0.324039
-0.38923
-0.189431
-0.319836
-0.0320286
0.196609
0.0741539
0.043424
0.0685201
0.0111035
0.042282
-0.278186
-0.0726842
-0.305468
-0.0175486
0.0891828
0.103209
0.092261
0.0795601
0.210721
0.0221338
-0.0299396
-0.0142929
-0.148159
0.182035
0.144657
0.0418235
-0.000444478
0.050133
0.00967416
0.00676983
0.289996
-0.0954562
-0.0237721
-0.0753187
0.055506
-0.0155291
-0.00572603
-0.0930533
0.0307491
-0.0696074
0.0331577
0.137272
-0.144834
0.293755
0.0616836
-0.0154546
0.0381017
-0.106121
-0.0321046
-0.0465323
0.0396399
0.120828
0.0345084
0.0418506
-0.00682899
-0.00670666
-0.0294011
0.0111381
0.0141169
-0.00732776
-0.047086
-0.0215374
0.0133996
-0.000337724
-0.043763
0.0186145
0.00999032
0.0517889
0.0413088
0.033563
0.0340086
-0.0395928
0.0391798
0.0156398
-0.0477293
0.0196505
-0.0519832
-0.00855241
0.00540971
-0.0333755
0.0366235
-0.00190068
-0.119711
-0.0209721
0.00278484
-0.0248379
-0.0340022
-0.00948537
-0.0301754
-0.0170418
-0.031612
-0.00212531
0.0137166
0.0189263
-0.0269817
0.0167973
0.0100019
-0.0494547
-0.00800342
0.00338668
0.0212719
0.0445033
0.0321498
0.0272902
0.021978
-0.0195849
0.0306071
0.0217677
-0.0432956
0.0264727
-0.0402741
-0.191211
-0.00171104
0.0145228
0.026607
-0.0198339
0.0348421
0.0396696
0.027431
0.157852
0.00635797
-0.0258691
-0.0425418
0.00994218
0.00522242
0.0158361
0.206412
-0.0597687
0.0016569
-0.00523084
-0.0278289
-0.00281613
0.0298143
-0.00599859
0.103938
0.0255846
-0.0897699
0.0712201
-0.320155
-0.200433
-0.059562
-0.104946
0.146936
0.0439629
0.0765196
-0.0242463
0.0320323
-0.0452501
-0.145871
-0.0869117
-0.0660559
-0.0695704
-0.0371917
0.0324663
0.00538108
-0.0865429
-0.0166995
-0.015003
-0.00281964
0.139023
-0.117384
0.291067
0.115698
0.127297
-0.0479283
-0.028761
0.00783666
-0.0977799
0.130346
0.0326227
-0.0329948
0.236677
0.212824
0.144991
0.100008
0.160614
-0.000618981
0.00524319
0.123801
0.0279996
0.0115216
0.0484304
-0.153574
-0.0170135
0.11205
0.00915905
0.0650641
-0.157249
0.012995
-0.0604112
0.0125896
-0.0562069
-0.0318497
-0.0334615
0.0357151
-0.0960212
0.012583
-0.026765
0.0721754
0.01015
-0.0435506
-0.0697805
-0.0102241
-0.0102831
-0.0293721
0.00415848
-0.0123493
0.0724357
0.00850493
-0.0958095
-0.0190377
-0.00789882
-0.0474879
-0.0424804
-0.0507891
0.0143442
0.0772665
0.0120737
0.0374283
-0.0329994
-0.0400594
0.0676678
-0.0218868
-0.00494044
0.0277727
-0.0297307
-0.0434344
-0.000116396
0.00879649
0.0122824
-0.0304616
-0.0624603
-0.0284339
-0.0244975
0.0375573
0.016013
-0.0102692
0.0488773
0.0185071
-0.028582
0.00192255
-0.0457115
-0.0376598
-0.0589185
-0.00747742
-0.0530915
0.0204585
-0.0681565
-0.0176971
-0.0278344
-0.019964
0.0281048
0.11746
-0.00191771
0.00940448
0.00175022
-0.0220685
0.103001
-0.0538852
0.0392732
0.033068
-0.0154005
0.00904262
0.0300544
0.015158
-0.0182785
0.0148233
-0.00408502
0.0157526
-0.045847
0.00172992
0.0805687
0.0257272
-0.0151594
0.0557224
0.0195377
0.0651629
0.0109625
-0.033371
-0.0363822
0.0357975
-0.0262071
0.00033894
0.0194562
-0.0316674
0.0385039
0.0357903
0.00891289
0.0478863
0.00228706
0.00721609
0.000549367
0.0540527
-0.0504681
-0.0119423
0.0193071
0.0428658
0.0215662
-0.0046312
-0.000538863
0.0250983
-0.0236715
-0.0298715
-0.0385029
0.0299883
0.0172697
0.057062
-0.0318685
-0.00764996
-0.0470844
-0.0476028
-0.0436372
0.0301942
0.0159866
-0.000382606
0.0149953
-0.00717251
-0.0179985
0.0305496
0.037948
-0.0468003
0.0329224
0.00911407
-0.0347267
-0.00666926
-0.0333112
0.00570237
0.0164611
-0.0152368
0.0249083
-0.0310893
-0.0176704
-0.00187068
0.0695671
-0.0049796
-0.0405607
-0.0154121
-0.0126311
0.0279529
-0.0420845
-0.0157545
-0.0611142
0.0294613
0.00806847
0.07124
0.0668348
-0.0175843
0.023033
0.0303842
0.00195056
0.112552
0.059335
0.104717
0.054176
0.0426666
0.0967292
0.0660133
-0.0446251
0.0134702
0.0211217
0.037458
-0.0137964
-0.0291687
-0.0434043
0.0856969
0.0585738
0.0666568
-0.0270827
0.0598089
0.0223519
0.059833
0.00533283
0.0612089
0.132319
0.0385328
-0.0715526
-0.0277086
0.0874346
0.0314948
-0.0235983
-0.0115049
-0.0655984
0.00309968
-0.0794056
-0.0311034
0.0122789
-0.0158218
-0.0722589
0.0221754
-0.0613832
0.0491696
-0.0462869
0.0281501
-0.00463294
-0.0500542
-0.107795
-0.0266875
0.00683329
-0.036144
0.0568265
-0.0302405
-0.349118
-0.0581243
-0.0376094
-0.138543
-0.00812971
0.0314503
-0.0591723
0.125513
0.00269851
0.0389576
0.0581633
0.00814466
0.000800634
-0.072292
0.0465728
0.0498905
0.0163548
-0.0101722
-0.0066597
-0.0282036
-0.00431932
-0.029533
-0.0336453
0.0337008
0.0159468
0.0246575
0.00278183
-0.113465
-0.00207874
-0.0296644
-0.0424649
-0.0166932
-0.0541718
0.0167676
0.0878918
-0.0170848
0.00870847
-0.0278799
0.0260644
0.0328452
-0.0482622
-0.144847
0.00370501
-0.125536
0.00294155
-0.139258
-0.0941037
-0.116122
0.0327733
0.0276003
0.0615177
-0.00228781
0.0317094
-0.0618494
-0.0170997
-0.0667194
0.0716706
0.0687564
0.0410533
-0.0137357
-0.0361734
0.0294398
-0.0246887
0.00208805
-0.0164967
-0.0699839
-0.031209
-0.0292017
-0.0162168
0.00217424
0.000630985
-0.0470479
-0.027005
-0.033187
-0.00321896
0.013808
0.0318142
0.0361857
0.0474243
-0.0480117
-0.0361731
-0.0486237
0.0396034
-0.0410787
-0.0333682
0.0462808
0.0146138
0.00348658
-0.0473527
0.0294951
0.00117432
0.0359781
0.0261176
-0.0263399
0.0487851
0.0226646
0.0554057
0.0318989
-0.031583
-0.0483772
-0.0168218
-0.0275108
-0.0454093
0.0396415
-0.0261389
-0.000836209
0.0515757
-0.000220755
0.0358749
0.0289464
0.0198372
0.0237654
0.0160861
0.0373676
-0.0289421
0.00387382
-0.0123046
0.0373735
-0.0161842
0.00163748
-0.041584
-0.011736
-0.00805258
0.00699613
0.0143098
-0.00572173
0.0688494
0.0582101
-0.039151
-0.0181032
0.0253822
0.0303775
-0.0403176
-0.0954777
0.0638304
-0.0484302
0.0197581
-0.0173746
-0.0147592
-0.0419544
0.043058
-0.0264404
-0.00111471
-0.0281706
-0.0129268
0.0142733
0.0438556
-0.0265684
0.0414468
0.0235058
0.00962843
-0.027521
-0.0782625
-0.0650432
-0.0660801
-0.0399136
0.114336
0.0864955
0.00695416
-0.0934655
-0.00718567
-0.0130665
-0.0415791
-0.0418285
0.0128736
0.0064125
-0.0122016
0.016726
0.00198037
-0.0565154
0.011642
-0.0172625
0.0283524
0.038046
0.0221309
0.2059
0.127794
0.0032921
0.0683786
-0.0327505
-0.037735
-0.0442684
0.041054
-0.010642
-0.0277055
0.0483799
0.0763422
-0.00510208
-0.0504267
-0.0279934
-0.00341815
-0.00981387
0.0180993
-0.0133089
0.0747163
0.0428121
0.0293096
0.0383764
0.0768095
0.0209217
0.0461307
-0.0863578
0.0286363
-0.00987347
0.00129664
-0.0159973
-0.0378359
-0.0407578
-0.058249
-0.013986
0.0289787
0.0221259
0.0658234
-0.0182253
0.0490278
-0.0743755
0.0645185
-0.0590369
-0.0230843
0.039095
0.00738842
-0.0223766
0.0467015
-0.0227212
-0.0015104
-0.0415053
0.00378738
-0.00556565
-0.0585966
0.0871443
-0.00933831
0.0315481
0.0331688
0.0223661
0.00361064
0.067784
0.000917249
0.0342517
0.028948
0.0227987
-0.0157678
-0.0232171
-0.0736706
-0.0430181
-0.0233135
-0.0522707
-0.0161569
0.00698362
-0.0157379
-0.00707632
0.0409856
-0.0218229
0.0475751
-0.0451732
-0.0285342
-0.0222895
0.0175202
0.0211748
0.00441658
-0.0312307
-0.00152745
0.0756689
-0.00329816
-0.00704439
-0.0389489
0.00228573
-0.0937747
0.0224001
-0.0271216
0.00335205
0.0544403
0.0784305
0.0238716
0.00269548
-0.0270387
-0.00641895
-0.0153073
-0.0142206
-0.0287771
0.0518123
-0.0311582
0.0405431
-0.0418113
-0.011633
0.0449777
0.0357971
0.0456401
0.0135754
0.052048
-0.0778142
0.0259853
-0.0194736
0.00185684
0.0408795
0.0348419
-0.0499703
-0.0340942
0.0413751
0.0247145
0.0267166
-0.00229144
0.0195943
-0.0312051
-0.0397089
-0.0269827
-0.0419254
0.0283634
0.000555733
-0.0298588
0.00480997
0.0248481
0.0350205
0.0418343
0.00968525
-0.0317765
0.0162894
-0.0322951
0.0323687
-0.00486528
-0.000552685
0.00597519
0.0396559
0.0334996
-0.0216353
-0.068523
-0.0459627
0.0173083
0.0240704
0.010229
-0.0436676
0.0124051
-0.0146076
-0.0284089
-0.0388651
-0.0287274
-0.0387905
0.00276951
0.0359791
-0.00284231
-0.0215148
-0.0468807
-0.0252788
0.0293554
0.00653667
-0.0450724
-0.00983253
-0.0208278
0.00432069
-0.0394515
-0.0303702
-0.0187927
-0.0372228
-0.0296461
0.062544
0.0310777
-0.0303802
-0.00675188
-0.0248024
0.0781372
-0.0028384
0.0584076
-0.0288129
0.0394728
-0.0114993
0.00783233
-0.00947798
0.102637
-0.0197241
-0.0180976
0.0177897
0.0790761
-0.0388486
0.0531982
-0.007875
0.00164905
-0.0208155
-0.0261832
0.0184467
0.0428671
0.0468085
0.0410433
0.0503018
0.0254975
-0.00211851
0.0187285
-0.0492702
0.0317587
0.0218643
-0.000142158
-0.0103409
-0.00442609
-0.046534
-0.0334811
0.00801263
-0.0244921
-0.0858096
-0.0366361
0.0116525
0.0103348
-0.0346436
-0.0194386
0.0496602
-0.0444421
-0.00383129
-0.030351
0.0341682
0.0558523
-0.0013047
0.029872
-0.030143
0.11348
-0.00139746
0.0265695
0.0462876
-0.0663426
0.00871407
-0.0447259
0.00508368
-0.0344822
0.0118255
-0.0527702
-0.0124803
-0.0267536
0.0332505
0.0374419
-0.0544451
0.0370613
-0.0539372
0.0498064
0.046282
-0.0156265
-0.0841343
0.0155083
-0.0413262
-0.0373068
0.00865206
0.0216218
0.00445638
-0.0120591
0.0147522
-0.0300596
-0.0217768
-0.0676603
-0.03555
-0.0172715
0.0429935
-0.0596435
-0.0125572
0.00522077
0.0513451
-0.0341916
0.00900071
0.0870574
0.0497459
-0.033295
-0.0144274
-0.000367475
0.0161773
0.00390219
0.0629736
-0.0262071
-0.00166899
-0.017947
0.0461387
-0.0391527
0.0634285
0.0569723
0.0336162
0.0271083
0.00361337
-0.0554885
0.0345184
0.0564591
0.0606833
0.0163446
0.0223812
-0.0431744
0.0250621
0.0423449
0.020675
-0.010479
0.0386865
0.00581409
-0.0295868
-0.00138749
-0.0438953
-0.0301537
-0.041995
-0.00371206
-0.0420983
0.036501
-0.0334817
-0.0113251
-0.005819
-0.0243065
-0.0318365
0.0352963
-0.045768
-0.000969042
-0.0457962
-0.0168649
0.0100596
-0.019847
0.0031449
-0.00585833
0.0231567
-0.0195438
-0.00171657
0.0249405
-0.021511
-0.0259493
0.0163303
0.0329222
-0.0293334
0.00530105
-0.0179956
-0.0336264
0.0170083
0.0467605
-0.0218613
-0.0384886
0.0352504
-0.00949846
0.0495131
0.0472634
-0.035
-0.0247463
-0.0412891
0.0259663
-0.0270379
-0.0122704
0.0103817
0.00840362
0.00717324
-0.0333512
0.035746
-0.0317935
-0.0189343
-0.0261826
0.00811834
-0.0431748
0.0410045
-0.0126119
0.029322
-0.0246473
-0.0203623
-0.0244254
-0.0110254
-0.0307818
0.0232559
-0.0268666
-0.0391217
0.0473646
-0.0146624
0.0201877
0.0959918
0.0261778
0.0224183
0.019685
-0.0114186
-0.023895
0.0346083
-0.0554353
0.0654535
0.00667307
0.0487862
0.0103549
0.189951
0.0260494
0.0949843
-0.016613
-0.0152085
-0.0106988
-0.0819446
0.0401452
0.011256
0.0198052
0.0476978
0.0256579
-0.00344081
-0.010306
-0.00590841
0.0405886
0.0425742
0.031075
-0.0370894
0.0384634
-0.0482378
-0.0156632
-0.0696428
-0.116085
-0.0296335
0.01599
-0.00662857
0.0533691
0.0122969
0.0253005
-0.0752028
0.0331194
0.0661271
-0.00736032
-0.0600541
0.0264959
0.0684429
-0.0213668
-0.0402239
-0.0376019
-0.016176
0.00803383
0.131838
-0.0463551
0.0567159
-0.0303954
-0.00372679
-0.0903018
0.00599991
-0.0180367
0.0024297
0.0187888
-0.0240368
-0.00534811
-0.0342562
-0.018713
0.0493257
0.0573493
-0.0219979
-0.0492102
0.0340462
0.0103139
-0.0761317
0.0361241
0.0320045
0.015908
0.0198982
0.0386427
0.0438945
-0.011921
-0.054391
0.0529444
0.0088957
-0.00679427
0.04307
-0.0177172
-0.00425878
0.0338195
-0.0325895
-0.0487742
0.0296123
-0.0313764
0.0264202
0.114273
-0.00197854
0.0106375
0.0461724
0.00399263
0.0353845
-0.0306407
0.0224869
0.00920824
0.0450216
0.039407
0.0419327
0.0169169
-0.0312253
-0.0108877
-0.015317
-0.0472296
-0.0153501
0.0482944
-0.0411929
-0.0534317
0.0455853
-0.030887
-0.0187257
0.0393079
-0.0402574
-0.0124282
-0.0299595
-0.00482051
0.0453127
-0.0092472
0.0133528
-0.0296485
0.0314671
0.0228282
0.022887
-0.0408128
0.0213012
-0.101757
-0.0762385
0.0160481
-0.0440501
-0.0458485
0.0150786
-0.0286316
0.0124946
0.0422727
-0.0297946
-0.0377241
-0.0423534
-0.00422256
0.0293141
0.0447189
0.0462159
0.0617124
0.0435883
0.0289568
0.00908894
-0.0315388
0.0344618
-0.0160354
-0.00993197
-0.0414578
0.0134735
0.0245704
-0.000892793
-0.0269031
-0.010258
-0.0177093
-0.0119993
-0.0409461
0.016493
-0.0065278
0.0347285
0.0340937
0.0266209
0.0375506
0.0124613
0.0365662
-0.00556475
0.0315106
0.0381495
-0.0129242
0.0469527
-0.00989822
-0.0304208
0.0341031
0.0420322
-0.00761945
0.044651
0.0236231
0.0273038
-0.0379755
-0.0364645
0.0290688
0.0320849
0.0171453
0.0486465
0.0302621
-0.00877464
-0.0542456
-0.0397757
-0.000476675
-0.0485219
-0.0292315
0.00982372
-0.0150156
0.0323719
-0.0198368
-0.00289576
0.00809061
-0.0395373
-0.023349
0.0262892
0.00925106
-0.0257002
0.0212939
0.0203604
-0.0109436
0.0258253
-0.0639248
0.0473781
0.00509647
0.0195537
-0.0141294
0.0285679
-0.00889107
-0.0200005
-0.0363097
-0.0199271
-0.0343684
0.00631266
-0.00271868
-0.0062463
0.0594194
0.0105258
-0.059943
-0.0424087
0.0136176
0.0369291
0.048037
-0.0196343
-0.0736141
-0.0531437
0.0851263
0.0103871
0.0357206
0.00124903
0.0162756
0.0128311
-0.102916
-0.00175376
0.131202
0.0163053
-0.0255271
-0.0559634
0.0706382
-0.00695068
0.0450728
0.0302927
0.000224792
0.0450321
0.068839
0.0361071
-0.0398035
-0.0342261
-0.0355168
-0.0369922
-0.00588555
0.0427469
-0.0389297
0.0542924
0.0142928
-0.0278536
0.123715
0.0170641
-0.0579012
-0.0218825
0.041221
0.00578355
-0.0462849
-0.0433409
0.0750762
0.0401406
0.0266552
-0.0139832
-0.0537203
0.0974039
0.0249444
-0.0218367
-0.0133093
0.0281331
0.054046
-0.0593346
-0.0582264
-0.0546373
-0.0323246
-0.0317641
0.00414616
-0.00559183
0.0330825
0.0297052
0.0281166
0.0127962
0.00313016
0.00574817
-0.158843
-0.0851079
0.00102517
0.0308508
0.00400446
-0.00466445
0.0185599
0.0399675
-0.0567448
0.0143036
0.0606057
0.0097286
0.0407849
0.0437376
0.0193205
0.0404518
-0.0110147
-0.0103589
-0.0276691
0.0721034
-0.0395235
-0.0156592
-0.0106567
-0.0427244
-0.0204746
-0.0416236
0.0147359
-0.0373272
0.00473629
-0.0565543
-0.0515744
0.0417559
0.036061
-0.000155575
-0.04277
0.0347561
-0.0113763
0.0226942
-0.0452147
0.0222602
-0.00492293
-0.0169209
-0.0434793
0.0353566
0.0304524
0.0269534
-0.0117434
-0.00879629
0.00895977
0.0144628
-0.0145199
0.0397326
0.0452431
0.0268659
0.0228883
-0.00711685
0.00801375
0.0220877
-0.0250228
-0.0385916
0.0136063
-0.0171737
0.0358268
0.0456535
0.000402736
-0.0362049
-0.0080426
0.0468596
0.034337
-0.0165144
-0.0562088
-0.0193324
0.01582
0.022582
-0.00310875
-0.03195
0.0462609
-0.00873464
0.0425002
-0.00562099
0.0305287
-0.00356311
-0.0269399
0.00836941
0.0185288
-0.0417599
0.0148968
-0.0187874
-0.017131
0.0389421
-0.0390148
-0.0413278
-0.00909472
0.0279674
-0.00840556
0.000384394
0.0180447
-0.0283403
-0.0038336
-0.062987
0.00759714
0.0189459
-0.0612947
0.0255137
-0.039969
0.0270587
0.0108201
0.0144218
-0.0272016
-0.0150662
0.0407163
0.014885
-0.00399699
-0.0424314
-0.0539924
0.00122878
0.0441752
-0.0211279
0.0504666
-0.00256347
0.0336422
0.0110169
-0.0231566
-0.00593279
-0.0534102
-0.0106261
-0.241984
-0.080469
-0.0987026
0.0388057
0.0820958
-0.049782
0.0170764
-0.0183951
-0.0164957
0.023244
0.0252138
-0.0121789
-0.0208356
0.0271792
-0.0444615
0.0307904
0.0153677
-0.0873417
0.00248975
-0.0562664
-0.0366519
0.0366016
0.00108586
0.188649
0.0848959
0.0552259
0.00805161
-0.0643807
0.0220305
-0.0779269
0.0510458
0.0104994
-0.0490135
0.0679956
0.0446111
0.0221633
-0.0728611
0.11401
0.0229217
0.0189336
0.0286056
-0.0107267
0.107962
-0.00675744
0.0194286
-0.0430948
0.0565129
0.0464357
-0.0291182
-0.0577417
-0.00342421
-0.0347252
0.0151367
-0.0651761
-0.0202342
-0.0445282
-0.0467383
0.0179141
0.0222907
0.035864
0.018179
0.0118098
-0.0046401
0.0107904
0.0440128
-0.0444956
0.0265325
-0.00537635
-0.028331
0.0367431
0.00214472
-0.0709862
-0.0193558
-0.0732955
-0.0492692
0.000830071
0.0232487
0.0255888
-0.0228487
-0.00645488
-0.00345081
-0.0229298
0.00901852
-0.146332
-0.0197178
0.00300416
0.0477242
-0.0445443
0.0104342
-0.0552828
-0.0624537
0.0171526
-0.0413528
-0.0224203
-0.0249498
0.00862444
-0.0140905
0.0350939
0.0392634
-0.00179649
-0.00121732
0.00920087
-0.0611722
-0.00867401
-0.0116213
-0.0110575
0.0309586
0.0178101
0.00774189
0.036708
-0.00502511
-0.045499
0.025605
0.0435497
0.0211694
-0.0385623
0.0121542
0.0331232
0.0309838
0.0413567
0.0447725
0.00302118
0.010554
0.00719208
-0.0162719
0.0174633
0.0453334
0.0310012
-0.0421522
0.0269491
-0.0464749
0.0384173
0.047749
0.0688126
-0.00839844
-0.0207104
-0.00495276
0.0170596
0.000969463
0.00257112
0.00618331
0.0436248
-0.0451859
0.0397239
0.0161315
-0.0477392
0.0487112
0.00642182
-0.00991575
-0.0127098
0.0257212
0.0044871
-0.0290922
0.0181748
-0.0584669
-0.00939974
0.0453051
0.0485686
0.0364126
0.0125018
0.0423902
-0.00558986
-0.0366759
-0.0269035
0.0213527
-0.0393268
-0.0383141
-0.0148169
0.0346171
0.0151902
-0.0446815
-0.00707421
-0.0316551
-0.0131521
-0.016812
0.0556971
0.011541
0.0267922
0.0336161
-0.0461561
-0.0263533
-0.028322
0.0204226
0.00307183
0.0468725
-0.00488158
0.0492055
-0.0183461
0.0190985
-0.0207927
-0.0340948
0.00913939
-0.0055511
-0.036046
-0.0381096
0.0234286
0.0106808
-0.00632716
0.0163155
0.00449125
-0.0152637
0.0484649
-0.0914879
0.00163297
-0.0216679
-0.0116335
0.0568671
-0.0593704
-0.0591487
0.0409424
0.0392943
0.0429462
0.0402299
0.00998925
0.0393438
0.0292063
0.0314075
0.0363552
0.0318699
0.0380681
0.0204204
-0.00361724
-0.0144412
-0.051903
-0.00670373
0.0708231
0.0736693
-0.0394389
-0.0184533
0.0181276
0.000892824
-0.0173072
0.0235303
0.0219237
0.0340535
-0.0559855
0.0110707
0.0260194
0.0263177
-0.0358232
-0.0474616
0.0239805
-0.0179518
-0.0316883
-0.0628972
-0.053442
0.0427724
0.0433962
0.00668714
-0.0127546
-0.0384598
-0.0394846
0.0473033
0.0216862
-0.0275296
0.0309877
-0.0102172
-0.0535703
-0.0519165
-0.0298609
0.00781774
0.0302821
0.0147773
0.0204692
0.0244789
0.0240995
0.00280644
-0.0356642
-0.00680651
-0.039283
0.00427555
0.00362141
-0.00449966
0.0464504
-0.0219732
0.01031
0.00551119
0.01278
0.0465604
0.0275609
0.0550422
-0.0437528
0.00227798
-0.00681051
0.0118442
-0.00831527
-0.0443967
0.0465867
-0.0313603
0.0757673
0.0704861
-0.016692
0.0154848
-0.0238088
0.00704546
-0.057477
-0.0159218
0.0667475
0.0314618
0.0433439
-0.0343421
0.0119687
-0.0407827
-0.0357986
0.0429755
-0.0260056
-0.00422883
0.0344689
-0.0618575
-0.00664215
-0.0220137
0.00380579
-0.0159498
0.00106677
-0.0154459
0.0290115
0.039511
0.0255711
-0.0105144
0.0127804
-0.0355181
0.0352548
0.02584
0.0611686
-0.0142069
-0.0220931
-0.0347089
0.00325686
-0.00159381
-0.0398835
0.0336938
-0.0231392
-0.0227892
-0.0368365
-0.0252286
0.0138226
-0.0117782
0.0393706
0.0453804
-0.0345125
0.0201855
-0.0176301
-0.0147985
0.0477196
-0.0269293
0.0153611
-0.0422343
0.0323651
-0.0322684
-0.0374132
-0.0388902
0.0265417
0.0302048
0.0100645
-0.044783
-0.0078303
-0.0160028
-0.0202672
-0.0142398
0.0624155
0.0167117
-0.0380748
-0.0356431
0.0013395
-0.0414138
0.0401125
0.0380428
0.0418965
0.00899836
-0.0242733
-0.0178192
-0.01351
0.0368316
0.0121034
0.0156668
0.0461388
-0.0221104
0.046652
0.0404598
-0.0408285
0.00132755
0.0120706
-0.0439835
0.00346912
-0.0242494
0.0193251
-0.00783763
-0.0464243
0.0714936
-0.0328416
-0.0345945
-0.00556981
-0.0502068
0.0248259
0.0183614
-0.0173947
-0.0425482
0.0234591
-0.00623024
0.0226026
0.0396382
0.0168774
0.0334043
0.292527
0.0393742
0.0577273
0.0556152
0.0157483
0.0338067
0.0087524
-0.02207
-0.0359227
-0.0265635
0.0832247
-0.0525444
-0.352214
-0.0531163
0.325532
0.155296
-0.316175
0.229878
0.145442
-0.0424266
-0.148624
-0.0352972
0.0748208
0.131938
0.0897506
-0.0517555
0.319719
0.0345654
-0.159307
0.197897
0.105168
0.00494158
0.00845326
0.0822705
0.0322025
-0.0273771
-0.122508
-0.0100786
-0.0187361
0.275094
0.0978365
0.203653
-0.0829237
0.0323128
0.188118
-0.249496
-0.120051
-0.0884976
0.102329
0.00203591
0.0133563
0.0570164
-0.297088
-0.111441
-0.24966
-0.00730479
-0.0474657
0.013405
-0.151105
0.108932
-0.0293659
-0.291845
0.0543666
0.104983
-0.0386103
-0.136998
-9.2379e-05
0.039997
-0.0207586
0.221345
-0.167051
-0.0445141
-0.0357723
0.0209943
0.0698159
0.00992205
-0.239721
0.0607023
0.0297554
0.0247576
-0.0581243
-0.103237
-0.0781403
0.425385
0.129458
0.226355
-0.0335122
0.0536782
0.268426
0.0179018
0.191381
-0.0953216
-0.00356657
-0.029409
0.00265219
0.0911752
-0.0183354
-0.0218816
0.00192857
0.0752716
0.223957
0.0286396
0.0748913
-0.187687
-0.0879324
-0.0015465
0.0476975
-0.0212982
-0.00290613
-0.0172342
-0.039449
0.0370787
-0.041221
0.0317003
0.169078
0.0043132
0.0429541
0.0934506
-0.0952255
0.143203
-0.100928
-0.102499
0.0504971
-0.0138066
0.0482379
-0.0949332
0.313549
0.0079996
-0.0470071
-0.0248011
0.135909
-0.254746
-0.131066
0.0186154
0.0697079
0.0569137
0.0181302
0.0392903
0.0323277
0.0445404
0.017112
-0.035146
-0.0121838
-0.0411575
-0.0263878
0.050245
-0.00736554
-0.0285941
-0.163864
0.0215696
-0.104857
-0.0388441
-0.0202257
-0.0437534
0.00623993
-0.0204319
0.016164
-0.0251031
0.0475457
0.0451457
-0.00648367
-0.0235824
0.00362758
-0.0422034
0.0924586
-0.237803
-0.151813
-0.0676389
0.0117921
0.00560733
0.0039006
0.0347151
-0.0296349
-0.0208433
0.0468545
-0.029866
0.115749
-0.0168583
-0.0169574
-0.0265712
-0.0632936
0.0947294
0.0328736
0.0184339
0.0277962
4.94166e-05
-0.0309392
-0.0800105
-0.030469
0.00473685
-0.0247869
0.0125291
0.0119829
-0.0421324
-0.039597
0.0767164
0.0965048
0.0283704
-0.0106212
-0.025965
0.0108376
0.0128533
-0.0268507
-0.00873748
0.0267761
0.025165
-0.00715281
-0.0309176
-0.0355155
0.0186309
0.00360978
0.0017273
-0.0630201
-0.0992803
-0.246978
-0.156001
0.115089
-0.0287059
-0.12772
0.0122661
-0.0667312
0.016551
0.0307723
-0.150169
-0.304907
-0.0301937
-0.14158
0.0732948
-0.00472975
-0.111764
-0.07015
-0.0882538
0.00293799
0.0187691
0.00933189
-0.0275109
0.0330089
-0.120959
-0.178383
0.115781
0.098632
-0.188664
0.0295202
-0.0329743
-0.0128911
0.154249
-0.0680862
0.365723
0.0279048
0.00838538
-0.0376844
0.0782961
0.00139115
-0.0153256
-0.102301
0.253829
-0.101824
0.153668
-0.048356
-0.0348617
0.118867
0.105864
0.0606891
-0.00564913
-0.0137038
0.0233047
-0.0394008
0.0107558
0.100853
-0.0135056
0.050213
0.0250623
0.092205
-0.0464145
0.190351
0.255906
-0.443232
0.264971
0.796449
-0.0461617
-0.0607131
-0.123491
0.357801
-0.0267456
-0.0119258
0.294353
-0.171279
0.29297
0.0139607
-0.289707
-0.171187
-0.137018
0.350301
0.23324
0.0151215
0.0595483
0.0300591
0.0283387
0.114959
0.0673796
-0.233076
0.286548
-0.0570979
0.175903
0.000927132
-0.382038
-0.158328
0.0684641
-0.151106
0.189518
-0.0818082
-0.0991846
0.40962
0.223338
-0.00708574
0.0421001
-0.332156
0.0440426
-0.032362
0.257611
-0.186178
-0.104033
-0.148095
0.0119818
-0.141119
0.0223169
-0.0188607
-0.032023
-0.0187385
-0.0248878
0.325135
0.0279667
0.185593
0.100056
0.0143647
-0.0334994
-0.130603
-0.00666347
0.00772743
-0.0439818
0.0496873
0.0247444
0.0298404
-0.036362
-0.0303264
-0.0274675
0.0380038
-0.0410599
0.0257404
-0.0198005
-0.0213299
0.0327998
0.0431503
-0.000179582
-0.0388989
-0.0547067
-0.0226538
0.0316224
-0.0011099
0.00293695
0.00125239
-0.060036
-0.0207975
-0.0167355
0.0443164
-0.0371955
-0.0248914
-0.0333499
-0.044103
0.0215007
-0.071796
-0.0678163
-0.041151
0.0372093
0.0114594
0.0295841
-0.0356459
-0.0418313
-0.0458637
0.0266862
0.0194258
0.0125201
0.0075863
-0.00973524
0.000892618
0.0211214
-0.0635625
-0.0061864
0.0249648
-0.0188754
0.0485051
0.0483147
0.0473033
-0.0397891
-0.0131846
-0.0147434
-0.0526988
0.00733613
-0.00190421
-0.104037
0.181387
-0.0750609
0.078946
0.0623909
-0.0233003
-0.0114191
0.0323953
0.0762085
-0.0203584
0.0730079
0.0768177
0.0111762
0.00972821
-0.0140091
0.0075199
0.0833062
0.00498462
-0.0430188
0.0497017
-0.0221194
-0.0261858
-0.0226118
0.0507293
0.0256257
0.0273624
-0.00251493
-0.0324072
-0.122666
-0.0258087
-0.0391692
0.00267211
-0.0324687
-0.0602131
0.013499
-0.067275
0.0362352
0.0274226
0.041097
-0.0059284
0.0493283
0.000327339
-0.0367318
-0.0443376
-0.0234073
-0.00459849
-0.00582167
0.0284862
-0.068325
0.0826
-0.0948178
0.218423
-0.0059375
0.107203
-0.00341878
-0.000987838
-0.0115232
-0.0730257
0.105662
0.0331797
-0.022463
0.00116227
0.022622
-0.0509202
-0.02904
0.047882
-0.0447315
-0.0131253
-0.0220622
-0.0126992
0.0380967
0.0371495
-0.000126992
-0.031315
0.0183139
0.0335594
0.0258224
0.00696219
0.0373912
0.00998462
-0.0166434
0.00321319
-0.00727877
0.029841
-0.0116392
0.0207798
0.0213164
-0.0188855
0.045708
0.00476968
0.0318874
-0.0874359
0.075905
0.0391415
-0.0484902
0.0387779
0.0408003
0.0414635
-0.021037
-0.0212728
-0.0257551
-0.052984
0.0399382
-0.0591013
-0.043073
-0.0677056
0.0302149
0.0496482
0.0400946
-0.0423541
0.0395272
-0.0214079
-0.0185809
-0.0158366
-0.0108875
0.0185438
-0.0202635
0.0182029
0.00588989
-0.0265598
-0.0319122
-0.0540104
-0.0303318
-0.0340374
-0.0181612
0.00140357
0.0170426
0.0459941
0.0224621
-0.0369795
0.0101682
0.0734801
-0.0323131
0.0227836
-0.0230569
0.0342431
0.0702923
0.0202371
-0.00534159
-0.0457612
0.00183395
0.00728647
0.0424201
-0.0201907
0.0185623
-0.0213791
-0.0162646
0.0201752
0.00521923
0.00939772
0.0249324
0.0703113
-0.000572302
0.0279181
-0.0130771
0.0416255
-0.00209795
-0.0173341
-0.00200158
-0.0149455
-0.0194303
0.0194867
0.00760049
0.0424625
0.0529267
-0.0211729
-0.0256998
-0.0385935
0.041998
0.0191512
0.00684592
0.0445212
-0.037543
0.0488504
0.0422385
-0.0241121
-0.0246849
0.0346169
-0.0341043
0.0161141
0.0368298
-0.0373543
0.0168528
-0.0512599
0.00916908
-0.0490522
-0.0146373
-0.026348
-0.0129805
0.0176439
0.0342768
-0.00693944
0.0254927
-0.0140282
0.0472168
0.00679363
-0.0459066
0.0482776
-0.0454591
0.00708217
-0.010625
-0.00938749
0.0293317
0.0123361
-0.0206794
0.045219
0.0294838
-0.0153553
-0.00857432
-0.0383359
-0.0188742
-0.0330721
0.0495
0.0500432
0.0244552
0.0214886
-0.0369588
-0.0467267
-0.0454008
-0.024216
0.0180301
-0.0256254
-0.0408576
0.0224494
0.00710536
-0.0269887
0.0247891
-0.0202152
-0.0533586
0.0256353
0.0110958
0.0290123
-0.0173748
0.0316811
0.0106424
-0.01652
-0.0568177
-0.0381952
0.0264182
0.0171672
-0.0198708
-0.0538513
0.0201401
0.0360258
0.0241833
0.0210208
0.00807528
0.0728825
-0.0254237
0.0224801
-0.0458322
-0.0169202
0.00454204
0.0674726
0.0350911
-0.0400081
-0.0152424
-0.0157378
-0.0223615
-0.0149977
0.00874418
0.0237247
-0.0274056
-0.0327382
-0.0170294
-0.0635511
0.0224785
-0.0475909
-0.0384507
0.00548416
0.0441762
-0.00769657
0.0541108
-0.0346742
0.0206302
0.0371768
0.0641673
0.0112648
-0.0422231
-0.0039536
-0.0225316
0.0496304
0.00440465
-0.0520199
0.0485821
-0.035726
0.0389822
0.0221774
0.043804
-0.0453098
0.0101805
0.0286483
-0.0230364
-0.0558409
0.0306843
0.0482577
-0.0116622
0.059459
-0.0871709
0.0452474
-0.023327
0.0950128
-0.0269514
8.58381e-05
0.0251702
-0.0393299
0.0167001
0.0320811
0.0920001
-0.0925617
0.0421719
0.0718912
-0.000757952
0.00986085
0.00909885
0.0187239
-0.069001
-0.00569245
0.0281861
0.0353059
-0.00508505
0.046893
-0.105209
-0.0223461
0.011469
0.00302287
0.0226288
0.0256307
-0.0147588
-0.0403211
0.0346726
-0.0440345
0.0134297
-0.00687877
-0.069611
-0.0248418
-0.0991587
0.0192997
0.00264956
0.0252855
-0.00186344
0.000128593
-0.0571652
-0.049309
-0.03894
-0.0183879
-0.00826761
-0.0154716
0.0582364
-0.028543
-0.024169
-0.0529751
-0.0124314
0.0037114
0.0153468
-0.047413
-0.0387584
-0.0479835
-0.00639862
-0.0234646
0.0167402
0.0445222
0.037862
-0.0451957
0.00460027
-0.0097134
0.0314678
0.0402408
-0.00219348
-0.047719
0.0232468
0.00843527
0.0372305
0.0358212
0.0310902
0.0447293
-0.00750677
-0.0417832
0.0113922
-0.0384626
0.0300128
0.0356717
-0.0142683
-0.0101691
0.00881189
0.0451976
0.0284899
0.0361499
-0.0332524
-0.0102505
-0.0286781
-0.0102704
-0.0258146
0.00959409
-0.0136116
-0.04653
0.0223511
0.0475187
0.0405165
0.0268579
0.0471778
-0.00691261
0.0207942
0.0459505
0.0271048
-0.0181007
-0.0469157
-0.0166914
-0.0442174
0.0234502
-0.0177972
-0.0256057
0.0146107
-0.000623761
-0.0237616
0.0300568
0.0405611
-0.00984923
0.0588994
-0.0249729
-0.00842064
0.0359213
-0.00473655
0.0393207
0.00498971
0.0299618
-0.0696701
-0.0357612
-0.0403055
-0.0024707
0.0408197
-0.273909
-0.254428
-0.0473584
0.0923797
-0.0330666
0.0169951
-0.0212825
0.103738
-0.100827
0.0524581
0.116967
-0.0851916
0.42122
0.454657
0.274684
-0.171007
-0.127284
0.255585
0.227318
0.115669
0.0388978
0.0582273
0.272168
0.174938
0.174716
0.209553
0.326715
-0.045197
-0.0983274
0.071626
-0.0502558
-0.106726
0.016088
-0.0121118
0.190046
-0.759306
-0.249191
-1.14879
0.243838
0.120516
-0.181596
0.318582
0.0141205
-0.0625864
-0.123464
-0.397932
-0.321667
-0.37711
-0.23417
0.0847442
-0.0269173
0.0294885
0.0796586
0.140938
-0.800981
0.0326705
0.0113669
0.00100805
-0.0661408
0.00753893
-0.0473826
0.344597
-0.140263
0.0486379
0.0975052
0.388515
-0.00421907
0.0149615
-0.0765772
-0.0105842
-0.136926
0.0744898
-0.238481
-0.0259237
-0.000286242
0.0619439
0.164724
0.0732697
-0.0739603
-0.0100287
0.114715
-0.097507
0.058743
-0.153997
0.0422032
-0.00396667
0.0408514
0.138542
-0.184988
0.00272387
0.226036
-0.0119724
-0.0186199
-0.0610486
0.0665317
0.396057
0.00929447
-0.0478859
0.0281442
-0.166907
0.0509364
-0.0909658
0.0525599
0.0313265
-0.0325467
0.0373121
-0.0203919
0.0339091
-0.00631138
0.0555556
0.0184259
-0.0104654
0.0291067
-0.00137681
0.119065
-0.00783306
0.0163392
-0.042097
0.0343157
-0.0372777
0.0704452
0.206361
0.0531936
-0.0285593
0.0386877
-0.0841513
-0.200644
0.00278536
0.00311921
0.00842353
-0.50964
0.0273795
-0.387641
0.411348
-0.0293126
-0.0914616
-0.157702
-0.0229405
0.031793
-0.0341235
0.12638
-0.0216649
0.00910541
-0.0188596
-0.00693194
-0.0756101
-0.032104
-0.0083964
-0.0238091
-0.0954251
-0.0387119
-0.0144083
0.0373074
-0.0101201
-0.0263067
-0.0156662
0.103555
0.0404204
-0.040722
-0.0399809
0.0196528
0.0131725
-0.0102795
-0.0155
-0.0168841
-0.0974917
0.00676226
-0.0288739
-0.0109963
-0.0185038
0.0464888
0.021711
-0.0121562
0.00426
0.0376513
0.0368909
0.0660888
-0.018205
-0.027611
-0.064204
0.0663951
-0.0297083
0.010209
-0.0377478
0.0268166
-0.038941
-0.00988684
-0.106162
0.0400113
-0.00748932
-0.0121017
-0.012223
-0.015689
0.0159189
0.0417892
0.153534
-0.0454577
-0.00251136
-0.00977618
-0.00519187
-0.0424295
-0.031763
0.0100464
0.0294879
0.0109279
-0.0218348
0.0321372
-0.157301
-0.000620718
0.0134863
0.0382656
0.00246222
-0.0543177
-0.0126745
-0.0393093
0.0839746
-0.132894
0.0153644
0.00495046
0.1277
0.0485352
0.0397845
-0.0406516
-0.0174561
-0.0635043
-0.0977119
0.118748
0.0515056
0.0853666
-0.0326375
-0.104824
-0.0824669
-0.042307
0.0428879
0.0198476
0.0619106
0.179658
0.150141
-0.224881
-0.213661
-0.113308
0.00319008
-0.0238142
-0.134473
0.0283759
-0.0559053
-0.000455537
-0.111933
-0.000449344
-0.00989367
-0.0458352
-0.165542
0.0217779
-0.0266095
0.0501704
0.0969924
0.0802719
-0.0705411
0.1674
0.11208
0.149971
0.0621727
0.0594881
0.102654
-0.0660234
-0.0381659
-0.124803
-0.141346
-0.0163217
0.156316
0.308026
-0.0131791
-0.00965493
-0.0248058
0.0696509
-0.0650019
-0.0826414
-0.0661848
-0.0313541
0.197324
-0.0354351
0.0903841
-0.169158
0.0150243
-0.0307329
-0.478626
-0.10233
-0.313083
-0.0606312
0.0773224
0.0129464
-0.093628
-0.161735
-0.0299312
0.0615692
-0.0542883
0.0112431
-0.0353901
0.00790867
-0.0671483
0.387109
-0.317916
-0.0628548
-0.107886
-0.136113
0.335269
-0.262257
0.448479
-0.0371212
-0.113246
-0.0579439
0.0841662
0.160087
-0.0231332
0.0468941
0.0417628
0.00629628
-0.134941
-0.0446633
-0.121109
0.311623
0.347843
0.222957
0.14966
-0.0624747
-0.0478875
-0.0543775
0.0462982
0.0701391
0.00977774
0.178333
-0.15827
0.00934948
0.159087
-0.0233126
0.0305582
-0.117261
0.0393078
-0.014061
0.0596049
0.186124
-0.0276094
-0.0435747
0.0390136
0.0558839
-0.0465496
-0.0353347
-0.0453537
0.0521214
0.0015434
-0.000231948
0.062136
0.0424943
-0.0372186
0.0188946
0.00125727
0.0516519
0.0442991
-0.0127147
0.0320489
-0.0392433
0.0213747
0.0709064
-0.000341459
-0.000863719
-0.0103555
-0.039203
0.0238514
-0.0244341
-0.00673741
-0.00635755
-0.117882
0.00477917
0.0309987
-0.0103163
-0.0336586
-0.0367583
0.0196626
0.0137236
-0.0411087
0.00892742
-0.0441498
-0.0335039
-0.0313334
-0.0197349
0.0364216
-0.0466708
-0.0495416
0.00182595
0.0178106
-0.0345183
-0.0425757
0.000442188
-0.0627446
0.00410398
0.00652626
-0.0284508
-0.00699115
0.000346804
-0.0130648
0.135251
0.110008
-0.0945415
0.0879665
-0.0324661
-0.0166459
0.033328
0.0606153
0.348253
-0.0379432
-0.0375284
-0.0233536
0.0123943
-0.0315809
-0.00769392
-0.0799309
-0.049783
0.0205119
-0.0432633
-0.0180253
-0.00523069
-0.0153318
-0.0166289
-0.010411
-0.00697369
0.0136713
-0.0257478
-0.167358
-0.0191098
0.0240301
0.0360099
-0.0202506
-0.04888
-0.0245088
0.0350985
0.0155588
-0.000868331
0.00756905
-0.0360254
0.0464481
0.0364345
-0.0269629
0.00944636
-0.0254811
-0.0559246
0.00334994
-0.0332916
-0.00622774
-0.0185639
0.0686507
0.072267
0.100393
-0.00984041
0.0597774
-0.0450165
0.0561077
-0.00250762
0.0527234
-0.0254565
-0.0405203
-0.0104873
0.0274905
-0.0503415
-0.0231041
0.0721606
-0.0184197
0.0022486
0.0130741
0.0469303
-0.0326305
0.016704
-0.0264509
0.00918887
-0.0459157
0.0448763
-0.027747
0.02874
0.0365498
0.00339584
0.00371053
0.0181711
0.0469632
0.0459399
-0.0435799
-0.0599684
-0.0227343
-0.0331653
-0.032015
-0.0385743
0.020043
0.0697414
-0.00416512
-0.00215265
-0.00983201
-0.00297053
-0.00373875
0.0248961
-0.00613193
-0.0313966
0.00108955
0.034515
0.0292241
0.0608846
0.0428241
-0.0320287
0.0270842
0.00109268
0.031652
-0.0179252
0.0291356
-0.0377162
-0.0129229
-0.013213
0.0475021
0.0339443
-0.00537253
-0.0478667
0.0148197
-0.0254855
-0.0141492
0.0030526
-0.0292135
0.0198074
-0.0246838
-0.0024547
0.0194323
0.0151957
-0.00455903
0.0185285
0.00830457
-0.00656965
0.00395929
0.0115403
-0.0365821
-0.0390397
0.0104647
0.0413585
-0.0338484
0.0125174
-0.00397698
0.0438845
-0.0146426
0.00287631
0.010735
0.000462793
-0.0156464
0.0961731
-0.0498861
0.035965
-0.0345017
0.0407523
0.00280491
0.00595493
-0.0443183
-0.0141739
-0.0475653
0.0352132
-0.0488139
-0.00127182
-0.029554
-0.00671293
-0.023338
-0.048707
0.00271967
-0.0196996
-0.0224627
-0.0120639
0.0470235
-0.029473
-0.0246989
-0.0250805
-0.00886523
-0.0359113
-0.0173047
-0.00512717
0.0254451
-0.001048
0.0101515
0.031812
-0.022635
-0.0135386
0.0246746
0.0189957
0.020397
0.0138025
-0.0378426
0.00467545
0.0483719
0.030234
0.00533589
0.00975328
0.0308863
0.0239443
0.0463695
-0.00383028
0.0231454
-0.0111405
-0.0305733
0.0360151
0.000801843
0.0379357
0.0244291
-0.0239818
-0.0364244
0.0362869
0.0308086
0.0180089
0.0177579
0.0102948
-0.0419778
0.0254394
0.028836
-0.00495142
-0.0361716
0.0250702
-0.0273465
0.0456517
0.000392063
-0.0196967
-0.00460071
-0.0368877
-0.0415938
0.0154728
-0.0332336
0.0347686
-0.0559863
-0.0377579
-0.0220701
-0.0298909
-0.0126788
-0.0246603
-0.0436681
0.0071007
0.0264351
-0.0204782
-0.0157783
-0.0427516
-0.0467729
-0.0199313
0.0777088
-0.0298039
-0.0129567
0.0267743
0.0253844
-0.0156823
-0.0181958
0.0110092
-0.0157485
0.0051117
-0.0244021
-0.023184
-0.0192911
0.0195387
0.0122565
-0.0659003
-0.0521248
0.0222603
-0.0249153
0.0467031
0.0106456
0.0812734
0.0334445
-0.0451654
0.031714
-0.0343317
0.00763887
0.0178689
0.0367189
0.00754909
-0.0383064
-0.0167362
-0.0582914
-0.0366451
-0.0233998
0.0106336
-0.031228
-0.0421012
0.0318364
-0.045139
0.0363317
-0.0143622
0.0161613
-0.0482837
-0.0262461
-0.047691
-0.00448837
-0.0111492
0.0047553
-0.000847759
0.0232028
0.0337417
-0.0237136
0.0517398
0.0155303
-0.0292243
-0.0443733
0.0387543
-0.0247735
-0.0128503
0.0364019
-0.0353988
0.00955783
0.0366312
-0.00875029
0.0479165
0.0164603
-0.00409011
-0.0133748
-0.0161025
-0.0410602
0.0409062
0.0167936
0.0705489
0.00341929
0.00708829
0.0682231
0.0406654
0.00485693
-0.0269497
0.0289274
0.0138751
0.00896431
0.0030532
-0.00734438
-0.043177
0.0217523
-0.0510296
-0.0550672
0.00314664
-0.0388355
0.0304303
0.0240667
0.0106658
0.0406816
0.00844034
-0.0253024
0.0557513
0.00135007
-0.0388277
0.0397014
0.0521525
0.0143502
-0.00845099
-0.0412178
-0.0323998
-0.00718823
0.0530112
-0.0569645
-0.0543533
0.00795777
-0.0126158
-0.00553346
-0.0217744
0.0405581
0.0376322
-0.0170947
0.0167015
0.0128826
0.0457818
0.0378766
0.0123967
0.047522
-0.0210426
-0.0206054
0.0328037
4.12978e-05
-0.0272922
-0.0422321
0.0277776
0.0129474
0.0297935
0.00202565
0.0237002
-0.0486299
-0.0291655
0.0483792
0.0338579
0.00678493
0.0444687
-0.0271646
-0.015898
-0.018253
-0.0254328
0.0356266
-0.026272
0.0335943
0.028998
-0.024115
0.00803324
-0.0263933
0.0280885
-0.0178231
-0.00463715
0.00274542
0.0315073
0.0142324
0.0325133
0.0209648
-0.0184049
0.0175785
0.0409982
-0.00191729
-0.00169854
-0.0375518
-0.025831
-0.0362656
0.0269934
-0.0304537
-0.0315658
0.00384235
-0.0209786
0.00478475
0.00416939
0.0160636
0.0164555
-0.0245845
0.0285865
-0.00924116
-0.00311891
-0.0333476
-0.0347014
0.0101249
-0.0424749
-0.0460245
-0.00366782
0.00785686
-0.0344555
-0.0272924
0.0484051
-0.0135677
-0.17045
-0.0132131
0.00635103
0.00111954
-0.0215081
0.0170532
-0.0369819
-0.0248158
-0.0685239
-0.0640446
0.0122069
-0.0280677
-0.0336651
-0.0075161
0.00148988
0.0125329
0.0296907
0.0331245
0.0399008
0.0181018
0.0435889
-0.0303023
0.0119911
0.0219135
-0.0207112
0.0323677
-0.0168299
-0.0142722
0.017289
-0.0470301
-0.0155275
-0.0195687
0.0292458
0.0166403
0.029783
-0.0382448
0.0218416
-0.0620753
0.0388052
-0.0614119
-0.0230585
-0.0767945
-0.00999963
-0.0129157
0.00628043
0.0076124
-0.058054
-0.0121177
-0.0029041
0.0436862
-0.0301725
0.0169405
0.0166539
0.00162014
0.00819151
-0.0414193
0.0624109
0.0338836
-0.0405296
0.0327556
-0.0532157
-0.0154904
0.0423708
-0.0639088
0.00125341
-0.028228
0.0483258
-0.00323779
-0.0285609
-0.0545804
-0.00110296
-0.00695858
0.0245476
0.0103885
-0.0200219
0.098835
0.00699577
0.0227071
0.0208149
-0.0442389
0.0199067
-0.0358355
-0.0285194
0.0130841
-0.0774386
0.0348616
-0.0450532
0.0526663
0.0146362
0.00029904
0.0255183
-0.0163103
-0.0108085
-0.0337014
0.0271782
-0.0629923
-0.0110127
-0.033086
-0.0142566
0.0305875
0.050908
-0.06218
-0.0498326
0.017212
-0.0026347
0.0237384
0.00951356
-0.0170304
0.0262946
-0.0270408
-0.0248452
-0.00251896
0.0136797
0.038651
-0.00809459
-0.0302699
0.0141581
0.0141504
-0.0191513
-0.0109181
-0.029779
0.0260875
-0.0496654
0.035441
0.0161966
0.00207079
0.00733036
-0.00390316
0.0283167
-0.010631
-0.0128707
0.0426471
0.0113378
0.0796298
0.0485645
0.018607
-0.0144252
0.0221502
-0.00488931
0.0260771
-0.0244356
-0.0276286
-0.0328088
-0.0181104
0.045293
0.0188073
-0.000629051
0.0324205
0.0240062
0.0043317
-0.0429125
0.0347317
0.0237702
0.00170724
0.0411212
-0.0106725
-0.0511231
-0.0241291
0.00635513
0.0476022
0.045146
-0.00147189
0.000387822
0.0186448
0.0424588
0.0189441
0.012791
-0.0441345
0.0403762
-0.0301969
0.0070477
0.0249772
-0.0221609
-0.0197645
0.00427271
0.00068519
-0.0221526
0.0440399
0.0192538
-0.0454922
0.0336944
-0.0261189
0.0102405
0.00435098
-0.0420832
0.0173766
0.0377053
0.0227959
0.00294277
0.00118611
0.00108934
-0.017755
0.0269701
-0.0014205
0.0465743
0.0141465
-0.0249231
0.00496367
0.0221425
-0.0156802
0.0340859
-0.0293856
-0.0448652
0.0132627
0.0325841
0.0487809
-0.0409282
0.0284606
-0.0462949
0.0217576
-0.0135726
0.038217
-0.0499532
-0.0403183
-0.0375484
0.0556668
-0.0304645
0.0477484
0.0486233
-0.0407672
-0.0387723
0.0166709
0.0437825
0.0189763
0.051328
0.0166675
0.0105284
0.012819
-0.0383919
0.0145776
-0.0357765
-0.000613724
-0.0304204
0.0294501
0.0591556
0.00446149
-0.0384082
0.00116571
-0.024368
0.0089144
-0.0358899
0.0103042
0.0444688
0.00321456
-0.0349846
0.0235314
0.00355102
-0.0712456
-0.0439002
-0.0141707
0.0523824
-0.0229565
-0.028107
0.0426029
0.0126232
-0.00315755
-0.0697578
-0.0425484
-0.0193939
0.00428183
-0.0632966
0.000465402
-0.0302698
0.0366324
-0.0371643
-0.0115678
-0.060559
-0.015521
-0.0348328
-0.0203852
-0.012391
-0.0533843
0.0392781
-0.0311346
-0.0445815
0.0168122
0.00354646
-0.0136401
-0.00951157
0.0164099
0.0463397
0.00633187
0.0515247
0.0115246
0.0032644
-0.0054498
0.0277012
-0.022169
-0.00744249
0.0627171
0.0712171
0.0157777
-0.102636
-0.0372532
-0.0428215
0.00838667
-0.0183137
0.00126511
-0.0330108
-0.0158217
-0.0054873
0.0774272
-0.0314989
-0.0244547
-0.0573496
-0.0454609
0.0275438
0.00452819
-0.0206754
0.0128126
-0.0132592
-0.0372933
0.0358473
0.0108984
-0.0219005
-0.0390648
0.0444736
-0.051207
0.00527568
-0.04193
0.0355438
-0.0194389
0.0634082
0.0227196
0.030635
0.0178556
-0.0236759
-0.0472566
-0.00255709
0.0267304
0.0358601
0.0473406
-0.0391428
-0.000396315
-0.0123511
0.0261004
-0.0120794
0.0352826
-0.0341574
0.03812
-0.00470955
0.0142651
-0.0415716
-0.0134513
0.0267403
0.0112415
0.0247397
0.0304073
-0.0235091
-0.018882
0.00136316
0.0141441
0.0258635
-0.0375923
0.0195938
0.0300503
0.0265039
-0.036756
0.0359686
0.0330857
-0.017161
-0.00957993
0.034653
-0.0159426
-0.0348096
-0.0483441
-0.0095174
0.0115929
-0.0323826
0.0289205
-0.0422476
-0.0304702
0.0323298
0.023989
-0.0431475
0.0142942
-0.0400812
0.0226882
-0.00829084
0.000586695
-0.0124174
-0.0381176
0.0236753
0.00648574
0.0458064
-0.00144489
-0.0394594
0.0324474
0.0282539
0.0299019
-0.0399883
-0.0367812
0.0062489
0.00557822
0.0415678
0.00929636
-0.0192165
-0.0201975
0.037714
-0.0466665
0.0485489
-0.0292298
0.0367508
-0.030938
0.0250738
-0.0390699
0.0415592
-0.0090472
-0.0494618
-0.0540965
0.0119613
0.0410948
-0.0115261
-0.028331
0.000169208
0.102344
0.0042032
-0.0230827
0.0201473
0.057453
-0.00918487
0.02582
0.00664894
-0.0382012
-0.0431343
-0.035776
-0.0119599
-0.0206462
-0.129605
-0.10698
-0.0216773
-0.00111121
-0.0306686
-0.0457329
-0.0191206
0.0270885
0.0349294
-0.0537774
-0.0465023
0.0163308
0.0447821
-0.0722396
-0.00185669
0.0124277
0.0323049
0.0626199
-0.0151743
-0.0173949
0.0661555
-0.121859
0.133737
0.0398934
0.181243
-0.029225
0.0085956
0.0972586
-0.00843357
0.0770356
0.0319854
0.0263894
0.0172879
0.00685265
0.035057
-0.0317813
0.000679585
0.0207626
0.00633314
0.0258458
0.0481403
0.0680302
-0.00998943
-0.0432821
-0.00113077
-0.0342612
0.0332556
0.036887
-0.00132935
-0.0280105
-0.007268
0.0352471
0.0257135
0.0106666
0.01346
-0.0245629
-0.0606163
0.00935919
-0.0675361
-0.0371658
-0.0224215
-0.00469551
-0.0106763
-0.00287985
0.0139339
0.0198436
-0.0221948
-0.0162837
0.0300409
-0.0559182
-0.0317652
-0.0102236
-0.0475621
-0.0222225
-0.0201834
-0.00369789
-0.0317076
0.00148902
0.0454093
0.0456627
-0.0324292
-0.014433
-0.0464948
-0.0261072
-0.00760124
-0.00868906
-0.0132874
-0.0580562
-0.0249522
0.0355291
0.0138041
-0.0554126
-0.0315778
-0.0289202
0.0374976
-0.0105785
-0.0224652
0.0462305
0.0366845
0.0372247
-0.0170563
-0.0164513
0.088881
0.0364288
-0.0515263
0.0340028
0.0508903
0.00985791
-0.0136674
-0.0518496
-0.018045
-0.000518528
0.0419187
0.0724924
-0.0420626
0.00876749
-0.0128091
0.0900114
0.020346
0.036637
0.00189981
0.00832871
-0.0303315
-0.00551258
-0.00105854
0.00673175
-0.00224572
-0.0055527
0.0134005
-0.0163337
0.0220899
0.0204458
0.0347894
-0.0439848
0.0322989
0.00259637
-0.0160796
-0.051211
-0.010744
0.0333908
0.0373336
-0.0138905
-0.0401421
-0.0181631
0.0292269
-0.0191775
-0.0307825
0.0288115
0.0051463
-0.0349008
-0.0130149
0.0354427
0.0461053
0.0134971
0.0403581
-0.0247713
-0.00428704
-0.00496964
-0.00400272
-0.0421716
0.0223631
0.0476399
-0.0247523
0.004632
0.0129665
0.0150462
-0.040895
-0.0434347
0.0221168
0.0399497
0.0133139
0.031476
0.048789
-0.00147
-0.00347453
-0.0482172
-0.0333763
-0.0127553
-0.0417984
-0.0241649
-0.0391604
-0.0131621
-0.0440549
0.0342622
-0.039839
0.0151434
-0.00106462
-0.0281574
-0.0196675
0.0438017
-0.0157188
-0.00552255
0.0125879
-0.0479032
0.0302562
-0.00831505
-0.0146556
-0.0483122
-0.0306506
0.0178843
-0.0525268
0.0238349
-0.00129079
-0.033549
-0.00298894
-0.019151
-0.0279848
-0.0424004
0.0317798
-0.0185741
-0.0144986
0.0353139
-0.0313162
-0.0192674
-0.0100518
0.0104729
0.00912176
0.037491
0.0352625
-0.00832564
-0.00222641
-0.0117996
0.0288977
-0.0450084
0.0444557
0.0333644
0.0878983
0.069319
0.0170138
0.040854
-0.0173638
0.0361747
-0.0454225
-0.0614954
0.0374797
0.000380887
-0.0441346
0.0216053
0.044713
0.0337695
-0.00387679
-0.0336827
0.0274549
-0.0307631
0.053207
-0.0259973
0.0335315
-0.0243415
-0.0405296
0.0273701
0.02752
0.0038109
-0.0137521
0.0510243
0.0350287
-0.0136803
-0.0118392
-0.118668
-0.00144785
-0.04097
0.0371966
-0.000341874
0.0425739
-0.0127308
-0.017995
0.021789
0.0267546
0.0397941
0.0701673
-0.0153398
0.0132941
0.0332012
0.0388174
0.0700565
0.0445527
-0.0222815
0.0136937
0.0125848
0.00490651
0.0258431
-0.0313645
0.042383
0.0732195
-0.0120328
-0.00487648
-0.031908
-0.040885
0.0473945
-0.0219363
0.0670998
0.0458301
0.000918789
-0.0220448
-0.0915116
-0.013537
0.0370371
0.0335097
0.0305745
-0.0508946
-0.0780899
-0.0027464
0.0228298
0.00553118
0.0119439
0.00857579
-0.0286392
0.0185961
-0.0275218
-0.0766493
-0.053027
-0.0507978
0.0512551
0.0220763
0.0164398
-0.0164397
0.0262392
0.0154191
0.0149186
-0.0252541
0.0535739
-0.00538831
-0.0343888
0.0365423
-0.00182662
0.0276892
-0.0332163
-0.0412186
-0.0573902
-0.0433367
0.0259263
-0.0256264
0.0133843
-0.0154671
0.00758771
-0.0337784
-0.0318735
-0.0182794
-0.022716
0.0170976
0.0368962
-0.00944805
0.0351511
-0.00864983
0.03169
-0.0494444
0.0305221
-0.0271082
-0.0341882
0.00673411
0.0200557
-0.0063134
-0.0149232
0.0159262
0.000654253
0.0130073
0.0312765
0.0474497
0.0109396
0.0639415
-0.00177582
-0.0196997
-0.00753589
-0.0429057
0.0419615
0.0150131
-0.0251223
0.0353366
0.0333356
-0.0348932
-0.00881418
0.0394958
-0.00940639
-0.0274192
-0.0139311
-0.0175033
0.0138951
-0.0274439
-0.0469222
-0.000901246
-0.0111827
0.0267412
0.0154768
0.0143532
-0.0370609
-0.0408912
-0.0347754
-0.0167906
-0.0433305
-0.0273583
-0.0291693
-0.0538642
0.0384064
0.0178135
-0.0259006
-0.0202932
-0.0653663
0.0615485
-0.0199517
0.00685429
-0.0346297
-0.00150588
-0.0274047
-0.225953
0.168783
0.0133681
0.0437322
-0.0652698
0.0169334
-0.0562095
-0.0138103
-0.071978
0.22306
0.0318706
0.0207828
0.0242295
0.113339
0.0126594
-0.0509188
-0.0416347
-0.0179182
-0.16551
0.0215209
-0.0682623
-0.0308089
-0.0687148
-0.0816005
-0.0781632
-0.0689647
0.19429
0.045129
-0.00848941
0.180272
0.245054
-0.127552
0.0108764
0.0512494
-0.0277468
-1.17324
-0.38518
0.0766488
-0.139163
0.0299545
0.0249372
-0.0830641
-0.0930376
0.0561823
0.0857582
0.0685355
0.0480874
0.159459
0.0238748
-0.211062
-0.00600304
0.00946124
-0.105722
-0.0836777
0.112238
0.0155993
0.0621338
0.0412098
-0.104233
-0.107316
0.0124017
0.696765
-0.0318431
-0.00560655
-0.0327913
-0.141225
-0.022112
0.0355949
-0.0981674
0.104218
-0.0791423
0.0362886
-0.221052
-0.144476
-0.0409
0.0268752
0.00318369
-0.0364777
0.0193066
-0.0331574
-0.076736
0.021649
0.0592827
0.0784031
-0.0142213
0.0290165
-0.0439261
-0.036967
0.0585388
-0.0865531
0.0568326
0.0384988
-0.0106837
-0.0017022
0.0301387
-0.129546
-0.0374613
0.0310822
-0.0271742
0.0347751
0.246426
-0.00543125
0.156616
-0.175321
-0.0579556
-0.0653553
0.0311346
-0.0063445
-0.0357695
0.0248774
-0.0188356
0.0277308
0.0321379
0.029735
0.0103095
-0.035712
0.0171638
0.0533676
-0.000306516
-0.0114362
0.0711815
0.110909
-0.0353034
-0.0260973
0.0605383
0.00500277
-0.255607
0.0447842
-0.00499117
0.00214286
0.214855
-0.107854
0.0352447
-0.339522
0.142888
0.107832
-0.0576461
0.0185765
-0.0466388
-0.00342284
0.0397751
-0.026049
-0.00877378
-0.0242193
-0.0453758
-0.0414792
-0.00218922
-0.037696
-0.0613152
-0.0205639
0.0352401
0.0144773
0.0258206
-0.0303889
-0.0447527
0.0463833
-0.00323772
-0.0253919
-0.019828
-0.0351633
0.0106194
-0.0474625
0.0400939
0.00944953
0.127116
-0.137726
-0.0616779
-0.0171595
-0.00387183
0.0313562
0.0359934
0.0374246
0.0478059
-0.0430282
-0.0368651
-0.023167
0.0504805
0.00115649
0.0299395
0.0127999
-0.0212389
-6.74238e-05
-0.00992618
0.0193832
0.000196952
-0.0300123
-0.000375
-0.0300696
-0.0432982
0.0121994
-0.0215503
0.0294637
-0.00853693
-0.0188592
0.0343056
-0.0666099
0.0997003
0.0357986
0.0140829
0.0137851
-0.0197972
0.0334531
0.034488
0.017148
-0.0106507
-0.029897
0.0205758
-0.023093
0.0306044
0.0340588
-0.00925341
-0.0134743
-0.0195359
-0.0415012
-0.184379
-0.055509
0.171559
0.0477158
-0.131176
-0.00872667
-0.105788
-0.00395332
0.00101685
0.273946
-0.208553
0.0555548
-0.0663983
-0.0370543
-0.0380031
-0.0430028
-0.00568392
-0.0544785
-0.0283165
-0.0043175
-0.0604474
-0.00825133
0.00067757
-0.049881
-0.0139475
0.171282
0.124621
-0.160804
-0.02835
-0.0369353
0.0285005
-0.231905
-0.0512572
0.204497
0.0261415
0.0559875
-0.154471
-0.0449842
0.02282
-0.0219236
0.0455903
0.150325
0.193021
-0.0252869
-0.156556
-0.0941599
-0.0353738
0.133619
0.0713953
0.049763
0.0365919
0.0314062
-0.0171425
0.0540526
-0.235845
0.126475
0.171041
0.0461062
0.00998758
-0.0147132
0.0293141
-0.131692
0.0601086
-0.0595686
-0.025861
-0.0772781
-0.0579439
-0.044784
0.0871347
0.0387279
-0.0030705
0.388551
-0.0806585
0.549433
-0.204062
-0.252035
-0.0993716
-0.0665334
0.0111964
-0.0821272
0.0434907
-0.0466513
0.00869869
0.0285776
-0.0507666
-0.139581
-0.117869
0.0378007
-0.0854024
-0.00416466
-0.0313443
-0.0783951
-0.109924
-0.313857
0.0382253
-0.580501
-0.0468637
-0.0494546
-0.0418589
-0.162932
0.0316118
0.0430468
0.262202
0.0158406
0.0872148
0.0682102
-0.0181276
0.0350937
0.0636365
0.0474063
-0.0570765
-0.0392166
-0.0446787
-0.113386
-0.00144047
-0.0367318
-0.049783
-0.109751
0.068745
0.152346
-0.0427824
0.0339612
-0.0689719
0.00128434
0.0263019
0.0291724
0.252585
0.0417613
0.00179616
0.0100385
-0.00462856
0.0389785
0.0488434
-0.0376872
0.0884304
0.0461337
-0.00686386
-0.0314931
0.0125948
-0.00510618
0.0317754
0.0466255
0.0244206
-0.0327138
0.039251
0.0267179
0.0414991
-0.0141879
0.0103202
0.0201839
0.0250445
0.0408814
0.0255783
0.0453781
0.0436999
0.0422378
0.00664514
-0.0112228
-0.0161433
-0.013775
-0.0399008
-0.00691563
-0.0415393
-0.00206871
-0.0247423
-0.00997798
0.00340435
0.0320304
0.0150275
-0.0192962
-0.0114092
-0.00315198
0.0236052
-0.0379091
0.0147771
0.0365157
0.0485569
0.0464721
0.0162477
-0.0230133
0.00871464
0.0114237
0.0278851
0.032792
0.0157426
-0.0529386
0.0370661
-0.00507499
-0.063043
0.0279592
0.00678539
0.0402711
-0.0427412
0.10038
-0.180324
-0.0543891
0.115193
0.018415
0.014305
-0.0265023
-0.00901003
0.0694909
0.0668018
0.00941612
0.00487406
-0.0134718
-0.00864445
-0.0455923
0.0151446
-0.0489362
0.0470612
-0.0565994
0.023511
-0.0818116
-0.157632
-0.0443824
-0.0173924
0.115464
0.0755357
-0.000978684
-0.100902
0.0300975
-0.0300625
-0.029876
-0.0487189
0.0359824
0.0479945
0.00350647
-0.0476394
-0.0114974
-0.136096
-0.103995
0.0584771
0.0328837
0.00863243
0.036237
0.200679
0.0961565
-0.0285457
0.00785487
-0.0904404
0.0164765
-0.022555
0.0321646
0.0210523
-0.0359962
0.035926
0.0591241
-0.0161097
-0.000397449
0.0339561
0.0255192
-0.0432605
0.0912395
0.101166
-0.0385434
0.0389397
0.0672038
-0.0431749
0.0619989
-0.0350691
0.0247049
-0.048338
-0.041001
-0.00452118
0.0372256
-0.0106608
-0.0152343
-0.0340265
-0.0161705
-0.00547352
-0.029669
0.0250529
0.0382601
0.0611788
0.0584885
-0.0500804
0.0425587
-0.0424453
0.0257203
0.0189324
-0.0289581
-0.0277908
0.0676228
-0.15296
-0.0679482
0.0130503
-0.0326597
-0.0803711
-0.0145214
0.0281137
0.0282659
0.0404871
-0.0385779
-0.0365601
-0.0411933
0.0727165
0.0131742
-0.00979848
0.0373079
0.0319874
-0.0522595
0.00818213
-0.109122
-0.0743541
-0.0257968
-0.0528778
0.0430609
-0.0412655
-0.0549741
0.0367963
-0.0326189
0.0255277
-0.0242785
0.040001
0.0309064
-0.0282176
-0.00479421
0.0308062
0.00495613
0.0305244
-0.0505876
-0.0374516
0.0339094
0.0100315
-0.0121452
0.0425869
-0.0272079
0.0139628
0.0168042
-0.0236243
0.0367728
0.0775979
-0.00401415
0.00988287
-0.0249415
0.0214381
0.0236357
0.0343469
-0.00588581
0.0606472
-0.0217713
-0.00499771
-0.0291184
0.039646
0.0199698
0.0509672
0.0560344
0.0286579
0.0804957
-0.0407494
-0.000877417
0.00193594
-0.0210178
0.0473192
-0.0190676
-0.0448638
-0.0375345
-0.0481273
0.0488575
0.0230909
-0.000733605
0.00369593
-0.0233369
-0.0313621
-0.0636662
-0.0449514
0.00890194
0.0183573
0.0423187
-0.0452765
0.0147075
-0.0198848
0.0262829
0.012982
0.035379
0.040562
0.0462893
0.0427751
-0.0418225
0.0546383
0.0353562
-0.0136919
-0.0429193
-0.0133915
0.0025224
0.0018809
0.000426999
0.0379294
-0.0437741
0.00991673
-0.00935064
0.0190512
-0.0311247
-0.0294049
0.0361021
0.0292581
-0.0311956
0.047299
0.0581273
-0.00488134
0.0144716
-0.00371522
-0.0454253
0.0115412
0.0204573
-0.00665243
-0.0437322
0.0458088
-0.0176289
0.0250595
-0.000397736
-0.0432033
0.044474
0.032663
0.0152414
-0.0685139
-0.0280249
0.0123507
0.0469975
-0.0357844
-0.00630508
-0.0369954
0.00127354
0.0500193
0.0655558
-0.0523532
0.0935994
0.0425995
-0.0177962
-0.00326475
0.0738916
-0.0176147
0.0584695
-0.0539592
0.0490969
0.0420583
0.0408861
0.0188043
0.100432
0.0607367
-0.017723
-0.0153726
0.00164625
-0.00511733
-0.0384728
0.00257273
0.0216395
0.00761611
0.0352651
-0.0536057
-0.0683846
-0.0346247
0.0108638
0.0179765
-0.0239362
-0.0615918
-0.0465894
-0.0835461
0.00336236
-0.0852195
0.0279526
-0.0192121
-0.0427496
-0.0416922
0.0478923
0.034981
0.022412
-0.0263844
-0.046744
-0.041678
0.140673
0.0571121
-0.0252735
-0.0287555
-0.00476418
-0.045734
0.0262536
0.0165616
0.00133617
0.053093
0.00159162
-0.108419
-0.0669914
0.0129789
0.00468413
0.030781
-0.0169121
0.0262709
0.0188996
0.0270081
-0.0435869
-0.0585771
-0.0917526
-0.0223541
0.0305426
-0.0160398
-0.00815846
-0.0171061
-0.0345155
0.0049177
-0.0404799
-0.0949745
0.0290177
-0.0209898
0.0388089
0.014463
-0.0212491
-0.0133178
0.0441726
0.0645272
-0.0111058
0.0440813
-0.00375196
0.0266941
-0.00863287
0.0206785
-0.0660936
0.0129619
0.0457053
0.0147731
-0.0272788
-0.0521294
-0.00691948
0.0444054
0.0483761
-0.0197829
0.0289927
-0.0258284
-0.0484229
0.0108377
-0.0525635
0.0444237
0.0139918
-0.00171869
-0.0654401
0.023441
0.027496
-0.0133632
0.00410423
0.0110729
-0.0198873
0.0143032
0.00943395
0.0343794
0.045131
0.0246315
-0.043792
-0.0425464
0.00635123
0.0311448
0.0193984
0.0197661
0.0159109
0.0160066
0.024629
0.001428
0.0254849
-0.0179109
-0.0184077
-0.0242281
0.0397287
0.0331709
0.00254947
0.0486163
0.00647415
-0.0380219
0.0192612
0.0174582
0.0410812
0.0263524
0.00145906
-0.0127652
-0.0337561
-0.0266924
0.0248333
-0.0270364
-0.0304049
0.0128883
0.0310502
0.0132806
-0.0105514
0.037269
-0.030425
-0.00102202
0.0485281
-0.0294981
-0.0246693
0.044678
-0.0468803
-0.0350528
0.0229722
-0.0143001
-0.034201
0.0485063
-0.00715457
0.0288113
-0.03922
0.0381394
0.0198404
0.00386609
-0.00190244
0.020173
0.0029859
0.0164932
-0.0217932
0.00342643
0.0318567
-0.0458429
0.0248078
-0.0271155
0.0304372
-0.0206034
0.0357567
0.00954634
0.00127202
0.00780442
0.0113483
0.0597723
-0.0269609
-0.0427281
-0.0414629
-0.014665
-0.0393167
-0.010338
0.0242644
0.000848632
0.00425583
-0.0157478
-0.0380867
0.0198243
-0.0160084
0.0186454
0.0345965
0.000942543
-0.067538
0.0391617
-0.0546055
0.0345802
0.0430275
-0.027
-0.00531676
-0.0254278
-0.00461252
-0.0273856
-0.0536537
0.0183351
0.00333405
0.0225167
-0.00157048
0.114256
0.0409903
0.000619536
0.0230445
2.52044e-05
-0.0623111
-0.0357167
-0.0583933
0.042555
0.0227269
0.0372545
0.0208857
0.0162388
0.0657209
-0.0410665
-0.030638
-0.00221736
0.0271635
0.0616403
-0.0106522
-0.0582317
0.0146622
-0.021382
-0.0181968
0.0890547
-0.0201214
-0.0058218
-0.00572834
0.00757231
0.0178439
0.0309792
0.0158174
0.0324024
-0.0457852
-0.0607734
-0.0136325
-0.0262841
0.0210286
0.0147061
0.0136854
-0.0135415
-0.00901749
0.0168386
0.0237715
-0.00792955
-0.0333319
-0.0134514
-0.008602
3.85382e-05
-0.0757862
0.0187293
-0.0456723
-0.0417323
-0.00481625
-0.057056
0.0233288
-0.0247335
0.0402302
0.03312
-0.0372434
-0.0123358
0.0470942
-0.015742
-0.0349737
0.0401842
0.00862742
0.017855
-0.0296068
-0.000652322
-0.017336
-0.0306281
0.0122778
-0.00407603
-0.0331805
0.00468282
0.0180716
-0.030773
0.0388438
-0.0140872
-0.023864
0.0469103
-0.028473
-0.0150025
0.0073856
-0.0011487
-0.00741502
-0.0521767
-0.0383706
-0.0175342
0.0348546
-0.00333404
-0.0186626
-0.0150581
0.0260617
0.0106352
-0.000772767
-0.000875974
0.0222619
-0.00766061
-0.0286487
0.0374043
-0.02943
0.0265897
-0.00507684
-0.0101735
-0.044431
-0.0401141
-0.00712617
-0.0434931
-0.0369077
-0.016843
-0.0317568
0.052359
0.0246653
0.0510636
-0.0447082
0.0326313
-0.00376297
0.00674908
-0.0478764
-0.0383038
-0.0461066
-0.0180394
-0.0279973
-0.0360384
-0.0366746
0.0388177
0.0177109
0.0360212
-0.0270174
-0.0641595
0.0155631
0.0253764
-0.00961442
0.0228575
-0.00417239
-0.039441
0.0156391
0.0365829
-0.00712597
0.0435542
-0.00980935
-0.0242585
0.0405322
0.0293868
0.0531309
-0.0026393
0.00825923
-0.0353981
-0.0118601
0.045786
-0.0390747
-0.030048
0.00763578
-0.0203645
-0.0168349
0.0191433
0.0346899
0.0116955
0.0352287
-0.0268686
-0.0299114
0.024823
0.0490106
-0.0288295
-0.00133854
-0.037893
0.0293394
0.0395228
0.0467048
0.00926515
0.0191774
-0.0213616
0.0343257
0.00306201
-0.0272429
-0.00574034
-0.00454656
-0.000126002
0.0465215
0.00726127
0.0185803
-0.0244017
-0.0180215
0.0393251
-0.0415794
-0.0483459
0.00698279
0.0448892
-0.0321874
0.0546131
-0.00609735
0.0684806
0.0389438
0.0290098
0.00192731
0.0245944
0.0317502
0.045527
-0.0396924
0.0292613
0.0511464
0.0385321
-0.03203
0.0466345
0.0416658
0.0352307
-0.0213566
-0.0133538
0.0315178
0.0142385
-0.0289542
0.0360973
-0.0546158
-0.00773415
0.0125632
-0.00411317
0.0142455
-0.0146562
0.0119194
-0.00514738
0.019747
-0.00367578
-0.0158424
-0.0211069
-0.0468117
0.0295195
0.0380286
-0.0225397
-0.00825755
0.0415082
-0.000399864
-0.0325924
-0.0061187
-0.0513033
-0.0286939
0.0851018
0.0496013
-0.0105662
0.00878349
0.00626873
-0.00243144
-0.0036067
0.0599344
-0.00913872
0.0277594
-0.0531505
-0.0377445
-0.035947
0.0409978
-0.0271698
-0.0349048
0.0200449
-0.0380805
0.0137401
0.00741912
0.0077883
-0.0446454
-0.0336442
-0.0490726
0.003646
-0.0443449
-0.048307
0.00496594
-2.68583e-05
0.0522937
-0.0236849
0.0157453
0.0653576
0.00797871
0.0190263
0.0539856
-0.00416117
-0.0450082
-0.0478597
0.00843564
-0.0111637
-0.0240361
0.0278845
0.0329808
0.0118282
-0.00783624
0.0359309
-0.0201546
0.00641661
0.0691858
0.0361913
0.0312695
0.0049512
0.0059819
0.0286631
0.0297151
0.00591594
-0.0157514
0.0237748
-0.0325891
0.0167126
0.0209815
-0.0739829
-0.0431886
0.00239299
0.0290964
-0.0213789
0.028727
-0.0290524
0.0397091
0.039769
0.00415154
0.0366513
0.0256732
-0.0133927
0.0383144
-0.0407037
0.00698025
0.0403338
0.0315436
0.0308225
0.0310358
-0.0326144
-0.0359655
0.0426555
-0.0269066
-0.0388293
-0.0151691
0.0442052
0.0282082
0.0464165
0.0167887
-0.0179248
0.0133939
0.0147587
0.0158392
-0.00566895
0.0267168
-0.00172976
-0.0145703
0.00650614
-0.0444918
0.0250204
-0.00304921
-0.0342839
-0.00460384
-0.00748688
0.031253
0.000311991
0.0379887
0.00203383
-0.00917099
0.0251764
0.0395871
-0.0237301
0.0366436
0.0285944
0.0167529
0.0115781
0.0380889
-0.00783444
-0.0480515
-0.0232068
-0.00538015
-0.0384501
-0.00156939
-0.0206338
-0.0043789
0.0465529
0.0186357
0.0333603
-0.031717
0.0444544
-0.00925187
-0.0186001
0.0119893
0.0207162
-0.0476002
-0.0428058
0.00312769
-0.0226175
0.0116573
-0.0313072
-0.00750237
0.00174591
0.168621
-0.052662
0.0075124
-0.0166174
0.0234094
-0.061989
-0.0278708
0.0353995
-0.0293763
0.00465057
-0.0277332
-0.000444891
-0.0645735
-0.0543533
-0.00475039
0.0309906
0.00452153
-0.0978896
-0.0436646
0.0405581
0.0226086
0.00634799
0.00806914
0.0479492
0.0479955
0.0639667
-0.0255069
0.0144234
-0.0179363
0.0527314
0.0419168
-0.0359044
-0.048332
0.0177267
-0.128847
0.140426
-0.0228874
0.0926334
-0.0641956
0.0253501
0.0699826
0.0144672
0.0656496
-0.0289003
-0.0433279
-0.0396481
0.0413456
-0.0256215
-0.0466461
-0.0315619
0.0286603
-0.00778091
-0.013557
0.0288705
0.12532
0.0341648
-0.00777341
-0.0103405
-0.0294943
0.0251344
0.0379646
-0.000121425
-0.0225895
0.0181473
0.0336277
0.01472
-0.00776453
-0.0176595
0.0325643
-0.0282871
-0.0149556
-0.0673162
0.020332
0.0154355
-0.0386068
-0.0547323
0.0544427
0.0215991
0.0118713
0.0469042
0.0381355
0.000791632
0.0395027
0.00773264
-0.00934215
-0.0566959
-0.0439253
-0.0207638
-0.0738578
0.00516352
-0.0683172
-0.0129184
0.0248422
-0.0251395
-0.0334747
-0.0369642
-4.74203e-05
0.00251812
-0.00775265
-0.0759318
-0.0390015
-0.0122784
-0.0113272
0.0266016
-0.0467463
0.00417044
0.00509481
-0.0269961
-0.0303935
-0.0305541
-0.000832874
0.0421999
-0.033753
-0.0418483
-0.0249298
0.0540322
0.0430107
0.0124578
0.0025491
-0.00505406
0.0706644
-0.0113602
-0.00507496
0.0177552
0.0394241
0.0108696
0.0841282
-0.00133612
0.00242955
0.0373509
0.0853027
-0.041672
0.0695977
-0.014037
0.0307679
0.0298622
0.00536798
0.0203664
-0.0158573
-0.0231424
0.036373
-0.0364196
0.0360466
0.00329243
-0.00732945
-0.0185807
-0.00611709
0.0221167
-0.00148312
0.0406007
-0.0259535
0.0268765
-0.0391028
-0.0201082
-0.025508
-0.0291249
0.0516919
-0.000321547
0.0178779
0.0176863
0.0234397
-0.0381912
-0.0277631
-0.0381778
-0.0185386
0.0336685
0.0238912
-0.00385809
0.0228718
0.0216048
0.00744547
0.0175778
-0.0237876
0.0354274
0.0402026
-0.00801073
0.033958
0.0174196
0.0489051
0.0443671
-0.0265674
-0.0218063
-0.0346292
-0.0410253
0.00364751
-0.0349117
0.0142332
-0.0180992
0.00992892
-0.0331756
-0.0127866
-0.0137721
0.0034391
-0.0342582
0.0163655
0.0215969
-0.00121014
-0.0158498
0.0207361
0.0413982
-0.0171821
0.0476339
-0.0152809
-0.027716
-0.0242821
0.0328754
0.0188212
-0.0246354
-0.0233194
0.000789791
0.0277924
0.064502
0.00474995
-0.0247784
0.0168843
0.0240232
0.0249066
0.030988
0.0221563
-0.000659092
0.0216384
-0.0203897
-0.000382554
0.00548957
-0.0547701
0.0423285
0.0112495
0.0404864
0.00421487
-0.0407324
0.0312264
0.065273
0.00291543
0.00832922
-0.0171681
0.0433414
0.0142619
-0.00605184
-0.0360682
0.0618938
0.0204129
-0.0062032
-0.0435273
-0.0204364
-0.0229803
0.0771002
-0.0387466
0.0649909
0.0433596
0.022466
0.0218145
-0.0282615
-0.00214276
-0.0258144
-0.036155
0.0441871
0.0417578
0.0225578
0.0107501
0.0595341
0.0279045
0.0202928
-0.0129627
0.0205853
0.00017727
0.0419619
0.00613861
0.0372229
0.0762004
0.0247618
-0.0192407
-0.010674
0.00805571
-0.0454692
0.0447457
-0.0157815
-0.0506207
-0.0532664
0.0098037
0.0517806
0.00143716
0.0211036
-0.0582428
-0.0487326
0.0204237
-0.0139371
-0.0327824
0.0544757
0.0351672
-0.0869183
-0.0306391
0.0123705
0.0594434
-0.0717994
-0.0204054
0.0249997
0.0143603
-0.0379123
0.00873475
0.00646373
0.0218565
0.00644563
0.036507
-0.0439434
-0.0232285
0.0150228
-0.0367086
0.0168608
0.0267127
0.0302935
0.00664718
0.0341979
-0.0730701
-0.0344868
-0.0167804
0.0351028
0.0155277
-0.0237241
-0.0648617
-0.0131725
-0.0713365
-0.0129227
-0.0783093
0.0169389
0.0228952
0.0513382
-0.0572203
-0.000639147
-0.00249102
-0.0300884
0.0101815
-0.0150957
0.0677294
-0.0198985
0.0159585
-0.0437744
0.00332117
-0.0215632
-0.0385577
0.0151182
-0.057503
0.0424145
0.0143759
-0.0181265
0.005305
0.00298024
-0.0384388
-0.017001
-0.0139953
0.00482243
-0.0406623
0.0278741
-0.0190874
0.0442494
-0.0300375
0.00537171
0.0163158
0.0402098
0.000956444
0.0173234
0.011832
0.0290924
-0.0231954
0.033598
0.0402448
0.00231253
0.00400657
-0.0245288
-0.0204714
0.0427537
0.021297
-0.0269047
0.0464719
0.0470246
0.0404899
-0.0171784
0.0367085
0.0393907
0.0405464
-0.00935045
-0.0388465
0.0215673
-0.0374144
-0.0169926
-0.0178137
-0.0326101
0.0160722
0.0207918
-0.0112441
0.00484655
0.0253
-0.014558
-0.0111932
-0.0251188
-0.0139588
0.0257599
0.034954
-0.00328228
0.00739527
0.00790122
0.00935011
-0.0120495
0.0268655
-0.0155305
0.0258847
0.0158428
-0.0489069
-0.0261421
0.00244939
0.0638203
0.0266555
-0.0277116
0.0369707
0.0185465
0.00326512
-0.16436
-0.0509413
0.0337174
0.037732
-0.00923895
0.066431
-0.0226536
-0.0461397
0.0252696
-0.00437192
0.0359104
-0.0271124
-0.20171
-0.0599719
0.00493876
-0.00683473
-0.0146521
-0.0152702
0.00525778
-0.00166892
0.00945493
0.0489397
0.0620096
0.00166297
-0.0140984
-0.0276042
0.0211714
0.0344084
-0.0021071
-0.0632795
-0.0273457
0.0262397
0.0110096
-0.0310581
0.00745392
0.0389973
0.113549
-0.0302485
0.0314062
-0.0288202
0.0185185
-0.0443009
-0.0181875
-0.0469675
0.0129217
-0.0516395
-0.0505672
-0.00590205
-0.0550093
0.0386931
-0.016608
0.0320018
0.0267099
-0.00736613
-0.0853407
-0.00031078
0.0408929
0.00112188
-0.00239213
0.0551314
-0.0148668
0.0310729
0.0504921
0.0112612
0.0181993
-0.0792104
-0.0452768
-0.0373036
0.0219351
-0.00803676
0.0354191
-0.0407285
-0.0084964
-0.0456548
0.0134378
0.0723847
-0.0524793
0.0229595
-0.0335012
0.0133757
-0.00580161
0.0349328
0.0106335
-0.0077736
-0.0515225
0.0284659
-0.0492394
0.0665881
0.0347868
0.0414339
0.0612594
0.0379952
-0.0377777
0.017551
-0.00244161
-0.0816056
-0.00775732
-0.0234476
-0.0338985
0.00289878
-0.0268706
-0.0168711
0.030427
0.00976811
-0.0304319
0.0397468
0.00423887
-0.0426034
-0.00123384
0.0694598
0.00746952
0.0263495
-0.0402302
-0.00997469
0.0124477
-0.00172766
-0.0354834
-0.0348878
0.0158943
-0.0214092
-0.055175
0.0409577
-0.0638362
-0.0462387
0.0170732
0.0391387
-0.0557458
-0.0332278
0.0270996
0.00694933
-0.0335128
0.0389889
-0.0278191
0.0758287
0.0637264
0.0360089
-0.0367237
-0.000396302
-0.0218389
0.00163777
-0.00112031
-0.0114961
0.0361868
0.0235203
-0.00347272
-0.0152265
0.0294656
-0.000402863
-0.0569281
-0.0221141
-0.0449389
-0.00586668
0.019012
-0.0138596
-0.021398
0.00176485
-0.0142843
-0.0334018
-0.0207905
0.0177309
-0.0244227
0.0387215
-0.0294758
-0.0264568
-0.0360094
-0.0126673
-0.00976415
-0.0366373
-0.0267914
0.019988
0.0451755
0.0225449
0.00183348
0.00399151
-0.0295263
0.0182177
-0.0137305
0.0451273
0.0112532
-0.0191645
0.0169462
-0.0128389
0.0484856
-0.0467382
-0.00527774
0.0236199
0.0291581
0.0337421
0.0247691
0.0411566
-0.00308567
-0.0440912
-0.0285666
-0.0259333
0.0193539
0.0352569
-0.0397334
-0.0234941
0.0126629
0.0392705
-0.0209886
-0.0477825
0.00906008
-0.00833534
0.0310312
-0.0272631
-0.0154041
0.0141176
0.00484588
-0.0357259
-0.0456437
-0.0498645
-0.00562103
0.0605288
0.0733806
-0.0158197
-0.00693749
-0.0313874
-0.0310182
-0.0504848
0.0329253
-0.0431731
-0.0226016
-0.0362997
0.0843893
0.0282443
-0.0589731
-0.00622101
0.0256051
-0.0100997
-0.0863697
-0.0263531
0.0122604
0.0200601
-0.017007
-0.0498592
-0.000481037
0.056519
-0.0205143
-0.0366819
-0.0364179
-0.0218899
-0.0363099
-0.0165392
-0.0718014
0.0174902
0.00160914
0.00886216
0.0297713
-0.00280744
0.070011
-0.0133659
0.00765458
-0.0317865
-0.0222863
0.00395989
-0.0608565
0.0077956
-0.092779
0.00908612
-0.0333225
-0.0154466
-0.0380496
0.00165267
-0.0233189
-0.0349849
0.00135868
-0.00533763
0.0152238
0.0248016
0.015517
0.00678536
0.0644333
0.0403596
-0.00901089
-0.0329405
-0.0644921
0.0262629
0.0345458
0.00174314
0.0509416
0.0348152
0.0228029
-0.038719
0.0374229
0.0140231
-0.0401455
0.062701
0.0566434
0.0179208
0.0413415
-0.00971506
-0.0202235
0.0117904
-0.0024799
-0.0185166
-0.0231054
-0.00718349
-0.00781882
-0.0320985
0.0143809
0.0698178
-0.0388293
0.0293339
-0.0416503
0.00807552
0.0936503
0.0272125
0.0343438
-0.0219396
-0.0218626
-0.0289439
0.0248908
-0.0190588
-0.0333791
0.0163722
0.00643849
-0.0137081
0.0396094
-0.0994809
0.0375953
-0.0174215
0.0338644
-0.0473871
0.0393978
0.0568394
-0.0259241
0.0240738
0.00951387
0.0330985
-0.026592
0.0140284
0.0434602
-0.00505804
-0.0236544
0.0362201
0.0275697
-0.0325898
0.0180018
0.0438429
-0.0429012
-0.0482132
-0.0442404
0.0450727
-0.0440644
-0.0293917
-0.0313208
0.0155667
-0.0382198
-0.0392423
0.0330874
0.0418158
-0.00420961
-0.0401732
-0.0330447
-0.0275043
0.0288394
-0.0342493
0.0480146
-0.0472632
0.0290006
0.00329605
0.0109047
-0.0421093
-0.0152154
0.00317551
0.0139959
-0.0303507
0.0230675
-0.0186325
-0.0165083
-0.0278665
0.0118953
0.00612662
-0.0356885
-0.0398699
-0.0292539
0.0341267
0.0379524
-0.0497354
-0.0330017
0.0227692
-0.0225844
0.00433897
0.0165771
0.00365766
-0.00818755
0.0351296
0.0482578
-0.0361997
-0.048584
0.0150118
-0.0181106
0.0306837
0.0156122
-0.0257919
0.0239983
0.0289742
0.0497967
0.000599338
0.0495116
0.0273779
-0.0271947
-0.014393
0.0230764
-0.0369777
-0.0169298
0.012283
0.0146452
0.0117646
0.00596682
-0.0232687
-0.0476669
-0.0323152
0.0367328
0.0922565
0.0468674
0.0231721
0.0270174
0.0213819
-0.023981
0.0159015
0.0471796
-0.0737266
0.0584066
-0.00724805
-0.0267868
0.0927592
0.0325187
0.0828637
-0.0204973
-0.0955356
-0.0209197
-0.025396
0.0327221
-0.0348015
0.0479003
0.0776428
0.0165547
-0.00106044
0.0794047
0.00136068
0.0400218
-0.00782656
0.142571
0.0805024
-0.0123378
0.0382747
-0.0398549
0.0413082
-0.178155
-0.203909
-0.14552
-0.0827233
0.0979751
0.111712
0.0695477
-0.0606772
0.0457117
0.0181099
-0.0107336
0.0131307
0.0464294
0.0299774
-0.048093
-0.0226328
-0.0169135
-0.0993374
-0.041737
0.169639
-0.0148417
0.129185
0.0299015
-0.0868804
-0.0322617
-0.0501014
0.0904638
-0.0566538
0.00310999
-0.0175265
0.0324027
-0.0014515
0.0345023
0.00904266
0.0448801
0.0355757
-0.0891033
0.0201505
-0.03543
0.0233457
-0.046869
-0.0560597
0.0685592
0.0308026
0.0317046
0.00454429
-0.0715427
0.0297494
0.104818
0.00876313
-0.00532856
0.0154791
0.00944858
0.0168484
-0.0290476
0.0145608
-0.00678444
-0.0136446
0.0567883
-0.0114991
0.00993351
-0.0325773
0.0449217
0.0373349
0.0806697
0.0896812
-0.0402131
0.0315992
0.00345455
-0.00210361
0.0256789
0.0137926
-0.0423734
-0.00169418
-0.0394407
-0.0305045
0.0265132
-0.0257655
0.0404167
0.00488066
0.0799593
-0.0357575
-0.0189198
-0.0156118
0.0324259
0.101346
0.125964
0.0173744
0.04703
-0.0105681
-0.0506571
-0.00484957
-0.00218206
-0.0150546
0.0462069
0.0293691
-0.144043
0.0790775
-0.0612562
-0.0269806
-0.0012844
0.0187451
0.0118762
-0.0311212
-0.0139988
-0.0205602
0.0274393
0.0192909
0.0320636
-0.00462549
-0.0253988
0.00303001
0.0238463
0.0259763
0.0474373
-0.00609698
0.013346
0.0100985
-0.0421053
0.00833525
-0.0141107
-0.0239524
0.0179464
-0.00123365
0.0022342
0.0293433
-0.0131969
-0.0411468
-0.00168918
0.0511055
-0.0183787
0.00971964
0.0461334
0.0389068
-0.0218795
0.0383616
0.000217974
-0.00103497
-0.00573098
-0.0195227
-0.00564149
0.052432
-0.00508395
-0.0340371
-0.0500138
-0.0442195
0.0585762
0.0355378
-0.0333697
0.0158157
-0.000977604
0.0432778
0.00271028
-0.0191246
-0.0313335
-0.0222424
0.0423579
-0.0238894
0.0397476
-0.046284
0.0182249
0.0180228
-0.0298967
0.00483428
0.0267046
0.00689451
-0.0450516
0.0136336
-0.0181566
0.0063602
-0.0391738
-0.0252424
0.0014323
0.0132697
-0.0388128
0.0470902
0.0273697
0.00384922
0.0221597
-0.0607405
0.0457315
-0.011879
-0.0334348
-0.0235708
-0.000772797
-0.017618
0.0195172
0.0102075
-0.00388795
-0.0629736
-0.0445798
0.0207647
-0.0151953
0.0092603
-0.00750326
-0.0169052
0.0334914
-0.0774441
-0.0215589
0.000297973
0.0262974
0.0513463
-0.0453263
-0.0999671
0.0395286
0.0557164
0.0110682
-0.044152
-0.000376229
0.00514712
0.0423764
-0.0567302
-0.0259354
-0.01985
0.0256897
0.0627932
0.0137968
-0.0260225
0.0151177
0.00842189
0.0832747
-0.00908769
0.0919545
-0.0223048
-0.0013376
0.0559987
-0.0203784
0.026385
0.060758
0.0351873
0.0461355
-0.0104923
0.022502
0.0145916
0.053162
-0.00753771
-0.0503498
0.00763003
-0.024214
0.0355558
-0.0120464
0.0614343
0.000619458
-0.0235728
0.00212714
-0.0451517
-0.0679599
-0.0115399
0.0275871
-0.0115304
0.0785003
0.0260558
0.0761993
0.00112036
-0.051137
-0.0145317
-0.0696266
0.0382164
-0.0018165
0.0362962
0.0640293
-0.0318175
0.0133694
0.0603017
-0.0701621
-0.052782
-0.065106
0.0133351
-0.0172634
-0.0110247
0.0107872
-0.0914221
-0.0563643
-0.039073
0.117965
-0.0203082
-0.0232533
-0.00672415
-0.00965686
-0.0071792
0.00832464
-0.096286
-0.0323875
-0.119651
0.0606387
-0.029469
-0.0431597
-0.0117741
-0.11386
0.0145916
-0.0607746
0.0262681
0.0113737
0.031556
0.0136838
0.00750447
-0.046831
-0.152573
-0.00421572
-0.0456606
-0.0166491
-0.0205833
0.0167541
0.00928957
0.0364111
0.0922984
-0.0396954
0.0329133
-0.00568252
0.0336421
0.045937
-0.0369452
-0.0221351
-0.0259739
0.0130331
0.000732281
0.0317079
0.0504255
-0.0240486
0.0385573
0.0346926
-0.000801383
-0.0251568
-0.0100938
0.0289945
0.0155894
-0.0314435
-0.0187754
-0.0125598
0.0210524
-0.00753172
0.0440105
-0.0440765
-0.00698185
0.046681
-0.0444981
-0.0597023
-0.0241403
0.023992
0.0227644
-0.0476491
0.0351384
0.0205737
-0.00184688
-0.0454996
-0.0163586
-0.010525
-0.0575093
0.036027
0.00879631
0.0425752
0.0251589
-0.041864
-0.0324142
-0.00173254
0.0160559
-0.0261166
-0.04138
-0.0224351
0.0200199
0.0399236
-0.0210458
-0.0466981
0.0192131
-0.0295104
-0.00382184
-0.033367
-0.0546173
0.0137305
-0.0297621
0.00216067
-0.00169216
0.0777709
0.0444655
0.0180871
-0.00733615
-0.019117
0.0447821
-0.0125561
-0.0154825
-0.094851
-0.0363151
0.0506676
-0.0186345
-0.0476451
0.0258592
-0.0176065
-0.0499831
0.007124
0.0583297
0.00996674
0.00599625
0.185352
0.211707
0.0351363
0.0217372
-0.101406
0.0742554
0.0392189
0.0818566
-0.0356944
0.0335535
-0.00677524
-0.0540268
-0.0572063
0.0273643
0.0358084
-0.0158523
-0.0788038
0.0980699
0.0433818
0.0488369
0.0290606
-0.0470198
0.013201
-0.283757
-0.0614949
-0.0819589
0.050753
0.0487476
-0.00809975
0.0864774
-0.0723771
0.0490274
0.0465832
-0.0631768
0.0071488
-0.0214577
0.0301358
-0.0922467
0.0329252
0.0500039
-0.167988
-0.0760967
0.0210468
0.03457
0.00217606
-0.00625705
-0.0264962
-0.0632767
-0.00312231
0.0239799
0.0439279
0.0445113
0.0376735
0.0756543
0.038327
0.0473222
-0.0155629
0.0399363
0.0329248
-0.0679692
-0.00187329
-0.0296031
-0.0609982
-0.0330814
-0.057595
-0.0212421
-0.0384118
-0.0200532
0.0315714
-0.0449588
-0.0107527
0.0380773
0.0477788
-0.00426114
0.000638941
0.0459055
0.0180403
0.00122306
-0.00922293
-0.0838399
0.0325613
-0.0114932
0.0249743
0.0904147
-0.0115755
-0.0167852
0.00351279
0.0389713
0.0947907
0.00817102
0.0532783
0.0307066
-0.00753297
0.00765829
0.014762
0.0372249
-0.0195098
-0.0189342
0.0376308
-6.78835e-05
0.0367097
0.0415086
-0.0202328
0.0582804
-0.00669547
0.0414851
-0.0259804
0.0223014
0.00195772
0.0428426
0.04098
-0.00684576
0.0395865
0.0330276
-0.0695026
0.0136922
-0.0457511
-0.0206777
0.000629381
-0.104463
-0.0483676
-0.0552264
0.0010073
0.00946437
-0.0118525
0.0176502
-0.0469683
-0.039294
-0.00162153
0.0351586
-0.0288111
0.011833
0.0365702
-0.0526852
-0.0532421
0.0257909
-0.0138596
0.0400278
-0.00713608
0.0372917
0.0308885
-0.0612537
-0.040216
0.0502368
-0.0139056
0.0447045
-0.00268133
0.023949
0.0366413
0.0135912
0.0342385
0.0486556
0.0465627
0.0261564
0.0107326
0.0177556
0.00247456
0.0211783
0.040274
0.0359515
0.0428443
0.0214909
0.0365212
0.0188656
-0.00808279
-0.00385642
0.0260704
-0.0283418
-0.0248603
0.0291237
-0.00661195
0.0302365
0.0593124
0.00994537
-0.047128
0.00132199
-0.0488995
0.0241403
-0.0400314
-0.0289524
-0.0209572
-0.014414
-0.000961782
-0.060649
0.00643124
0.00278622
0.0156753
0.013567
0.0469074
-0.0275297
-0.0121727
-0.0318436
-0.0237465
-0.00348316
0.0226174
-0.0669172
-0.0249498
-0.029838
0.0574926
0.0584927
-0.0544027
-0.0377464
-0.00676295
0.0620365
-0.0478118
-0.0373033
-0.0662415
0.0098637
0.00996832
0.0449136
0.00264595
-0.0577643
-0.105799
-0.0505716
-0.091838
0.0256718
0.0205043
-0.0450144
-0.0556717
-0.0420751
-0.0534236
0.0317523
-0.0487941
-0.00186564
0.0299146
-0.0234732
-0.0737147
-0.0839295
-0.0163994
0.00749118
-0.043448
-0.0624185
0.0544159
0.00590332
0.0140589
-0.0534068
0.038554
0.0278446
-0.00459345
0.00144142
0.0119191
0.00809132
0.0318329
0.12686
0.0177747
0.110769
0.0241403
0.0449322
0.0254592
0.0726746
0.00705578
-0.000951332
0.000792399
0.0101917
0.0209515
-0.0488178
-0.031797
0.0880881
0.0198397
0.0409812
-0.0282769
0.0199164
-0.0188315
0.0435423
-0.0292832
0.020324
-0.0215392
-0.0044875
0.0674544
0.0306359
0.00408648
0.0462273
0.0192196
0.0037358
-0.0501803
0.0540482
-0.0426488
-0.0321143
-0.0590247
0.000496606
0.0651214
0.046952
0.0307298
-0.0180247
0.00503596
-0.0464236
0.0107559
-0.00262647
0.0124139
-0.013917
-0.0302926
-0.0088701
-0.0135837
-0.0551226
0.00864781
0.0400082
0.013234
-0.028203
0.00890984
-0.0722474
-0.0371695
-0.0645674
0.0403347
0.00841474
-0.0280722
0.041507
-0.0692489
0.0165446
-0.0132322
0.0476776
-0.0065655
-0.0173199
0.0137394
-0.0381362
0.040937
-0.0260576
-0.0264598
-0.0471451
0.0204135
-0.0253044
0.0673414
0.0902707
0.0482139
-0.00563118
-0.00906164
-0.0407458
0.0364843
-0.0143932
0.073192
-0.0343528
-0.018617
0.0334945
-0.0385786
0.0347889
-0.0257355
-0.0258252
0.0443158
0.0470663
-0.016923
0.00839082
-0.00852561
0.0325968
-0.0467037
-0.0492969
0.0327697
0.000419293
-0.00110449
-0.00995205
0.025335
-0.0357685
0.0192697
0.00861607
0.00052341
0.0354849
0.0179707
0.00626866
-0.0477622
0.029138
0.00676271
-0.03297
-0.0392254
-0.0163418
0.0468221
0.0153703
0.0450003
-0.011387
-0.0180731
0.0068282
-0.0190009
-0.0202303
-0.0308102
-0.00312571
0.0355903
-0.0368532
-0.035802
-0.0215213
-0.036148
0.00984352
-0.0124432
-0.00677856
0.00480176
-0.024284
-0.00527646
0.0158278
-0.0476379
0.0222085
-0.00720941
0.00363333
-0.0119239
-0.0175632
-0.0512309
0.0452476
-0.0194144
-0.0200469
-0.0244409
0.0640359
0.0761808
-0.072821
0.0478271
-0.0150207
0.0421962
0.0490653
0.0296956
-0.196176
0.0357587
-0.0343795
-0.0297528
0.0271026
-0.0129475
-0.0371191
-0.0417119
-0.0374257
-0.0375083
-0.013355
0.0200249
0.055658
0.0566981
0.042618
0.0540382
-0.0763207
-0.0239305
-0.0425957
-0.00372432
0.000264716
0.054608
0.016406
0.0386666
0.0209342
-0.0198558
0.0706593
0.0159704
-0.0260522
0.0945913
0.0456043
-0.0219915
0.00160891
-0.00125516
0.0507383
-0.125816
-0.0336173
-0.0731776
0.0282951
-0.0068098
-0.0195586
0.0517709
-0.0687734
-0.0519206
0.0102178
-0.0103652
-0.00405528
-0.0250848
-0.0102545
-0.0159216
-0.0458476
-0.0219609
-0.0731224
-0.00450555
-0.0432566
-0.0457999
0.00472648
-0.0291244
-0.0204436
0.0296191
0.0109475
0.0232709
-0.000262432
-0.00876975
-0.0129652
0.023409
0.00758019
0.00511985
0.00874418
-0.0196901
-0.0226171
0.0181362
-0.0274153
-0.0653706
-0.000472656
0.000284552
0.0288887
0.0207049
0.0205469
0.0222158
0.013751
0.010502
-0.0454692
0.0623167
0.0633005
-0.0184317
-0.0326193
0.00178393
0.0946206
0.0166553
0.0654862
-0.0301905
-0.00437115
-0.0226917
-0.000551408
0.00660245
-0.0213849
-0.033891
0.0343042
0.00598135
0.0891377
-0.0016704
0.051599
-0.000790834
-0.0154105
0.0495857
0.0477104
0.0416739
-0.0302373
0.0237128
-0.0332925
-0.00638008
0.0247228
-0.0374876
0.047193
0.064118
0.0445769
-0.00680009
-0.0492966
-0.0241485
-0.061588
-0.0295074
0.00587349
0.0471781
-0.0271932
-0.0532002
-0.0487042
0.0298103
0.0122487
-0.0127199
-0.0248434
-0.0768964
-0.0523839
-0.0299672
-0.00395818
0.0178714
-0.064385
0.00107237
-0.0212583
-0.0523691
-0.00359712
0.0324003
-0.0317055
0.0284231
0.00346859
-0.0378066
-0.0784354
-0.020959
-0.0707388
0.00172221
0.0194365
-0.00869438
-0.0224838
-0.0509484
0.0291657
0.00165743
0.0420919
0.0212982
-0.00521779
0.00594536
0.0315641
-0.0406376
-0.0350585
0.0433648
0.0639967
0.00372628
-0.0138745
-0.00329612
0.0232779
0.0259719
0.00801994
-0.030356
0.0356492
0.0454953
0.0426625
0.00813891
0.0204173
0.0191598
-0.00347302
0.0174668
0.0244094
-0.0208765
-0.0455884
0.0212679
0.0491305
0.0236332
0.0402132
0.0006277
0.0174349
-0.00426857
0.00624034
-0.00219849
0.0401591
0.0431642
-0.0138654
0.0186194
0.0253671
0.040814
0.0383729
-0.00549562
0.0206679
0.0246973
0.0221647
-0.038317
0.0416709
-0.0418005
-0.0016463
-0.0397154
-0.0325118
0.0461485
-0.0158088
-0.0416492
-0.013722
0.016191
0.0112554
0.064024
0.000468134
0.00768582
-0.0424295
0.0414516
0.0419465
0.0318477
-0.0311889
-0.00322334
-0.0541983
-0.0159124
-0.0141537
-0.0747276
0.0355939
-0.0761887
0.00960089
-0.0344585
0.0212812
-0.0511536
0.0212447
-0.0639123
0.0106091
-0.020688
-0.0822464
-0.0619083
0.0317157
-0.0115281
-0.0183703
-0.0460595
-0.0424246
0.0459233
0.032712
-0.0754778
0.0204722
-0.0170656
0.0571987
-0.0340897
-0.0243478
0.0356673
-0.00428104
0.0124363
-0.00753102
-0.000427654
0.0375968
0.00904851
0.00193368
0.00172606
0.0257879
-0.0367555
-0.0615238
0.0102926
-0.0486848
0.0237975
0.00486651
0.01239
-0.00393495
-0.0332775
0.00161164
0.0144235
-0.0255806
0.0857164
0.0024761
-0.023265
-0.00360387
0.0268937
-0.0207001
-0.0140128
-0.00742518
0.0325481
-0.035513
-0.0283152
-0.0701436
-0.0278381
0.030774
-0.0388459
-0.0340523
-0.0199814
0.0443649
0.0295094
-0.0301971
0.0371544
-0.0198584
0.0115271
-0.0110933
0.0376258
-0.0450145
0.117395
0.0330311
-0.033767
0.0145201
-0.0328706
0.0216484
-0.0135372
-0.0585816
0.0204569
0.0544832
0.0113205
0.0285056
-0.00210107
0.043778
0.0367567
0.00867158
-0.0367069
-0.0120805
0.00348438
0.0345965
-0.00790878
0.0686517
-0.0384492
-0.058851
0.000766447
-0.0238355
-0.0444553
0.0152563
-0.0299435
0.0116328
-0.0235451
-0.0031094
-0.0360965
-0.017438
0.0410932
-0.0340649
-0.040247
0.0486486
-0.0288562
0.0446917
-0.0247755
0.0324518
-0.0173637
-0.0277667
-0.00832973
0.0111265
-0.0177935
-0.0307908
-0.00257567
0.0314576
-0.0333695
0.0102695
-0.00724244
-0.0461014
-0.0228978
-0.0419278
-0.0387705
-0.0227716
-0.0445072
0.0108484
-0.0336855
0.0328043
-0.0249487
0.0350745
0.0303935
-0.0447603
0.01089
-0.0192209
-0.0362049
0.0348132
-0.0294768
-0.0459787
0.0194756
-0.014587
-0.00431783
-0.0432765
-0.0400859
0.0375953
-0.0243444
0.0209768
0.0148039
-0.0515188
0.0207231
0.0224511
0.0215647
0.0273848
-0.0159305
-0.0293227
-0.0219827
0.0294075
-0.00979569
-0.0464747
-0.0234373
0.0301328
-0.0107779
-0.007759
0.0139285
-0.0422248
0.00480208
-0.0138159
0.0158898
-0.0282641
0.0320749
-0.0159778
-0.0376155
-0.035649
-0.0318958
0.0189295
-0.0495164
0.0227378
-0.000644661
-0.0148308
0.00756937
0.0320116
0.0226286
-0.179529
-0.0681166
0.0496131
-0.0215212
-0.0602688
0.0195332
0.0714604
-0.0878497
0.0503208
0.0834096
-0.0348625
0.289178
0.305808
0.447037
-0.0985869
-0.1243
0.045947
-0.0970348
-0.0404945
-0.096118
0.00162174
-0.0197391
-0.0424561
0.0610496
0.0639105
0.0585537
0.00700967
-0.153719
-0.0380571
-0.0781868
-0.132496
0.0666287
-0.1421
0.13055
-0.618973
-0.255937
-0.281773
0.0562694
0.0944504
-0.238866
0.108301
-0.184405
-0.0825387
-0.0852367
-0.393603
-0.381636
-0.28736
-0.157947
-0.00399871
-0.0616392
0.0894988
-0.0669724
0.0117476
-0.0303836
0.0393769
-0.123348
0.0338642
-0.26772
-0.342775
0.00302383
0.499187
-0.106699
0.311944
-0.142051
-0.273261
0.000474797
-0.0382062
0.00375786
0.0274022
-0.0508363
-0.0113508
0.0779986
0.15733
0.292427
0.00765646
0.0206793
0.0935211
0.034492
0.0419508
0.0265367
-0.128627
-0.0358473
0.354756
-0.0390859
0.0380831
0.0230228
0.0473579
0.0271373
0.0148698
-0.129135
0.0148048
0.0013656
-0.0437289
0.0844146
0.302091
0.0275352
0.0143675
-0.0340859
-0.145839
0.157701
-0.0227991
-0.0850217
-0.159215
-0.0320224
0.0638484
0.0196224
-0.043652
0.00768813
-0.0395079
0.0232433
-0.0221527
0.0130036
-0.0429373
0.0812869
-0.0650405
0.0136648
-0.0536524
0.0286573
-0.0558656
-0.381032
-0.256113
0.0491049
-0.00478675
0.0206787
-0.094049
0.108532
-0.0304061
0.032553
-0.020941
-0.0399964
-0.0845812
-0.0459908
0.0664932
-0.040779
-0.157824
-0.0386885
0.0356979
0.0157028
-0.0175391
0.0811333
0.0121521
0.037305
0.0292647
0.00476888
0.0156848
-0.0482253
0.0129524
-0.0141271
-0.136315
-0.00478727
-0.0302616
0.0273099
-0.0486198
0.00501278
0.0253137
0.0818586
0.0361763
-0.0104223
-0.0291556
0.00896955
-0.028163
0.0338322
0.00839678
0.000749644
-0.11358
-0.0604521
0.0816309
0.0227025
-0.0481668
0.0362425
-0.0121836
-0.0288944
0.0418214
-0.0151478
0.00733824
0.00572283
-0.0468863
0.00963011
-0.0621938
0.0229123
-0.0485544
-0.00304675
-0.0280809
-0.0335635
0.0324586
0.00490765
-0.0800149
0.0252327
0.00808812
0.00454601
0.0311945
0.00805272
-0.0189583
-0.0262494
0.0750971
0.0419093
-0.0317755
-0.0615096
-0.0354198
-0.0435868
0.0221112
-0.0224274
-0.0451815
0.0368544
0.0343596
0.0457565
-0.0356473
0.0441832
-0.036054
0.0305391
-0.12144
-0.044722
-0.0700773
-0.0608841
0.0770515
0.102127
-0.0183812
-0.0972297
-0.0983255
0.161322
-0.019706
0.0276562
-0.0822339
-0.139975
0.088024
-0.0614634
-0.0808079
0.0545129
-0.00700902
-0.00961761
-0.0879064
-0.0664419
-0.0358866
-0.000722676
0.015861
0.0711021
0.0315766
-0.155414
-0.0365878
0.0337798
-0.0182722
0.00363218
-0.0833564
-0.0232666
0.233623
-0.0745414
-0.0152958
0.00567354
0.00580184
0.0981157
0.222511
-0.0279887
0.0303044
-0.212043
0.144141
-0.158689
0.0343113
-0.030664
-0.0599983
0.0387712
-0.00374205
0.0557055
0.0506455
0.0207579
0.0369192
0.000787006
-0.0388473
0.0145802
0.0736304
0.11714
-0.0346326
-0.00913383
-0.0339405
0.0850795
-0.0428549
0.945168
-0.162416
-0.424869
0.0361042
-0.18975
0.0738685
0.273298
-0.0312087
-0.0204762
-0.309682
-0.119654
-0.358729
0.0987331
0.297319
-0.147914
-0.179786
-0.116829
0.0486595
-0.0158609
0.0641673
-0.00771102
-0.0254608
0.0292755
0.0216964
-0.0877125
-0.179848
-0.145114
-0.107779
-0.150667
-0.0218233
0.0210065
-0.273389
-0.109379
0.0419649
-0.0933325
0.00787809
0.149763
-0.0299329
0.0321137
-0.0329414
0.0176432
-0.0301212
0.0360378
0.0529862
-0.0614514
0.117207
-0.0364293
0.133491
-0.0522321
-0.0326894
0.0235529
0.0392317
-0.0438798
0.0310386
0.104517
0.127798
0.198348
0.0911364
-0.0541407
-0.0218431
-0.114902
-0.0338576
-0.0202445
-0.00164107
0.167192
-0.0412945
0.0428348
-0.0152141
0.0212988
-0.0215924
-0.037355
-0.0206483
0.0167765
0.00113817
0.040265
0.0439817
0.0211764
-0.0365665
0.00516018
0.0127994
-0.0167172
0.00299007
0.0207587
0.0142981
0.0262279
0.0249928
0.0554869
-0.0148368
0.00508407
0.0202803
-0.0236732
0.0445096
-0.000675495
-0.00625421
0.00433545
-0.111977
0.000178703
-0.0218859
0.000770326
0.0159655
0.00706546
0.0356352
-0.0218846
-0.021112
-0.0403059
-0.0181409
0.0228423
0.0260151
0.0327617
-0.0508668
-0.0487739
-0.0349647
0.0139915
0.025181
0.0228747
0.0258051
0.00159416
-0.0167027
-0.0232577
0.0094623
0.0406782
0.0252921
0.0507161
0.0353732
-0.101086
0.012249
-0.0767053
0.0708249
0.0172793
-0.00498025
-0.0162967
0.00024582
0.079305
-0.0267999
0.0150885
0.00696842
0.0336859
0.00578419
-0.023088
0.0238934
-0.0440508
-0.0177003
-0.016395
-0.0410569
-0.0219
0.0456834
0.0279167
-0.02252
0.00574286
-0.0246026
0.0321688
-0.0572407
-0.0612931
0.0431171
0.0190776
0.00784612
-0.0781517
0.0499893
0.0405761
0.0562658
0.00310507
0.0330981
0.0491073
-0.0299834
0.0120095
-0.0644285
-0.0219627
0.0303761
0.0502902
0.0127345
-0.0284653
0.012193
0.00751394
-0.0984196
0.082342
-0.00445639
0.024925
-0.0300277
0.0459798
-0.045966
-0.0887614
-0.00679682
-0.00200413
-0.0105301
-0.0203343
-0.001756
-0.00726375
0.00888192
0.0405411
0.0370892
0.00965094
0.0327951
-0.018782
-0.0142915
-0.0412926
-0.0120368
-0.0103778
-0.0113192
0.0195814
0.0135668
0.0417013
0.0113518
0.0301928
-0.0327476
0.00292969
-0.0308377
0.0283021
0.0588371
-0.0360596
0.0454082
0.0379016
0.0166919
0.0373282
-0.020725
-0.0837312
-0.0519157
-0.0214849
0.0406642
0.00100022
0.0070961
0.00230127
0.0655036
0.0297313
-0.0283177
-0.0462866
0.0277581
0.00580898
0.0216317
-0.0517768
0.0099092
0.0540664
0.00147793
0.0393359
0.0244656
-0.0861734
0.0253372
-0.0012523
0.0198095
0.039006
-0.0260553
-0.0117833
-0.000336662
-0.0200652
-0.0408685
-0.0512478
0.0376828
0.00803147
0.025604
0.0151693
-0.0242418
0.036715
0.0110987
-0.0368649
-0.0110186
0.0167747
0.0296435
0.0251835
-0.0322626
0.0551792
-0.0130367
0.0196148
0.0383789
-0.0294624
-0.0392131
-0.0402885
0.0562163
-0.0289616
-0.00661665
0.0171033
-0.0586966
-0.0303274
-0.0121553
0.0367398
0.0363564
0.0396929
0.0341703
-0.00469873
-0.00566118
-0.00300757
0.0537762
-0.0184947
0.0296525
0.0265331
-0.026238
0.0197291
0.00832715
-0.0011064
0.0469494
0.0377272
-0.0272722
0.00250424
0.0475618
0.00156427
-0.0456067
0.0352282
-0.0157926
0.0436229
-0.021607
0.0234551
-0.0424861
0.0339775
0.0349555
-0.00965236
0.0417216
0.0122396
0.0293481
-0.0255583
0.0148688
-0.0161617
0.0409409
0.0474541
0.00981236
0.018582
0.0131008
0.0379158
0.0248483
0.0342674
0.000218058
0.0412668
0.0252032
-0.0340197
-0.00311465
0.00393207
-0.0153714
-0.0193519
0.0279222
0.0198896
-0.0211907
-0.0408832
-0.0418226
-0.0443918
-0.0324356
-0.037567
-0.0146183
-0.0205428
0.00642472
0.0135861
-0.0155155
-0.0260466
-0.0226615
0.0247959
-0.0280087
-0.016288
-0.0407881
0.0204741
0.00898567
-0.0295484
0.0285347
0.00661783
0.026404
-0.0467516
0.0078373
-0.0286107
-0.0654673
-0.0327532
-0.00744702
-0.0363017
-0.0438436
-0.0280053
-0.00143022
-0.0367658
-0.0315923
0.0256041
0.0385357
0.0151823
-0.0342087
0.0198889
0.0471291
0.0277105
0.00952468
0.0210283
0.0377971
-0.0159193
-0.0292056
0.0230224
-0.000627271
0.00601533
-0.0121008
-0.0330353
0.0560345
0.0204917
-0.036068
0.00717112
0.00427523
0.0698536
0.0463703
-0.021871
0.0458167
-0.0342114
-0.0205459
-0.0370881
-0.00357574
-0.0151682
-0.0215968
0.0291559
-0.0414292
0.0558241
0.025942
-0.0328407
0.0481684
0.0368191
0.00372251
0.00198943
0.0138311
0.0451438
-0.0430895
-0.0423944
0.0181511
-0.00126222
-0.0352094
-0.0340045
-0.0124698
0.0390392
0.0522056
-0.056183
0.0526455
-0.0113082
-0.0141278
0.0430414
-0.0131488
0.0712328
-0.0189256
-0.0201284
0.0198933
0.00713869
-0.00617148
0.0300659
0.0364867
-0.0399964
0.0215304
-0.00382499
0.0537941
-0.0476584
-0.00128364
-0.0203053
0.0417821
-0.0272996
-0.00802876
-0.0505563
0.0251504
-0.0213776
-0.00457461
0.0084536
-0.00794079
-0.0196055
-0.0119915
0.00566869
-0.0271738
0.0103293
0.0100468
0.0309677
-0.0216793
-0.0161102
0.00619591
0.00148109
-0.00495131
-0.0485139
-0.0497894
-0.0271188
-0.0288392
-0.031018
-0.0606759
0.00574837
0.0143395
0.0427242
-0.062683
-0.0230326
-0.00553252
0.0113994
0.0506826
0.0341642
0.0328021
0.023334
-0.017013
0.0265495
0.000693623
0.00185172
-0.0349698
0.00673539
-0.051414
0.0453926
0.0149246
0.0430028
-0.0507742
0.0332533
-0.0315574
-0.0336922
-0.0159953
-0.0255982
0.0420852
-0.0300015
0.0157968
-0.0174647
-0.0374455
-0.0408272
0.0192692
-0.0151879
-0.0182521
0.00837929
0.000222546
0.0243353
-0.0314928
0.0355111
0.0232836
0.00497103
0.020821
-0.0177289
0.0318714
0.00190989
-0.00377935
0.0100949
0.0215969
-0.0218242
-0.00907799
0.0327504
0.0427292
-0.0268674
-0.00311984
-0.0452001
0.038758
-0.0353841
0.0211781
-0.0296955
-0.00724421
0.0172484
-0.00408582
0.0476939
0.0159265
0.0368004
0.00493502
-0.0454081
0.0250703
0.0361872
0.0122505
0.0169447
-0.0128545
-0.00795101
-0.0125438
0.0138501
-0.0139943
-0.0148306
0.00803635
-0.0405061
0.00843961
-0.00357456
-0.0483871
0.00456178
-0.0480009
-0.000428324
-0.041634
-0.0464294
-0.0236984
-0.0438157
-0.0275852
0.068261
-0.0247941
0.0122744
-0.0244778
0.0127322
-0.020068
0.0479087
0.0438809
0.0192361
-0.0152947
0.00221017
-0.0340355
0.0998351
-0.0307651
0.00366792
-0.0186902
0.067461
0.0304706
-0.00560984
-0.00697598
0.0122565
-0.000886598
-0.00145138
-0.0121511
-0.0208962
-0.0487466
0.0313385
0.0459152
-0.0135201
0.0265874
-0.0172202
-0.0159027
0.0072624
0.0251255
0.0878305
-0.023678
0.0126963
0.0460658
-0.0480207
0.0245693
0.0132632
0.0650774
-0.0136438
-0.00956095
0.071193
0.0220155
-0.0106895
-0.0229795
-0.0128926
-0.0106325
-0.0439752
-0.041496
0.0144759
-0.0192741
0.0242839
0.0183239
-0.0122709
-0.0336704
0.0223766
-0.0290242
0.027681
-0.0122229
0.024972
0.0340925
0.00168623
0.00377498
-0.0203012
0.00710568
-0.0633299
-0.009374
0.0138365
-0.052383
-0.0724163
-0.0499928
-0.00951048
-0.0160629
0.0340625
-0.0214499
-0.0343082
-0.0440521
-0.0165961
0.0028085
0.0602106
-0.0177189
0.0225645
0.0242741
-0.0219343
-0.00100711
-0.0446512
0.0783073
-0.00709882
0.0566423
-0.0272082
-0.0252782
-0.00230377
0.000363082
-0.0201102
-0.0079184
0.0391149
-0.0155519
0.0198475
-0.0225375
-0.0188989
-0.0354056
0.042759
-0.0251862
-0.0313974
0.00105325
0.000131118
0.0179197
-0.0226869
0.0334351
0.0387145
0.011284
-0.0356539
0.0308975
-0.0455525
-0.030967
-0.0266501
-0.0438145
-0.0225366
0.00444854
-0.00359098
-0.020384
-0.00536556
-0.0329851
0.0509387
0.0289623
-0.0278013
0.0230006
-0.0038926
-0.0249033
0.0122102
-0.0579565
-0.0314748
0.0320631
0.0527948
0.0214231
-0.00722394
0.0112637
0.0235263
0.0411781
-0.00597913
0.0347213
0.00197279
-0.00654338
0.0207863
0.00701664
0.0131877
0.0065371
0.031661
0.0449056
0.0440024
0.0564579
-0.0307571
-0.0248939
-0.0304596
0.0153126
-0.00946877
-0.0264677
0.048599
0.00954051
-0.0160329
0.0338044
0.0437412
-0.0137473
-0.0304655
0.0398959
0.00961363
0.0372467
0.0268096
0.0240972
0.000834652
-0.00215418
-0.00148582
0.0342178
-0.00845467
0.0422296
-0.0355065
0.0321781
-0.0188568
-0.0550391
-0.0394021
-0.025125
-0.0257366
-0.0104587
0.000819335
-0.0323392
0.0329149
0.0391005
0.0299248
-0.0370166
-0.000224567
-0.0434503
-0.0256886
-0.0117403
0.0528691
0.0486806
-0.030692
-0.0422988
-0.00699312
-0.0430943
0.0364322
0.043124
-0.0195891
0.0204672
-0.00956775
0.0375728
0.0135412
0.0390382
0.0041417
-0.0594096
-0.0412896
0.0108306
-0.0362812
-0.00566528
-0.0180986
0.00126137
-0.0368971
-0.0058026
-0.012982
0.0398128
0.0059327
-0.00614029
-0.0293876
0.0471643
0.0262159
0.0292351
0.0277218
0.0209713
0.0614703
-0.0102887
0.0301436
-0.0119649
-0.00874398
-0.0112221
-0.0136017
-0.0397004
0.0281535
0.0165757
0.0221683
-0.0465967
0.0271852
-0.0191805
-0.0119675
-0.0295416
0.028483
0.0234796
0.0357802
0.00501048
0.0210232
0.0304509
0.0374249
0.0253712
-0.0107126
0.0527136
-0.00472254
-0.0470871
-0.0127707
0.0110151
-0.00895396
0.0550048
-0.000909569
-0.0388811
-0.00985371
0.0455669
-0.0321508
0.00788328
0.0372895
0.0030237
0.0379165
0.0695241
0.00314233
-0.0205443
0.0268426
-0.0500151
-0.00206851
0.0355876
-0.0111952
0.0433836
0.0214872
-0.0405395
0.0116066
-0.0422325
-0.025585
-0.0306565
-0.0195233
0.0047137
-0.00895573
0.00756899
0.0449796
-0.0560798
0.00843451
-0.0225802
0.0223106
-0.0623955
-0.0157146
-0.0011338
-0.0416632
0.0434481
0.00127806
0.0201962
0.0455494
-0.00315251
0.0508757
0.0624666
-0.0158309
-0.0430324
0.044409
0.0233141
0.0521858
-0.0466483
0.0225335
0.0496354
-0.0160103
-0.026431
-0.00798617
-0.0301198
-0.00881306
0.0539544
-0.0435934
-0.0496315
0.0261021
0.0148345
-0.0143386
-0.010506
0.00222648
-0.01428
0.0378069
-0.046808
-0.0647119
-0.0101303
-0.0651453
-0.020184
-0.0386855
-0.0200437
0.0125588
0.0296159
0.0423656
-0.0110153
0.0259599
-0.00111344
0.0223966
0.0448262
-0.0440349
0.0365782
-0.0126578
-0.0146167
-0.0125034
0.0269311
-0.0285115
0.0341701
0.0183175
0.0312635
-0.000367613
0.0222372
0.00372348
-0.0444505
0.0191656
0.000386492
-0.00133575
0.0254207
0.00136017
0.0127888
0.0126619
-0.0483818
0.00332959
-0.0485255
-0.0101364
0.0144692
-0.00815264
0.0421197
0.0252573
-0.0225814
-0.0463501
-0.0426127
-0.0100092
0.0020387
-0.0317121
0.00111522
-0.0464192
-0.0460323
-0.0169207
0.0219791
0.0136162
0.0254154
0.0222224
0.0344545
-0.0367339
0.0173302
0.0471923
0.038337
0.0476242
0.00266907
-0.00820899
0.00080612
-0.0400455
-0.0227982
-0.0297656
0.0292773
-0.013156
-0.013475
0.00885712
0.0272051
-0.035256
-0.0269807
-0.0408633
-0.00553402
-0.0303476
0.0197992
0.0427155
-0.0350015
-0.0439244
-0.0450935
0.0135892
-0.121719
0.0120467
0.0167342
-0.00129533
0.034276
0.0832367
-0.0328078
-0.0390098
0.019212
0.0135392
0.0450985
-0.0345707
-0.00866384
0.105951
-0.00174024
0.00259094
-0.014718
0.0269369
0.0128553
0.0270073
-0.0148242
0.0281333
0.00996889
0.0539546
-0.0439842
0.0334161
0.00914332
-0.0258693
-0.0342854
0.075087
0.00328731
-0.0502798
0.0617493
-0.037633
0.0926369
-0.18107
-0.0102354
-0.114057
0.0496558
0.0683251
-0.0268733
0.0411305
0.0382228
0.00222819
0.0463965
-0.0122156
0.00615343
-0.0548668
0.0358426
-0.0548124
0.00598122
0.0246506
-0.0426001
-0.000582871
-0.0603535
0.0260423
-0.00609023
-0.0519401
-0.0285636
0.0842278
-0.0265726
0.104073
0.0485096
-0.0362459
-0.00882065
0.0200996
0.00601913
-0.00279103
-0.0198913
0.0768019
-0.055297
-0.00736258
-0.0683956
-0.048036
-0.0257426
0.0187164
-0.0262933
7.21848e-05
-0.0332924
-0.010928
-0.0355468
-0.0356624
-0.0181252
-0.0440351
0.031556
-0.0254122
-0.00312709
0.0468397
0.0475632
-0.0217712
0.030252
0.0362292
-0.0129765
0.0421253
-0.00658784
-0.0215403
-0.0227141
-0.0453335
-0.032975
0.0474526
0.0782518
-0.00688364
0.022762
0.00702461
-0.0400771
0.0536269
-0.0213099
0.00298957
0.0474353
-0.021895
0.0308997
-0.0257772
0.0115466
0.0275495
0.0625576
-0.0364354
0.0412442
0.0540102
-0.00253917
0.0224761
-0.0147171
0.0751696
-0.00718711
0.0306372
-0.0169531
-0.0315892
0.013233
-0.00331974
0.0461785
0.0169029
-0.0639547
-0.0306233
-0.0390872
0.0508788
0.00668777
0.0096329
-0.0381277
0.0165919
0.00548414
-0.0261978
0.0543651
-0.0123803
0.0168413
-0.0233213
-0.0407577
-0.00241626
-0.00154134
0.0392744
-0.0749648
0.00171378
0.0100986
0.025394
0.0127463
0.0246047
0.000303054
0.040587
-0.0475343
-0.0485282
0.0472737
0.0092931
0.0368335
0.0362476
-0.0343641
0.0434961
-0.0292495
-0.0424128
-0.0322387
0.0324077
0.0394289
-0.0112849
0.0158761
-0.0169962
-0.0260535
0.038822
-0.0179546
0.00507726
0.0329631
0.0149559
0.0339985
-0.0284048
-0.0461913
0.0532413
0.0275212
0.0448657
0.0273338
-0.0411213
-0.0500642
-0.0436784
0.0122806
-0.0306
0.0412065
-0.0132421
0.0244468
-0.0167752
0.0307592
0.0506201
0.0584454
0.0457978
-0.043282
-0.013438
0.0362852
-0.0202881
-0.0259587
-0.0408557
0.0238336
0.0297968
0.0142862
-0.0471485
0.0419863
0.0372058
-0.0457047
0.0139787
-0.0235867
-0.0415729
-0.00368774
0.0210977
-0.0144618
-0.0314309
0.0253654
-0.0370088
0.0652666
-0.0256547
-0.00848202
-0.0117372
-0.0628927
0.0013502
-0.00479614
-0.0627421
-0.0452674
0.0196843
-0.0115775
-0.00883305
-0.0417385
0.0279109
-0.0111279
0.000215014
0.071706
0.0512485
0.00022484
-0.0597884
0.0347703
-0.0311835
-0.051232
0.0224112
0.0206269
0.0732128
0.0482119
-0.0308467
-0.0367531
0.071954
0.0481431
-0.0177356
-0.00145725
-0.0263758
0.00983818
-0.0166116
-0.0601372
0.00460685
0.0284021
0.0539322
-0.0220821
0.0423442
0.000980449
0.0396001
0.0145431
-0.0305355
-0.00996906
-0.00363266
0.0155476
0.0519867
0.0626668
-0.0126475
-0.00625272
0.0363475
0.0559312
0.142291
-0.0190672
-0.0578856
-0.0487536
-0.037466
0.0183412
0.0177445
-0.0713893
0.0169111
-0.0314224
-0.00563106
-0.0518415
-0.0545378
0.00727443
-0.0227267
0.0141472
-0.0405595
0.0204392
0.0514609
-0.0054449
-0.0462448
0.0391091
-0.0343662
-0.0219152
-0.00850243
0.00347606
0.129869
0.0658041
0.0405452
-0.0497436
-0.0885721
0.00969313
0.00935793
0.0203534
-0.00970147
-0.0392806
-0.0580659
-0.0171117
-0.0548473
-0.0181093
-0.0345371
-0.0569618
-0.0277012
-0.0122316
-0.0298194
0.0343783
0.0520006
0.0868098
0.0164694
-0.00586783
0.0201745
0.0426786
-0.0322767
0.0151379
0.027569
0.0341491
0.0254532
-0.0224906
-0.0255604
0.0395223
0.0124507
-0.04085
-0.039499
0.000749432
-0.00994646
-0.00854095
-0.0472628
-0.0194174
-0.0171317
0.0274775
-0.0292736
0.0413316
0.0397332
-0.0254991
0.0399602
-0.0342605
0.0335194
-0.0213345
-0.0145151
0.0168761
0.0438923
0.0294795
-0.0284656
-0.0318588
0.0165192
0.0110538
0.0080613
0.0239471
0.0387445
-0.0246962
-0.0313542
0.046502
0.0455926
0.0365909
-0.00743153
0.00923939
0.00204459
-0.0427781
-0.00225172
-0.0152522
0.0117556
0.000195077
0.0422024
-0.00384287
-0.0307616
-0.0316818
-0.0354651
-0.0382665
0.0175824
0.0136625
-0.0479238
0.019904
0.0260263
0.0444473
-0.034702
-0.0231031
-0.00542023
-0.0266346
-0.00992279
0.0028534
-0.0453695
-0.0180845
-0.0456468
-0.0389483
-0.0532094
0.058324
0.0336511
0.0355459
0.0563393
-0.0129837
-0.00547616
-0.0229379
0.0116962
0.085173
-0.053031
0.0418758
0.00310792
0.0234265
0.00480214
0.0239784
0.13555
0.0310255
0.0395285
0.0193493
0.0257379
-0.0556849
0.0181605
-0.0229275
0.0102725
-0.00572663
0.0200095
-0.0295591
-0.140258
-0.125426
-0.0939239
0.0190013
0.139381
-0.0379406
-0.02152
-0.0750386
0.0380524
0.0428579
-0.0389345
-0.044479
-0.0206628
-0.0261217
-0.0757061
0.0182085
-0.0174222
-0.0939977
-0.0486942
-0.013865
-0.0554846
-0.00200322
-0.0795869
0.207714
0.100431
0.0526389
-0.0188926
-0.0694328
0.0432755
-0.0509515
0.0551191
0.0356755
-0.0227525
0.0879404
0.0118595
0.0322178
-0.0212204
0.0630109
0.0396355
-0.014323
0.0642109
0.0718666
0.143835
0.0275614
0.0631495
0.0418575
0.0481684
-0.0557036
0.0619123
-0.0266026
-0.0328831
-0.0423182
-0.00605739
0.0495502
-0.0382292
-0.0329836
3.07852e-06
-0.0016799
0.0279441
-0.0233259
-0.0122205
0.0327082
-0.0219467
-0.0418864
0.0692481
-0.000333692
0.0262946
-0.0270413
-0.0239563
0.067064
-0.0119474
-0.0352607
-0.120372
-0.0199164
-0.00437115
-0.00341982
-0.098031
0.0232741
-0.0338677
-0.0216043
0.0162088
-0.0390517
0.0171915
-0.000997768
-0.0172234
-0.0193824
0.013175
-0.0665278
-0.0343989
0.0310757
-0.00196734
7.16374e-06
-0.0246189
-0.0393449
0.00796724
-0.025532
0.0139058
-0.0408206
0.025242
-0.037493
0.0300713
-0.0476467
-0.0570083
0.0289796
-0.0303433
-0.019661
0.0343477
-0.0369075
0.0335622
0.0228224
-0.026614
0.00711952
-0.0100142
0.0321114
0.0570947
0.0451837
0.0317874
-0.0307241
0.0702806
0.0520239
0.0976937
-0.0451643
-0.0450767
0.0461703
-0.0251809
0.0474988
0.0140357
0.0296805
0.033873
-0.0267704
0.0179567
0.0426118
0.0211482
0.0492963
-0.0055754
0.0263362
0.0718785
-0.0468308
-0.034416
-0.00347584
0.0255117
0.0558084
-0.0382581
0.0090797
0.00865255
0.0416969
-0.0410038
-0.0231275
0.0088112
0.0177376
0.0479554
-0.0155738
0.0273653
0.0138136
-0.0136153
-0.0104072
0.0470154
0.0298306
0.0236155
0.0470638
0.0047201
-0.00349193
-0.0240971
0.0480413
-0.0112265
0.00609354
-0.0458328
0.00732406
0.0148359
0.0125392
-0.0219259
0.0391904
-0.030811
-0.0235954
-0.00650758
0.0474541
-0.0264261
0.0409933
-0.000653074
-0.0251026
0.00185695
-0.0273924
0.0106005
-0.0219753
-0.0202487
-0.00451388
-0.00386878
0.0250543
-0.0122347
-0.0297503
-0.021345
-0.0419129
-0.0410472
0.0245239
0.0115896
0.0596245
-0.000227188
0.00582995
-0.0502145
0.0236989
-0.0125102
0.001043
-0.00574988
-0.0348399
-0.0220764
-0.0160931
0.0180213
-0.0198398
0.0194788
-0.018146
0.0474117
0.0756873
0.0134405
0.00690649
0.0633052
-0.0195403
0.035438
0.0468329
0.090777
0.0215134
0.009991
0.0523916
-0.0521329
-0.0233448
0.00375499
0.0313853
0.0498967
0.0598375
0.0240095
0.0382427
0.0410895
0.00533828
-0.0227189
-0.0101973
-0.0748161
0.0876456
0.0210322
0.025058
-0.062934
0.0607337
-0.0417184
-0.0429129
-0.0548392
-0.0414864
-0.0297256
0.00798506
0.0368125
0.0398572
0.0368823
-0.0451423
-0.00715167
-0.0210422
-0.00464795
-0.0180577
0.0271387
0.0377931
0.0104914
-0.0435762
0.0454365
0.00352647
-0.0160241
0.0137937
-0.00555276
-0.0228886
0.0764209
-0.0549296
0.0210508
0.0202393
-0.0641831
0.0321796
0.0038205
-0.0198859
0.0328823
0.0278448
0.0941829
-0.017763
0.0509347
0.0311936
-0.0474954
0.0159634
-0.0394017
0.00818876
0.00949507
-0.0291589
0.00247163
0.0165031
0.0068387
0.0463478
-0.00525685
-0.0537927
-0.0525503
0.0399506
-0.000323412
0.0610019
-0.0627219
0.0132701
0.0647845
0.00528306
-0.0110456
0.0150139
-0.0713683
-0.0516616
0.0343872
0.008529
-0.0434481
0.0311306
0.0295653
-0.0210215
-0.0689131
-0.0657507
0.00606482
0.0121271
-0.0296704
-0.0255826
-0.00318957
0.0507726
-0.0455662
-0.00353854
0.0231838
0.0478865
0.0825492
0.0302949
-0.063488
-0.0307781
0.0120662
0.0391008
-0.0114593
0.0221405
-0.0708862
-0.0360169
0.00223099
-0.00064976
-0.0367223
0.00936776
-0.0276364
0.039635
0.0247776
0.00987727
-0.00164154
-0.0278087
-0.000190687
0.0352544
-0.037075
-0.0164247
0.0305461
0.035849
0.0356655
-0.0227732
0.0389188
0.0208466
-0.0249683
-0.0359171
-0.036447
-0.00929546
-0.00673534
0.00820967
-0.0119511
-0.0274881
0.0456669
0.0279496
0.00944451
0.0160793
-0.00782985
-0.0232119
0.0444293
0.00644931
-0.0373072
-0.0080061
-0.0443932
-0.031098
0.0448468
-0.00228837
-0.0223555
0.00690087
-0.00107153
0.0372287
-0.029527
-0.0178571
-0.0116984
0.0358389
-0.0494278
-0.00608456
0.0108007
-0.0257126
0.0277912
-0.00172798
0.00842184
0.0563444
-0.0264174
-0.0106402
0.0136417
-0.0295113
0.0461119
0.0140888
0.00483953
-0.0495942
-0.0567377
0.0697392
-8.58829e-05
-0.030227
-0.0384726
0.000929174
-0.0306872
-0.0976871
-0.0379007
-0.0111888
0.00842314
0.0337009
-0.0382879
0.0475905
0.02322
-0.0054496
0.00810512
-0.018569
0.0383384
-0.31649
-0.107804
-0.0712713
-0.0136433
0.00701241
-0.0974966
-0.0408458
0.0215875
0.0570849
0.0442538
-0.0222312
-0.0426883
0.0224823
0.0112775
-0.00458204
0.0143343
0.0067059
-0.0631877
0.00720779
0.0166251
0.0185529
-0.0109981
-0.0473813
0.241566
0.149223
0.0529455
-0.0351724
-0.125665
0.0452529
-0.05509
0.0555291
-0.0649823
-0.0529775
0.0530949
0.0336152
-0.0546547
-0.0633429
0.126942
0.0452745
0.0255326
0.0240093
0.0024964
-0.0038876
-0.0454792
0.0503448
-0.0483664
-0.00891125
0.00880925
-0.0341906
-0.0417156
0.0106651
0.0126925
0.0362702
-0.0533997
-0.0284175
-0.0176901
0.054217
-0.030413
0.0412143
-0.00160568
0.0119093
-0.016868
0.000874191
0.0337784
0.0419233
-0.0302963
0.0391393
-0.030822
0.0224309
-0.000312235
-0.0183286
-0.0373863
-0.0568567
0.00576499
-0.0127776
-0.0213118
0.044312
-0.0962225
-0.028477
0.0351834
-0.00586627
-0.0174286
-0.0502796
-0.131688
-0.0148857
0.0245161
0.0198624
0.0169651
-0.0451758
0.0274795
0.0594077
0.0189756
-0.0241083
-0.01897
0.0322882
0.0215505
-0.00247292
0.00881183
0.0209804
0.032482
0.0424398
0.041476
0.0272929
-0.0123528
0.00242966
-0.017822
0.000255985
0.0224523
0.053631
-0.0373406
-0.0240236
-0.0173163
-0.00849279
0.017228
-0.0251779
-0.00424219
-0.00160262
-0.0252097
-0.0127322
0.118148
-0.000874564
0.0419552
0.00230233
-0.0118499
0.0414693
-0.0257678
-0.0202622
0.0349939
-0.0350296
-0.0462932
-0.0101419
0.00778424
0.0136134
0.0637403
-0.0372515
0.0489454
-0.0464661
-0.0132731
-0.0309915
-0.00373803
-0.043725
0.0454547
0.0368739
0.0396456
-0.0259454
0.00068368
0.00878692
-0.0252536
0.00722949
-0.00851854
-0.0110164
0.00197853
-0.00134772
0.0780296
0.0303473
0.0269669
-0.00518793
-0.0406637
0.0119794
-0.00847285
0.0432966
-0.0456778
-0.0243051
0.000962521
-0.0422059
-0.0350412
0.00268283
0.0318319
-0.0252809
-0.0270016
0.0299322
0.0414485
-0.047245
-0.0409468
0.0158066
0.0239982
0.0134066
0.00214577
-0.0155158
-0.0209112
-0.0268356
0.00921704
0.0272407
-0.0533202
-0.045786
-0.042437
0.00431861
0.022796
0.00178952
-0.0439875
0.0255228
-0.00362933
-0.0402985
-0.0479556
-0.0121291
-0.0182644
-0.040905
0.00862227
-0.0245557
-0.0169775
-0.0581111
0.00280529
0.0710336
0.0345405
0.000926669
-0.00953998
0.00775736
0.0230739
-0.0308399
0.00577964
-0.0285363
0.0397926
0.104615
-0.0120707
0.0349211
-0.0388441
0.0119256
-0.0426655
-0.0827192
0.0170085
-0.00966153
0.0171451
0.0283898
0.0240422
-0.0609206
0.0215043
0.0551979
-0.0727406
-0.0343021
0.0281457
-0.0366631
0.0371579
0.0177622
-0.0135977
-0.00169109
-0.0250496
0.00454486
-0.052022
0.0391034
-0.0158756
-0.0207573
-0.0290668
0.00448397
-0.0870671
-0.063001
-0.057671
0.0145663
-0.0147935
-0.0498397
-0.031099
0.0208492
0.0036836
0.031156
-0.0112314
-0.0146714
-0.0173212
0.0305817
-0.112523
-0.0735032
0.00823115
0.059348
-0.0275673
-0.00760638
0.0376526
-0.025255
0.0232648
0.0561351
0.0153682
0.0535865
0.0431913
0.0221093
-0.0306142
-0.039062
0.0511888
0.00418239
0.074441
0.00115628
-0.00174281
0.0552492
0.0184279
0.00450798
-0.0625931
-0.0197452
0.0481944
-0.0101691
0.0745314
-0.0201459
0.034044
-0.0102472
0.0132973
-0.0379811
0.0227035
-0.0421487
0.00103523
-0.0356465
0.000370683
0.033802
0.0342065
-0.0322915
-0.0356447
-0.0207335
-0.0125799
-0.0118907
-0.021968
0.0266943
-0.00848045
0.0856025
-0.0498078
0.0195427
0.00840829
-0.00556561
0.0157084
0.0409145
-0.0239239
-0.030636
0.00501256
-0.0125969
-0.0157964
0.0614997
-0.0065981
0.0926188
-0.00287237
0.041615
0.0458604
0.00358978
-0.0459134
-0.0422691
-0.0248016
-0.0459987
0.00845087
-0.048786
-0.0361022
-0.0312994
0.0396329
0.00114048
-0.0442492
-0.0411725
-0.0427449
0.0138379
-0.00568615
-0.0413756
-0.0071455
-0.0228674
0.0115124
0.0349053
-0.0431568
0.0500548
0.0299931
-0.0182938
-0.0167013
0.039402
0.0467637
0.00233395
-0.00541247
-0.0140429
0.0369274
-0.0300016
0.00363982
0.0425307
0.0275687
0.00629901
-0.00756827
-0.0488679
0.00757248
-0.0117026
0.0214124
-0.0415292
-0.0211883
0.0424915
0.031208
0.0389454
-0.0200433
0.0359561
-0.0106076
-0.00962785
-0.0265657
-0.00216018
-0.00868825
-0.0232883
-0.0350427
0.0178476
0.0488194
-0.0184584
0.0224993
0.0223415
-0.0135385
-0.0317292
-0.0172507
0.0588088
-0.0046758
0.0260934
-0.0289869
-0.030591
0.041085
-0.0311667
-0.00742722
-0.0396341
-0.0194239
-0.0697067
-0.0363436
-0.0234571
0.00946542
9.30349e-05
0.126123
0.012876
-0.0307903
-0.0299922
-0.000272227
0.00290152
-0.0456813
0.0122178
0.06558
-0.0281093
-0.0279776
0.0255325
0.00897573
-0.0517202
-0.0256826
0.0319092
-0.0178318
-0.0973109
0.0342971
-0.0250433
0.00455215
0.0672156
-0.0292481
-0.013645
-0.0134529
0.00148417
-0.00343078
-0.0344812
0.0325946
-0.061166
0.051345
-0.044041
-0.0380255
-0.0124242
-0.127552
0.118068
-0.0353305
0.136161
0.00849376
0.0086074
0.0893912
0.000405312
0.0832093
0.0327278
-0.0519403
-0.00661373
0.0779818
0.0261784
-0.00238331
-0.0105558
-0.0183059
-0.0440117
0.0406435
0.00577458
0.00518339
0.009468
0.0796618
0.0153159
0.00785689
-0.0113338
-0.0380864
-0.0541149
-0.0549047
0.0385706
0.00237779
0.0561427
-0.0330244
0.0375486
0.0432535
0.00764873
-0.0436796
-0.0124108
0.046694
-0.0046965
0.0207717
-0.0636556
0.0324143
0.0127042
-0.0325897
-0.0228626
0.0507819
0.0557756
-0.0261037
-0.0092388
-0.0295079
0.017977
0.0402745
0.0266817
0.00773634
-0.0697128
-0.0176732
0.0242254
-0.00292174
-0.00346145
-0.00839967
-0.0867713
-0.0319507
-0.0159345
0.0191892
-0.0441659
0.0160416
-0.0206701
-0.0202031
0.017542
0.0398074
-0.0396226
-0.0374963
-0.0208371
-0.0383859
-0.00969141
-0.0131642
0.0334548
-0.0282721
-0.00636587
-0.06446
0.0640775
-0.0308381
-0.0363133
-0.0555602
0.0585236
0.0984984
-0.0452543
0.0123167
-0.0100639
0.0103008
0.00287541
0.139351
0.0018979
-0.0218946
-0.0119225
-0.00722048
0.0142696
0.0136834
-0.0280963
-0.00372132
-0.0341707
0.0430477
0.0328916
0.0137006
-0.0301741
0.049421
-0.0271081
0.010795
0.0189821
-0.0366125
-0.0347433
0.0067555
0.0132348
0.0551631
-0.00352163
0.0395898
0.0261125
-0.0154456
0.0531603
-0.0174403
-0.0244129
0.0495672
0.011105
-0.0223727
0.0407359
-0.0149479
0.0311932
-0.0088305
0.0368711
0.0440893
-0.0344909
0.0273705
-0.0247768
-0.0172146
0.0478746
-0.0125421
-0.0437603
-0.0275332
-0.0278013
0.018985
-0.0304602
-0.0162095
0.047687
0.0214642
-0.0427553
-0.0434264
-0.0320743
0.0199369
-0.0454265
0.0180335
-0.0379494
-0.016515
-0.0489948
0.011748
0.049024
-0.0291614
0.0363236
-0.0174468
0.00601584
-0.019818
-0.0327495
-0.0614527
0.0184762
0.0468056
-0.0368464
0.0192138
0.0186332
0.0101787
0.020803
0.00910294
-0.0286159
-0.00542256
-0.0368765
0.0319619
-0.0258005
0.00284205
0.0401358
-0.0388973
0.0162845
0.016994
-0.00442132
0.00215279
-0.0588508
0.0262618
-0.00418478
-0.0464772
0.001312
-0.0120759
0.0272372
-0.0565667
0.0349889
-0.0386494
0.000993411
-0.0124344
0.00482232
-0.0109283
0.054608
0.0490912
-0.0190345
-0.0283432
0.00253923
0.00463893
0.01704
-0.0273975
0.0418466
0.0556613
0.0305499
-0.0250057
0.0303083
0.0166598
-0.0177241
-0.0325618
0.0256771
-0.0087662
-0.00404808
-0.0493642
0.0375146
0.00768233
-0.0213123
-0.0335422
0.0296186
0.0242363
0.000730205
0.0488272
-0.0313571
0.0573645
-0.0191627
0.00186294
0.0223698
0.0502044
0.0332619
0.055382
-0.0354486
0.00723508
-0.0293853
-0.0107455
-0.0466451
0.024559
-0.0393787
-0.00454916
-0.0251485
0.0259402
0.0126221
0.0240228
0.0106483
-0.0373935
0.0974282
-0.000485124
-0.0241139
-0.0444692
0.0147975
0.072763
0.037532
0.0277197
-0.0456706
-0.0376639
0.0228832
0.0260151
0.00693252
-0.0450917
0.0226849
-0.0152761
-0.0045891
-0.00166549
0.0202368
-0.000230449
-0.0714664
-0.0510883
-0.0266582
-0.030236
-0.0329576
-0.0945654
0.0312366
-0.0167199
-0.0116452
0.0329165
0.0171803
-0.0877434
-0.0613325
-0.0361337
-0.036158
-0.0135175
-0.0670808
-0.0138663
-0.0315288
-0.0716173
-0.0439031
0.0104547
0.0306992
-0.00335142
-0.0241354
-0.032779
0.0499231
-0.074339
0.0325879
-0.017266
-0.0589021
0.0798799
0.00737215
0.0277975
-0.00426924
-0.0188395
0.0459947
0.0464404
-0.0351776
-0.0134064
0.0375119
0.0220654
-0.0397679
-0.0313563
0.0247993
-0.0417157
-0.0177982
-0.0016876
-0.0414837
0.024353
-0.0110328
0.0114905
0.0358047
0.0358474
0.0294975
0.024979
0.0148992
-0.0286356
-0.0212769
-0.00455806
-0.0278647
0.0287704
-0.0318421
-0.0196406
0.00990927
0.0408004
0.0293649
-0.0285613
0.0320806
0.0286399
0.0609432
-0.00699314
-0.0299459
0.00624919
-0.00242648
-0.0459989
0.0312847
-0.0433655
-0.00853025
-0.0183923
0.0265623
-0.0308158
-0.0471062
-0.0464768
-0.0278061
0.0361665
-0.0282189
0.0130258
-0.01371
0.0438406
0.0279598
0.046814
-0.0456671
-0.00540104
0.00390777
0.0424518
-0.0394773
0.0340554
-0.0507489
-0.0334249
-0.046541
0.0285078
-0.0268274
0.0275022
-0.0455983
0.00591418
0.0325691
-0.0694598
0.0394631
-0.0180978
-0.00546689
0.00594724
-0.0420328
0.00326191
0.0140131
0.18429
0.0611169
-0.0156832
0.0249485
-0.132035
-0.00219967
0.0650261
-0.0753159
0.00840835
-0.0329217
-0.0101976
-0.213492
-0.139336
-0.219725
0.0769093
0.155681
-0.151328
-0.132096
-0.18131
-0.0294446
-0.10708
-0.318716
-0.348708
-0.280234
-0.23746
-0.0720552
0.027419
0.119181
-0.0844532
-0.00539378
0.0847863
-0.0375023
0.0425759
-0.15593
0.309944
0.236533
0.247318
-0.0111159
-0.215913
0.142132
-0.169
0.27163
0.144535
0.0529113
0.384279
0.37018
0.301899
0.137907
0.0840009
0.021567
-0.0491382
0.23645
0.021658
-0.182137
-0.0271621
0.0819953
-0.00676597
0.106533
0.351882
0.018951
0.00440998
-0.0193798
-0.0834842
0.0229715
-0.0966697
0.0458154
0.0122773
0.045607
-0.116744
0.0780372
-0.0567296
-0.177651
-0.0277107
-0.0328331
0.0280521
0.136441
-0.081965
-0.0225343
-0.0303012
-0.0529191
0.0415453
-0.0616149
-0.302916
-0.0502531
0.00464418
0.0229216
-0.0671212
-0.123716
-0.245719
-0.250201
0.0824546
0.0380374
0.0137369
-0.0919429
-0.0743835
0.021375
-0.0464883
0.0452281
0.11971
-0.150427
0.0593362
0.0736717
-0.109785
-0.0368978
-0.0560069
0.0126745
0.0326064
-0.0132811
0.00167729
-0.0326927
-0.00212148
0.0297029
-0.00887732
-0.0644028
0.0418814
-0.037857
-0.0882845
-0.0244454
-0.117498
0.277627
-0.158084
-0.0326065
0.00691903
0.038334
0.0377751
0.340209
-0.0182251
0.0242872
0.0264175
-0.227774
0.129703
-0.0945242
-0.0260764
0.0339054
0.0793233
0.146063
-0.000791375
-0.0255606
0.0527357
-0.0169284
0.0367366
-0.0193725
0.0456482
0.0448527
0.0590516
0.0360541
0.0103723
0.155063
-0.00750165
0.0916473
-0.0221296
-0.044362
0.0250984
-0.0110057
-0.0280545
-0.0507088
-0.0126412
-0.0082957
0.0289742
0.0185821
0.0180168
0.0471942
-0.00373711
0.0972921
0.0146313
-0.00902561
-0.0694164
0.0105459
0.00960657
0.0096893
-0.0189333
-0.0138886
-0.0351058
-0.00450984
0.0163657
-0.00095513
0.0336316
-0.0474115
0.00916035
-0.013517
-0.12137
-0.0476841
-0.000639244
-0.011783
0.0269764
0.045801
0.0512982
0.0231048
-0.0221595
-0.0205991
-0.0275491
-0.00326846
-0.0440788
0.00614518
-0.019124
-0.0427886
0.0395628
0.0694635
-0.0189806
0.00282364
0.0302231
-0.0212004
0.0409345
0.0308405
-0.0454507
0.0472527
0.0883674
-0.039931
0.0353852
-0.00833228
0.025263
0.0237927
-0.0555657
0.0780704
-0.0368859
-0.0607679
-0.0355217
0.0242204
0.0320314
-0.0411572
0.0184344
0.0469873
0.0546017
0.167583
0.0300871
0.070138
0.0476118
-0.00924041
0.107592
-0.00724228
0.0191024
0.0160018
-0.010991
0.000251328
-0.0103187
-0.0992153
0.0590258
0.10487
0.0595334
0.027334
0.10723
0.0307419
0.0830663
-0.00493591
-0.176167
0.0101226
-0.0489593
-0.00877299
-0.04346
-0.114394
0.147506
-0.0352595
0.029012
-0.139299
-0.0985086
-0.0833593
-0.0203861
-0.0599696
-0.0340511
-0.113045
0.00333087
0.0527024
-0.0604094
0.0442997
0.0283602
-0.0201509
0.00569501
-0.0603859
-0.146272
-0.0177125
0.0672744
-0.0417697
0.0382168
0.00696839
0.0259623
0.00609576
-0.114695
0.152628
-0.025755
0.0656664
-0.233885
-0.0672524
-0.0192721
-0.00194192
0.172608
0.144383
0.113622
-0.0177507
0.261262
0.114339
0.0510381
0.135685
-0.237404
-0.046345
0.0407139
-0.0172948
0.0170805
-0.0176511
0.0530077
0.052803
0.125523
0.114542
0.0412124
0.0116188
0.116574
0.291386
0.198259
0.194095
-0.388466
0.107975
0.0353497
-0.121899
-0.0559573
0.0144076
-0.032431
-0.319881
-0.0984828
-0.247085
0.0247113
0.127408
0.0172299
-0.0137539
-0.0790504
0.0672266
0.0319321
0.0265156
-0.00875652
0.0360375
0.0354898
0.0659489
0.0347152
-0.0315656
-0.0358407
0.0635538
0.169047
0.121409
-0.037724
-0.0385153
-0.0573034
-0.126539
-0.0484179
0.036697
-0.0431894
-0.0440651
-0.0364747
-0.0251011
-0.042599
0.00142565
0.0181427
-0.0675174
0.0123645
-0.00851615
-0.0179166
-0.0179336
0.0441451
-0.058021
0.00286318
0.0234289
-0.0475536
-0.0459465
0.05045
-0.0255322
0.0306399
0.00696697
-0.0109571
0.0381457
-0.0291163
0.0355801
-0.0152819
0.00151998
0.108203
0.0161714
0.0326141
0.0471675
-0.0158776
-0.0332238
-0.0244422
-0.0102966
0.0237175
-0.0053918
0.0672701
0.007236
0.0545831
-0.0040369
0.0456862
0.0288681
-0.00203178
-0.0318458
-0.0244666
0.00194986
0.0342504
-0.00540097
0.00113154
0.0333732
-0.0307228
-0.0380765
0.000517578
-0.00509937
-0.0235286
-0.100068
0.027582
0.0926653
-0.0312112
-0.041462
0.0101933
-0.0130935
0.0445174
-0.181847
0.0613595
-0.103993
-0.035427
-0.000978768
0.0202344
0.049035
0.0903413
-0.0521386
-0.0176476
0.0546656
-0.0073501
-0.0418371
0.0413115
-0.0215208
-0.035801
-0.00310226
-0.0021123
0.0147973
-0.0670333
-0.0504202
-0.0682436
0.0150001
0.0686693
-0.0518054
-9.73146e-05
-0.0482951
-0.0287037
-0.00621285
0.0171026
-0.00934752
0.0379925
-0.00159799
-0.0782166
0.00111467
0.0599094
0.0136702
0.0401119
0.0362644
-0.0341476
-0.00444914
-0.0837446
0.139465
0.0472641
0.154863
-0.0489305
0.0290789
0.0226892
0.00872688
0.048316
0.036891
-0.0083866
0.0384498
0.0417196
0.00672392
-0.0394981
0.0102198
0.0358742
0.0337663
0.0475411
-0.00956227
0.0359746
-0.0303827
0.02275
-0.0464688
0.0565537
0.0329571
0.0182685
-0.0370202
-0.0299437
-0.0438223
-0.0130725
-0.0269627
0.0475824
-0.00830584
-0.0207601
-0.0101879
0.00744588
-0.0493171
-0.00706157
-0.0362118
0.0049308
-0.0367705
-0.0321995
0.00948592
-0.0174534
-0.0433366
0.0117417
0.0516404
0.0118809
0.00849682
0.020343
-0.00409534
0.0382627
0.00279839
-0.0530265
-0.0115405
-0.0584187
-0.0262116
-0.044962
0.0483935
-0.0122822
-0.0528429
0.0152293
-0.0435588
0.0466599
0.0119356
-0.0426849
-0.0208107
0.0497853
-0.0436704
0.00213884
0.0173939
-0.0298209
-0.0474341
0.0280927
-0.0680699
0.00712374
-0.00672951
-0.034384
-0.0435397
-0.0668142
-0.00353542
0.0203392
-0.0120012
-0.0354688
-0.017837
0.018152
0.0336078
-0.00376363
0.046447
0.00533164
0.0295994
0.0936476
-0.0396562
-0.0253355
0.0122628
0.0328936
0.00936842
-0.00497631
0.0138191
0.0322823
0.0455587
0.0475793
-0.0152012
0.0481874
-0.047604
0.0258726
0.0329224
-0.0379239
0.00512639
-0.0174597
-0.0438345
-0.0466227
0.0101893
0.0445774
-0.0328766
-0.0292044
0.0157765
0.00435213
0.0413232
-0.0419826
-0.0431205
0.0145778
-0.0134873
-0.0375546
-7.92071e-05
-0.0303863
0.00620017
-0.0374859
0.0381952
-0.0269416
-0.0360064
-0.0403015
0.021512
-0.0392467
-0.0266496
0.0436294
-0.0348135
0.00553568
-0.00144195
0.0362884
-0.0427065
0.0347936
-0.0433057
-0.00150855
0.0273351
-0.015829
0.0187533
0.0171111
0.0244336
0.0411145
-0.00281881
0.0412701
0.0240534
0.0141482
-0.00526481
0.0204891
0.0394589
0.0190816
-0.0443875
0.0480784
-0.0333217
-0.00237913
0.020162
-0.00872419
-0.0224061
-0.00342
0.0452346
-0.0358768
0.00799196
0.0257168
0.0237
-0.00398767
-0.0123615
0.0404229
0.029007
0.00498881
0.00899932
-0.0455989
-0.0480902
0.0388795
0.0137866
-0.0264424
0.00763267
-0.0178443
0.0232272
-0.0377712
-0.02598
-0.0157814
0.0571404
-0.0369773
0.00175303
0.0289544
0.045001
0.0133043
0.0326016
-0.018066
0.00483905
-0.0115
0.00831883
-0.0542216
-0.0423269
-0.0405171
0.0255133
0.0321736
-0.013296
-0.00313047
0.02153
-0.0106244
-0.0234321
-0.013729
0.0282096
-0.0311977
0.0473841
-0.0227886
0.0180965
-0.032842
0.0287919
-0.0135097
-0.0244319
-0.00797353
0.00901578
0.0410621
-0.0358888
0.0182172
0.0402601
0.0333151
0.0312022
0.0335998
0.0184056
-0.0360216
0.0376438
0.00167003
-0.017447
-0.0167996
0.00471798
-0.0705623
-0.0427217
-0.017144
-0.0299293
-0.0332554
-0.00977569
0.031924
0.0324976
0.00521204
-0.0188017
0.0252846
0.0820405
0.0133737
0.00672704
0.0407395
-0.0041997
0.000377698
0.0415283
-0.00126057
-0.00867561
-0.0194887
-0.0286191
0.0591619
-0.0158378
-0.0439899
0.0597256
0.0445672
0.0365461
-0.0384632
-0.0160225
0.0506673
-0.0226357
0.0402518
-0.035302
-0.0109308
-0.0308908
-0.055299
-0.0106514
0.010158
-0.0119281
-0.0415844
-0.0340939
-0.0530493
-0.0530006
0.000701813
-0.013878
-0.0620599
0.0214597
0.0200406
-0.0282234
-0.0331477
0.00540932
-0.0524842
-0.0493459
-0.0235291
0.0336232
-0.0135108
0.0132216
-0.00814016
0.0219871
0.0304965
-0.0282868
0.0274185
-0.0294327
0.0151414
0.0024955
0.00664944
0.0113807
-0.0464962
0.000333603
-0.0472956
-0.0303112
-0.0438662
-0.0104602
-0.0160467
0.0448866
-0.032843
-0.0354652
-0.01032
0.0244106
0.0322813
-0.00431147
0.00145457
0.00804043
0.0310274
0.031717
-0.0238556
-0.0233835
-0.0169215
-0.0290884
0.00653314
-0.0334387
0.0324172
-0.000773462
-0.0350042
0.00375431
-0.000133739
-0.0347813
0.0401429
-0.0250532
-0.0405702
0.0336751
0.0161752
-0.0275884
-0.00776478
-0.030118
-0.0404501
0.0102043
-0.0122076
0.0412413
-0.0276538
-0.00675065
0.00773181
-0.02918
0.0301724
0.0144857
0.0399772
0.0229085
-0.0471582
-0.0143009
0.0101151
-0.00651594
-0.00874777
0.0231576
0.0113532
0.0239101
0.0153896
-0.0154302
-0.0261604
0.0126487
-0.00644095
0.0302304
-0.0132635
-0.0461764
-0.0392008
-0.0259355
0.034711
-0.0287195
-0.0645812
0.0146347
-0.040203
0.00269348
0.00377254
-0.0134039
0.0373262
-0.133657
-0.00251711
-0.0654803
-0.0304689
-0.0149153
0.0278333
-0.020537
-0.047352
0.00372895
-0.00138678
0.0355576
-0.00523341
0.229282
0.203297
0.0884071
0.0293689
-0.150336
0.00266769
-0.00428685
0.0548912
-0.0667307
-0.0239338
0.0809462
0.0692073
-0.0254511
0.0567265
0.0321328
0.0254279
-0.0102799
0.0712209
0.0879217
-0.00847766
0.0649112
0.0180336
0.0755327
-0.370174
-0.153408
-0.192483
0.0651307
0.0662599
-0.0435584
0.0644537
-0.0374071
-0.0431385
0.0131317
-0.124443
-0.0255053
-0.0153899
-0.04162
-0.0761252
-0.0527167
0.0389815
-0.182098
-0.0658408
-0.0271938
0.00824965
0.033501
-0.0283536
-0.143949
0.0284071
-0.0762569
0.0993415
-0.00981568
0.039075
-0.112639
0.0426615
-0.0264975
0.015323
0.00345165
0.0894982
-0.0299858
-0.0637185
-0.0499835
-0.0122922
-0.0586649
0.0903888
-0.0672929
0.0193373
0.0139616
-0.00681649
0.0492107
0.00604926
-0.0378737
0.0869681
0.100353
0.034599
0.0137029
0.0445326
0.11042
-0.0351391
0.0302897
-0.0437457
-0.0383252
0.00424857
0.0449871
0.00359935
0.0407735
-0.0409035
-0.035634
0.0900165
0.122713
0.0163923
0.070597
0.00295896
-0.00294226
0.0401522
-0.0302777
0.0261828
0.0274265
0.0426408
2.59717e-05
0.0340089
-0.0392303
-0.0258301
0.0253597
0.0613088
-0.0389079
0.0114546
-0.0734877
-0.0216035
-0.065147
0.0393629
0.0321936
-0.018694
-0.00771078
0.0200055
-0.0313115
-0.0266059
-0.0396276
-0.0318815
0.00905731
-0.0768176
-0.0588786
0.0378903
0.0467446
-0.051557
-0.081192
0.00477651
0.00149835
-0.00352127
-0.0125841
0.0232226
-0.00861738
0.0347901
-0.0240375
-0.0166309
-0.0590393
-0.00878009
-0.0375224
-0.0143525
0.0177111
-0.0383871
-0.0310155
-0.00348737
0.0450299
0.00744348
0.000608469
-0.0355366
-0.0371754
0.022489
0.0242208
0.00715348
-0.039648
0.0206155
0.030438
-0.0412882
0.0146448
0.0240469
-0.0210412
0.00464113
-0.0155321
-0.00852587
-0.0470083
-0.0211818
0.0436838
0.0348466
0.00460827
-0.0209839
-0.0227955
-0.0103789
-0.00590883
0.0482736
0.022457
-0.00545353
0.0328912
0.0118984
0.0141888
-0.0521549
0.0335674
-0.0388273
0.0153694
0.0201809
-0.0212786
0.0372209
-0.00848433
0.0050222
0.0360603
0.0213768
-0.0469015
0.0357102
-0.0271648
-0.0183759
-0.0376448
-0.0348498
-0.0233277
0.0487755
0.041475
-0.0626234
0.0288928
-0.0122928
0.0417826
0.022962
0.0423761
0.00324231
-0.0292711
0.017803
-0.0290512
0.0243986
0.00115337
0.0351526
0.0673182
-0.0315398
0.0330445
-0.0616736
-0.136595
-0.0169142
-0.0549603
0.00507229
-0.0453433
-0.069533
-0.014478
0.0344363
0.00124399
0.0220029
-0.0363185
0.0296666
0.0432575
0.0232702
-0.0963167
-0.0355835
0.0190881
0.019818
0.00742683
-0.0621761
0.0134802
-0.0245305
-0.00250271
-0.137255
-0.01592
0.0169626
-0.00075826
-0.0713529
0.0253591
-0.0449072
0.0248954
0.128533
0.00664115
0.0267415
0.0316549
-0.00282829
0.0547746
0.0370147
0.0745063
0.0455918
-0.0414999
0.0342298
-0.069808
0.0289063
0.0604627
0.057873
0.0377613
-0.0258277
0.00878803
0.0153731
0.0420579
0.15791
-0.065531
0.0263366
0.0372148
-0.0583294
0.0241506
0.0509705
-0.0587866
0.0241363
0.0141251
-0.00770309
-0.0798862
-0.0699795
0.00800614
-0.016302
-0.0233079
0.0545161
0.0673032
0.0274114
0.031604
0.0265909
-0.000430643
-0.00227718
0.0104065
0.0455306
-0.0272518
0.0879672
0.0814037
0.0216312
0.0211763
-0.0677677
0.0786373
0.0207073
-0.0381444
1.06929e-05
-0.0308605
-0.0227527
0.0335611
-0.0111816
-0.0109659
-0.0419651
-0.00660381
0.0337247
-0.0285766
0.023245
0.0944895
0.0988417
0.0221227
-0.017623
0.0002984
-0.0639713
0.0224561
-0.0409486
0.00298772
0.0128336
-0.00571546
-0.100029
0.0078124
0.00204767
-0.0130806
0.0242211
-0.043353
0.0139954
0.0210195
0.0118976
0.0856631
-0.0205723
0.0209997
-0.0133497
0.0149243
0.028041
0.0358449
-0.0150714
0.0273577
-0.0230414
0.0267498
-0.0247504
-0.0312392
-0.00664423
0.0388118
0.0311349
-0.00836759
-0.00877179
-0.0195041
-0.0186556
-0.049967
-0.0439046
0.00865466
-0.0417713
0.0120367
-0.0435312
0.0439505
0.0242504
0.0285501
0.0482742
0.0120599
-0.0803156
-0.0046633
-0.0426645
0.00103598
0.000276986
0.0259125
-0.0151264
0.043194
-0.016365
-0.00798267
-0.0520733
0.0188625
0.0120193
0.0373013
0.00742614
-0.019945
-0.0191888
0.00812612
0.0472942
-0.0282862
0.0359425
-0.0466229
0.00578611
0.0463837
-0.0392346
0.0406577
0.00450401
-0.0459694
-0.0526873
-0.000372973
0.0279176
-0.0113296
0.0244314
-0.0133636
-0.0026748
0.00755631
0.0242857
0.0890077
-0.0712025
-0.00560076
0.0187994
0.015529
0.0258672
0.0447663
0.0468653
-0.00914274
0.00620338
-0.00364505
0.0171597
0.0158597
-0.00662231
-0.0209395
0.000529691
-0.0318095
-0.00590731
0.0377446
-0.100551
-0.0840702
-0.0554538
0.00103933
0.0697034
-0.048166
-0.00979641
0.0355456
-0.00915437
0.0278493
0.00951276
-0.0192841
-0.0557382
-0.0611892
-0.0370366
0.0408839
-0.0399109
-0.0597446
-0.00193844
0.0159102
0.00441216
-0.0361244
-0.0720724
0.104541
0.0948023
-0.0230039
0.00217305
-0.0156387
0.0423675
-0.02167
0.0356723
0.0186737
-0.0653982
-0.0292791
0.0495666
-0.0168196
-0.00636429
0.0384875
-0.025424
0.00296313
-0.0223825
-0.000707597
-0.018357
0.0410845
0.00475374
0.0378736
0.0289809
0.0463291
-0.0389354
-0.0115849
-0.0235289
0.0360531
0.0576904
0.0340711
0.0313852
-0.0241875
0.0365566
-0.0396271
0.0364884
-0.0296953
-0.00123526
0.00429331
0.0452964
0.0233499
0.033824
-0.0317132
-0.0195821
-0.0169478
0.0268724
0.0316262
-0.026756
-0.00493738
-0.0536544
0.0248384
0.00610547
-0.0105812
0.0395077
0.0281334
-0.00158567
0.0189612
-0.0208047
0.0212634
0.00707923
-0.0257456
0.0156439
-0.044329
0.0103019
-0.0224073
-0.0489005
-0.0156787
0.0049056
-0.012664
-0.0165091
-0.0303281
0.0474592
0.0476738
0.0275535
-0.0315387
0.0301832
0.0270611
-0.0210083
-0.0441504
0.0399829
-0.0454133
0.00196052
0.021179
1.27399e-05
0.00322248
0.010843
-0.065711
-0.0230735
0.0112871
-0.0142493
0.0314114
-0.0286294
-0.0220162
0.0359551
0.0284708
-0.0381846
0.0740828
-0.034329
0.0971196
0.0369337
-0.00499297
0.0263479
0.0348441
-0.00505422
-0.00598928
-0.0377259
-0.0157676
-0.0475543
-0.0123056
0.015688
0.00964458
-0.0567653
0.0011248
-0.0488634
0.0300857
0.0493286
-0.0248436
-0.0439757
-0.0193606
-0.0166884
-0.00257981
0.017134
0.0116498
0.0342641
-0.0181883
0.0205088
0.0161726
0.00388789
0.00266036
0.0206074
0.0368434
0.00452908
-0.0323442
-0.0175223
-0.00693076
-0.0115093
-0.0307835
-0.0328437
0.0403944
-0.00285205
-0.0388618
-0.00928286
-0.0391336
-0.0470716
-0.0291407
0.0329242
0.0358197
-0.0105461
0.0197118
-0.0428609
0.0449756
0.0199698
0.0409444
0.0266417
0.016904
0.0459753
0.0324248
0.0402262
0.0232281
0.0249352
0.0120947
-0.0530723
-0.00695928
0.0459073
-0.0277758
0.000909148
0.0342718
-0.0193725
0.0149233
0.0165513
-0.0110819
0.0446413
0.0309785
0.0435197
0.0257643
-0.0514351
0.0250305
0.0143031
0.0243192
0.0738765
-0.0381874
-0.0126059
0.0281886
0.0278738
-0.0440949
0.0467344
0.029576
0.0210695
-0.0271049
0.0871974
0.0236821
0.00347547
0.0464398
0.0142467
-0.0114773
-0.0209131
-0.0100794
-0.0069951
0.0394567
0.0395661
0.00112146
-0.00491904
0.0532889
0.0740948
0.056708
-0.032935
0.004876
-0.0110876
0.0470086
-0.057114
-0.040263
0.0306374
0.056217
0.0180608
-0.0458936
-0.0539522
0.0185837
0.0101277
0.0311271
0.0136094
-0.0390525
0.0114722
-0.0163284
-0.01917
-0.0150543
-0.0406883
-0.0402835
0.0399816
-0.0486011
0.000589727
-0.00168911
0.0554471
-0.0358621
0.0343802
0.0115887
0.00191247
0.0206836
0.00445017
0.0334304
-0.0167946
-0.0658831
-0.0786504
0.0289418
0.00984782
-0.0311392
-0.00945576
0.0534113
0.00967287
-0.0119092
0.0460869
-0.00327898
-0.0184614
-0.081742
0.0286579
0.044404
0.036777
-0.0175044
-0.0510928
0.0120359
0.0139402
-0.00840141
-0.00962034
0.0515017
-0.0239332
-0.00617162
-0.00655349
0.00798707
0.00611438
0.0193376
-0.025872
0.0487483
0.0487787
0.0373328
0.0283054
-0.0536063
-0.0312347
0.02355
-0.000463393
0.0340482
-0.0191272
0.0226404
0.00789111
0.00157171
0.0642787
-0.0805921
-0.0108602
0.00811178
-0.0444526
0.075587
0.0486732
0.0494068
0.00445078
0.0675477
0.0175328
-0.00765242
-0.00508664
0.0275077
0.0541355
0.0526247
0.000502656
0.0112766
0.0251925
-0.0445307
0.0438174
0.0199125
-0.00475894
0.0145519
-0.0128202
0.0108463
0.0270332
-0.0240119
0.0325111
0.00924528
-0.0499845
-0.0349878
0.0175816
-0.0429792
0.0283665
-0.0496455
0.00994609
-0.0292316
0.0404105
0.00774575
0.0133287
-0.0262775
0.0492668
0.00265302
0.0277794
0.0448765
0.0380102
-0.0203642
0.0460894
-0.0411384
-0.0137421
0.0440276
0.0359366
0.0102239
0.0323587
0.0133412
-0.0275626
0.0277701
0.0393039
0.0367104
-0.0477635
0.0348809
0.00726631
-0.0259362
-0.0391965
0.0247929
-0.0238097
-0.023092
0.0386161
0.0102272
-0.0222356
-0.0032032
-0.0309362
0.0140082
-0.033708
0.0327168
-0.0465864
-0.0136856
-0.0147733
-0.00729715
-0.0256
0.0227423
-0.0141387
0.0378194
0.00694466
-0.0523606
0.019299
0.0443413
-0.00384206
0.00600349
0.0302984
0.040242
0.020698
0.0251142
-0.043047
0.00876749
-0.0289963
-0.0976303
-0.0526219
0.0159308
0.0155561
-0.0474415
-0.0391397
-0.00633434
-0.0438957
-0.0337634
0.0329567
-0.0354982
0.00940375
-0.0439969
-0.025275
-0.0297338
0.0194668
-0.0220179
-0.00781427
0.0258348
0.0529222
0.015588
0.0138993
0.0365933
0.0112439
0.0263508
-0.0123145
0.0295892
-0.032136
-0.0449586
0.0319523
-0.00740488
0.0417162
0.0079599
0.0664523
0.0135017
0.00951972
0.0172854
-0.0392713
0.0192383
-0.0481321
-0.041721
-0.0128118
0.0488329
-0.0467306
0.0136731
0.0545371
0.0301113
-0.0124397
-0.00084313
0.0400275
-0.0364605
-0.0483786
-0.0288766
-0.0234085
-0.0681312
0.0110516
0.00892371
0.0459933
-0.0846695
0.000823257
0.0472826
-0.015446
0.0181175
-0.00641217
-0.00439213
0.0237928
-0.0108989
0.00496101
-0.0475469
0.0371045
0.0169904
-0.00734117
-0.0154432
-0.0405368
-0.039684
0.0567783
-0.0501376
0.00452852
0.0363914
0.00478799
-0.00589152
-0.0075834
0.023032
0.000878564
0.0328158
-0.0163377
0.028561
0.00956185
-0.0125141
-0.0496651
-0.0269181
-0.0223907
0.0391889
0.0284869
0.00612824
-0.040554
-0.0406469
-0.0217527
0.0404426
0.0274965
0.0128216
0.0246949
-0.00142309
-0.0301543
-0.0357108
-0.0088062
0.023371
-0.000293474
0.0517812
0.0180995
-0.00160012
0.00828779
-0.0471052
-0.0355927
0.0257202
0.0522858
0.0471099
-0.000309009
-0.0490696
0.0054473
-0.0124847
-0.0321622
-0.058056
0.0294341
0.00302259
0.00872262
-0.000578143
0.0400353
0.0460353
-0.0128802
-0.0116414
0.0411988
-0.0224074
0.0603451
-0.0253165
0.0158891
0.0162651
-0.042646
-0.00962913
0.0137791
-0.029142
0.0253297
0.00931936
-0.0184096
-0.00727703
0.0539642
-0.0169923
0.00402655
-0.0479862
0.0370736
-0.0495016
-0.00917516
0.00392862
-0.0316427
-0.0401594
-0.0273188
0.0481784
0.037459
-0.0164297
-0.00810024
0.0119534
-0.00133805
0.0328771
0.00267953
-0.0168114
-0.0301565
0.0240373
0.0330289
0.0435881
-0.00124395
-0.0387723
-0.0242717
0.0191091
0.044271
-0.00157418
0.0389249
-0.0523681
-0.034627
-0.0199056
-0.000824316
-0.0052173
0.0541961
-0.0319554
0.0382751
-0.0194289
-0.042389
0.0216928
0.0402335
-0.0204029
-0.0152038
-0.0139349
-0.0196494
0.0290941
0.0489854
-0.0452831
0.0405745
-0.00568313
-0.0247899
-0.00631988
-0.0487677
-0.0290038
0.0385572
-0.0135212
0.044429
0.0315748
-0.0280704
-0.029961
0.0285598
0.00665526
0.00725228
-0.0198497
0.0197437
0.0195911
-0.0171478
-0.0137027
-0.0180967
-0.0369948
-0.0160722
-0.000654514
-0.0130934
0.00244556
0.0460076
-0.0141748
-0.0237985
-0.00593079
-0.0298795
0.034583
0.0239636
-0.0479678
-0.00597444
0.00723757
0.00960155
0.0405769
-0.0203456
-0.0175797
-0.0499299
0.038503
-0.00358123
-0.0239348
-0.0412592
-0.0103417
-0.0132539
-0.032752
-0.0478691
0.0392414
-0.0458655
-0.0180148
0.0235875
-0.0384903
-0.0319128
0.0235417
0.0173485
-0.0299524
0.0142343
-0.0621128
0.00942082
-0.0532128
-0.0278214
-0.0185452
0.0205982
-0.0251147
-0.0470742
0.0332176
0.0111656
-0.0523187
0.00144744
-0.0012403
0.0292975
0.0245558
-0.0116406
-0.018288
0.0448333
0.0267932
-0.000391749
0.0062632
0.0253126
-0.0489709
0.00820713
0.0396648
-0.027145
-0.00919505
0.0634031
0.0276833
0.0445881
0.0425469
0.0177752
-0.0224499
-0.0251311
0.000492073
-0.0193885
0.0672965
-0.00742541
0.0686995
0.0457504
0.00862529
-0.0169166
0.00518421
0.0284766
-0.00950907
0.0509935
0.0125133
0.0338736
0.0054708
0.0355176
0.0471531
-0.038311
-0.0175134
-0.012494
0.0602054
0.0112695
0.0350554
-0.0170936
-0.0155438
0.045963
-0.0006161
0.0236828
0.0243544
-0.0289869
-0.00336962
0.0176242
0.0313377
-0.0153701
0.0323005
-0.0357428
0.0406843
-0.00687188
0.0272402
0.0415501
0.0354288
0.012238
0.0369178
0.0227119
-0.0194903
-0.0688125
-0.0167474
-0.00858943
-0.011855
-0.042274
0.00015081
0.0192424
-0.0480061
0.00711485
-0.0352291
0.0450347
-0.0181726
0.00124976
-0.000739982
0.0419523
-0.035929
0.0259701
-0.0163334
0.0198958
-0.030964
0.0448951
-0.0294713
-0.0353635
0.00417783
-0.0182652
0.0142955
0.0375668
0.0353951
0.0242337
-0.02817
-0.0293372
0.01509
-0.0232844
-0.00431644
-0.0244834
0.0420032
0.0449718
0.0102534
-0.0121588
-0.00491007
-0.0415087
0.00638998
0.0342993
0.0102345
-0.0248466
0.0151916
-0.0199897
-0.0362821
0.0345536
-0.031023
0.0102356
0.0275355
-0.027972
0.0255978
-0.0115895
-0.0423101
-0.0494757
-0.0214198
-0.0260042
-0.0330518
-0.0077564
0.0335059
0.025784
0.0324827
0.0202585
0.0319665
-0.0405705
0.0685354
-0.0512055
-0.0272791
-0.0444146
0.0497508
-0.0329095
-0.0349879
-0.00277461
-0.0497734
-0.0232937
0.0118987
-0.0289414
0.0374977
0.0376508
-0.0168377
0.00122329
-0.0224098
0.0151475
-0.0317745
-0.0449869
0.0275509
-0.000299987
-0.00635061
-0.0174499
0.0172242
0.0205039
0.0335504
-0.162234
-0.116109
-0.0996696
0.0105418
0.0425393
-0.0703736
-0.0040791
-6.2881e-05
-0.0154458
-0.0609259
-0.0599419
-0.0516972
-0.0369748
0.00295285
0.00924567
0.019607
-0.0309287
0.0215217
0.0290994
-0.0117283
0.00146112
0.00180312
-0.0365359
0.215487
0.0646024
0.110006
4.34275e-05
-0.0471753
-0.0277969
-0.0437521
0.0358141
0.0305735
-0.0285623
0.0267577
0.0644798
-0.0418867
0.0169293
0.104161
-0.0097112
0.0239185
0.0431361
0.00060087
-0.0792837
-0.0227641
-0.0449322
-0.0368751
-0.0430937
0.00890604
-0.0425733
-0.0216557
-0.0330963
-0.0493991
-0.0206624
0.037721
0.0250913
0.0270457
0.00900394
-0.0212155
0.0384295
0.0111357
-0.0288088
-0.0129907
-0.000284664
-0.00604112
0.0262472
-0.00254639
-0.0176951
-0.0274233
0.00786978
0.0336446
-0.00747287
-0.0604867
-0.0563973
-0.0111688
-0.0126029
-0.0377658
0.0127916
-0.0728286
-0.0715227
0.014119
0.0401827
-0.0374646
0.0213839
-0.0507123
0.00525075
0.00793112
0.00893751
-0.0645703
-0.0400079
-0.0258455
0.0454287
0.00569285
0.0231371
-0.0314337
0.00472213
0.0185559
-0.034212
-0.0444448
-0.0212361
0.0348165
-0.0139133
-0.0338149
-0.0601234
-0.0417293
0.0463162
0.0114945
0.0243144
-0.0311027
0.0481159
-0.000487681
0.00764468
-0.012217
-0.0184607
0.00909724
0.0224728
0.0186149
-0.0433004
0.0120917
-0.0429387
0.0131743
-0.0125576
0.124775
-0.00752905
0.0135616
0.0585946
-0.0186838
0.0200897
-0.0291163
-0.0303466
0.0194709
0.0228273
-0.00646508
0.00580472
-0.0181896
-0.020141
-0.00300669
-0.0242402
0.0297022
-0.0029304
-0.0361401
-0.0464428
-0.0120541
0.0149866
-0.0357143
-0.027544
-0.0462074
-0.0327474
-0.0388652
0.0152355
-0.00461366
-0.0399854
-0.047386
0.0213092
0.0196035
-0.0427221
-0.0533695
-0.0185308
0.0200089
-0.0193084
-0.0377812
0.0476202
0.0331334
0.00881153
-0.0479002
-0.0553227
-0.017767
-0.0307158
0.00679012
-0.0129657
-0.0349389
-0.00140054
0.0339614
0.0133951
-0.00418103
-0.04223
-0.0383671
0.00841556
0.00344441
0.0346724
0.0410355
-0.0308444
-0.0256716
0.0119575
0.00988252
-0.0346451
0.0211444
0.0493539
-0.0160968
-0.0157005
-0.047372
0.0223106
-0.0425375
0.0301974
0.033467
-0.0271451
0.030585
0.0420256
-0.0473879
0.0192855
0.0371207
0.0217593
-0.030554
0.0477009
0.0447242
-0.00995221
-0.0270767
0.055919
-0.00111341
0.0156358
-0.0200347
0.0167439
0.00988537
0.0339545
0.00398608
-0.00688907
-0.0258804
0.0228806
0.0416322
-0.0355229
-0.0126623
0.0128303
-0.041415
0.0371435
-0.0263391
-0.0271634
0.0147049
0.0225865
0.0364005
-0.0194214
0.00325296
-0.0216348
0.0115662
0.0528306
0.00637076
0.0492958
-0.00375308
0.0232741
-0.0455487
-0.0211734
0.0147873
0.000319482
-0.0400538
0.0631824
-0.0695027
0.00379602
0.00701578
-0.00957751
0.0180589
0.0150319
-0.0387838
-0.0540769
-0.021711
0.0226002
-0.0066627
0.0292052
-0.0354325
-0.0145362
-0.0921677
-0.0169615
-0.0399062
0.0118107
-0.0541649
-0.0199272
-0.0713814
-0.0379461
-0.0708813
0.0481431
-0.0456704
-0.0277117
0.103147
-0.00934285
-0.0110137
-0.0458642
0.0329983
0.0247542
-0.0338525
-0.0296603
-0.0153512
0.0193385
0.00493242
0.0343193
-0.0514703
0.0277334
-0.0104367
0.0323621
0.00101493
-0.0610383
-0.0338452
0.0575953
0.0829696
0.0418067
-0.043211
-0.0440014
-0.0207939
-0.0455775
0.06837
-0.0365612
0.0120827
-0.0090096
0.0488171
-0.0139879
-0.0538728
-0.0439556
-0.00271367
-0.0975482
-0.0636308
-0.0819024
-0.0699274
-0.00350725
-0.0417739
-0.0463574
0.0185324
-0.0278888
-0.0228339
-0.0326156
0.00517729
-0.0327412
0.0292487
-0.0292733
0.0407448
-0.0151947
0.0150935
-0.0203162
0.0465672
0.0519541
0.0341757
-0.0390529
0.0122563
-0.0493354
0.027535
-0.015318
-0.0343097
0.0409678
0.0237887
0.0235784
0.0350165
0.0158179
-0.0276934
0.0216064
0.0147321
-0.00209866
0.0307525
-0.0209407
-0.00118562
-0.0314968
0.0105317
0.00190881
-0.00151348
0.00222273
-0.0215438
-0.00555043
-0.0147795
0.0180328
-0.0101263
-0.00353723
0.0301525
0.00959379
0.0283465
-0.0159041
-0.0156835
0.0443576
0.0412384
0.0374469
-0.0299948
-0.0196764
0.02265
-0.004751
-0.0399923
0.0268731
-0.0414981
0.0236121
0.0474286
-0.0167585
0.0107387
-0.0165701
0.027467
-0.00772632
0.0272759
0.034196
-0.0101294
-0.00245479
0.00441261
-0.0210637
0.0270212
-0.0445511
-0.0135707
0.0389929
0.0290322
0.0250275
-0.0500463
-0.0410712
-0.00357755
0.0184626
-0.0394896
0.00348023
0.00117836
-0.0474779
0.00912097
-0.0220445
0.0459868
-0.0118617
-0.0478576
-0.00784977
0.254519
0.113356
0.0889818
0.00485714
0.00825124
0.00532252
-0.0274296
-0.0198143
-0.025858
0.0542585
-0.0565124
-0.00478188
-0.202476
-0.193131
-0.0280725
-0.00476747
0.123708
0.0152998
0.11023
-0.018377
-0.0133549
0.0475547
0.0361081
0.015147
-0.0138697
0.0510281
-0.0949965
-0.0445295
0.0124017
-0.0924325
-0.010489
0.0565399
-0.0586214
-0.0439466
-0.0281021
0.193083
0.0738234
0.0884503
-0.0322911
0.0223545
0.131082
-0.0311862
0.128683
0.0484835
0.0177922
0.177702
0.14738
0.118376
0.0254725
0.00312684
0.0462715
0.0256914
0.170215
0.0408114
-0.0340148
-0.0373054
-0.000901108
0.0423394
0.0391309
0.0317816
0.0505623
-0.0520625
0.0351932
0.00667832
0.0617724
-0.0270195
-0.00435652
0.0177991
0.0714101
-0.0368028
0.0512977
0.0156516
-0.0345407
-0.0251548
-0.0186851
0.00463182
0.0454603
-0.0651065
0.0145834
-0.0398597
0.00755012
-0.0230055
0.000995316
-0.116434
-0.045422
-0.0686801
-0.00765717
-0.0451072
-0.0489889
0.0153517
0.0302016
0.030484
0.0362179
-0.0126256
0.0125712
-0.0294648
0.00103151
-0.0322267
0.0138594
0.0227272
-0.0487901
-0.00627442
-0.0641833
0.00255388
-0.00723967
-0.0274115
0.0307388
-0.0180264
-0.0158179
-0.00264759
-0.0160487
0.0204605
0.0291084
0.0260963
-0.0180272
-0.00218054
-0.0193193
-0.0205469
0.0562556
-0.0161708
0.0963876
-0.0024383
-0.0113822
0.0291156
-0.00608184
0.0574706
0.121466
-0.000319895
0.0441946
-0.0163259
0.00270984
0.0345787
-0.0598209
0.0078508
0.0156368
0.0582767
0.0462703
0.00712998
-0.0110111
-0.0228624
-0.0203811
-0.0176836
0.046782
0.00171681
-0.00573226
0.0294794
0.0638271
0.00377918
0.0194981
-0.0361545
-0.00350846
0.0104836
0.000162093
0.00502093
-0.0213049
0.0488524
0.0200157
-0.0387442
0.00535056
-0.0485722
-0.0197064
-0.0180588
-0.012189
-0.0474234
0.020538
0.019117
0.0362052
0.0457039
-0.048763
0.0115191
0.0167508
-0.0477021
-0.0230184
-0.00743599
0.00882692
0.0404741
0.0314289
0.0374308
-0.0364241
-0.00505775
-0.00212913
0.0462705
-0.0399208
-0.0360908
0.0320738
-0.0373064
0.0180829
0.000923772
-0.019179
-0.0184578
0.0163929
-0.0405852
0.0301333
0.0170037
0.0180495
-0.0279135
-0.00423495
0.000801025
0.00495293
-0.00229053
-0.0133816
-0.0106485
-0.047816
-0.0052772
-0.0466261
-0.0264009
0.0169464
0.0544277
0.0431456
-0.00452464
0.0302696
0.0265753
-0.0456593
0.0617653
0.0116706
-0.0724989
0.0739123
-0.0481376
0.0749784
-0.0149607
-0.0744517
0.0458295
-0.0326671
0.0758893
0.0678016
0.0408826
0.038221
0.0418728
0.0545389
0.0507965
0.0619054
0.0755137
0.0357193
0.0376264
-0.0161686
0.0253738
-0.019216
0.0403036
0.0875527
0.0308648
-0.00379674
0.0347469
0.0671093
-0.00644477
0.0281322
0.0163116
0.0273625
0.0395668
-0.0417494
-0.0561797
0.0485963
0.0873268
-0.0117885
0.0100687
0.0167162
-0.0738158
-0.00553204
-0.048977
0.0579479
-0.0534453
0.0271425
0.0279312
-0.000395681
-0.0596237
0.0186599
-0.0208573
-0.0245358
-0.0111237
0.0175454
-0.0779988
-0.00316071
0.0572166
-0.0542012
0.0315816
-0.0345582
-0.0291266
0.069848
0.0184129
0.0199268
0.038274
-0.0455222
-0.06458
-0.00970466
-0.0417394
0.0278701
-0.00129349
0.0587506
-0.0471032
0.024381
0.00746559
0.0382133
0.0237099
-0.0951154
-0.101512
-0.0451216
-0.0269386
-0.0171713
-0.0379209
-0.0108555
0.022125
0.00105474
-0.0451582
-0.0283523
0.0673267
0.00532739
0.0112989
0.0101568
-0.12404
0.0822136
0.0782309
-0.0189547
0.0415417
-0.0632712
0.0485841
-0.030874
-0.000103323
-0.029327
0.0493715
-0.0240331
-0.0909096
-0.157786
-0.0462576
-0.0242282
0.00389428
0.0362838
0.00570013
0.0387096
0.0183127
0.0232263
0.0279706
-0.0707549
0.0761071
-0.153982
-0.0333817
0.0170453
0.0117439
0.0774389
-0.0298188
-0.0137011
0.00389789
-0.0190222
-0.0394347
0.0376186
-0.0478239
0.0142562
0.0368047
-0.0376581
-0.0205808
0.00447447
0.0157783
-0.0522773
-0.0365366
0.0288008
-0.0419703
-0.0175767
-0.0159685
0.0246233
-0.00479829
0.0446914
0.0330691
0.038769
-0.00160871
-0.0389361
-0.0180694
-0.0182695
-0.0395649
-0.0275545
-0.0220381
0.0431247
-0.0354848
-0.00130363
0.0800102
-0.0142997
-0.0263094
-0.0118893
-0.02697
0.0230577
-0.0331128
-0.00719641
-0.0337279
0.0120096
0.0308155
-0.01474
-0.0453319
-0.0421097
-0.0201028
-0.00491751
0.0204121
-0.0401292
-0.0494694
0.0351696
-0.0107865
0.00886351
0.0236975
-0.0272575
-0.00763441
0.0349063
0.000918519
-0.0182976
0.040397
-0.0224455
-0.00591878
0.00967473
-0.0413669
-0.0343009
-0.00452714
0.0245729
0.0216022
-0.100758
0.0848534
-0.0319698
-0.0216671
0.00725788
0.0436757
0.023455
-0.00642349
-0.0161193
-0.0373374
-0.0330329
0.00700072
0.014577
-0.0204257
-0.0455731
0.00889008
0.00213595
-0.0301588
0.00375359
0.215735
0.0475575
0.104372
0.00696281
-0.0205771
0.0831904
0.0177979
0.0115001
0.000499404
-0.0566272
0.0214549
0.000156469
0.0116929
0.0164587
0.0948938
-0.0227291
-0.0200509
0.0569839
0.049015
0.00210214
0.0206863
-0.0515894
0.095733
-0.204909
-0.0310905
-0.0429009
0.0274392
0.0774956
-0.111249
0.077204
-0.0856531
-0.0420529
0.00378196
-0.118106
-0.0809684
0.011157
-0.00948396
-0.113321
-0.0305056
-0.00142665
-0.0666359
0.00145558
-0.015197
0.00777078
-0.00998104
0.0457662
0.0137445
0.00753505
0.042556
0.0725785
-0.0269502
-0.052144
-0.0421132
-0.00104886
-0.0170578
-0.0296771
0.0302212
0.0432854
-0.0282374
0.0707842
-0.0324741
0.0118345
-0.0457303
0.00443253
0.0453745
0.0389514
-0.0134709
-0.027956
0.0413804
-0.0587436
0.0569139
-0.0260369
0.0834486
0.00755814
0.0571882
-0.00438247
0.0421569
0.0320649
0.00701296
-0.0577414
-0.00899862
-0.0225472
0.01337
0.115609
-0.00693688
-0.00810567
0.00177741
-0.0164357
0.0058209
-0.016832
-0.00719061
-0.0653684
-0.0313839
0.0202739
0.0216408
-0.0113495
-0.0443242
0.0587564
0.0379665
-0.0207383
-0.0199329
-0.000885697
0.0166039
-0.0361555
0.0298493
0.00336016
-0.0137661
-0.0533626
-0.0255671
-0.0692679
-0.0172684
0.0297711
-0.00598961
0.0102424
-0.0102441
0.00869265
0.0197579
-0.0317289
-0.0418062
-0.0355248
-0.0660344
-0.0498147
-0.00281376
0.00394287
0.0180393
-0.0208735
-0.00421818
0.0304046
0.0254441
0.0240966
-0.00653087
0.0300475
-0.000668241
-0.0280908
0.0344985
0.0118911
0.0304852
0.0220205
0.00430859
-0.0250891
-0.0264683
-0.0238894
-0.0115589
0.00675515
-0.0103205
0.0414152
0.0319601
0.0434003
0.00500239
-0.0331912
0.0233229
0.0232906
-0.00845749
-0.0307777
0.012449
-0.0157775
-0.0481287
0.0351959
-0.0244948
0.00426134
-0.0177666
0.0100238
0.036693
0.0298946
0.017563
0.0424778
0.0371082
0.020205
-0.0259722
0.00678998
0.0361435
0.0335629
-0.00632853
-0.000181797
0.0447437
0.03563
-0.0148562
-0.000600471
0.0140713
-0.0449385
0.0345313
-0.0106241
-0.0204946
-0.0115856
-0.0350988
0.041003
0.0372238
-0.0221178
0.0271854
0.0411488
0.0321499
0.00588029
-0.0357733
-0.0313798
0.0213477
-0.0577022
-0.00937983
-0.0121756
0.0454606
-0.0275444
0.0255524
-0.000207995
-0.0265058
-0.0432044
0.0735318
0.0491778
-0.0489416
0.0516081
-0.0153775
-0.00286698
-0.0361915
-0.0379711
-0.0121557
0.00778831
0.00835135
-0.00942541
0.0550359
0.0414812
-0.000669665
0.0232759
-0.0394014
0.0257712
-0.00130369
0.0106636
-0.0129139
0.029341
-0.0184595
0.00541063
0.0103464
-0.0451947
0.0329732
0.0232662
-0.0202159
0.0226411
-0.0175843
-0.0412905
0.0374701
0.0325706
-0.0141968
0.0427152
-0.0340805
0.0477698
0.0402463
0.0536622
0.0216615
-0.00337984
0.040831
0.0234842
-0.0245937
0.0448611
-0.0249448
-0.0129024
-0.00389426
-0.0509569
-0.00592235
0.00761591
0.00595764
0.00320031
0.121177
0.00532498
0.00549815
-0.011335
-0.0297652
0.0346089
-0.0245263
0.0326121
-0.0163535
-0.0225305
-0.00301617
-0.0547044
0.0156902
-0.0175285
-0.0461603
-0.0851651
-0.0791059
-0.0439772
-0.0738267
-0.0127572
-0.063339
-0.058471
-0.0543417
0.00636585
0.0107302
-0.0727885
-0.0521431
0.0025085
0.0164565
-0.0417414
0.0192538
-0.0212986
-0.0325909
-0.0425452
-0.00167372
0.00607456
0.00421122
0.0144796
-0.0429502
-0.063713
-0.0395187
-0.03122
0.0530259
0.0169519
-0.028414
0.0276042
0.00146467
0.0268256
0.0155614
-0.00680945
0.0494086
-0.00511744
0.0250228
0.00733159
-0.0295122
-0.0326951
0.0487519
0.0380954
-0.0209949
0.0359582
0.041219
-0.00311522
-0.0570232
0.0351594
-0.00666572
0.0195893
0.0367199
0.0347424
0.0165757
0.031259
0.0999028
0.00145963
0.00839677
0.027037
0.0328487
0.0131765
0.0482387
-0.0354814
-0.0227498
-0.0298547
0.0207355
0.040507
0.042708
0.00330967
0.0285772
0.0126587
-0.00636014
-0.00883613
0.0258149
-0.0324703
0.0484466
-0.00204299
-0.0113465
0.0410775
-0.00749582
0.00763633
0.0415327
-0.008931
0.00915472
-0.048612
-0.0459833
0.014034
0.00787542
0.0218429
0.0230501
-0.0169077
-0.0124148
0.0314136
-0.00500943
0.0114315
0.00249393
-0.0380356
-0.00707729
0.00749788
0.0405777
-0.028267
-0.0500804
-0.02924
0.00195573
-0.0333399
0.0107217
0.00669639
-0.0328703
0.0454834
0.00114586
-0.0181784
-0.00354592
-0.0230375
0.0334057
-0.0180899
-0.00064686
0.0202146
-0.0315821
0.0638132
-0.0535488
0.0421033
-0.0474335
0.0292616
0.0555384
-0.00650961
0.016127
0.0380255
-0.0252699
0.0408504
0.0407606
0.106316
-0.0450999
-0.00180551
-0.0231144
-0.063934
-0.0086206
-0.0430573
0.0199471
-0.0177442
0.0891415
0.0418743
-0.0199418
0.311506
0.097866
0.0488927
-0.012561
-0.0645593
0.143104
0.0400857
0.0410544
0.00792882
0.00578445
0.0809004
0.0489474
0.0586444
0.0393586
0.0862975
0.0105488
-0.0803486
0.092026
0.0698283
-0.0749926
0.040507
0.033538
0.130364
-0.278432
-0.102501
-0.145469
0.0325033
0.136641
-0.0520037
0.0729676
-0.0674517
0.0941739
0.0750638
0.0439678
0.0149843
0.0737995
0.128786
-0.0677633
0.0143467
0.0215958
-0.0917612
-0.039776
0.012386
-0.0358434
-0.104689
0.023194
0.0429653
-0.0150259
0.0513669
-0.034603
-0.0118745
0.0180481
-0.059282
0.0158996
0.035437
0.0279408
-0.053709
0.0342873
-0.0224326
0.0101421
-0.0199762
0.0162671
-0.0204742
0.000130776
-0.0786297
-0.0101091
0.0166307
0.0390178
-0.0254881
0.00524978
-0.00629706
0.0322019
0.0869582
0.0388401
-0.00853129
0.0239715
0.00534953
0.0916401
0.082029
-0.0542229
-0.00963491
-0.00564651
0.0384
0.202759
-0.0397789
-0.0117426
0.000326854
0.0213717
0.0812325
-0.036566
0.0217597
0.0168051
0.0262009
0.0392314
0.0080587
0.0239547
0.00798252
0.0470732
0.00514833
0.0130283
0.029101
-0.0402934
0.0356221
-0.0266132
-0.0361256
-0.0240506
-0.0205255
-0.0250456
-0.0291446
0.0754501
0.00159334
-0.0283886
-0.000768964
-0.0433845
0.0158992
-0.0282186
0.00817063
0.0472258
-0.0339746
-0.121107
0.0516365
-0.119361
-0.0147698
-0.0440122
-0.0344011
-0.0458811
0.0462901
-0.000654068
-0.00608475
-0.0232813
0.0168017
0.0412875
0.0057332
-0.0491643
-0.0275506
0.0313977
0.043732
-0.00508621
0.0201633
-0.0120123
0.0475501
-0.0284401
0.0282252
-0.0347084
-0.0299261
-0.0333086
0.0450776
-0.010194
-0.0156842
0.0455968
-0.023848
-0.0220886
0.027859
0.00155649
0.0258353
0.0505847
0.00895117
-0.0035099
-0.0129417
0.00343701
0.0305035
0.0463794
-0.00481363
-0.0211072
0.0554488
0.00713404
0.0452386
-0.0268765
0.041023
0.0367165
-0.0296224
-0.0457278
0.0496843
0.0463797
0.0334493
-0.0385524
-0.00538648
-0.0397598
-0.0276777
0.0247916
0.0458945
-0.0168568
0.0047483
0.022089
0.037125
-0.0211788
0.0327777
0.00437684
0.0409296
0.0442355
0.0200436
0.0301941
-0.015101
0.0162217
-0.0133592
0.0380682
0.0170174
-0.00317876
0.00922191
0.0470595
0.0491795
0.0325143
-0.101517
0.0237869
0.108652
0.041173
-0.035273
-0.0474167
-0.0131076
0.0114289
0.0217427
-0.0162962
-0.111774
0.036257
-0.0127498
-0.0113329
0.00909677
0.0495704
0.0344321
-0.0584213
-0.0200271
0.0376971
0.043908
-0.0404668
0.0650392
-0.0527518
-0.0636834
0.00116944
0.0739152
-0.0402019
-0.0378212
0.0329957
-0.0342796
0.0248518
0.0410483
0.0401467
-0.00523627
0.0208925
0.0176294
-0.0103333
-0.0031795
-0.0286297
0.0796419
0.0525576
0.0330399
0.0404196
0.000634076
-0.0400358
0.0149191
0.00976008
0.0161685
0.0497302
0.0055726
0.0629834
0.0108407
0.0447029
-0.00449159
0.0666961
0.0328247
-0.0132632
-0.00622773
0.0453913
-0.0034664
-0.0287339
0.0700275
0.0205264
-0.0109665
0.00480398
0.045293
0.0749603
0.0759672
-0.0301084
0.0335636
-0.0228223
-0.0442765
-0.0438154
-0.0235795
-0.0538587
-0.0194138
0.0458734
-0.0296782
0.108004
0.00241047
0.0106015
0.0558818
-0.0440279
0.00277034
0.0741438
-0.0141514
-0.0667628
-0.0275558
0.0355128
0.035088
-0.0114706
0.022939
-0.0194117
-0.0723437
-0.0346437
0.0154085
-0.0107871
0.0443029
0.0544578
0.0409875
0.017646
0.00791806
-0.0259482
-0.0533883
0.0461608
0.102569
0.0159085
0.0681184
0.00777794
-0.00817294
0.0152601
0.00292169
0.028862
-0.0549414
-0.00687623
-0.0424725
-0.0641245
-0.140343
0.00190255
0.0105972
-0.047977
-0.0233114
-0.0014933
-0.0416451
0.041791
0.0830842
0.0361309
-0.000116263
-0.00491904
-0.0344018
-0.00103232
0.00672141
-0.0215081
0.0584366
-0.0208167
0.0323023
0.0381268
0.0484551
0.0240954
-0.0386382
0.0421548
0.0237788
-0.0170076
0.0156356
-0.0426762
-0.0151858
-0.0427204
-0.00968038
-0.0411015
-0.0333515
-0.0152965
0.042249
-0.0265115
-0.0189711
0.0275942
0.00954294
0.0124775
-0.046053
0.000401566
0.00776822
0.0261831
-0.0355807
-0.0359091
-0.0290447
0.0435091
0.00459839
-0.0149377
-0.0232359
0.0108844
-0.00414521
-0.0217671
-0.048288
-0.0399983
-0.0220682
-0.0305174
0.0220918
0.00639958
0.0145767
-0.0007162
-0.0400971
0.0392275
0.0270554
-0.0331471
-0.00119066
0.066876
-0.0525155
0.108118
0.0166136
0.003599
0.0327847
0.0190051
-0.0337795
-0.0341738
0.0920405
-0.0493941
-0.018856
-0.00726282
-0.0208163
0.0458864
-0.00164145
0.229541
-0.0687006
0.018748
-0.00507766
0.0342547
0.0153845
-0.0323729
0.0122075
0.0211041
-0.0209448
0.0132895
0.0267378
-0.0733609
-0.0512598
0.00667786
0.0339452
0.0190549
0.0146694
0.0366427
0.00818693
-0.0186759
-0.0516551
-0.00589937
-0.0210092
-0.0240416
-0.00915467
-0.00743858
0.00215315
0.0590418
-0.0178504
-0.00877552
0.0431045
-0.0376105
-0.00220279
-0.128636
0.144942
-0.0253291
0.160602
-0.0608478
0.0363067
0.0614296
0.0481503
0.0279616
0.0461649
-0.0166205
0.0618485
0.0495254
-0.0153008
0.0155471
-0.0126842
0.00938682
-0.0362478
-0.070144
0.0361126
0.0459248
0.0157395
-0.0488786
-0.0204214
0.0818093
-0.0459668
-0.0172063
-0.0523877
0.00921434
0.0363977
0.0153136
0.032378
-0.0371737
-0.0280255
0.0154009
0.0118711
-0.0256123
-0.00185077
-0.0463788
-0.0459004
0.000344039
-0.0277943
0.0393259
0.0452369
0.00909429
-0.0405617
-0.0378909
0.0158492
-0.0078485
0.0320214
0.0452404
-0.0283231
0.0495791
-0.0134711
-0.0726525
0.0012145
-0.061504
0.0198267
0.0103401
-0.0228219
-0.0145605
0.0345833
0.0303375
0.0231572
-0.026392
-0.0423184
-0.00232745
0.0227737
0.0188119
-0.0537192
0.0228614
-0.0417002
-0.00552769
-0.0422211
0.0216608
0.000653851
0.0355876
0.0473181
0.0211771
0.00420328
0.0277447
-0.0144411
0.0436376
-0.0270479
0.0291063
-0.0475845
0.0283206
0.0338162
0.010543
0.00601424
0.0480629
-0.0395516
-0.00558401
0.0149149
0.0237784
-0.0227777
-0.0305588
-0.043989
0.0436551
0.0636396
-0.0366356
-0.0315159
0.00655285
0.0424867
0.0290068
0.0186844
-0.0320359
-0.0400741
0.0144584
0.032237
-0.0376128
-0.0247058
-0.00542161
0.0220554
0.00225105
-0.000414654
0.0497974
-0.0266738
0.0485394
-0.00177887
0.00458092
-0.0417832
-0.026867
-0.0223715
-0.0193729
0.0363954
-0.0352146
-0.0421771
0.00572722
0.0240139
0.00128958
0.0186835
0.0207378
0.0225573
-0.0209849
0.0111454
0.0158783
-0.0360544
0.00491144
0.00615211
0.00109338
-0.0420032
0.0150909
-0.00506381
0.0206044
-0.0257217
0.0378411
-0.0406897
0.0404788
-0.0484324
-0.0390722
0.0144871
-0.0374304
0.033909
-0.0106963
-0.0388486
0.00578522
0.04811
-0.0485811
0.0327988
0.0127697
0.0340739
-0.0175598
0.00994376
0.0227008
0.00335638
-0.0434335
0.045405
-0.0101772
-0.00704105
0.0334763
0.0472675
-0.0251066
-0.0264052
-0.0339207
-0.0374588
-0.0392778
0.0144448
0.0408722
0.0120023
0.030648
0.000256378
0.00812039
-0.0333313
0.0430012
-0.00113322
0.0468739
-0.00956762
0.0114049
0.0443494
-0.0141336
-0.0208079
0.0217473
0.016639
-0.0422231
0.00076827
0.0606808
0.0178192
0.0175768
-0.0163572
0.0146916
-0.033123
-0.0167187
0.0423891
0.030889
0.00784066
0.047975
0.0248522
-0.0473418
-0.00960146
0.0298419
0.0531501
0.030861
0.105206
0.0286229
-0.0492211
0.00909686
0.0570878
0.0150776
0.0412279
-0.0370993
-0.0589493
0.0364156
0.0112045
0.00051221
0.0566889
0.0408282
0.0423137
0.0414208
0.020418
0.047063
-0.0100102
0.0288423
0.0327706
0.0162483
-0.0338439
-0.0305607
0.0571348
0.0245458
0.0107902
0.0215753
-0.00264341
-0.0939858
0.0102146
0.0250129
0.0225619
-0.0341425
-0.00923374
-0.0111905
-0.00392067
-0.0111746
0.0104072
-0.0209327
-0.0445506
-0.0751437
-0.053226
-0.0557886
-0.0268032
0.0410359
-0.0337205
-0.0508884
0.0238359
0.0243557
-0.0033166
0.0143501
-0.0748381
0.00834409
0.00248388
0.0226069
-0.0476541
0.0264191
0.0820637
-0.0392304
0.0517923
-0.0308716
-0.0421951
0.0275432
0.0345872
-0.0378158
-0.00713412
-0.000817036
-0.0132711
0.0176029
-0.00301531
-0.0169882
-0.0471439
-0.0513469
-0.0179126
-0.0269113
-0.0307518
-0.0181624
0.0289565
-0.040783
-0.0271024
0.000369907
-0.0381512
0.0544928
-0.0122975
0.0120822
0.0366161
0.0172299
0.0364346
-0.0115065
0.0471691
-0.0330523
-0.0289894
-0.0699094
0.0163931
-0.0475444
-0.00569558
-0.0269783
0.00998962
0.0243421
-0.0317076
-0.00914742
0.0482479
-0.00587154
-0.0300166
0.0175646
0.00954398
-0.0440281
-0.0307728
-0.0257936
0.0200079
0.0195281
0.00453114
-0.0327768
0.0392688
-0.0332938
0.0196161
-0.0342811
-0.0303287
0.0124564
0.0286238
-0.0320707
-0.0276249
-0.00427571
0.029425
-0.00976832
0.00187335
0.0338689
0.0352108
-0.0178134
-0.0474272
-0.00430133
0.0325383
0.0471824
0.0428709
0.0201866
-0.0033736
-0.0467613
-0.0318895
-0.0214156
-0.0417927
-0.0370037
0.0389591
0.00114484
-0.0168722
0.00267695
-0.0454597
-0.0305734
0.0133602
0.0409308
-0.0239076
0.0418094
-0.00608449
0.0483359
0.0411603
-0.0451955
-0.00136684
0.042793
0.0227787
-0.000502719
-0.00858454
0.0273246
0.0699455
-0.00563638
0.0212773
-0.0297299
0.00453608
0.00274536
0.190731
0.0024104
-0.0397204
0.00406747
0.0609041
-0.0691404
0.0341681
-0.00275812
-0.0172426
-0.0281885
-0.0743222
0.0512978
-0.414483
-0.264884
-0.0576805
0.0143676
0.191271
-0.131133
0.00311767
-0.0635382
0.0513099
0.0284375
-0.268401
-0.283264
-0.191853
-0.159987
0.0136947
-0.0493545
0.083617
-0.339083
-0.214602
0.131699
-0.103395
0.0321241
-0.218331
0.679864
0.328341
0.0525383
-0.105797
-0.011082
0.309689
0.15916
0.0722826
0.0706179
0.0995621
0.33282
0.315768
0.302014
0.174696
0.107624
-0.0130619
-0.0741691
0.183605
-0.00321128
0.0239717
0.0301823
-0.0268648
-0.0336047
0.0161669
0.27993
0.0205042
-0.0882842
0.0100918
0.0457377
-0.0608316
-0.00465093
-0.0428948
0.00925579
0.0527965
-0.165071
0.212521
-0.083506
0.0128613
0.00201945
-0.0538911
-0.00465213
0.163
-0.0262926
-0.008248
0.0195023
-0.0458111
0.0979919
-0.0222324
-0.257854
-0.0427492
0.019724
0.0080196
-0.139518
-0.1358
-0.215468
-0.0305323
0.0623366
-0.0277889
-0.00586919
0.0262021
-0.135482
-0.0136976
-0.0175982
-0.0209678
0.100809
-0.126514
0.0744803
0.194466
-0.0745183
-0.0568762
-0.0503474
-0.00321207
0.0115004
-0.0227439
0.0228601
-0.0408398
0.0204814
0.0139862
-0.00727457
-0.0129111
-0.156874
-0.0328085
-0.0653773
0.00492194
-0.0280021
0.0478859
0.31085
-0.0839072
0.00242369
-0.0711963
0.00144769
0.363423
0.0192228
-0.0315078
-0.00290924
0.0327839
0.0616393
0.0273026
-0.0940949
0.0750607
0.0993387
0.11611
-0.0132186
-0.0457978
0.0914935
0.0201182
0.0337195
-0.00969233
0.00332712
0.0442459
0.104083
0.000769842
-0.0107925
0.109431
-0.0247817
0.0302045
0.0203787
-0.0122535
0.110937
-0.0311883
-0.00472508
0.0292043
-0.0472083
-0.0229934
-0.00922512
0.00282598
0.0381353
-0.00975037
0.0337507
0.0774787
-0.0890206
0.0269275
-0.0215893
0.0174503
0.0299384
0.0194369
0.00243743
0.0245187
0.0315735
0.0263434
0.00887802
-0.0506579
0.0340382
-0.0080237
0.00168159
-0.0732392
-0.0893247
-0.0349551
0.0196245
0.0025089
-0.00472815
-0.0111292
-0.0117185
-0.018386
0.0391497
-0.036388
-0.0360659
0.00240787
-0.0413839
0.0333177
-0.0299839
0.0401839
0.0627099
0.00245698
0.0154114
0.0482651
-0.0262719
0.0226379
-0.0211278
-0.0147306
-0.0422248
0.03789
0.104228
-0.0157844
0.0439789
-0.0200242
0.0065957
0.0510237
-0.0399455
0.228345
0.0312616
-0.171371
-0.0464599
-0.00254913
0.0681161
0.0498055
-0.0209592
0.0328799
0.0982273
0.144912
0.00284643
0.051291
-0.0293029
0.0293359
0.0716639
0.0410377
0.0503807
0.0943928
0.0122068
0.0309238
0.00896906
-0.0358746
0.0470144
0.183912
0.108161
0.0189104
0.0586395
-0.000525106
0.0550993
0.0129154
-0.139085
-0.0196978
0.102617
0.0122629
-0.0361643
-0.0546796
0.0330062
-0.0408272
0.0329619
-0.0889337
-0.106533
-0.0487896
0.068015
0.0803976
0.0292294
-0.0487871
0.0458641
0.0185793
-0.0383059
-0.0170747
0.0577456
0.0539175
0.0278585
0.0702044
-0.0447794
0.0109437
-0.00334815
-0.0609333
0.0268756
-0.0729133
-0.206057
-0.0838875
-0.288227
0.246656
-0.0521929
-0.0115637
-0.0608049
-0.169621
-0.0164754
0.0414501
0.291279
0.236805
0.0696195
-0.0295007
0.383766
0.182485
0.137616
-0.190455
-0.26042
0.00699737
0.0138029
0.00523896
0.0119285
-0.00762663
-0.07341
0.202043
0.0257384
-0.147493
-0.104165
0.0146806
0.0555231
-0.184265
0.0855707
0.0567507
-0.299732
0.0803824
-0.00528596
-0.109797
0.00266499
0.0179558
0.023048
-0.403754
-0.0607218
-0.217422
0.0865438
0.123771
0.0662936
0.0401507
-0.129058
-0.0393751
0.00463661
-0.0434515
-0.0126162
0.0100127
-0.00226826
0.0155036
-0.0429736
-0.201104
-0.00969637
-0.02539
-0.00597374
0.0135374
0.0420007
-0.00344899
-0.0132225
-0.165534
0.0119837
-0.0305853
-0.0080195
-0.00504331
-0.0430033
-0.029516
-0.013969
-0.00877785
-0.0416084
-0.0371986
-0.0405536
-0.017756
-0.00572318
0.0174368
0.0365897
0.0155327
-0.0425863
0.00285184
-0.0500392
-0.0354448
0.0236216
-0.0539351
0.0210808
-0.0430357
0.00306751
-0.0190957
0.0100586
0.0180464
0.0344239
0.072038
0.05717
-0.0424018
-0.0026849
-0.0421308
-0.0135396
-0.0179248
0.0127989
-0.00666579
-0.0252563
-0.024656
0.00668593
0.0488253
0.0215981
0.00807669
0.0493452
0.0145359
0.0290946
0.00662139
-0.0406787
0.0340371
-0.0206978
0.0168423
0.0394582
0.0505772
0.0105722
0.036552
0.0450308
-0.00439569
-0.027479
-0.0193987
-0.0165775
0.0489203
-0.120306
0.051701
-0.0485689
-0.0253141
-0.0510128
0.0101417
0.152822
-0.0381127
-0.0311169
0.0450533
-0.0283906
-0.0192431
0.0619496
0.0174035
0.0257205
-0.0399191
-0.0159669
0.000432588
0.0334718
-0.0160792
0.0373862
-0.0443263
-0.00926772
0.0466189
0.109465
-0.0163026
-0.0366499
0.0279377
0.038572
-0.0517535
-0.0695461
-0.0131054
0.00239657
0.0161628
-0.0236753
0.0289434
0.0142851
-0.0407355
-0.0412705
-0.0170603
0.00375986
-0.00563507
-0.0273262
-0.0504539
-0.0133243
-0.0358116
-0.0656901
-0.0152108
-0.0701514
0.00699671
0.0352883
0.0258029
0.061718
-0.021777
-0.0298257
-0.0310014
0.0489597
-0.0539216
-0.00654808
0.028692
-0.0449266
-0.0508547
-0.0105361
0.0304452
0.00572655
-0.0110289
0.03513
0.0023793
-0.00944644
0.044238
0.0450524
-0.0161891
-0.0450133
0.00521551
0.0356347
0.0489796
-0.0377603
-0.0325567
0.00840218
-0.00437189
0.0436003
0.0266423
0.00609196
-0.0344454
0.0381078
0.0534118
0.0298557
-0.0223286
-0.0259729
0.0444597
0.0392644
0.0514429
0.0435267
-0.0299641
0.0073364
0.0205886
-0.0307428
0.00607474
0.0440015
0.0389916
-0.0364572
-0.01913
-0.0109929
0.00587106
0.0250665
-0.00559037
0.0324647
0.0500326
-0.014429
0.027217
-0.0179742
-0.0593852
-0.00890201
-0.0295398
0.0178652
0.038338
0.0167238
0.00703834
-0.0103053
0.0278842
0.00717993
-0.00722113
-0.0221768
0.0141862
-0.0388574
-0.0312232
0.0371939
0.00604407
-0.00981265
0.050635
0.021918
0.0038594
0.0455233
-0.0685432
-0.00554021
0.00911303
-0.0298441
-0.0418592
0.0804514
0.0063932
0.0320375
-0.00740744
0.0163038
-0.021747
0.0687915
-0.0289928
-0.00759445
0.00918056
-0.00404537
-0.0422568
-0.0204141
-0.010511
0.0259297
-0.0393327
0.0260467
-0.0345561
0.0344018
-0.0123601
0.026413
-0.00187431
0.00822964
0.0642902
-0.012717
-0.0137667
-0.014671
0.0292195
0.00320194
-0.0166011
0.010181
0.0305981
-0.0486384
-0.0443822
0.0292719
-0.0252409
0.0417044
-0.0459465
0.0259508
-0.0132749
0.0370843
0.0117942
-0.0193897
-0.026874
0.0437325
0.00254942
0.0228642
-0.00404101
0.0359309
0.0244621
0.052882
0.0242874
-0.0196837
-0.0069438
0.0172235
0.042081
0.0105231
0.02111
-0.0184667
0.0443775
-0.00432844
-0.0216771
0.00595661
-0.0271112
0.0105398
0.0366011
0.0321747
-0.00948481
-0.025138
-0.0419774
0.0131567
0.0335062
-0.0466543
0.0113757
0.0463715
-0.0457171
0.0207225
-0.0271643
-0.0276971
0.00564511
-0.0118288
0.0105493
-0.00710788
-0.0142531
0.0418626
0.0284784
-0.014206
-0.0391917
0.0262273
-0.0512069
0.0498746
-0.0299348
-0.0399106
0.0382009
0.0420697
0.038889
0.0183122
0.0199482
0.000900724
0.0322382
-0.0222266
0.000216241
-0.00538576
0.0398301
-0.0350895
0.0169214
-0.016115
0.0363898
-0.0277771
0.013484
-0.0415929
-0.000414753
-0.0150436
0.0328134
-0.0480496
0.0332751
-0.0492317
-0.00768131
-0.00927159
-0.0596143
-0.069902
0.011129
0.0202749
-0.017479
-0.059348
0.0415387
0.0226605
-0.0478872
-0.0556354
-0.0243527
-0.0166323
0.0292994
-0.0164864
-0.0561844
0.0227938
-0.018588
0.0369568
-0.0100843
0.0265096
0.0120444
-0.0129868
0.0031489
-0.0162298
0.0177114
0.0227289
-0.0653069
0.0350297
0.0202017
-0.0200012
-0.0477975
-0.0132031
0.0495765
0.0331868
-0.0102195
-0.0236784
0.0383291
0.00605573
-0.0295276
-0.0143345
0.025963
0.0272356
0.0786248
0.0220088
0.00473443
-0.0574296
-0.0315351
-0.0521014
0.0449891
-0.000971615
-0.0387437
0.059272
-0.0103154
0.0302655
-0.00210822
0.0281271
-0.112498
-0.0726602
-0.0417917
0.00877098
0.0174344
-0.000919667
-0.0117104
0.0126587
-0.00258453
-0.021168
0.00026663
-0.0400254
-0.00634611
-0.0421426
-0.00299007
0.00955568
0.038627
-0.0162696
-0.0138989
0.0266112
0.0154881
-0.0176219
0.0126434
0.00334411
0.0364029
-0.0232869
0.0131103
-0.0554887
-0.0501894
-0.0252946
-0.0322493
0.0175471
0.0208458
-0.0455703
-0.0463462
0.0415325
-0.0338722
0.00868309
0.00827953
-0.0430159
-0.042597
0.0258456
0.00150691
-0.0223037
0.0273417
0.0484977
-0.0176907
0.0109429
0.0242602
-0.0135132
-0.0243912
0.0197054
-0.00568037
0.042637
-0.00136496
-0.00954873
-0.0171512
0.0367357
0.0337803
0.0433695
0.0246115
-0.015202
0.0166767
0.00623523
-0.00931475
0.0144821
0.0368214
0.0244941
0.045638
-0.00694466
-0.00673034
0.0301814
-0.00182752
0.0208516
-0.00386283
0.0335755
-0.0418613
-0.0453614
-0.0468828
-0.0366698
0.00596937
0.0382299
0.0391344
0.0100866
0.0169649
-0.0193305
0.00839679
-0.0405438
0.0165794
0.0245888
0.0285025
0.0490415
-0.0306615
0.00907694
0.0492467
0.0119829
0.0257691
0.0358117
0.0274844
-0.0610391
-0.0300416
0.0233179
-0.0407366
-0.0280488
0.0310013
-0.0175201
0.0239868
-0.0322004
0.0476773
0.0344788
0.000261266
0.0280678
0.0249961
-0.0462283
-0.030591
-0.0351438
-0.0178019
-0.0368731
-0.0322596
0.0189319
-0.011789
-0.01377
-0.0112452
0.00283935
0.00397871
0.0169642
-0.0305524
-0.0309729
-0.00291866
-0.00331195
-0.0420385
-0.0296626
0.00869422
0.0201578
-0.00574915
-0.0521598
-0.0314063
0.0146698
0.00578025
-0.0242958
0.0412685
-0.0193939
0.0554426
0.00602593
-0.024907
0.0445306
0.0179683
-0.0369782
0.0197768
0.0071429
-0.00277231
-0.000993914
-0.0436684
-0.0591303
0.0561961
0.0593101
0.0500994
0.0414619
0.0333681
-0.016814
-0.00743184
0.026557
-0.0193269
0.0424471
0.00721831
-0.0324928
-0.0217231
-0.0121386
0.0516154
0.038555
0.0265785
-0.0450956
-0.0717905
0.0462094
0.0330281
0.0325338
0.0613323
-0.0521571
-0.0062338
-0.0282129
-0.0134548
0.0227355
-0.0595425
-0.0339609
-0.0315836
-0.0207677
-0.0132213
0.0301864
0.0312843
0.050137
0.0015193
-0.0241358
-0.0403315
0.0365829
-0.013931
0.012228
-0.057197
-0.0684789
-0.00420737
-0.0451268
-0.0149658
-0.00139265
0.0263075
0.0365199
-0.0169276
-0.010038
-0.0133886
0.0237235
-0.0110097
-0.037458
-0.0361651
0.0204978
0.0305283
-0.00731068
-0.0289192
-0.0427746
0.0416493
-0.037399
0.0313707
-0.0191335
0.0201056
-0.030542
0.0523788
0.0278854
0.0281563
0.0015193
0.0201208
0.0386762
-0.0335763
0.0178546
0.0101983
-0.0132232
0.0391326
-0.0141749
-0.00192839
0.0942928
0.0019062
0.0204916
0.018871
0.0367389
0.0217468
-0.0445027
-0.024153
0.0286006
0.0438996
-0.0176544
0.0154742
0.0430012
0.0390115
-0.0311388
-0.0441675
-0.0300167
-0.0249361
-0.0430293
0.0129794
-0.0236126
-0.00234616
-0.00512465
-0.0321329
-0.0318085
0.0145213
0.043245
0.00914077
0.0174216
-0.0302661
0.0442734
-0.0307456
-0.043896
0.00577104
0.0317451
0.0252954
0.0321234
-0.00682583
-0.0106391
-0.0312675
-0.0470769
0.0384781
0.00878501
0.0358884
-0.00324428
-0.0481026
0.0408336
0.00450111
-0.0293921
0.0324861
0.0361505
-0.0264637
-0.0475607
-0.00996328
-0.0436306
0.0345343
-0.0366422
-0.0425895
-0.0270664
-0.0321639
-0.0114847
-0.00597426
-0.0251636
0.0434896
-0.0369481
-0.0300802
0.00915734
-0.000525113
0.0341851
0.0310418
0.0286347
0.0261598
-0.0490767
-0.0422159
-0.0403515
-0.0242857
-0.032009
-0.0211208
0.0068974
0.0277341
0.0328473
0.000780007
-0.0441625
0.00860821
-0.00552162
0.0382992
0.0145693
0.0225365
0.0193282
-0.0103393
0.022416
-0.0495162
0.0297915
-0.0499376
-0.0156245
-0.0450735
0.000246784
0.00497933
0.0298665
0.0270093
0.00343781
0.0245168
0.0155963
0.000990479
-0.0265543
-0.0122337
-0.030496
-0.0184409
-0.0553503
-0.0199593
0.0129269
-0.00622887
-0.000348439
0.0148868
0.0166701
-0.0421218
0.0385304
0.0353558
-0.0269606
-0.0531482
0.00530312
0.0281869
-0.0109287
0.0251573
0.0166919
0.0351014
-0.0222378
0.040978
0.0189879
0.042653
0.0215319
-0.0443007
0.0383193
-0.0143461
-0.0126406
0.0091533
-0.0619029
-0.0405189
-0.0150833
-0.0367379
-0.0273625
0.0447529
0.0229228
-0.0349651
0.0333708
0.0145543
0.0208849
-0.0260958
-0.00276428
0.0117317
0.00661485
-0.0127465
-0.0462477
0.00106514
0.0829736
-0.0341602
-0.0243793
0.00797108
-0.0536978
-0.0181215
0.00579411
-0.033346
-0.0489003
0.0222625
0.028375
0.00636981
0.00837233
0.0237663
-0.0383497
-0.0192388
0.0214214
-0.0182859
-0.00128716
-0.0673731
0.00281014
0.00777462
-0.00275696
0.00173358
-0.0190576
0.0384246
0.044621
0.00720079
-0.0445214
0.0207371
-0.000274467
0.033772
0.0223672
0.00369203
0.00456319
0.0106149
-0.0540974
-0.0664407
0.0453973
-0.0360919
-0.0308562
0.00940202
0.0327895
0.0303148
0.0437277
-0.00422375
0.0344729
-0.0251927
-0.0482004
-0.061742
0.0171678
0.0521022
-0.0226717
0.0226763
-0.0309553
0.034179
0.00786698
-0.0670979
0.00538271
0.00463428
0.000339609
0.0111604
0.0119028
-0.0338166
0.0446231
-0.0479795
0.0063377
0.0384544
-0.0302679
-0.0463104
-0.0352608
-0.0474024
-0.037443
-0.0177986
-0.0132631
0.0347731
-0.00195099
0.0249541
0.0471553
0.0424924
0.004031
-0.0476674
0.0317268
-0.0466878
-0.0286061
-0.00442697
-0.0199103
0.0395791
-0.00220199
0.0293317
0.0285922
-0.0100081
0.00116066
-0.00325643
0.0205992
0.04949
-0.0466251
-0.00730591
0.0431212
0.0112179
-0.0482744
-0.0312558
-0.0404021
-0.0433538
-0.0241217
0.00555595
-0.0324887
-0.0251151
-0.0286457
-0.0232716
0.0382202
-0.0429193
0.0420007
-0.019346
0.043988
0.0155445
0.0235751
-0.00851776
0.0472788
4.82483e-05
-0.0398519
-0.00807835
0.00932234
0.0473813
-0.0467028
0.0383667
-0.0442823
-0.0234017
-0.00656044
-0.00679275
0.0186442
0.00813828
0.0101002
0.0435286
0.0215144
0.0239136
0.018156
-0.0275699
0.0438507
-0.046729
0.082314
0.0138293
0.0354047
-0.0346218
0.0313655
-0.000573429
0.0261666
0.0491876
0.0284438
-0.0121039
0.00170355
0.038932
-0.183573
-0.123352
-0.0633375
0.0141617
0.156448
0.0209358
-0.038409
-0.0358694
0.00811321
-0.0202617
-0.0445664
-0.0462682
-0.0227735
-0.0240493
-0.0208508
-0.0380178
-0.0118975
-0.0706829
-0.0215274
-0.00822364
0.0359074
-0.0391084
0.0321515
0.255375
0.10396
0.085836
-0.0342423
-0.0984445
0.0111078
-0.0048816
0.0773955
0.013745
0.00822008
0.0443502
0.0819122
-0.0172696
0.0284028
0.00150344
-0.0158081
-0.00859035
0.0434791
0.0207591
-0.00262805
-0.0465718
0.0604074
-0.0320022
0.0795229
-0.0348831
0.00619421
-0.0766659
0.014202
-0.0391225
0.0581466
-0.0275983
0.0332805
-0.0313047
-0.0487086
-0.00226932
0.0203177
0.0464045
0.0241105
-0.0105829
0.0223575
0.00606044
0.0609778
0.0237883
-0.0090345
-0.0400744
-0.0518539
0.00634318
0.0680773
-0.101037
6.62713e-05
0.0146811
0.00530181
-0.00328506
-0.026175
0.0496786
-0.0633377
0.036967
-0.00770357
-0.0445588
-0.0345697
0.065124
0.0381802
-0.0289655
0.0281441
-0.0187995
-0.0823282
-0.0175254
-0.0677009
-0.0546914
0.0320458
-0.00693085
0.0282865
0.0393957
-0.00756314
0.000267908
0.0394318
0.036399
0.0430226
0.0454994
0.0195499
-0.00230097
0.0392275
-0.021248
-0.0131625
-0.0263996
-0.0201344
-0.027802
-0.060026
0.0146027
-0.0149861
-0.0184225
0.0187352
-0.0331864
-0.019021
-0.0301867
0.105439
0.0824748
-0.0320353
-0.0236974
0.00841511
0.038691
0.0747707
0.00232717
0.0252835
-0.0101111
-0.0255447
0.037577
-0.0116556
0.0288913
-0.0047458
0.00458385
0.0265253
0.0240601
-0.0195783
-0.032422
0.0124268
0.0422245
-0.00399009
0.0167164
-0.0369152
-0.0237598
0.0133612
0.0247365
-0.0448474
0.0340433
0.0358983
-0.044546
0.0360621
0.0447429
-0.0397169
-0.00921692
-0.00737095
0.0188922
-0.0131057
-0.0405523
-0.0209703
-0.0346297
-0.0103341
-0.0263566
-0.00889147
-0.0367035
-0.0316259
0.0039434
-0.00609315
0.0498582
-0.00373641
-0.0368115
0.00264213
-0.00427128
0.000130573
0.043863
-0.0302453
-0.0254161
0.025252
0.042471
0.0487325
-0.0287817
-0.0196872
0.0137417
0.0454391
-0.0384624
-0.0510538
-0.00100283
0.0379976
-0.0138468
0.00689309
0.0256474
-0.0440598
-0.0462489
0.0006624
0.027288
-0.00463764
-0.0261056
-0.0366053
-0.0317536
-0.0493009
0.0175817
0.0544053
0.0490945
0.0639314
-0.0241206
-0.049313
0.0219067
0.0235895
0.0338476
0.00840018
-0.0293819
0.0359889
0.0392482
0.02492
0.0100139
0.0912323
0.0163924
0.0578328
0.0884099
0.030157
0.0114348
0.0058739
-0.0375959
0.0470171
0.0131182
0.0270417
0.059156
0.0167908
0.0375656
-0.0191744
0.0530229
0.00239601
0.0263764
-0.0522499
-0.0333524
-0.0482532
-0.0106878
-0.0333602
-0.00833908
-0.0190514
0.0075287
0.0330924
-0.0260056
-0.0139857
-0.0392509
-0.0410898
-0.0960268
0.0222577
-0.0549083
-0.0703404
-0.00286013
-0.0477865
-0.037078
0.0196451
-0.0348853
0.0611552
0.00111782
-0.0519386
-0.0161736
0.0801589
0.0497549
-0.00799725
0.0372894
-0.0251563
-0.0564143
0.0205995
0.0402102
-0.0311513
-0.0158849
-0.020352
-0.0399903
0.0139365
0.0336578
-0.0293097
-0.033643
0.0187684
-0.0617489
0.0921873
0.0751495
-0.0516211
-0.018904
-0.0799398
-0.00431239
-0.0112419
-0.0119691
-0.0319622
0.0130456
0.000784126
0.024646
-0.00907569
-0.0498875
0.0190689
-0.0400886
0.019232
0.0287649
-0.00250509
0.0294563
-0.0199529
0.0037391
0.0236716
0.0227456
0.0140764
0.0424213
-0.0170021
0.03673
-0.0154711
0.0149542
0.0793848
-0.026153
-0.0680418
-0.0697601
0.00771315
0.00448806
-0.035352
0.0418734
0.0097201
0.0553407
0.0306475
0.0276816
-0.0614941
0.0577492
-0.0610446
-0.0189813
-0.0446293
0.0429265
-0.0158898
0.00326367
0.0348999
-0.0418196
-0.0926554
0.0417857
0.0150191
-0.0237666
0.0353973
-0.038157
0.0337412
-0.0434972
-0.0316068
-0.0152382
-0.0185737
-0.0110847
0.00929329
-0.0472238
-0.0411175
0.0341423
-0.0219437
-0.00451506
0.0420577
0.0262928
0.0440395
-0.0255386
-0.0459433
-0.0322689
-0.0243839
-0.04214
0.0460137
0.00405228
-0.0170126
-0.0355317
0.00987145
-0.00191342
0.0497169
-0.0296791
0.0376271
0.0304166
0.0484876
0.0381376
0.0356558
-0.0258475
0.0461671
0.0351286
0.00642955
0.0491662
0.00874589
0.0174329
0.00397776
-0.037802
0.0272104
-0.0246449
0.0263681
-0.00194019
0.0251808
-0.0403009
-0.0203312
0.036854
-0.0212329
0.0219874
-0.0353629
0.0527504
-0.0182251
-0.0384737
0.0426675
-0.0350917
-0.0425046
-0.00144707
0.0404925
-0.0414952
-0.0571717
0.00622452
0.0340682
0.0236582
0.0116434
-0.0310451
-0.00409855
0.119896
0.0354922
-0.00333708
-0.0151471
0.00118075
0.0361543
-0.0326928
0.020427
0.0420579
-0.00908899
0.0289639
-0.0449185
0.157195
0.0802744
0.0557666
0.0338459
-0.00833005
-0.0367628
-0.0204735
0.06829
-0.0198279
0.0183673
0.0293417
-0.0279437
-0.0397647
0.0363581
0.0452186
-0.0320964
-0.0278939
0.026792
0.0797807
-0.0238321
0.0434167
-0.00195467
-0.0749744
-0.171372
-0.127816
0.00501901
-0.0803587
0.0891983
0.0153479
0.0350475
0.00667324
-0.0267866
0.0348624
0.0163144
0.0427689
0.0215456
0.0657147
-0.0451952
0.0429354
-0.0298146
-0.108785
-0.0266464
-0.0174369
-0.0328426
-0.0284344
0.0202306
0.0500183
0.0156016
-0.0681377
-0.0167687
-0.00436844
-0.0473868
0.014815
0.0822308
-0.0276937
0.0351721
0.0132651
0.0277593
0.00679528
-0.037322
-0.0132262
-0.0236285
-0.084116
-0.00135766
-0.0114997
0.0351824
0.010207
-0.0454464
-0.0318751
-0.040772
-0.0469285
0.154386
0.00104207
-0.0297536
-0.0224871
0.037804
0.0144096
-0.00715738
-0.0564082
-0.0592389
-0.0146233
0.00148392
-0.0202618
0.0365965
-0.0215002
-0.000771144
-0.0257351
-0.0199718
0.0219119
-0.0463161
0.0146502
-0.0402564
-0.000900152
-0.0126888
-0.00807347
0.0258545
-0.0364873
0.0108199
0.0367428
0.0489789
0.00879995
-0.0388307
0.0486437
0.0910332
-0.0343043
-0.0354408
0.0169234
-0.0391535
0.0675997
0.0091834
0.0371677
-0.0224054
0.0138293
-0.0584234
0.00573999
-0.0114716
-0.027204
-0.0490863
-0.00382915
-0.0428305
-0.0261373
-0.0525839
0.031686
-0.0382326
-0.0366538
0.013304
-0.0231986
-0.0174445
-0.0203142
-0.0312307
0.0261023
-0.0251301
0.0459907
-0.028462
-0.0574818
0.0471216
-0.00774294
0.0657351
-0.0213966
0.0108004
0.033139
0.0015474
-0.0308034
0.0101149
-0.0322425
-0.0282105
-0.000930168
-0.00316712
-0.0484942
-0.00198552
0.0459622
0.0262044
0.0341632
-0.0359295
0.0101175
-0.0219293
0.0412768
0.0187281
0.0357639
0.00374875
-0.0225775
-0.037883
0.0431934
0.0103932
-0.0105586
-0.0341894
0.00772759
-0.0406835
-0.0411355
0.0201194
0.017115
0.00950093
-0.0224978
-0.0264272
0.0459436
-0.0085462
0.0273068
0.017243
0.0159534
0.0047939
-0.0143902
0.0331203
-0.0159913
0.0344252
0.0388608
-0.0392441
0.000406054
0.0194364
-0.0338749
-0.0293621
0.0107843
0.0144739
-0.000240785
0.0204585
0.0200119
0.0158817
0.0329153
-0.016353
-0.0189784
0.0433027
-0.0136563
-0.0513526
0.0162198
0.0478237
0.0281211
0.00928801
-0.0330941
-0.0471829
-0.00609761
-0.0297219
-0.0389089
-0.0297382
-0.135265
0.00365972
-0.0432472
0.0099307
-0.00250539
0.0260552
0.0552473
0.0279358
-0.0557494
-0.0233236
-0.0323836
-0.0423693
0.0299404
0.00704374
-0.102786
0.0733438
0.071917
0.00324715
-0.0427134
-0.0189332
-0.0181778
-0.00980623
0.0142602
0.045106
-0.0337304
0.0595046
-0.047428
-0.0149382
0.0169194
0.0111796
0.0381127
0.0650721
-0.0305236
0.0456462
0.0488153
0.0158588
0.0111383
0.0634426
0.01921
-0.00620864
-0.023314
-0.00676984
-0.0363716
0.000121807
-0.0175864
0.115548
-0.0398866
0.00498768
0.0220944
0.0226773
-0.00161263
0.0243913
-0.0290234
-0.0527019
0.0362406
-0.012538
0.0150077
0.111209
-0.0153244
-0.0287113
0.040253
0.00399347
0.0190625
0.0221319
-0.0549544
0.0171227
-0.0350712
-0.0241587
0.019694
0.0335803
-0.0252629
0.0407625
-0.00650399
-0.0171087
0.0178445
-0.0223947
-0.0457843
-0.015827
0.0396692
0.00517865
-0.00802545
0.0436063
0.0558837
-0.0239747
-0.0565826
-0.00644393
0.0221265
-0.0274337
-0.0591156
-0.0130367
-0.000799154
0.0314905
-0.0131637
0.00908059
-0.0493281
0.0165076
0.0373076
-0.0194618
0.0253898
0.00195226
-0.0624931
0.00373405
-0.00751938
0.0419362
0.0303635
-0.0182281
-0.0128692
-0.0794049
0.102366
0.00948832
-0.034773
0.0261537
-0.0472582
-0.0095492
-0.00967767
-0.00782839
0.00744504
0.0359518
-0.0258711
-0.00456532
-0.0115513
-0.0180958
-0.0127643
-0.00778205
0.015801
0.0388961
-0.0422377
0.00582003
0.0267627
-0.015344
0.0104694
-0.0190188
-0.0052181
-0.0241899
-0.0183715
0.00476054
0.0340068
0.0457843
-0.0113313
-0.00740042
-0.0275294
-0.0245222
0.0243206
-0.0182164
-0.000497797
-0.0237824
-0.00767469
0.020182
-0.00235252
-0.0317559
0.0350052
0.0107135
-0.0454103
0.0482378
0.0393451
-0.0485615
-0.0352757
0.0415392
0.00960732
-0.041179
0.00733999
0.0324776
0.00668129
-0.0096355
0.00172557
0.0229436
-0.0203562
-0.0175261
-0.0151132
-0.0162913
-0.0314532
0.0308995
0.0452997
-0.0462739
-0.0136175
-0.0319681
-0.0379511
-0.0426787
-0.028506
-0.00117855
0.0348758
0.0352095
0.00913274
-0.00543295
-0.0112307
0.0286089
-0.00384365
0.00416064
0.0107135
0.000469331
-0.00841425
0.0761919
0.00272298
0.0917066
0.0188086
0.0642128
0.0170774
-0.0245087
0.0205752
-0.0044046
-0.0602485
-0.0920834
-0.0117298
-0.459891
-0.170435
-0.0666837
0.0553518
0.3032
0.00268834
0.00980898
-0.080731
0.00420042
-0.117609
0.0977046
0.100346
0.0793613
-0.0283385
-0.218559
0.0363644
0.0909025
-0.192461
-0.129715
-0.202241
-0.0335033
0.0459435
-0.101962
0.69768
0.434939
-0.285913
0.115063
-0.122172
0.159797
0.0236959
0.169511
-0.0472514
-0.0762912
0.111138
0.0864316
-0.0544754
-0.0136992
0.31929
-0.0192356
0.000677469
0.185091
0.0249266
-0.0511745
0.0224972
-0.00323879
0.0325135
0.233942
-0.086792
0.0283771
0.0473702
-0.0180648
0.0441318
-0.00248183
0.12792
-0.0156603
0.0155612
-0.0212626
-0.0951099
-0.0715759
-0.0553947
0.0559608
0.0975628
0.064428
-0.0343721
-0.0547604
-0.0449736
-0.0176439
-0.0522522
0.00252951
0.111528
-0.158161
-0.343103
-0.0929852
-0.0398064
-0.0176984
-0.02679
0.0704023
0.0939954
0.0654926
0.010738
-0.0334596
-0.0216292
0.0589223
-0.165482
-0.0131162
-0.0455462
-0.0401003
-0.114054
-0.117692
-0.0584727
-0.24732
-0.0289445
-0.0298066
-0.00511636
0.0450388
-0.0281914
0.0552042
0.0570548
0.0247914
0.0428435
-0.0137114
-0.0215514
-0.0247915
-0.184707
-0.0102356
0.10647
0.0645192
0.0128825
0.119619
0.0278181
-0.0467144
0.0373786
-0.000860709
0.00974349
0.222284
-0.0131809
0.0232588
0.00730947
-0.0132773
0.0947502
-0.0657316
0.45548
-0.0440635
-0.0564254
-0.0594889
-0.016601
0.0164688
0.0119745
-0.0421349
0.00204996
-0.0211746
0.0258397
-0.0379768
-0.000831202
-0.00902652
-0.0177117
0.0111563
0.101034
-0.0664449
0.000322447
0.00140796
-0.0119172
0.00361578
0.0654533
0.00453817
-0.0139131
-0.0365153
0.0401557
-0.0391766
-0.0365868
-0.000577437
-0.014026
-0.164889
0.0512915
-0.0387189
0.018031
-0.00736632
-0.0222024
0.0480021
0.0196489
-0.0186464
-0.00469919
-0.0235629
-0.0405849
-0.0615749
0.0298346
0.0291839
0.0704986
-0.0117116
0.0357067
-0.0216255
-0.00403311
0.00462801
0.0413793
-0.00277002
0.0904569
0.040713
0.0314921
-0.0237625
-0.00688923
0.0166255
0.0223869
-0.0216161
0.107693
-0.0295871
-0.070408
-0.0256273
0.0392571
-0.0312217
0.00941756
-0.0407612
-0.0450663
0.0450244
0.0477261
-0.0100712
0.033867
-0.0428131
0.0403073
-0.0311598
0.000534669
-0.000714507
0.128384
-0.019591
0.0679291
0.278941
-0.0106778
0.0513481
-0.102127
0.11213
-0.0327699
0.0225718
0.0294718
0.146118
0.176615
0.0704795
-0.0228197
0.0766442
0.0200674
0.0714037
0.144478
0.0428949
-0.0573396
0.0474186
0.0311179
-0.0731773
0.00999934
0.168247
0.157816
0.0664293
-0.0500337
0.0821591
0.0392157
-0.0279067
0.0426672
0.0875189
-0.411423
-0.0343753
-0.056906
0.108222
-0.0586046
-0.0100604
0.0268346
-0.0289541
-0.181714
-0.126617
-0.0890406
0.00724687
0.135445
0.0161227
-0.0200092
0.0139085
-0.0593618
-0.0360064
0.0195611
-0.032566
-0.0482637
0.0965513
-0.0641586
0.0535954
0.00915991
-0.0178594
-0.0211447
-0.0816176
0.352001
0.413903
0.215008
-0.433563
0.0187113
0.0217498
-0.167059
-0.452092
0.0403184
0.0212592
-0.273001
0.0213931
-0.16545
-0.0299936
0.423052
0.083905
0.0731479
-0.0623546
0.150022
-0.105654
-0.0140668
-0.034606
-0.0611818
-0.0339169
-0.0990188
0.272333
-0.0375475
-0.125792
0.138024
0.174671
0.01442
-0.175019
-0.0532805
-0.025512
-0.375486
0.0070153
-0.0345517
0.588696
0.344939
0.0014859
-0.00754383
-0.299053
0.00269063
0.0276888
0.111597
0.345559
0.177366
0.0989045
-0.0486988
-0.0170012
-0.0213631
-0.0155937
0.00745063
-0.0047728
0.0536393
0.33059
0.120932
-0.0551166
-0.00179419
-0.0339712
-0.0520318
0.0617663
0.0419616
-0.0457766
-0.0228324
-0.131999
0.038224
-0.0436247
-0.00166801
-0.0264196
-0.0459704
-0.0462148
0.00775655
-0.00331085
-0.0354156
-0.0352615
-0.0493967
-0.0429803
-0.0157767
0.0471686
0.0499469
-0.0291643
-0.0513552
0.00615649
-0.0455625
-0.0119241
0.0153721
0.0133278
-0.00458327
0.0410013
0.00652187
-0.0153191
-0.0104208
0.0188179
0.0414842
0.0679876
0.0210196
0.0186018
0.0226816
-0.0408471
0.00606835
-0.0464417
0.0267034
-0.0269738
0.0480954
-0.0160993
0.0588155
0.0246401
-0.0324201
0.0464659
0.0236562
0.00042886
-0.0296356
-0.0428209
-0.0148345
-0.012844
0.0458841
0.0221471
0.0145102
-0.0333663
-0.0226446
0.00617034
-0.0177104
-0.0469341
0.0192558
-0.0145763
-0.0341806
0.000947969
-0.0057155
-0.0203398
-0.00504617
0.0212989
0.0842037
-0.109683
0.0340055
0.0765055
-0.027509
0.0400769
0.0458954
0.0143143
-0.172326
-0.0680662
-0.0761788
0.0437075
0.0756257
0.0957937
0.026542
0.0309875
0.0290897
0.0260301
0.0805859
-0.0559012
0.277893
0.13851
0.488336
0.108613
-0.210415
-0.209422
-0.14395
0.0567496
-0.0472074
0.0410169
0.091799
0.110777
0.0107908
0.104818
0.0222716
-0.0104837
-0.0451304
0.127506
0.0144608
-0.263894
0.0258974
-0.0442037
0.142281
-0.369195
-0.229612
-0.109108
0.0663009
0.108845
-0.0336302
-0.0552902
-0.0139379
0.0134699
-0.0359885
-0.129197
-0.106816
-0.0453695
-0.0879936
-0.10212
-0.0455233
0.0656985
-0.0213337
0.052114
0.0444596
-0.0366271
0.258081
0.0498835
-0.0515846
-0.203445
-0.0927293
0.477156
-0.0180145
0.122587
-0.0784576
-0.0432148
0.0397463
0.00210044
-0.0863588
0.0382077
0.130526
-0.042977
0.0131231
0.0998702
0.0916072
-0.0191922
0.0104572
0.0813465
0.0104729
-0.0436685
-0.0286398
-0.0191087
-0.0789147
0.0233747
0.119718
0.0637631
0.0128465
0.0511136
0.0958648
0.0635079
-0.182721
-0.0564462
-0.0130082
0.0508664
0.0633508
-0.0936067
-0.00444407
0.0249285
-0.00229363
-0.172547
0.0943027
-0.119061
-0.0320538
-0.00671087
0.0207033
0.0382743
0.027276
0.0431718
0.00549601
-0.0902704
0.0221847
0.00613987
-0.0487412
-0.0300284
0.0648652
0.00357778
-0.0230288
-0.0185995
-0.0575988
0.0680073
0.00831459
-0.111136
0.0285981
0.0320076
-0.0254832
-0.057601
0.169406
0.00910146
-0.0213656
-0.00648991
-0.0383827
-0.0414327
-0.0258837
0.0173438
-0.0325376
-0.0177709
-0.0538469
-0.0110498
0.046962
0.0129657
0.0587549
-0.0441077
-0.00529261
-0.0302805
-0.000148948
-0.0555039
-0.0542156
0.010154
0.0145777
-0.0277638
-0.0346516
-0.0178861
0.031919
-0.0622078
-0.0080662
0.0301515
0.0178758
-0.00391068
-0.0157664
-0.04581
0.0151517
-0.0341905
-0.0250232
-0.0422161
-0.0317593
-0.0855778
-0.0321322
0.0123096
0.00346647
-0.0443133
0.0466114
-0.0403654
0.0433982
0.0160878
-0.0246601
0.0104888
0.0167846
-0.00268336
0.00450142
-0.0880199
0.0141726
0.00795682
-0.0433561
0.0467956
0.0546363
-0.0334061
-0.0453328
-0.0664781
-0.0448229
0.0302903
-0.00523151
-0.0132331
-0.033365
0.0392034
-0.040655
0.00842501
0.00825306
-0.0314306
-0.0488948
0.0476788
0.00298543
0.00560632
-0.0128499
-0.0482811
-0.0332247
0.00159576
-0.0301806
0.0124362
-0.0185187
0.0400016
0.0398691
0.0126182
-0.0322761
-0.0729951
0.109538
0.0607717
-0.0139028
-0.0267397
-0.0865361
-0.0580008
-0.120706
-0.0388041
-0.0459901
0.0651254
-0.0833575
0.0324631
-0.124034
-0.0540767
-0.0425253
-0.0698095
-0.0899673
0.0211217
0.00491625
0.0121273
-0.0772916
0.0497695
0.0297817
-0.0639248
-0.180542
-0.153946
0.00828591
-0.0444784
-0.0331815
-0.0684225
0.0418397
-0.0603546
-0.00165796
0.0395035
0.0488851
0.0495822
-0.0159472
-0.0847533
0.00934484
0.00287898
-0.0193838
0.0648856
0.00768507
0.00217018
0.0497217
-0.0488777
0.118566
-0.00606735
-0.0342344
0.0722814
0.025783
-0.0132147
0.0255928
-0.0653006
-0.00635641
0.0777072
0.0418251
0.00404083
0.0497823
0.0415524
0.0882712
0.285744
0.306741
0.184596
-0.275251
0.0446162
0.0021917
-0.289421
-0.0477479
0.048854
0.034755
0.365107
-0.110092
0.152264
-0.0991198
0.00965236
-0.022423
-0.145257
0.0614334
0.0150929
-0.0436422
0.044001
0.0416765
-0.0633547
0.0427068
-0.0789202
0.121342
-0.0753412
-0.0320156
0.0752982
0.032756
-0.012607
0.168046
0.0916406
0.0564992
0.0449703
-0.0377406
-0.0460957
-0.02533
0.157706
0.0137647
-0.0419373
0.153587
0.046226
0.0157726
-0.0745229
-0.0641342
0.0364718
-0.0399551
-0.13859
0.0523778
-0.00494469
0.0186334
-0.0130357
-0.00927988
0.0437721
0.0247559
-0.0246555
-0.237574
-0.110376
0.00202534
0.0434971
0.0842465
-0.028434
0.0336224
0.0345367
0.161609
-0.0236799
0.0241436
0.0362848
0.0357927
0.0337743
-0.0458574
-0.0210377
0.028759
0.032794
-0.0191225
-0.000653777
-0.0272594
0.00699968
-0.0124659
-0.0366647
0.0306003
0.0224327
-0.0285466
-0.00209288
-0.0356241
0.0137842
0.00232973
-0.0447783
-0.0210881
-0.0400159
0.0205282
-0.0451383
-0.016041
0.0312424
-0.00693097
-0.0276843
-0.0263102
-0.0267789
0.0179117
-0.0489916
0.00858758
0.0217789
-0.0367147
0.037055
0.00317865
0.0157987
0.0159779
-0.0477078
-0.0253298
0.0408426
0.0313153
-0.0176855
-0.0308183
-0.0275126
0.0322431
0.0340301
-0.0141574
0.0168223
0.00131669
0.018462
0.0360719
0.0019017
-0.040229
-0.0344963
-0.0596148
-0.0353015
-0.052975
-0.00122058
0.000528497
0.0150069
0.023385
0.0473788
-0.076131
0.0424529
0.0306756
0.0440015
-0.0112243
-0.0129154
0.0241769
0.193401
0.0305047
0.00900564
-0.0275692
-0.0111894
-0.0670114
0.00965818
0.0112897
0.0295901
-0.0114146
0.0240139
-0.0316237
0.00505977
-0.0795217
-0.0849113
0.0112502
0.0793918
0.0224965
0.0271961
-0.0643437
-0.00670087
0.0258166
-0.0608417
-0.0165792
0.0197391
-0.05866
-0.00287073
0.0437073
-0.00811509
0.00384215
-0.0554846
0.0140151
-0.0496211
0.0623294
-0.074335
0.176042
-0.00887158
0.117589
-0.0243031
-0.021159
0.0784155
0.0153326
0.05948
0.0307085
0.0234003
0.0207315
0.0203381
0.0884995
0.0258283
-0.0402282
0.00503679
-0.0442519
0.0472604
0.0104217
0.114653
-0.00540342
-0.0114999
0.0482423
0.0260853
0.0462449
0.0601282
-0.0289291
-0.0230625
-0.0136419
0.043358
0.00973674
-0.039871
-0.0453974
-0.022373
-0.0404885
0.0465568
0.0406765
-0.0284122
0.0107111
-0.0105155
-0.032323
0.036014
-0.0208345
-0.0157424
0.0328098
-0.0424033
0.047846
-0.0099523
-0.0193744
-0.00630107
-0.0606052
-0.0152895
-0.0142021
-0.0670067
-0.00961112
-0.0406777
0.0499256
-0.015883
-0.0188638
0.00870774
-0.0349314
0.0404636
0.0071043
-0.0366105
-0.0606474
-0.0345382
0.0116335
0.0397559
-0.0103214
-0.0483164
-0.0198756
0.0275135
0.00681504
-0.0267529
-0.0112381
0.0229881
0.01647
0.0147179
0.0464795
-0.0218531
-0.0146822
0.0283705
-0.0484415
0.00826409
0.0152252
0.0498345
-0.0203282
0.000800412
0.0319596
-0.041527
0.0582168
0.11076
-0.0319151
-0.0167501
-0.0225392
0.110554
0.013745
0.102285
-0.037974
-0.041492
0.0172816
-0.00683646
0.00669272
0.033462
-0.024354
-0.057075
-0.0249603
0.00452221
0.00404377
-0.034472
-0.0309357
0.0300383
0.0439464
0.0205989
-0.0206988
0.0257142
0.0266919
0.00201356
-0.0352743
-0.0133476
0.0490899
-0.043694
-0.000589861
-0.045084
-0.0295874
0.0310057
0.0177151
0.0424039
-0.045605
0.00387209
-0.00818079
0.0332134
-0.00679521
-0.0110872
-0.0250009
-0.0241485
0.0263496
-0.01768
-0.0359783
-0.00292152
-0.018547
0.00533797
-0.0196569
0.0178675
-0.0175034
0.0213526
-0.0519835
0.0119244
0.0279961
-0.0157385
-0.0470728
-0.039617
0.0626496
0.0182374
0.0405176
0.0233211
0.000777937
0.0434641
-0.00293459
-0.0334098
0.0346929
0.0152862
-0.0309445
0.0347731
0.0266585
0.0182084
0.0489821
-0.0382404
0.0459811
-0.0136594
0.0376236
0.00198549
-0.0275853
-0.0469103
-0.0213894
0.0448104
0.040263
-0.0153717
0.0237827
-0.0522551
-0.0683382
0.0791241
0.0481784
-0.037171
-0.0386077
-0.0282054
-0.0483049
-0.0449224
0.0644307
-0.00186617
0.066269
0.005407
0.00871676
0.0135945
0.0704874
0.0365608
0.0298838
-0.00385241
0.0190591
-0.0341718
0.0509953
-0.0395962
-0.00590079
-0.00776817
0.102265
0.0699248
-0.0412169
-0.0189509
0.0247518
0.0584486
0.0583999
-0.0560175
0.0765644
0.00881434
-0.0153356
-0.0659011
0.0687425
0.0403136
0.0418979
-0.00977677
0.0237819
0.0499909
-0.0481974
0.0214145
0.0287015
0.0246642
0.0142498
0.0255725
0.0334794
0.0126686
0.0194347
0.0597719
-0.00669809
-0.0158901
-0.0123913
0.034939
-0.00414702
-0.0240886
-0.00699704
0.0144007
-0.0598741
-0.0355833
0.00135633
0.0458682
-0.0169624
0.00788195
0.0357618
0.00780502
-0.0345994
0.0252827
0.0933739
0.0466268
0.0686865
-0.0346001
0.000793114
-0.0608617
-0.00696999
-0.0327892
-0.000942182
0.0096945
0.0167809
-0.0100619
0.0361483
0.00963683
0.0131597
0.00492562
-0.00955404
-0.000831376
-0.0281893
-0.0230703
0.00209593
-0.0361707
0.00625113
0.0469625
0.0251021
-0.00263318
-0.0389844
-0.113544
-0.0777222
0.033364
-0.000143419
0.0140726
0.0463978
0.0163725
0.00508554
-0.0162642
0.00346259
-0.0522955
0.0082597
0.0348836
-0.0069875
0.0365509
0.0393686
-0.020795
-0.0255739
0.0191156
0.073643
-0.0498516
0.0424709
-0.0610672
0.0339771
-0.0169258
0.00616558
0.00309852
-0.033393
-0.00611747
-0.0325267
-0.0018423
0.0423984
0.00269043
0.0232503
-0.0266341
-0.0394503
-0.0223985
0.0178829
-0.0539036
-0.0171449
-0.0372371
-0.00630257
-0.0476753
-0.0416972
0.00744923
0.0160356
-0.0284837
-0.0455038
0.0351638
0.0490482
0.0439004
0.0295879
0.0446127
0.015652
0.014923
-0.0262204
0.0474515
0.0463651
0.00845754
-0.00528252
-0.0232956
-0.0223985
-0.00482428
0.0355677
0.0257007
0.0103538
0.0330034
-0.0143967
-0.0386686
0.00253181
-0.0401222
-0.0154699
-0.0207426
-0.0429711
0.0416605
-0.0156555
0.0430587
-0.0108478
-0.0362027
0.00330973
-0.0147389
0.0168121
-0.0466936
0.0402107
0.0340612
-0.0393104
-0.0283559
-0.00494227
-0.00176004
-0.0281373
0.0382879
-0.0379844
0.00548751
0.000997746
-0.00699077
0.0179601
-0.0492226
0.0311574
0.00503174
0.0411953
0.00651191
-0.0252068
-0.00744315
-0.199321
-0.105903
-0.112456
0.0195135
0.0435091
-0.0602212
-0.0354435
-0.00014989
-0.0401927
-0.026728
-0.0707572
-0.0202005
-0.335815
-0.162957
-0.270754
0.0820821
0.0238915
-0.152362
0.0692859
-0.0902035
-0.0942537
-0.0897182
-0.35895
-0.280675
-0.283444
-0.188437
-0.0758138
0.0046737
0.0733561
0.0136304
0.00613682
-0.334963
-0.0467081
-0.106722
-0.0707993
0.629951
0.308478
-0.165161
-0.0207842
-0.1489
-0.0572367
-0.0906179
0.177927
0.0288083
-0.053958
0.13814
0.136017
-0.036199
-0.00655013
0.394933
0.0140305
-0.0309481
0.0859202
-0.00676015
-0.0763552
0.0181324
0.0311579
-0.0406408
-0.112348
0.290918
-0.00620791
0.0594375
0.0326117
-0.23452
0.266675
0.00622636
0.0315492
-0.0352688
-0.0976386
0.0640879
-0.133246
0.103248
0.134252
-0.042611
-0.192943
0.0980377
0.0793536
-0.0241773
-0.0234173
0.0256891
0.0114288
0.10685
0.0651958
-0.508353
-0.207954
0.00259402
0.00184217
-0.122552
-0.0984462
-0.25536
-0.0805175
0.00119394
-0.037073
-0.0523287
-0.0388184
0.330195
0.0452383
0.0414924
-0.0245233
-0.390253
-0.0954044
-0.140103
0.162189
-0.0372455
-0.0680677
-0.0512028
0.0223112
0.0153209
-0.0370628
0.0191271
0.0264048
0.0450049
0.0328747
-0.0286256
-0.0540625
0.00625924
-0.0280975
0.0201002
0.0247063
-0.00792018
-0.169907
0.2017
-0.140201
-0.0412411
-0.0964223
0.0811729
-0.0894435
0.0313706
-0.00700491
-0.0263046
-0.0536188
0.0326021
-0.0533746
0.369443
0.0236093
-0.0134133
0.106261
-0.0116722
0.0476704
-0.0441246
-0.0582965
0.0249089
0.00208547
0.00958443
0.0273705
0.0614474
0.0840976
-0.0221683
-0.0492615
0.00200136
-0.0145005
0.0421296
0.0143227
-0.0277321
0.0199205
-0.0617092
-0.0334687
0.00189773
0.00604314
-0.00461531
-0.0228522
0.015164
-0.00302734
-0.0066414
0.0652663
0.047695
-0.0542395
-0.0582132
-0.0184409
-0.0331737
-0.025733
-0.00500009
0.00899538
0.0263169
-0.00423121
-0.0252806
-0.0808625
-0.00978246
-0.0480403
0.0750765
0.0192346
0.0230424
0.0489448
-0.0252228
-0.0490732
0.0152121
-0.0582201
0.0707321
0.00902028
0.0328547
-0.0291894
0.0294922
0.00537453
-0.0109968
-0.0130013
0.0665702
-0.0670686
0.037835
-0.0106627
-0.0412762
-0.0232378
-0.0150438
-0.0246781
-0.0227382
-0.00651447
0.0169318
-0.0220513
0.0886891
-0.0176507
-0.00268968
-0.0526759
0.0343587
-0.0419835
-0.018224
-0.17888
-0.0463351
0.174752
-0.0710392
-0.0366146
0.0142648
0.0102644
-0.00799161
0.0080167
-0.0464454
0.0709548
-0.0234308
0.113375
0.0544018
-0.071007
-0.0463709
-0.0525168
-0.0583314
0.0786556
-0.0109229
-0.00162388
0.0335721
-0.129909
-0.0177437
0.152812
0.071939
-0.040884
0.0611209
-0.00305284
0.0254788
-0.0615924
0.0502572
-0.038992
-0.224435
-0.0190819
-0.0643397
0.0408813
0.0331944
-0.0155435
0.0227715
-0.0354544
-0.061366
0.0704652
-0.0796703
-0.0801868
0.0450457
-0.0602845
0.0102087
-0.179435
-0.0519837
0.0270698
-0.0710906
-0.0789212
0.0241286
0.0498163
-0.137092
-0.0968003
0.0510865
0.0475907
-0.119525
-0.0996389
-0.208739
0.189544
-0.101189
0.0740625
-0.0122885
0.157795
-0.0689824
0.0642676
0.00287376
0.00807485
-0.00862739
-0.131308
-0.188127
0.112521
-0.172967
0.184481
0.250293
0.0970365
-0.221717
-0.00876238
-0.0264111
-0.0143292
-0.0482007
-0.0431043
0.399573
0.3096
0.384696
0.101502
-0.137778
-0.0755884
-0.162396
-0.335599
-0.154413
-0.0792652
-0.225173
0.0168876
0.0203429
0.498152
0.151797
0.00594091
0.0149869
-0.285639
-0.0367488
-0.264353
-0.0974675
0.212457
0.0794181
0.0674403
-0.204422
0.0137564
0.0929056
0.0128696
0.112287
0.0502013
-0.0115912
0.0292347
0.181588
-0.308357
-0.152184
-0.0576345
-0.0819749
0.00593016
-0.0326029
-0.0162125
0.0228385
-0.177523
-0.00656265
0.00154761
0.0483357
-0.0130609
0.036609
0.0433288
-0.0241042
-0.0357582
0.0160728
0.0121449
0.00440111
-0.0357327
-0.0401498
-0.0252245
0.03538
0.0256196
0.00667603
0.0143677
-0.0308012
0.0422661
0.0294766
-0.0228088
0.0323134
0.0207643
-0.00679647
-0.020474
0.034002
-0.031894
0.0320275
0.0477992
0.0676039
0.0254289
0.00393941
-0.0450216
0.0328297
-0.0457567
0.0380311
-0.0356219
0.0328167
-0.0182603
0.0144515
0.0576509
0.0477465
-0.0306391
-0.0259284
0.0493066
-0.0257236
0.00840323
-0.00661412
0.0168348
-0.00609348
0.0264482
0.0416783
-0.0206172
0.0229231
0.0189826
0.0243364
-0.00591422
-0.0858978
0.0384132
0.111219
-0.0515804
-0.0597522
0.00669501
-0.0246124
0.0186105
-0.032605
0.0550997
-0.100335
0.00210763
0.0398217
-0.0216322
-0.00799161
-0.0429204
0.145522
0.0325123
0.0254581
0.0455197
-0.0234646
-0.0480848
0.00872792
-0.0165687
-0.00618793
0.0481071
0.0105672
0.0246691
-0.0775852
-0.121199
-0.039673
-0.0157259
0.119225
-0.0176508
-0.0359867
-0.0110923
0.00999576
-0.0140637
0.00195437
-0.0413669
-0.0347991
0.030154
-0.0492837
0.00896691
0.0189909
0.00221261
-0.0165054
-0.0885144
0.0170898
-0.0211793
-0.0420263
0.21077
0.054278
0.150158
-0.0468492
-0.032602
0.066472
-0.0141148
0.0638851
-0.022696
-0.020741
0.043651
0.0194889
-0.0212493
0.032268
0.0297108
-0.00480613
-0.00255823
0.0442331
0.0210592
0.0367385
0.0289855
-0.0068953
-0.041347
0.0404715
-0.0303175
0.01774
-0.0538886
-0.0137849
-0.0138868
0.0532062
-0.0284683
0.00513137
-0.0433521
0.0407502
-0.00974001
-0.00359733
0.046863
-0.0287408
-0.0117544
0.0106106
-0.0711673
-0.0263491
0.000864451
-0.000762319
-0.0132205
-0.0104556
-0.0228842
0.0407578
0.011534
-0.00730667
0.00749599
0.039225
-0.0642678
-0.0298799
0.0418224
-0.0546006
0.0398067
-0.0150154
0.0216834
-0.00205943
0.0307134
0.0388824
-0.0230906
0.00317436
-0.0102223
-0.00979452
-0.0437118
-0.0605634
-0.065128
0.0222728
-0.0404211
-0.0155654
-0.020952
0.047538
-0.0220834
-0.0371509
0.0262691
-0.002057
-0.0133922
0.0248218
0.0410002
0.0162277
0.0420526
0.0298858
0.0444013
-0.0257569
-0.00468339
-0.0555645
-0.0175935
-0.00954214
0.0164339
0.0291691
-0.0203615
0.0336904
-0.0198037
0.0537998
0.0624047
-0.000659385
0.0596453
0.0192628
-0.0131183
0.0105698
0.0309766
-0.000234385
0.0436807
0.0290947
0.0043221
0.00501109
0.0200519
-0.0107068
0.0176499
0.00487692
-0.0210289
-0.0329657
-0.0187012
0.0518643
0.0326582
-0.017584
0.0182998
0.00758036
0.00630321
-0.0240729
0.0394063
-0.0340397
0.0320866
0.00729898
-0.00891908
-0.0221397
0.0127099
-0.0072261
0.0317568
0.0225886
0.0399353
0.00137273
-0.0424661
0.0430107
0.0122084
-0.0363504
0.0371293
0.0277234
-0.000941669
-0.0142347
-0.0204223
-0.0117001
0.0351514
-0.0441853
0.0158127
0.0219889
0.0303139
-0.0453126
-0.00869102
0.0404639
0.0379356
0.0181867
0.0323199
-0.047003
-0.0401066
0.0180705
-0.0394625
-0.0267867
-0.0301796
-0.0608339
-0.0275067
-0.0328267
-0.0339639
-0.00272826
0.00300007
0.0417323
0.0158913
-0.0271829
-0.0368463
0.0387676
0.0311258
-0.0208872
0.028529
-0.0472089
-0.00950715
-0.0314152
0.0265347
0.0431628
-0.00820416
0.00113315
-0.031797
0.0277776
-0.00148281
-0.0252781
-0.0339522
0.00800743
0.0092422
0.0151972
-0.00533073
0.0460311
-0.00865524
0.0328672
0.0565751
0.0430075
0.000192425
0.0301458
0.0470514
0.0133055
0.00965124
-0.0589025
0.0695981
0.0311769
0.0381901
0.0201822
0.0331844
-0.0137056
0.0432474
0.0192351
-0.0494421
-0.0478131
0.043382
-0.0178185
0.00903739
-0.0412286
0.00319241
-0.0152621
0.0451827
-0.0102566
-0.043463
0.0216855
0.00221954
0.0142237
-0.0267504
-0.0483691
0.0469291
-0.0199728
0.0172406
0.0373915
-0.0510649
0.0278881
-0.0101064
-0.0416647
0.0186067
-0.0548551
-0.0460993
0.0191049
0.0281497
-0.0233237
-0.0514307
-0.0547808
0.045846
0.0165673
-0.0067173
-0.0666677
0.0337619
0.0517734
-0.0235895
-0.0180984
-0.0706436
0.0118171
0.0159918
-0.00269693
0.0483188
-0.0609099
-0.00620969
0.00490165
0.002265
-0.0422394
0.00611348
-0.0349358
0.000737667
0.0454379
-0.025296
0.0262342
-0.0496683
0.032347
-0.028404
0.0192868
0.0757338
0.0233639
0.0411732
0.0153333
-0.0545612
-0.0162964
-0.0371622
-0.0315045
-0.00948015
-0.0156408
0.0282515
0.00730638
0.0129121
0.00333725
-0.0173345
-0.0306181
0.00764334
-0.0479017
0.0137311
0.0489036
-0.0179222
-0.00350659
0.0177332
-0.00258816
-0.00579821
-0.0100435
-0.00628652
0.017464
0.0374976
-0.0366763
0.0080593
-0.0318462
-0.00381213
0.0058233
0.0443206
0.0129127
0.0319235
-0.00771029
-0.0180439
0.0271921
-0.00930623
0.0426942
0.0392695
0.0393914
-0.014464
-0.00325697
0.0224929
-0.00548363
0.0317067
0.0488593
-0.0329367
-0.0166356
-0.0376724
0.0354704
0.0115127
0.0361469
-4.40888e-05
-0.010334
0.0135815
0.031159
0.0103392
0.0470805
-0.0337326
0.0220727
-0.0376101
0.034822
-0.0151496
0.0248711
-0.0360264
-0.0436605
-0.0438305
-0.0220963
-0.00567128
0.0266237
0.0357114
0.0117862
0.0249474
0.0400006
0.034064
-0.0228815
-0.0410982
-0.0268063
-0.0269321
-0.0177637
-0.0491174
0.0285412
0.0224452
0.0263667
-0.0234997
0.006753
-0.0284863
0.0362352
-0.0380181
-0.0153203
-0.0147264
-0.0233153
-0.0283876
0.0205581
-0.0457227
-0.00961876
0.0161405
-0.0311324
-0.00128239
-0.0337442
0.0695287
-0.027199
0.036582
0.0487456
-0.00441532
0.0389853
0.0712329
-0.000395599
0.00767298
0.0377803
-0.0246634
-0.0530576
-0.0373737
-0.00282658
0.0100735
-0.035373
-0.0414286
0.0176525
0.0260141
-0.0838326
-0.000443446
0.025017
0.0546624
0.0128538
-0.007405
0.00818106
0.00834819
-0.0228354
0.00751297
-0.0372366
0.0342582
0.0147301
-0.00892708
0.00611059
0.0468097
-0.000570281
-0.0163552
-0.029757
0.0440911
0.00769013
-0.0135898
0.0848517
0.0673554
0.00984345
-0.0453994
0.00342142
-0.0410092
0.0227515
0.0377137
0.0222333
-0.0218443
0.0297078
0.0655262
0.0665589
0.0191673
-0.0193286
0.0128014
0.024776
0.0635171
0.0755794
0.0912437
0.0270966
-0.00875538
-0.00906295
0.0864975
-0.0541927
0.0387357
-0.0587787
-0.0438614
0.000936756
0.022116
-0.0198683
0.0113966
0.0291492
-0.00199046
-0.0287005
-0.00478658
0.0183231
-0.0405666
0.0719447
-0.0273839
-0.0238179
0.0259824
0.00550425
0.0112203
-0.00736883
-0.0159306
-0.0027001
0.0171128
-0.100595
-0.0211276
0.0237264
-0.0273407
0.0125541
0.0191113
-0.00237674
0.00535721
0.00837409
0.0362075
0.0352424
-0.0541757
0.0584124
-0.0145428
-0.0222313
-0.0443499
-0.0249129
0.00793515
0.00632801
-0.0365843
0.0298905
0.0226436
0.00894301
-0.0318268
-0.0161099
0.0371492
0.0184393
-0.00902105
0.0120706
-0.0416783
0.0306508
0.0105651
0.00284746
-0.0294741
0.0311174
-0.0189802
0.023609
0.0247548
0.0324134
0.0107119
0.00703723
-0.038323
0.0430293
0.03173
0.0478259
-0.0419767
-0.0114374
0.0520364
0.0421261
-0.0119958
-0.114159
-0.0567569
0.0372305
-0.0297852
0.0156438
0.0264351
-0.00692973
-0.0164553
0.0183166
-0.048998
-0.0127623
0.00684626
-0.00718945
0.0791725
0.0122129
0.0189281
-0.0377637
0.00914622
0.0414244
0.026808
0.0494114
0.0117359
-0.0469126
-0.0195979
0.00658435
0.0354965
-0.0382757
0.0376996
-0.0350238
0.023492
0.0336358
-0.0739731
0.0309973
0.00590367
-0.0338169
0.0221048
-0.00156772
0.0487239
0.046305
-0.0405169
-0.0365186
-0.00817131
-0.011477
0.0394102
0.0329566
0.0409107
0.034026
0.0457964
-0.0196632
-0.0204017
-0.0420334
0.00502544
-0.00150946
-0.0403571
0.0113199
-0.00756896
-0.0123779
-0.0458811
-0.0249975
-0.0387792
-0.00869783
0.0163157
-0.0241445
0.0213194
0.0126849
-0.0128871
0.0113535
0.034284
-0.00833917
-0.025645
0.0111805
-0.0269354
-0.0362251
0.0419947
0.0363182
-0.0480628
0.018539
-0.0160467
0.0146553
-0.0144307
0.00766199
-0.0244013
-0.0568944
0.0041027
0.00580477
0.0581245
-0.00136866
-0.0155716
0.00674051
-0.0135844
-8.16756e-06
0.0687881
0.0490522
0.0904579
0.0286683
0.0492702
0.0696513
0.0721217
0.025334
0.0192432
-0.00855588
0.0571154
0.0171391
-0.00666034
0.0191265
0.00440912
-0.0296057
0.0581771
0.0180681
0.0442825
0.0461835
0.0149101
-0.0252717
-0.0704763
-0.0451688
-0.0506537
0.0438745
-0.00862655
0.0259879
-0.0473504
0.00434407
-0.00679834
-0.0193568
-0.0298752
-0.0207291
0.026856
-0.0625575
-0.0461912
0.0381537
-0.0642591
-0.0118258
-0.00709191
0.051442
0.0115116
-0.00228913
-0.017565
0.0136385
0.0189616
-0.0151538
-0.0232238
-0.0357913
0.0363067
-0.0586609
0.0821471
0.0145755
-0.0209213
-0.0278463
-0.0671153
-0.09115
-0.000124774
0.0284837
-0.000776055
0.0132659
0.038923
-0.0105918
0.0065372
-0.00731653
-0.0394365
-0.0223351
0.0260175
-0.0136156
0.0417084
-0.0261012
-0.0173224
0.0106494
-0.0226642
0.0263778
0.0190297
-0.0574482
-0.0490147
0.0441037
0.0351028
0.003414
-0.0265477
-0.0652764
0.00207561
0.076627
-0.0416539
-0.0104881
-0.0144369
0.00644243
-0.0322696
0.00492741
-0.0102689
-0.0323997
-0.0240427
0.0825299
0.00613872
-0.00770716
-0.0322857
0.00410368
0.0186382
0.00212031
-0.0142401
0.0227471
-0.0103097
0.0394439
0.00631836
0.0116564
-0.123874
0.0408268
-0.0360972
-0.00712112
-0.0270402
0.0328351
0.0316476
-0.0441101
-0.0574169
0.00304919
-0.0253144
0.0232361
-0.00596142
-0.0204956
0.00387388
0.0437929
0.0352155
-0.0359925
0.0128204
-0.0199052
-0.0106868
-0.024688
0.0454889
-0.0210948
0.00152875
-0.0185938
0.0247862
-0.00551196
0.0312667
-0.00241108
0.0335317
-0.0476541
-0.0433259
0.0106456
-0.0397227
0.0283217
0.0307092
-0.0434859
0.035262
0.0184369
-0.0257224
-0.0349127
0.00720649
0.0153753
0.0398052
-0.0338374
0.018849
-0.0026629
0.0171383
0.0134095
-0.0176775
0.0293215
-0.0156867
-0.0310321
-0.0451021
-0.0308317
0.0353612
-0.0208033
-0.0111668
0.0223864
-0.0161334
-0.0186107
0.0104864
-0.0330817
-0.0193604
0.0108238
-0.00639154
0.0422067
-0.0230154
0.0166669
-0.00621757
0.00199575
0.0131316
-0.0335826
-0.0115346
0.00896768
0.0165795
0.0241459
-0.0446208
-0.000592049
-0.0033207
-0.0367653
-0.0175746
0.0621198
0.0427299
-0.0238907
0.036818
-0.00312429
0.023956
-0.00760674
0.0402017
-0.00339968
-0.0448677
-0.0531408
-0.0363306
-0.0618793
-0.0354599
0.0247775
0.0258441
0.0157739
0.0486
0.0342752
-0.0588575
0.0121479
0.0329409
-0.0361268
-0.00240422
0.0380596
0.0412012
0.0266344
0.0424477
-0.000604625
0.0235983
0.0234437
-0.0235079
0.0151994
-0.0371165
0.0525423
0.0882588
0.0545651
0.0469608
-0.0440794
-0.04673
0.020951
0.0444729
0.0158358
-0.0429477
-0.0514069
-0.00421284
-0.00144097
-0.031955
-0.0524154
0.022624
-0.00797643
0.0284052
-0.0523182
0.0349316
-0.029449
0.00461781
-0.0140756
0.00986361
0.0532804
-0.0156948
-0.0332625
0.00822238
-0.00383133
0.0111626
0.0185273
0.0306811
0.00144598
0.00532097
0.0248856
-0.0395691
0.0110834
0.0249465
0.0315368
-0.0117833
-0.00821515
0.00707849
0.0653943
-0.0432535
0.0364646
-0.00596517
0.0101645
0.0493387
-0.0106233
-0.0139114
0.0269601
-0.0369662
0.00391183
-0.0206434
-0.0107516
-0.0445876
-0.0121437
-0.0023569
-0.0415125
0.0386784
-0.0235325
0.064676
0.0424142
-0.0348193
-0.0365805
-0.00824985
-0.0153039
-0.0514944
-0.00887071
0.0279795
0.0187023
-0.0446215
-0.0122323
0.0248765
0.0353519
-0.0119519
0.0389116
-0.0357937
-0.0177509
0.0396794
0.00732032
-0.0117968
-0.0314395
0.0450731
-0.00274728
0.00743501
0.0160739
0.0634398
0.0406081
0.047432
0.00449835
0.00564658
-0.024727
0.00601616
0.000263932
-0.0182812
-0.0316056
-0.0227533
-0.0127608
0.0308228
-0.0126379
-0.0184664
-0.0411728
-0.0183661
-0.032802
-0.0219262
-0.0515296
0.0486917
0.0154582
-0.039399
-0.0116406
-0.0197539
0.0105277
0.0476997
-0.0158017
0.000321398
-0.0198942
-0.0312021
0.0091523
0.0393433
-0.0176485
0.00538251
-0.05019
0.0216269
0.00595994
-0.0157062
-0.0440295
-0.047672
0.0378562
-0.0255091
-0.015721
-0.0127702
0.0415596
0.00391855
0.0195916
0.0234011
0.0260991
0.0167902
0.0280587
0.0456333
0.0330276
0.0112237
0.0360427
-0.0318082
0.00796573
-0.0178381
0.0214136
0.0259922
-0.00224249
0.0269173
-0.0300907
0.0190913
0.0458623
0.0223941
-0.0142997
-0.0104948
0.0410906
0.0102839
-0.0455815
0.0307133
-0.0172466
0.0549635
0.00836352
0.0332615
-0.0451452
0.0378072
0.00129773
-0.0475288
-0.0194124
0.0162721
-0.0302036
-0.0107017
0.00431504
-0.0313015
-0.0330753
0.00294777
-0.0277241
-0.0198535
0.0389317
0.00310134
-0.00703387
0.0160035
0.0517906
-0.0389211
0.0295361
-0.0401301
-0.0308508
-0.0236152
0.000673476
0.00814688
0.0717391
0.0225115
0.0140929
0.0324654
0.0505228
-0.00840693
-0.0166189
-0.0455102
0.0135779
0.00648496
0.00892905
0.0158954
-0.0213061
-0.0218217
0.0680185
0.0176618
0.0299473
-0.0291758
-0.0448962
0.0215709
-0.00433411
0.00188675
-0.0238243
-0.045878
-0.0344278
-0.0492417
0.0379065
-0.00494302
0.0388461
0.0460028
-0.0245756
-0.00644448
-0.021339
-0.0560867
0.056798
-0.0228006
0.0463168
-0.0304354
-0.0236944
-0.0180917
0.0446307
0.0186738
0.0253364
-7.68646e-05
0.00290554
0.0199231
0.0580492
0.0265584
0.0166157
0.00431711
-0.0162294
0.0184279
-0.0531702
0.00769989
-0.00480455
0.0348243
-0.0209652
-0.00201192
-0.0034873
-0.00304487
-0.0362504
-0.0629965
-0.0661452
0.00277682
-0.0581869
-0.0285088
-0.00159995
-0.0368284
0.00411546
0.0488802
-0.0185549
-0.0327548
-0.0292256
-0.0213609
0.0117852
-0.0238414
0.0431306
0.0345976
0.0255954
0.0428178
-0.0372995
0.00942387
-0.017452
-0.0278324
-0.055215
-0.00686481
-0.0409677
0.00230971
-0.00496975
-0.0302124
0.000872236
-0.018783
0.01878
0.0480904
0.0414281
-0.0292083
0.0430054
0.00371072
-0.00890807
-0.0332839
0.0227407
-0.0122258
0.0370811
-0.0169735
-0.0343267
-0.0422626
-0.0113216
0.0626614
-0.00616
0.0247716
0.0343714
-0.0326584
0.0460833
-0.0468626
-0.0336174
0.0149387
-0.0358503
0.0462694
-0.0476373
0.023454
-0.00279589
0.0311261
-0.018627
-0.00822736
0.0396792
-0.0178541
0.0297579
0.0162225
-0.0335173
0.020331
-0.00673062
0.0274666
0.0252731
-0.00419086
-0.0436602
-0.0495751
0.0328116
0.0316033
-0.0404772
0.0266373
0.0266833
-0.000191191
-0.00730045
0.0372427
-0.0362832
0.0490644
-0.0108954
0.0475978
-0.0258996
-0.0114689
-0.0134026
0.0339552
-0.011176
-0.0185603
-0.0386636
0.0389879
-0.0142283
-0.00843248
-0.0243359
-0.0296176
0.0213072
-0.0454895
-0.0131598
0.00512979
-0.00788057
0.0121758
-0.00457135
-0.00904012
-0.0300252
0.0272196
0.00250623
0.0102227
0.0177216
0.0270935
0.0048958
-0.0162829
-0.0144299
-0.0276192
0.0442407
0.013235
0.0412171
0.0121277
0.0260428
0.0100089
0.0318527
-0.0270909
-0.016838
0.0105569
0.0238159
0.0357503
-0.0439165
-0.121131
0.0312034
0.0263145
-0.00172759
0.0187601
0.0451437
-0.0429106
-0.0257347
-0.0535247
-0.0497153
0.0184928
0.0313778
-0.0815131
-0.0087889
-0.0714582
-0.0315757
-0.0242966
0.0460647
0.0041511
-0.0305482
0.0471067
-0.029483
0.0359596
-0.00149994
-0.019721
0.050324
0.00223811
-0.0426735
-0.00189788
-0.01677
-0.0140267
-0.0288235
0.0153183
-0.031209
0.0560869
0.0787362
0.118302
0.0164434
0.0626337
-0.0998024
0.031642
-0.0142665
-0.0184216
-0.00892591
0.0101681
-0.00367654
-0.0357357
-0.0190857
-0.05583
0.00195475
0.042386
0.00287606
0.0214025
-0.0129703
0.0318003
0.0207285
-0.0368207
0.0101227
-0.0716603
-0.0345428
-0.0494076
-0.0494853
0.0607711
0.0236183
-0.0427245
-0.00449075
0.01279
-0.0131011
-0.00452104
-0.0511866
-0.00707691
0.0551888
-0.0209931
-0.0064593
-0.0250665
-0.00658067
-0.0105745
0.00589667
-0.0272845
0.0157673
-0.00703711
-0.0192514
0.00528858
-0.0379785
-0.0516363
0.0588269
-0.00323322
-0.00335679
0.0503766
0.039579
-0.0239546
0.0120244
-0.0347213
0.0113181
0.00814985
-0.0387005
-0.0164736
-0.00502729
0.034595
0.0501566
0.0266432
-0.040294
-0.0375288
-0.00981112
0.00782828
0.035958
0.0375844
0.0479674
0.0278623
0.0132069
0.0211432
-0.0243608
-0.0481904
-0.0307244
-0.0154619
0.0034746
0.0436439
-0.00117274
-0.0319094
0.0449794
-0.0329392
0.033149
-0.00931217
0.00339835
0.0428142
-0.00833036
-0.00907832
0.00677935
-0.0485437
0.0243753
0.00867103
0.0167341
0.0398032
0.0295626
0.0219898
0.00537963
-0.0391462
-0.0342626
-0.00447874
-0.0289134
-0.0529466
-0.0346649
0.0407085
-0.0133987
-0.0194233
0.0401598
0.0122753
0.00357148
0.0299458
0.0133392
0.0360047
0.01771
0.0377125
0.0213236
0.00971588
0.0235926
0.0117213
-0.0319302
0.0443351
-0.0362382
-0.0443282
-0.0434988
-0.0345135
0.0010398
0.0279934
0.0334659
0.0332565
0.00818484
-0.0105359
-0.0293515
-0.0147057
0.00127532
-0.0283071
-0.0442195
0.0422084
0.0228401
0.00681143
0.00147156
0.0484962
-0.0312608
-0.029317
-0.0188872
-0.0232093
-0.00174334
0.00272283
0.0307632
-0.0200735
-0.0140121
-0.0326878
0.0252199
-0.0448801
0.00915124
-0.0248454
0.0345145
0.00656183
-0.00352213
-0.0320083
0.0352954
0.00465293
0.0250543
0.021761
-0.0153975
-0.0418314
0.0466299
0.0158636
0.0177667
-0.0397696
0.036249
0.0383054
-0.0461864
0.019983
-0.0236361
-0.0158537
-0.0142563
0.0399348
-0.0482902
0.0376432
0.0413089
0.0463949
-0.00114522
0.00277272
0.0026683
0.00500939
-0.0257403
0.0581811
-0.00283711
-0.00555146
-0.0267568
0.0507506
-0.0010522
-0.0568757
0.0160021
0.0495982
-0.0131581
0.0528321
-0.0238153
0.0459173
-0.0397459
0.0806363
-0.0119854
-0.0509482
-0.0246473
0.0500896
0.0456356
-0.00707213
-0.0631431
-0.0216068
-0.0328462
-0.0512124
0.00637555
-0.00335612
0.0200533
0.00756608
0.0224971
0.00843075
-0.0179604
-0.00101697
-0.0455442
-0.0578637
-0.0265961
-0.0566649
0.00330768
-0.0240539
0.0183154
-0.0104702
-0.0345561
0.0257668
-0.00336458
0.0213284
0.0128824
-0.0517572
0.0522192
-0.00460887
-0.0175179
0.0153068
0.0620024
-0.0188581
0.0322256
0.000801737
-0.00829387
0.0221704
-0.0872939
0.0266364
-0.0443359
0.0429266
0.0247073
0.0199614
0.042395
0.027469
0.080369
-0.00959513
-0.0131497
-0.0588976
0.00170115
0.00382701
0.000578529
0.0262095
-0.0097752
0.0204852
-0.043528
-0.00478422
0.0490477
-0.0639825
0.0322604
0.0421065
-0.0494703
0.0180435
0.00885113
0.0204438
2.81863e-05
0.00561339
-0.0336074
-0.0119369
-0.00552069
-0.0332275
0.0156778
0.00709958
-0.0335456
0.0557354
-0.0295893
0.0294432
-0.0448271
-0.016061
-0.0339223
0.0129109
0.0473565
0.040045
-0.0246984
-0.039734
0.0228644
0.00846116
0.0436635
0.0275452
0.0333722
-0.0272298
0.0338292
-0.00869508
0.0376366
-0.0406359
-0.00201646
0.00281615
0.0135683
0.0479405
0.0321894
0.0087757
-0.000465487
-0.0334741
-0.0321156
0.0268364
-0.00789048
-0.0507917
0.0265035
-0.0099032
0.0428373
0.00760572
-0.0121629
-0.0163425
0.0440483
0.0273497
-0.00476469
-0.0316124
0.0182289
0.0057906
0.0353469
-0.0483656
0.0381781
0.0477914
-0.0132801
-0.0426322
0.0482395
0.00251442
-0.0325196
0.00275676
-0.00107851
0.00407957
0.0184087
-0.0118615
-0.0430898
0.0190166
-0.0285787
-0.0257769
0.0511661
0.0285213
0.0057395
-0.0405789
-0.0291341
-0.0239296
0.01118
-0.0041189
0.0400841
-0.00475646
0.0297736
0.0185289
-0.00485406
-0.0156293
-0.0437968
-9.2851e-05
0.0203466
0.0403711
0.0135462
0.000402482
0.0173902
0.021711
0.0477334
-0.0401314
0.00694834
0.0120435
0.0246923
-0.00888226
0.0333939
0.00903314
0.0216505
-0.0242688
0.012583
0.0478496
0.0142761
0.0517066
0.009872
0.0113912
-0.0154825
0.0358976
-0.0112716
-0.038788
0.0117503
0.0387811
-0.0496803
0.0631077
-0.249994
-0.172403
-0.0998249
-0.0309047
0.118131
-0.0258335
0.0186962
-0.0607204
0.0290973
0.0388817
-0.0627444
0.00260724
-0.0292033
-0.0201614
-0.0774198
-0.0419109
0.0617037
-0.0757081
-0.0522965
-0.0374691
-0.0595877
-0.0366506
-0.0334917
0.351329
0.114504
0.128502
-0.04281
-0.0826725
0.000401056
-0.0369773
0.0654071
-0.0276579
-0.0522558
0.11552
0.110379
0.0766315
0.0210896
0.0986858
0.00909953
0.0130027
0.0982737
0.00489048
0.00683762
-0.0156766
-0.0303528
0.0152608
0.0476266
0.027025
0.0764451
-0.0982869
-0.0501317
-0.00949269
-0.0568222
-0.0613316
-0.0485356
0.000385657
-0.0467691
-0.0385068
0.041713
-0.00789198
0.0580157
0.0651233
0.102185
-0.00643873
0.0308205
-0.0290419
0.0150205
-0.0207356
-0.00927928
0.00367545
0.0411646
-0.118637
-0.0109976
-0.0278297
-0.00585448
-0.0852003
-0.0161753
0.0336194
-0.0428328
0.0446468
0.0170594
0.00611882
-0.0123657
-0.103465
0.0246831
0.00521942
-0.0421013
0.0470624
-0.0402986
-0.00930184
-0.0234746
-0.00222755
-0.0325533
-0.0413198
0.0207174
-0.0366279
-0.0295045
0.0576994
-0.000738452
-0.019906
0.0088759
0.0356218
0.00845447
-0.017338
-0.0301955
0.00663396
-0.00943028
0.0467308
0.121199
-0.0421673
-0.016713
-0.0156963
0.0532353
-0.0185123
0.0370102
-0.000787934
-0.0370711
-0.0190763
0.0794103
0.0753103
0.0190249
0.0223572
0.00133892
0.0167999
0.0424071
-0.0172769
-0.0473112
0.0682113
0.0094663
0.00105165
0.04631
-0.0181995
-0.0213826
0.0145839
0.0181785
0.0187043
0.0474643
-0.0451918
-0.00755739
0.0473433
-0.035248
0.0491341
-0.0446439
-0.0125028
0.0270777
-0.0473415
-0.00430461
0.0421812
-0.0464605
0.0170346
0.00386596
-0.00774537
-0.0272671
0.0461159
0.0326719
0.00108594
-0.0156114
-0.013073
-0.00183194
-0.037225
0.0128321
-0.0015226
0.0225381
-0.00886385
-0.0580058
0.042029
-0.0423381
0.0465886
-0.0323468
0.0385357
-0.000403657
0.0422925
-0.0283906
0.0382923
0.0286978
-0.0321946
0.0441955
-0.0400513
0.0036393
0.00373844
-0.0410675
-0.0303919
0.012099
-0.0318278
-0.00321085
-0.000932495
0.0495643
-0.000898214
0.0306992
-0.0368733
0.0345358
0.0485547
0.0392658
-0.0156701
0.0162327
0.0326537
0.0235334
0.00347062
-0.012398
-0.0558249
0.0197972
0.0671284
0.0628702
-0.0431995
-0.0774401
-0.0499141
0.0243754
-0.0165509
0.00554499
-0.0158954
0.0108473
0.0791531
0.0511131
0.0241888
0.0495805
0.0308665
0.0503827
0.063725
-0.00769603
0.00322165
0.00729615
0.0258498
0.0375315
-0.0399959
-0.0394147
0.0181197
0.0559157
-0.0156466
-0.0392042
0.0293255
0.00694469
0.0181546
0.0381858
-0.0118993
0.00958886
-0.00733333
0.0113652
-0.023676
0.0394631
0.0279667
0.0302164
-0.0366697
-0.00464703
-0.0385256
0.0191017
-0.0610386
-0.00479717
0.00316029
-0.0274596
0.014732
-0.0281827
-0.0524719
-0.0182089
0.0470138
0.0560307
0.0378269
-0.00648156
-0.0756831
0.0337989
0.0591422
0.0421027
-0.0178078
0.00375206
0.0344526
-0.0705801
-0.0125627
-0.012946
0.0813357
-0.0623781
-0.0414454
-0.106125
0.0215519
0.0325467
0.11547
0.0283428
3.28286e-05
-0.0319215
-0.0206308
0.00833563
-0.0543462
-0.0595382
-0.0108487
0.0291735
-0.0152597
-0.00463177
-0.0475726
-0.0337683
0.0322767
-0.0084065
0.0453138
0.00382645
-0.0189594
0.0416826
-0.0305055
0.0716061
-0.066835
0.0722412
0.0746387
0.0352267
-0.0439349
0.0228913
-0.00424132
-0.0379511
-0.0462723
0.00490384
0.0030053
0.044565
0.0316236
-0.119826
-0.0646029
-0.0134865
-0.0261712
0.0220453
0.0233432
0.018624
0.0242165
-0.0258737
0.0286912
0.0273392
0.0887942
-0.0490435
-0.0721889
0.00615087
0.038673
0.0392866
0.0133878
-0.0367296
0.0186353
-0.0788652
0.00756091
0.00180158
-0.0356146
0.0143153
0.00581742
0.0458546
-0.0477159
-0.0182358
0.00944825
0.00528536
-0.0392396
0.0303311
0.023756
-0.0207808
0.0394196
0.0443457
0.0310482
0.0339851
0.0190809
0.0127907
2.49789e-05
-0.0342377
0.0133634
0.0336378
0.00259282
0.0294688
0.0306108
0.0329229
0.00855281
0.0592538
0.0626506
-0.0481658
0.0338455
-0.0135496
0.0471431
0.0101524
0.0413767
-0.0175232
-0.0239238
-0.0211321
0.0320328
0.000148607
0.0224563
0.000270786
0.0115192
0.0483825
0.0471609
-0.0449631
-0.0105595
0.0425439
-0.0282203
-0.0482029
-0.0380227
0.00645441
-0.00700978
0.0208625
-0.00634837
0.0145957
0.0248788
-0.0411208
-0.0391142
0.00472745
0.0268453
0.0255729
0.0461916
0.0128346
-0.0368648
-0.0635135
-0.0146353
-0.00565272
-0.00830314
0.0300957
-0.00960761
0.0376042
-0.102252
-0.024779
-0.0137353
0.0313378
-0.0318886
0.0436182
-0.0128965
-0.00368268
-0.0265747
-0.0159486
0.0403207
-0.0146104
0.238412
0.131871
0.0441598
-0.0614516
-0.127633
-0.00304041
-0.038214
0.0528772
-0.0730132
-0.0288266
0.0492943
-0.0422773
-0.0216568
0.0283897
-0.0121587
0.045017
-0.0674789
-0.005085
0.0321108
0.0824897
-0.0356851
-0.0213697
0.0244572
-0.247134
-0.0383254
-0.141332
0.0278736
0.0205119
-0.103058
-0.00710974
-0.0481538
-0.0328823
0.0285825
-0.0882076
0.00781892
0.0364998
0.0641308
-0.056361
0.00111611
-0.00659006
-0.0363814
-0.0222259
-0.0152741
0.0167324
0.00274171
0.00509238
-0.009868
-0.0863389
0.0260627
0.0187994
0.00155071
0.0273008
-0.0427316
0.0427802
-0.00538879
-0.0306822
0.0253565
0.0731749
0.0291438
-0.0525617
0.0086995
0.0266209
-0.00947755
-0.0020857
-0.0135757
-0.0126149
-0.0319093
0.0107782
-0.0393004
0.0136649
0.0443489
0.0994114
-0.0127442
0.0460333
0.0493684
-0.0264437
-0.00112897
-0.0327396
-0.019112
-0.0668539
-0.0357812
-0.0410258
0.0121458
0.130997
-0.004757
-0.0278905
0.00726453
0.0766384
0.051705
0.0291642
0.0443427
-0.0379026
0.0337494
-0.0231329
0.0143351
0.00282566
-0.0210475
0.0360581
0.0469006
0.0146882
0.017315
-0.00106121
0.027537
-0.0167918
-0.0261897
0.0380113
-0.0398916
0.0425372
-0.0679229
0.00869022
0.00579512
-0.0454611
0.0390879
-0.028804
-0.106816
0.038193
-0.0335856
-0.0226396
-0.064138
-0.0899126
-0.0511434
-0.0636407
0.0463384
0.0232529
0.0337189
-0.0325355
0.00476653
0.0216571
0.0243883
-0.0352941
0.0420992
0.037683
-0.0107297
-0.0156994
0.0175272
-0.00838519
0.0157338
-0.0122901
-0.0135231
0.0444244
-0.0366478
0.0221074
0.00728811
-0.0102604
0.0246412
-0.0359686
0.0400355
-0.0168275
-0.0249049
-0.00110174
0.0376324
0.015682
-0.00112879
0.00308975
-0.0314501
0.00296828
0.00713566
0.0413611
0.0127781
0.0440874
0.0280729
0.039848
-0.024165
0.0139108
0.0441049
0.0165256
0.00203091
-0.0326411
0.00935247
-0.0359882
-0.0460899
0.0218419
0.0130723
0.0161941
-0.0270675
0.00621452
-0.0141191
0.00726191
0.000674116
-0.0380576
0.0447442
-0.0250278
0.0140868
-0.000498134
0.0405545
-0.0144266
-0.00418674
-0.0464272
-0.00911663
0.0187748
-0.0283974
0.0489944
-0.00871893
-0.000683198
-0.0210838
0.00835991
-0.0110827
0.0171377
0.0423965
0.0164527
0.0160836
-0.0333024
0.0261377
-0.0166883
-0.0654073
-0.0422264
-0.000631294
0.0491711
0.00592703
0.0326002
-0.00610791
-0.0299871
-0.0183842
-0.0716649
-0.0907302
-0.0147589
0.0298879
0.0363404
-0.0352849
-0.0129837
-0.023447
0.0336729
0.0195789
-0.0326855
0.00611666
0.000668466
0.00461311
-0.0713878
-0.0599057
-0.00440676
-0.0490907
-0.00889375
-0.0241695
0.0304552
-0.00104173
-0.0394142
0.0401024
0.0738431
0.0492263
-0.00667412
0.0439327
0.0153326
0.0183887
0.0810581
0.0354274
0.0609095
-0.0425839
0.00732576
0.0096839
-0.0151258
0.0412428
0.0597267
-0.0207842
0.0420912
-0.00181153
0.022652
-0.00619345
0.0372863
0.0103232
0.0191222
0.012783
-0.00805846
-0.0276691
0.0244374
0.0396576
-0.0136018
0.0383746
0.0251824
-0.0154133
-0.0445068
0.0625113
-0.0211727
0.0441291
-0.0108946
0.0106317
-0.0169307
-0.0216525
-0.00736145
-0.0146561
-0.0359974
-0.0715134
0.0270771
0.00436913
-0.0406959
-0.0351791
-0.0210653
0.0419139
0.00571288
-0.0433586
-0.0567568
0.0145936
0.0204743
-0.0169575
-0.0519684
0.013084
0.0109819
0.0381023
-0.0133357
0.0264872
-0.0437302
0.130534
-0.0143532
-0.0429288
-0.0299688
0.0233299
0.0323363
-0.0635385
0.11345
0.063726
0.042785
0.0426718
0.0231588
-0.0451998
0.0121245
0.0392958
0.0207905
0.00670983
-0.0266864
-0.0486561
-0.0854137
0.00663544
0.0172944
-0.0113884
-0.0257234
-0.0387484
-0.00853793
-0.0254196
-0.0436118
0.0270757
0.0416903
0.003408
-0.020802
0.0526263
-0.0482794
0.0157734
0.0147143
0.0416866
-0.0482063
-0.0128882
-0.0319777
-0.0359435
0.0192019
0.0122938
-0.0194545
0.0208036
0.010567
0.0118926
0.0114286
0.00248475
0.0235395
0.0510891
0.0261266
-0.00785676
0.00417323
-0.0172147
-0.0221218
0.00404088
-0.0284411
-0.0219585
0.0164937
0.0245307
0.0179098
0.0448116
-0.048774
-0.0325163
0.0139517
-0.0169801
0.0372297
0.0171292
0.0240036
0.0197062
-0.042272
-0.0291448
-0.0493798
0.0267661
0.00898794
-0.0241772
0.018418
-0.025494
0.0338364
-0.0338803
-0.00796997
0.0483596
-0.0363462
0.0174235
-0.0191341
0.0327403
0.00890699
0.000550204
0.0103517
-0.0126086
0.0414873
-0.0102012
-0.0427142
-0.00833271
0.0321663
0.0447232
-0.0810357
-0.00283131
0.0487725
0.035091
-0.045473
-0.0105631
0.0397859
0.0566851
-0.0068072
0.0274503
0.0192319
-0.0061533
-0.0435117
0.0252024
0.0205242
-0.0373126
-0.000906073
-0.0351261
-0.0445921
-0.0723934
-0.0943797
0.0350119
0.0359519
-0.0398684
-0.0330133
-0.0695927
-0.0261777
0.0474295
-0.0124766
-0.0340182
0.0132894
0.0351008
-0.0845626
-0.0368328
0.0526366
-0.101933
-0.0509362
-0.0293343
0.0306269
0.0100155
-0.0301947
0.140949
0.0730558
0.102688
-0.0390558
-0.0519426
0.0616188
-0.0517478
0.0558739
0.00195418
-0.00843769
0.0197672
0.000749809
0.0362815
-0.0284023
-0.0148396
-0.0381361
-0.0317981
0.104771
0.0121721
0.0662893
-0.00124222
0.0273418
0.0450201
0.0418719
0.0413749
0.0299926
-0.00827162
0.0316377
-0.0321935
-0.0231396
0.0150722
0.0209296
0.0244223
0.00940814
0.00387836
0.0361412
0.0469266
0.0110046
0.050764
-0.0605371
-0.0407143
0.0307426
0.0190182
0.00872322
-0.0325221
0.0227038
0.0273533
-0.0221482
0.0164803
-0.0426864
-0.0588465
0.0204801
0.0137483
-0.0266906
-0.0248767
-0.029601
-0.0368172
-0.0100732
0.0339784
0.0359688
0.00835794
-0.0318155
-0.00832506
-0.0216113
-0.0888552
-0.0384765
-0.0149911
0.0156989
-0.0236198
-0.0237576
0.0181951
0.0287096
0.0118964
-0.0379963
-0.0293854
-0.0467562
-0.0326846
0.0477247
0.00164114
-0.0154745
0.0152713
-0.00281772
0.049606
0.000533475
0.0324002
0.0116637
-0.0698018
0.0186965
0.0397302
-0.0253671
0.0366624
0.108813
-0.0106852
-0.003015
0.0323884
0.102332
-0.00524989
0.0666495
0.0832419
-0.0359609
0.0139122
-0.0117347
0.0333864
-0.022963
0.0419542
-0.000633285
-0.038353
0.0358309
-0.031744
0.0467982
0.0305587
-0.0148943
0.0158622
-0.00364358
0.0219321
-0.0414906
-0.0266762
0.00538662
-0.0183024
0.00855148
-0.0213189
-0.0086114
0.0178801
-0.00654157
0.0374456
-0.0414713
-0.0315774
0.010283
-0.0404897
-0.011636
0.0134462
-0.00274178
-0.0420588
0.0454033
0.0282323
-0.0197193
0.0145281
0.0124568
-0.00176537
0.0086603
-0.0412394
0.0370197
9.91404e-05
-0.0121412
-0.0310728
0.0326154
0.024336
-0.0161291
0.0461507
-0.0100898
0.0231554
-0.0226212
0.0350609
-0.0437464
0.0242846
0.0441368
0.0253044
0.0294012
-0.0246134
0.0471915
0.0324319
-0.0237327
0.0103123
0.0359776
-0.0369922
0.033279
-0.0195971
-0.0356033
0.0224722
-0.0282151
-0.0105018
0.0372229
-0.0258509
-0.0318542
0.0265489
-0.0445387
-0.0180738
-0.0377013
0.0584228
0.0385587
-0.0586849
0.0959722
0.0096675
0.0472328
-0.057876
-0.0278592
-0.0312985
-0.0240873
0.0672782
-0.0062728
0.0373392
0.013111
0.0482209
0.0135031
0.0363402
0.0506041
-0.0190481
-0.016094
0.0266264
-0.00754343
-0.000112541
0.0333812
0.0423714
0.00808845
0.0387578
0.00512087
0.0292029
0.0391884
0.0178702
0.0355448
0.0110972
0.00576825
0.0242963
-0.028077
-0.0449451
-0.00645646
0.00398305
-0.0157198
-0.0168049
-0.05063
-0.0388417
0.000607986
0.0303633
0.0517498
-0.0323883
0.0155367
0.0259418
-0.0107687
-0.012241
0.0359066
-0.030957
0.0322189
-0.0203475
-0.0122469
0.0201112
-0.0945735
-0.0228733
0.0258584
-0.0382262
-0.0381372
0.0100648
0.0147781
0.043715
0.0343902
0.0282172
0.0293226
0.0828838
0.0228847
-0.0272773
-0.0394152
0.0359335
0.0342068
0.116267
-0.0631208
0.0468685
0.0126116
-0.0379697
0.0166497
0.0106693
-0.00306125
0.00814393
0.0413777
-0.00892739
-0.0120236
-0.0033357
-0.00942043
-0.0683706
-0.0259773
-0.028592
-0.0218521
-0.0357586
-0.0492097
-0.0154694
-0.00331714
0.020276
0.0321752
-0.024646
-0.123387
-0.0511181
0.0394583
0.0327229
-0.0229501
0.0201579
-0.0303058
-0.0375376
-0.0492216
0.00980822
0.0142371
0.0266559
-0.0366263
0.0178514
-0.0523099
0.0567927
0.0124186
0.00971383
-0.0161969
-0.0181646
-0.00386751
0.0614713
0.0118898
-0.0367848
0.0581781
-0.0395427
-0.0380002
-0.0133244
-0.0706061
0.0414931
-0.021865
-0.0129326
0.0441706
0.0200706
0.00409065
-0.0103106
0.038811
0.020065
0.0301795
-0.0249719
-0.00783273
0.0193603
-0.0262941
0.0478359
-0.00550701
-0.00149375
-0.008607
0.0118609
0.00908717
-0.0145675
0.0284829
-0.0449711
0.038073
0.0123651
-0.0341565
0.0376484
0.0201665
0.0190222
-0.0240645
-0.00970825
0.0266959
-0.0462509
0.0432316
0.0407182
-0.0298001
0.00134335
-0.0297463
0.0226692
0.0315727
0.0046959
0.044779
0.0233192
0.0445953
0.0211489
0.0247653
-0.0203174
-0.0482016
0.010875
0.0320957
-0.000630565
-0.0142234
0.0145959
-0.0490292
0.0463894
-0.0417167
-0.0442525
0.0391951
0.0526301
-0.047982
-6.27635e-05
-0.0215065
-0.018402
0.0361635
-0.00202118
-0.0203662
0.019971
-0.0234152
0.0278143
0.0207488
0.0289077
-0.0197288
-0.0245516
-0.0403534
-0.00980408
0.010284
0.0482646
-0.0139102
-0.0333697
-0.0532354
0.0363476
-0.00340706
0.0172568
-0.0418134
0.0420178
5.9305e-05
0.0571839
-0.0454954
-0.0242573
-0.0288709
-0.00463695
0.0441179
0.0120102
-0.0337925
0.0033724
0.00342845
-0.0495598
-0.020457
-0.0379274
-0.0134481
-0.0179847
0.0417077
0.0106517
-0.00230266
0.015406
-0.0509756
0.00710302
-0.000404393
0.0387278
0.000969161
-0.0105728
-0.0197477
0.0393694
-0.050416
-0.0646792
0.00254075
0.0309902
-0.0315892
-0.0134981
-0.0171654
0.00996148
0.0447807
0.0382754
0.0233053
-0.0145664
0.00516596
0.016411
0.0261896
-0.0701591
0.0466139
-0.0390149
0.0432571
0.0705786
0.00947405
0.0136254
-0.0270566
-0.000568604
-0.0423767
0.00630176
-0.0240856
0.0215807
-0.0442783
0.00471974
-0.0430667
0.074499
0.00106508
-0.0104405
0.0182919
0.0481337
-0.0398292
0.0228435
-0.0408825
-0.00567409
-0.00764252
-0.0426145
-0.0214644
0.0071255
-0.00505155
-0.0263814
-0.0220372
-0.0209641
0.0241075
-0.0479316
0.00590396
0.0480809
-0.0235962
0.00350527
-0.0106426
-0.0493268
-0.0183073
0.024176
0.0237689
0.0473595
0.00983827
0.0315302
-0.00566838
-0.00371682
0.0495222
0.0567968
-0.0250773
0.00853326
-0.00790345
0.0060832
0.0332942
-0.041789
0.0039171
-0.0017195
0.0247849
-0.0415714
0.0117829
0.00541954
0.028935
0.0482731
0.0354244
-0.00273062
-0.0552547
-0.00207024
0.0331635
-0.0259575
0.0213031
-0.021521
0.0304808
0.0200101
0.0428983
-0.0748752
-0.00030378
-0.0332086
-0.0338207
0.0387051
0.0196842
-0.023291
-0.00761038
0.00848935
0.0352022
-0.0306478
-0.0116805
0.0221332
-0.0296343
0.0386109
-0.00567917
0.0725963
-0.024985
-0.0181448
-0.0316791
-0.0263575
-0.0480743
0.00655761
0.0248337
0.032045
0.044577
0.0417051
0.0251044
0.030696
-0.0459517
-0.0106171
0.0331959
-0.0077404
0.00416411
0.0297329
-0.0134653
0.0595107
-0.0288663
-0.0297221
-0.0237074
-0.0366865
-0.0484358
0.0438206
-0.0412942
0.0336704
0.00842347
-0.024231
-0.00960209
-0.00859982
0.0407364
0.0191278
0.0180028
0.0175995
0.0169024
0.0349791
0.0177172
-0.0180345
0.0407864
0.0342648
0.0405329
0.0131797
0.0462995
-0.0161867
-0.0171283
0.0374005
0.0219972
0.00145718
-0.0310885
-0.0377921
-0.0466256
-0.0161548
-0.0329335
-0.0384182
-0.0393006
-0.001394
-0.0221076
0.0160326
0.016928
-0.0287309
-0.0455847
-0.0368882
-0.0195039
-0.0292584
0.0421046
-0.0304474
0.027792
0.0627504
-0.04287
-0.0139239
0.0227372
-0.0412782
-0.032827
-0.0450519
0.0667631
-0.0373319
0.0590983
0.0477944
0.0192354
-0.0397032
0.0177343
0.0486125
0.0165788
-0.0189099
0.02425
0.0155346
0.00512044
-0.00719229
0.027209
-0.0363233
-0.0343244
-0.0527745
-0.00751289
0.00837587
-0.00424843
-0.0506442
-0.00464929
-0.0473173
-0.00966424
0.0143646
0.0476916
0.00251886
0.0135235
-0.0450061
-0.0447051
-0.0257696
-0.001776
0.0126856
-0.0568079
-0.0342403
-0.0284038
-0.0562246
0.0189555
-0.0332147
0.0485373
-0.0257826
0.0482154
0.0250826
0.0286309
-0.0499464
0.00633954
0.0403509
0.0402539
-0.000941029
-0.000167029
0.0172549
-0.0933509
0.0498646
-0.0119491
-0.0474171
-0.0132019
-0.00253513
-0.0546966
-0.0272215
0.046908
0.0141675
0.0219336
0.00386788
-0.0119399
0.00887974
-0.00652564
-0.0129043
-0.0361964
-0.0260524
0.00768457
-0.0167329
-0.0464867
0.0178776
0.0266098
0.047842
0.0430077
-0.00575256
0.00855983
0.0282058
0.0301635
-0.0392665
0.0445865
0.0377049
-0.000557595
0.0208502
0.0506006
-0.00887042
0.0299058
0.0659005
0.0134226
-0.0194509
0.0304069
0.0283552
0.0179391
-0.0477243
-0.00770268
0.0183794
-0.0208379
-0.00594405
0.0293805
0.0164927
0.0197307
0.0559892
0.00168347
0.0332439
-0.00200132
0.018827
0.0249471
-0.0345522
0.0192708
0.0297119
-0.0207686
-0.0172457
0.00697676
-0.0269328
0.0168282
-0.00299803
0.00694859
-0.0395902
0.0168101
-0.0484265
0.0355141
-0.0262482
-0.0354749
0.0196501
0.00277147
0.0147043
0.00314663
-0.0379908
0.0122099
0.030799
-0.0216508
-0.0434801
-0.0181837
0.0402481
0.0396467
-0.00203842
0.0324547
0.0306508
-0.031116
0.0110524
-0.042423
0.0436823
-0.0291148
0.0149613
0.0252944
0.0356696
0.00249626
0.0392346
0.00371511
-0.0133634
-0.0201108
-0.0445433
-0.0375231
-0.0474524
-0.0149301
0.0204385
0.0213117
0.0361829
0.00803629
-0.0264151
0.0387187
-0.03583
-0.0293712
0.0179182
-0.0137598
0.0087638
0.0381513
-0.0478558
0.00758363
0.00899538
0.0272161
-0.00980028
0.0240085
0.0134956
0.038042
0.0295903
-0.0666471
-0.0142046
0.0350931
-0.0224419
-0.0117693
-0.0403941
-0.0382536
-0.0313117
0.0078149
-0.00956036
-0.0110978
-0.00878889
0.0439382
0.0197346
0.0464681
-0.0221604
-0.034478
-0.0648595
-0.0644122
0.112283
-0.0377285
-0.0954096
0.0954079
-0.00511046
-0.0638006
0.0544975
-0.562087
-0.238614
0.107821
-0.091555
0.148781
-0.0746731
-0.0290129
0.00915252
0.0630231
-0.0285713
0.0543711
0.0762671
0.0309415
-0.0645444
-0.0101857
-0.0301646
0.137008
-0.0637792
-0.0424777
0.105501
-0.0133797
-0.0440128
-0.147119
-0.0941486
0.0898151
0.0685173
0.081157
-0.13289
0.0192467
0.0354681
0.0702597
-0.0981799
0.000109438
0.0732443
0.0119389
-0.0156531
-0.00801127
0.210487
0.00207358
-0.0458301
0.0883046
-0.0269249
-0.124435
0.0230296
0.0286043
-0.0179223
0.00592655
-0.0423566
-0.015437
-0.0587526
-0.0188576
0.0123354
0.0604292
-0.0381134
0.00481121
0.00213599
0.0657832
-0.0813124
0.108078
0.0236294
0.0651113
0.067534
0.0129536
-0.105973
-0.0126511
-0.0847046
0.0361473
-0.017567
-0.0402176
0.0657969
-0.0532756
-0.117207
-0.00424317
0.000806515
0.0040384
-0.0560374
-0.0473965
-0.0777284
-0.0828475
0.0473174
-0.00451315
-0.0100432
-0.00945911
0.0313561
0.0473862
-0.0226407
0.0272815
0.059791
-0.0430203
0.00870606
-0.048413
0.0509095
0.00516546
0.025953
0.0158342
-0.00172087
0.00457609
0.0640152
0.0167101
0.0357614
-0.0123622
-0.0236215
-0.000301847
-0.0305432
0.0106462
-0.0455943
0.0215889
-0.0823507
0.00688349
-0.0505926
-0.074524
-0.0425141
-0.0466818
-0.0414877
-0.00663691
0.00101031
0.0372572
0.00981588
0.0628961
0.151419
-0.0616943
0.233939
-0.126453
-0.0503196
0.0569943
-0.0246492
-0.00267565
-0.0292002
0.0387523
0.00441914
0.0332646
-0.0469101
0.0432153
0.0917576
0.0329964
0.015743
-0.00274535
-0.000524164
-0.00484564
0.0394857
-0.0223018
0.0411126
0.0190565
-0.0426718
0.0317602
-0.0173033
-0.0278718
-0.0238526
-0.0429509
0.0260221
0.00819533
0.0360267
-0.018471
0.0612978
0.0189014
0.0352998
0.0323705
0.0112295
0.0308309
-0.0249637
-0.0354673
0.0368487
0.0278949
0.0217104
0.00861195
0.0351535
0.0334892
0.0117291
0.0358807
-0.0173517
-0.0188064
-0.010743
0.00145981
0.031947
0.0271031
0.0102623
-0.0354718
-0.032701
-0.0462917
0.0140928
0.0421344
0.0256485
0.0467967
0.0172577
-0.118961
0.0164748
0.00744129
0.0255234
-0.0223039
0.00945177
-0.00554672
-0.0389804
0.0189483
-0.034573
0.0412983
-0.00827416
0.0126871
-0.0306893
-0.0538697
0.00957582
0.00109414
0.000225012
0.0414999
0.0264675
0.0438696
-0.0335971
0.0293755
0.00340167
0.0185726
-0.019643
-0.0183155
0.0196475
0.10815
-0.0827979
-0.0313603
0.00986134
-0.0325682
0.027175
0.0796533
0.0597854
0.0647915
-0.0545996
0.0202251
-0.00524145
-0.0288245
-0.0448882
0.105772
0.0634914
0.0411651
0.0569067
0.0404087
0.0912206
-0.00539218
-0.0433837
-0.00894486
0.097032
0.0313307
0.0164962
-0.0750664
-0.115775
0.00507417
0.0303192
0.0570183
-0.154884
-0.0228339
-0.171945
-0.0977913
-0.00230468
-0.0805533
-0.0378736
-0.0377105
0.00585932
-0.0486932
0.0219356
0.00783873
-0.0203095
-0.0300367
-0.0848618
-0.103433
-0.00437918
-0.0299004
-0.0427802
-0.053492
0.0504755
-0.174301
-0.0380454
-0.498246
0.0063559
0.056867
-0.145762
0.0384635
0.0482402
-0.0358307
0.0670796
0.0346043
-0.00294172
-0.140311
0.100504
0.0130029
0.0968399
0.0625397
-0.049609
-0.00790004
-0.0291592
0.00656828
0.0868505
0.0613937
-0.0910318
0.088743
0.080229
-0.0432016
-0.0276373
-0.0720787
-0.0177895
-0.000361241
0.0607014
0.0678187
0.181833
0.0490805
-0.120716
-0.13088
0.00401744
-0.0245247
0.0177067
0.0723196
0.00515671
0.185131
0.051772
-0.0650717
-0.0928485
-0.12339
0.0412133
0.0376517
0.016392
0.00120213
-0.0137161
0.0249147
-0.0745963
0.0610174
-0.083691
0.236125
0.101556
0.0201561
0.0676091
0.0361434
-0.0187393
-0.0407617
-0.0418815
0.00134929
0.0464088
0.0116161
0.0302838
0.0118104
-0.0407671
0.0482038
0.0393095
-0.0682938
0.0245034
-0.0518491
0.00630832
0.0202765
0.0384594
-0.0206663
0.00852035
0.0147775
0.0448085
-0.0159402
-0.0208914
0.0312531
-0.0062179
-0.0268879
0.00889017
-0.032338
0.0328436
-0.04785
0.012651
0.010093
-0.0463868
0.0147796
0.0954821
0.0354056
-0.0282402
0.0434027
0.0116084
-0.00733852
0.0381879
-0.026749
0.0032415
0.0222966
-0.0207121
0.0525546
-0.0387235
0.033151
-0.00665874
-0.0153117
-0.0311359
0.048323
-0.0113243
-0.0119444
-0.0291736
-0.0208873
0.0532169
0.0184792
-0.00590256
-0.025675
-0.014607
-0.0335122
-0.021227
-0.0356781
-0.00875348
0.0524992
-0.101388
0.0274802
0.0436945
-0.0263904
-0.0263876
0.0811286
0.00674242
0.0752988
-0.0308584
-0.0333961
-0.00511285
-0.0383629
-0.00441065
0.0126121
0.0132082
-0.0181276
-0.0324813
0.0236236
0.0394544
0.0388622
-0.0443146
0.00385744
-0.0339033
0.0121173
-0.0794482
-0.0694239
-0.105835
0.00179132
0.0435384
-0.0503014
-0.0485997
-0.0520054
0.0123869
0.0162356
-0.0496849
0.0396921
-0.0240315
-0.0385441
-0.0312356
0.0107593
0.011522
-0.0298505
0.0350289
0.0160569
0.0161774
-0.0125567
0.055707
0.0718474
0.0120862
0.0118247
-0.0113217
-0.0726157
0.0907714
0.0236318
0.00842915
-0.0158751
0.0527099
0.00800436
0.0174597
0.0377013
-0.0334765
0.0483993
0.0162443
0.0351093
0.0619852
-0.0235576
0.0384759
0.0333916
-0.053288
-0.0255103
0.00764108
0.0822756
-0.00211397
0.0160736
-0.0346573
0.00801697
0.000859671
0.0108148
-0.0368491
0.0221356
-0.0578919
0.0227907
0.0160013
-0.0477119
-0.0572436
-0.00438553
0.0544382
0.00468124
0.0646228
0.0348187
0.0196574
0.0303867
-0.0182046
-0.0102717
-0.0498738
-0.047841
-0.0597409
0.00961832
-0.015917
0.0108225
0.0483266
0.028348
0.0036373
-0.0126028
-0.00236953
0.0105477
0.00103724
-0.0532869
-0.0371786
0.0283384
-0.0264255
-0.0227243
-0.00599413
-0.0129202
0.0245117
-0.014685
-0.0635475
-0.0218172
-0.0152375
-0.0333984
-0.0245874
-0.0362993
0.000124685
-0.0454962
0.00958263
-0.0400075
-0.0119252
-0.0222441
0.0188643
0.0123647
0.000751065
-0.0174283
0.0153574
0.0701815
-0.0145253
0.00916753
0.00747842
0.0349325
0.0625084
0.0204184
-0.0168642
-0.000989708
0.0206632
0.0489731
0.00902804
-0.00801078
0.0209316
0.0263347
-0.00986586
-0.0111972
0.0430035
0.00497412
-0.0280674
0.0234027
-0.036625
0.0195187
-0.0293105
-0.0144983
0.0386307
0.0170238
0.00217479
0.0171136
-0.0264195
0.015827
-0.0327315
0.0289653
-0.0436168
0.0501363
0.0199934
-0.0071258
0.000629296
-0.0184441
0.0482617
0.0286037
-0.0389674
-0.00680501
-0.0117102
0.019764
-0.0473623
0.0211594
0.0119012
-0.0311054
0.0425051
-0.0469691
-0.00230426
0.0381766
-0.0312895
0.0471841
0.0228682
0.0230643
0.0402221
0.0407549
0.0318152
-0.0122101
0.0256492
-0.0461754
0.0347887
-0.0323909
0.0129237
0.000329397
-0.0464003
0.0265814
0.0385203
0.00150523
0.00168887
0.0271828
0.0393256
-0.0144753
0.0276787
0.0156051
-0.0344674
-0.0229365
-0.0389341
0.0114041
-0.0380997
-0.0244926
-0.0277124
0.0266761
0.037118
-0.0143704
-0.00224418
0.0258539
-0.0159665
0.0143202
-0.015018
0.0015033
-0.0179283
-0.00703975
0.0279906
0.00717857
0.0244492
-0.00151342
-0.0152059
-0.0487916
-0.0362338
0.0599274
0.0331886
0.0497087
0.0694112
-0.0309182
0.0195498
-0.0126934
0.0236087
-0.0319135
-0.0146099
-0.00886842
0.0464546
0.0266412
-0.0321718
0.0487057
-0.00972645
0.00882908
-0.0464146
0.0377467
0.0334334
0.042381
0.0391668
-0.00930337
-0.023329
-0.107444
0.00794761
-0.0108807
0.0101115
-0.0583435
0.00642975
-0.00902324
-0.0292981
-0.00569081
-0.00855932
0.0191136
0.0367845
0.0419406
0.00414375
-0.000342734
-0.0365474
0.00908285
-0.0330063
0.000636134
0.0252966
0.0266141
0.019462
-0.0633304
0.0221401
0.0411327
-0.0384945
-0.00712026
0.00135105
0.0859726
-0.00579374
-0.0100833
-0.0134271
-0.0301199
-0.010912
0.0181616
-0.0100633
0.0107394
0.0274262
0.0285229
-0.0243914
0.0232255
-0.0354771
0.0415166
0.011406
0.00313857
0.0447188
-0.0518672
-0.00309211
-0.00742678
-0.0481726
-0.0214796
0.0156446
0.0547526
0.00744417
0.0922135
0.0266855
0.039154
-0.00969999
-0.00810369
-0.0083586
-0.016127
-0.022543
0.0680112
0.0252674
-0.0262038
-0.0483198
0.0267265
-0.00182252
-0.0126977
0.0325009
0.0210412
-0.025354
0.0009057
0.0187268
0.00226463
0.0164472
-0.0280836
0.00210885
0.0539462
-0.0268071
0.014476
0.0491513
-0.0292584
0.0429948
-0.0257883
-0.0119703
0.0111434
0.0236819
0.00938001
0.0219968
-0.0165223
0.0338903
0.0338831
-0.0370147
0.0233356
6.38171e-05
0.032799
-0.0054106
0.0317645
-0.0275943
-0.0159691
0.0175682
-0.0401779
0.0403293
0.000879869
0.0250334
0.00510752
0.0279473
-0.00311762
-0.0268638
-0.024002
0.0412405
-0.00250076
0.0292922
0.0181963
-0.020902
0.0462626
0.00414362
-0.0100274
-0.0122608
0.00971907
-0.00369181
0.0152097
0.0149855
0.0256519
0.0260782
0.0202978
0.0196732
0.0433371
-0.0164216
0.0252341
0.0428481
-0.00224789
-0.0173009
0.0513299
0.0283783
-0.0335197
-0.0219345
0.0421606
-0.000247487
0.00916854
-0.0365162
-0.00274074
0.00261581
-0.0357517
-0.0243846
0.000856944
0.00699058
0.021267
-0.0252111
-0.0346001
-0.0216572
-0.0278214
0.0291096
-0.0263173
-0.0413622
-0.0224445
-0.00892888
0.0254912
0.00241877
-0.0086388
0.0119963
0.02954
0.0163033
-0.00578271
-0.0438993
-0.0400515
-0.000625686
0.0468533
-0.00730324
0.0201099
-0.00707991
0.0414143
-0.00927281
0.00855831
0.041642
0.0444201
-0.0019096
-0.0642739
0.0405421
-0.350997
-0.237926
-0.119096
0.0477501
0.088118
-0.105537
0.0499655
-0.0436791
-0.0186695
0.0149431
-0.0718319
-0.0838965
0.00875676
-0.0430273
-0.0344678
0.00220834
0.060285
-0.0843908
-0.0801778
-0.0706687
-0.0409236
0.0493379
-0.147008
0.300802
0.183273
0.13274
-0.00671424
-0.154208
0.0911238
-0.0289078
0.0799335
-0.0043931
-0.105376
-0.0110341
-0.00076015
-0.0311578
-0.0981982
0.133048
0.037252
-0.0230288
0.099774
-0.0188632
-0.060977
0.0274811
0.0246409
0.00364516
-0.0696163
0.0561178
-0.0316848
-0.0281834
0.0625455
0.0262107
0.013919
0.0289196
0.0337086
0.0104947
0.0787298
-0.0773338
0.0319081
-0.0131361
-0.0298178
0.0262892
0.0305245
0.0293571
-0.014569
-0.0717861
0.0342403
-0.00196898
-0.0141672
0.0120712
-0.0389261
-0.0436781
-0.118225
0.00393319
-0.0493169
0.0101779
-0.042011
-0.0718025
-0.0402628
-0.00631703
-0.0276191
-0.0429163
0.0110666
0.00431895
-0.0117784
0.00952624
-0.0247421
-0.0691175
-0.104373
-0.0132505
-0.0514253
-0.0296294
-0.0204573
-0.0503465
0.0364307
0.0264817
-0.0343171
0.0160608
-0.0436571
-0.0128623
0.00721193
0.0041345
-0.0299942
-0.0177982
-0.0136309
-0.0647022
0.0450005
-0.0290108
0.0140558
0.0100717
0.00241949
0.0385674
0.0134334
0.0367382
0.152165
0.00015885
0.0193324
0.0371207
0.0584296
0.118961
0.0149641
0.118786
0.00327472
0.010457
-0.00844719
-0.0449181
-0.038028
0.0188384
0.0202802
0.0282428
-0.0344714
-0.0354018
-0.0191395
0.0137397
-0.0344543
-0.0187822
-0.0377361
-0.0265079
-0.046713
-0.0403669
-0.0447316
0.020642
0.0156062
-0.0300278
-0.0265307
0.0437442
0.0460791
-0.0123763
-0.0399264
0.0216686
0.0489487
0.0136305
-0.0140424
0.0658169
-0.015617
0.00382207
0.0169371
-0.0315449
-0.0154756
0.04339
0.0195756
-0.0244401
-0.0322335
-0.0487388
-0.0438475
0.000253243
0.0359458
0.0629328
0.0120304
-0.0404145
-0.00164781
0.00133361
-0.00667974
-0.0365088
0.0311871
0.0504673
0.00631439
-0.0150094
0.0424589
-0.0225717
-0.0410014
0.0100755
-0.0269928
0.0594097
0.00372647
0.0410577
-0.00931074
0.0464138
0.0238923
-0.0388009
-0.0373748
-0.00438216
-0.0112765
0.0375269
0.0141607
-0.0345215
-0.00010683
-0.0300982
0.00802486
0.0316132
-0.0261353
0.0562367
0.0181645
-0.0511308
0.00776663
-0.0456943
0.0550154
-0.0305585
-0.0207532
0.0331503
0.0211798
0.0459017
0.113006
-0.0059986
-0.00362434
0.0310511
-0.0380809
0.0111589
-0.037488
-0.0296069
0.031301
-0.0465463
-0.0225218
-0.00356647
0.00270822
0.00733223
0.0946183
0.0356227
-0.0242738
0.0128576
0.000706752
0.0354421
-0.0168076
-0.0453824
0.0111917
0.0982946
-0.0235793
-0.0517664
0.0210209
0.0668696
-0.00785583
0.027555
-0.101873
-0.0662307
-0.0533467
-0.0485194
-0.0147017
0.0176481
0.0124884
-0.0535876
-0.0663863
-0.0563405
-0.00460896
0.0156538
0.0076065
0.0274143
0.0451284
-0.0975371
-0.115931
-0.0412067
0.0204977
-0.0482077
0.00274054
0.0381396
-0.0336177
-0.0374435
0.00999396
0.0347205
-0.0365411
0.0450251
0.0399394
-0.0452882
0.0406372
0.0443151
-0.00828095
0.0578383
0.0249532
0.0201855
0.0733742
0.044761
-0.0698154
-0.0419895
-0.0187124
0.0800466
0.0475593
0.0533922
0.0257574
0.0308234
-0.0244495
0.0592434
0.0299489
-0.041023
0.0158751
0.00395983
0.0283712
-0.0161184
-0.00063574
0.012128
0.00679568
0.0627373
-0.117075
-0.00765799
0.0161538
0.00611555
-0.0460431
-0.0282651
0.0088875
-0.102289
-0.020322
-0.0339209
-0.00200581
-0.00249672
0.0544491
-0.003226
-0.0306634
0.0706256
-0.0259973
-0.00941862
0.0407836
0.0675333
0.0914089
0.0426634
-0.00637366
-0.0205775
0.0328197
0.0418529
0.0204953
-0.0295419
-0.0449401
-0.0160751
-0.003673
0.00200799
-0.0440336
-0.0450429
-0.0255526
0.0027063
0.0134263
0.0304276
-0.0458123
0.00972989
0.00471425
0.0173533
-0.00475964
-0.0376789
-0.0352036
-0.00730359
0.0455378
-0.0105487
0.000817812
-0.0421434
0.0232361
0.0346967
-0.0032838
-0.0289732
0.0288373
-0.0323902
0.0175392
0.0204918
-0.0311913
0.0841121
-0.0388716
-0.0321029
0.0280338
0.023346
-0.030257
-0.0340143
0.0293783
0.0446626
-0.0139847
-0.034942
0.0281521
0.041695
0.019878
0.0313617
-0.017512
-0.0282324
-0.0170973
0.0244316
-0.0448541
-0.0197214
-0.0307733
-0.0108105
0.0313429
0.0440565
-0.0174724
-0.041162
0.0385101
-0.0104398
-0.0211565
-0.0356376
0.0012324
-0.0703295
0.0470074
-0.0282582
-0.0244682
-0.00296491
-0.0562409
0.0566066
-0.0889129
0.00153873
0.0272153
-0.00366391
0.0271056
-0.142568
-0.0179108
-0.0203604
-0.0182874
-0.0359603
0.0904734
-0.0406073
-0.0120582
-0.0305235
-0.0276343
0.00920305
-0.0208242
0.077882
0.0787466
0.0516114
0.0277387
-0.019883
0.0103061
0.0425957
0.0346337
-0.0663691
0.0329415
-0.0203732
-0.0210439
0.0117807
0.0170316
0.0653508
0.0227012
-0.0122512
-0.0215694
-0.0410368
-0.0283743
0.05262
-0.0368315
0.0855167
-0.175517
-0.0318695
-0.098097
0.0172683
0.0437859
-0.0788322
0.0740225
-0.045421
-0.0430924
0.00545552
-0.048717
-0.0864312
0.0079117
0.00926034
0.0270863
0.0294847
0.00731609
-0.0211331
-0.0117625
-0.0591631
-0.0449543
-0.0296312
0.0334372
-0.0581756
0.00288583
-0.074809
0.00645654
-0.0105108
-0.0319571
0.0489724
-0.0473728
0.00696534
0.0366644
0.011114
-0.00294067
0.0294527
0.0122412
0.00401445
-0.0233267
-0.00245179
0.101985
0.00359656
-0.0245519
0.0146801
0.00032028
0.000692584
-0.0243922
-0.0434864
0.063771
0.0316508
0.0425626
-0.00406899
-0.0054741
-0.0193148
-0.00764599
0.00485018
-0.00752864
0.0409964
-0.0328768
-0.0198664
0.0217247
-0.0318988
0.0483597
0.0399735
-0.025315
0.0349641
0.0185949
-0.0294002
0.00902482
0.0277835
0.0535776
0.023695
-0.00273303
-0.0419834
-0.00590372
0.035383
0.00548149
-0.0299384
0.0278148
0.00653577
-0.0506575
0.0121294
0.0338733
0.0385196
0.02305
-0.0506725
-0.00692369
-0.0137647
-0.0331742
-0.0179223
-0.0368351
-0.0639686
0.00161181
0.0185906
5.79493e-05
-0.00885016
-0.0528042
-0.0117943
0.0221811
-0.0391
-0.0408096
-0.0521785
0.0177384
0.00824762
-0.0401092
0.0212514
0.0348147
-0.00268571
0.0016187
-0.0384946
-0.0538245
-0.07306
-0.0134625
-0.0199184
-0.053095
-0.00338715
0.026529
-0.0387995
0.00527981
0.00945647
-0.0226614
0.0477922
0.046282
0.0188167
-0.017627
-0.00976057
0.0231474
0.0482817
0.0136958
0.0358842
0.0226238
0.053204
-0.0407873
-0.0330917
0.032402
0.0406017
0.0453637
-0.0115786
0.00181296
-0.00723904
0.0386807
0.0414225
-0.0462833
-0.0374954
-0.0632565
-0.0347875
-0.00396732
0.0349881
-0.0469826
-0.0100399
-0.0140965
0.0391406
-0.0520521
0.00768657
0.0123308
0.021347
-0.0249153
0.00835228
-0.00247689
-0.0164113
0.0212526
0.0159081
-0.0402058
-0.0249593
0.0333947
0.00939452
-0.0359253
-0.0410171
0.0190958
0.018322
-0.0437255
-0.00712282
-0.0222838
0.0222784
0.0196119
-0.0357473
-0.048625
-0.0393375
-0.038854
0.042795
0.0342602
-0.034895
0.0449261
-0.0304987
0.020083
0.000288011
-0.0162798
-0.019085
-0.0322421
0.00716923
0.0232502
-0.0169707
-0.0045612
-0.00548722
-0.0598551
-0.0287578
-0.0179677
-0.0562157
-0.0427752
0.00559093
-0.00317858
0.00150069
-0.0504081
0.00334387
0.00043763
0.00867247
0.0329019
0.0195115
0.0336231
-0.0269304
-0.0468025
0.0471801
0.00534514
0.0138121
0.0257165
-0.0158262
-0.0407673
-0.0371162
-0.0424389
0.0465293
-0.00486703
-0.0445725
-0.0333485
0.0306828
-0.0272694
0.00599723
0.0211177
-0.033562
-0.000619565
-0.0459371
0.0179738
-0.0321192
0.0090483
-0.0106679
-0.0120465
0.0809275
0.0555114
-0.000987895
-0.0398546
-0.0454117
0.0292599
-0.0583366
0.0472225
-0.023904
-0.0245137
0.0280555
-0.0288944
0.0776708
0.015583
0.00795057
-0.112994
-0.0699346
-0.0339655
-0.0515707
0.0452707
-0.00377617
0.0314
-0.031172
0.0747932
0.0355005
-0.0477881
0.0220459
0.0485968
-0.0323621
0.0408033
-0.00700886
0.0360669
-0.00377923
-0.0344537
-0.0643858
0.022028
0.0987614
0.0725613
-0.00994023
-0.0712173
0.0208522
0.00172467
0.0979322
0.0245708
0.0428815
0.0357922
-0.029659
0.00713356
0.0649378
-0.00566384
0.0669964
0.0131468
0.0464178
0.0482229
0.0110095
-0.00835464
0.00166719
0.048532
0.00434198
0.00682361
-0.00912517
0.0292292
0.0594179
0.0385903
0.0459463
0.0403503
-0.0302387
0.0445027
-0.0324319
-0.0173934
0.022795
0.0116771
0.00618471
-0.041038
-0.0376904
-0.0196229
0.00859237
0.0253164
-0.00807643
0.0321029
-0.00794679
0.000611963
-0.00316378
0.0100237
-0.0468368
-0.00510757
0.0423276
-0.0305036
0.0213368
-0.0132584
0.0419918
0.00216858
0.00789974
0.0154675
-0.0343018
-0.0471849
-6.13925e-05
0.0248639
-0.00500678
0.00529671
0.0363001
0.020024
0.00932098
0.0330969
-0.0321015
0.0113329
0.0119581
-0.0435954
0.00890004
-0.0227578
-0.000586687
-0.0130121
0.0379797
-0.0133559
-0.0258717
-0.031007
0.0442604
0.00836937
0.0480827
-0.0362349
-0.0333004
-0.0191045
-0.0116897
0.0441184
0.0261276
-0.00801288
0.000981837
-0.0448249
-0.0384434
0.0503313
0.00835068
0.0363186
0.0233955
0.0117658
-0.00741631
0.0190263
-0.0161369
-0.0229389
0.00395465
-0.0275052
0.0625329
0.0254723
-0.0135477
0.0472804
-0.00380864
0.0752429
0.0250563
-0.00265202
-0.024118
0.0318511
0.00549515
0.0314974
-0.00479546
0.0119529
-0.0378428
0.0104107
0.00611957
0.0523764
-0.0136128
0.0593055
0.021647
0.0311285
0.0595587
0.0186253
0.0282952
-0.0175909
-0.00739237
0.0210461
0.0170726
-0.0390192
-0.0177519
0.0389064
-0.0073897
-0.00826877
-0.0243269
-0.0768429
-0.0473522
0.0480421
0.012743
0.0698315
0.0706248
-0.00775698
-0.045385
0.0420011
0.00574767
-0.03335
-0.0264003
-0.0873554
-0.02156
-0.00707494
-0.0302501
-0.00467953
-0.0232225
-0.0061544
-0.0434657
-0.0234616
-0.0333173
0.0229676
-0.0115751
0.0433319
0.00334891
-0.0127785
-0.00409876
0.063281
-0.0574133
0.0438795
0.0199548
-0.0361626
0.0532502
-0.0200838
-0.0115746
-0.0312053
-0.00324228
0.0105573
0.00105611
-0.0233555
0.00165428
-0.0343234
0.0628721
0.0140976
-0.0170345
-0.0145074
-0.0295139
-0.0113904
0.0326349
-0.00318731
-0.0432241
-0.0297278
-0.0149037
0.0216268
-0.0245292
-0.0165349
0.0283537
0.0109457
0.0384542
0.0271862
0.0408556
0.0359041
0.00989192
-0.0422774
0.0647471
-0.00631241
-0.027914
-0.0346206
-0.046377
0.00431663
-0.0443954
-0.037309
0.0327241
0.0022588
-0.0220693
0.00884179
-0.0233875
0.0271668
-0.00839442
-0.0214187
0.00551519
0.045477
0.036386
0.043321
0.000818197
-0.0146541
-0.0106844
-0.0106584
-0.0578539
0.0486238
-0.0902213
0.0364825
-0.00423757
-0.0398878
-0.00941701
0.0378922
-0.0200674
-0.0391961
-0.0276484
0.0302069
0.00943727
0.0233983
0.0140063
-0.0170978
-0.0308966
-0.0339291
0.0336581
-0.0297453
0.024193
-0.0550938
0.0241204
-0.0412666
0.00809574
-0.043676
-0.00461472
0.0437968
-0.0352893
0.0157812
-0.000193798
-0.00395479
-0.0179078
0.0246435
-0.0455381
0.0042026
-0.0060011
-0.0255816
-0.00247579
-0.00706156
-0.0158557
0.0368701
0.0217159
0.00361983
0.0296317
-0.00142099
0.0336993
-0.0245454
0.0517511
-0.022337
-0.0480189
0.00867229
0.0441034
-0.00438971
-0.0204202
0.0291503
0.0450601
-0.0197617
-0.0175165
0.0424574
-0.00505929
0.0199667
-0.0251217
0.00804726
-0.0114721
0.0112951
0.00234517
-0.00690463
0.0267031
0.0294453
-0.0346077
0.0127696
0.0180787
0.0388537
0.0225081
-0.0470857
0.0269071
-0.0548909
0.0497963
-0.00467938
0.0380823
-0.0278999
0.0355077
0.0333092
-0.0192102
0.0337482
-0.0250733
0.0226732
0.0294925
0.0185274
-0.0247663
-0.0363707
-0.0503682
0.00337863
0.0176885
0.0594163
-0.031416
-0.00866334
0.0369338
0.0592503
0.0604062
0.0311401
0.048909
0.000785062
0.0166696
-0.0267769
-0.00625116
0.00917296
0.0207199
-0.0436989
0.0219248
0.0391491
-0.0652299
0.0271342
-0.00367414
0.0443341
-0.0251871
0.00779374
-0.0438341
0.04978
0.00456833
0.0398473
-0.00797653
0.0425529
-0.0198386
-0.00141611
-0.0420445
-0.0464269
0.0553967
-0.0102661
-0.0514506
-0.0685508
0.0365564
0.0324736
0.0260643
-0.00983623
-0.00388733
0.033442
-0.00752782
0.0296711
-0.0712457
-0.032674
-0.026986
0.023248
-0.00300347
0.0184815
-0.0318574
0.0249192
0.00422418
-0.0290234
-0.00816418
0.0482027
-0.031192
0.0208358
0.0507749
-0.0708168
-0.0678118
-0.0474662
0.0765748
-0.0367916
-0.0326227
0.0206607
-0.0869623
0.00449979
-0.023317
0.0244833
0.0286514
0.01117
-0.0152786
-0.0116881
0.00939081
-0.019866
-0.0486951
-0.0797783
0.0334129
-0.0112142
-0.0219006
-0.00987276
-0.0367638
-0.0360264
0.0324262
0.0220838
-0.0933775
-0.00522115
-0.0333031
0.0526697
0.00094867
-0.0185108
-0.00789421
0.0156015
-0.0408281
0.0511656
-0.0131607
-0.0145695
0.0200521
0.00490234
0.0436369
0.0282655
0.0425728
-0.0249545
-0.0480369
0.0300967
-0.0250259
-0.0213757
0.0832265
-0.00676036
0.0148671
0.0130033
-0.0080948
-0.061324
-0.036155
-0.0345797
0.0461623
-0.0315898
0.0206501
-0.0369272
0.0185583
0.0528478
0.0382668
0.0266145
0.0285709
0.0163474
-0.0388114
0.0366771
0.0396198
-0.0079361
-0.0438567
-0.0373467
0.0249496
-0.00642947
0.0483514
0.0332527
0.00576347
-0.0264027
0.024434
0.00540747
0.022599
-0.0359523
0.0213975
-0.0195539
0.0378936
-0.0328926
-0.0274823
-0.0346187
-0.00543192
0.0296886
-0.0426376
0.017369
0.0272231
0.0308712
-0.0274851
0.0366144
-0.019914
0.0453633
-0.0181558
0.0370291
0.0184688
0.0203853
0.0328509
0.0133108
-0.00768937
2.19989e-05
0.030207
-0.0419226
0.0328784
-0.0288699
-0.0196801
0.014245
0.038618
-0.0221877
-0.0126191
-0.0389368
0.0436833
0.0111041
0.049029
-0.00209208
-0.0179137
0.00889329
0.0333837
0.0352335
-0.0148174
-0.0384107
0.0312904
0.0310195
0.0467251
0.0125994
-0.0191935
-0.0288807
-0.0185115
0.0210186
0.000402528
-0.0191191
-0.0471283
-0.0131483
0.0393971
0.0219177
-0.0620226
0.0212189
0.00806048
-0.0119605
0.0153366
-0.00320609
0.0394727
-0.00774006
0.0301445
-0.0103404
-0.000884823
0.0432832
-0.00597032
-0.0179095
0.0104689
-0.0490399
0.0426736
0.0170233
-0.0140248
0.0313093
0.0359086
-0.0456894
0.0466235
0.0623649
-0.0261826
0.0519634
0.00287459
-0.0454431
-0.0152058
-0.0160918
-0.0405554
-0.0122413
0.0266331
-0.0396947
0.114726
0.0142214
0.0485495
-0.0449298
0.0224894
-0.0700675
-0.068003
0.034394
0.0216292
0.00706469
-0.0456938
0.016455
-0.0394142
-0.0349208
-0.0140708
-0.0505836
0.0474492
-0.0310004
0.00629383
-0.0393152
0.00716779
0.0209442
0.0253173
-0.0450118
-0.0440994
0.0430765
-0.0388422
-0.0514922
0.00591667
0.0260474
-0.0430138
-0.00598749
7.11175e-05
-0.044871
0.00482606
-0.0195045
0.0070893
-0.0135641
0.0266066
0.0258716
0.00921084
0.0254928
-0.0256821
0.0145917
0.0210399
-0.00537327
0.0041454
-0.0216753
0.0415641
-0.0171575
0.0434303
0.0024809
0.0308557
-0.0241848
-0.0156517
0.0531181
0.0560991
0.0363536
-0.0273121
0.0192615
0.0078884
0.0169308
0.0279243
-0.0190991
-0.00826967
0.0306331
0.0252306
-0.032306
-0.0649342
-0.0308016
-0.0314468
0.0361121
-0.0140899
0.0339183
0.0429874
0.0308798
0.0143248
-0.0177515
-0.0256092
-0.0134645
0.033603
0.00276886
-0.0347164
-0.0233116
-0.000630304
-0.0110605
-0.0426081
0.0426253
-0.0305217
-0.0230146
0.0154699
0.0027645
-0.0318169
0.00069278
0.0381571
-0.0263367
0.0510043
0.00103549
0.0451679
-0.0330758
0.00362308
-0.0190135
0.0479729
0.0414276
-0.0189902
0.0268929
-0.0575484
0.0422861
-0.0110578
0.0216609
-0.00502759
-0.0140956
-0.00498383
0.0103187
0.0267217
0.022744
0.0311773
-0.0420109
-0.00188194
-0.0105953
0.0433192
0.00468475
0.00947116
0.0436588
-0.04855
0.0116404
-0.0480675
-0.0129383
0.0384627
-0.0202068
0.00332251
-0.01419
0.0245263
0.0359163
0.00893841
0.0448923
-0.0288408
0.00383832
-0.0292905
-0.0295
-0.0402328
0.0300727
0.00879343
0.0233514
-0.000970149
0.0596371
0.0535607
-0.0303916
-0.0312175
-0.042326
0.0202666
0.0369521
-0.0238657
0.036528
0.0246033
-0.022154
-0.00576188
0.0482799
0.0285451
0.0306457
0.0315502
0.0271822
0.0406252
-0.0168261
-0.0322792
0.0154307
0.0488429
0.0482416
-0.0203611
0.0388775
0.0380534
0.0350974
0.0478293
0.00524736
-0.033355
-0.0446189
0.0307836
-0.00919008
0.0491827
0.0481165
0.02479
-0.0125353
-0.0223049
0.0293428
-0.0174581
0.0382887
-0.0417771
0.0242834
-0.0427467
-0.0333022
0.0194132
-0.00885817
-0.0194249
0.00252852
-0.0143877
0.0190075
-0.0513241
-0.0329366
-0.0175395
-0.0577936
-0.0114692
-0.0243201
0.0435279
-0.0667589
-0.0147431
-0.0343012
0.00966588
-0.0446785
0.00530502
0.0135268
0.0232804
0.0293528
0.0305371
-0.0264837
0.0136815
-0.0117385
0.0317541
0.00475682
-0.0439063
-0.0477436
-0.031456
-0.036964
-0.0662584
-0.0268274
-0.0555872
-0.0423596
0.0268148
-0.0219387
-0.0413632
0.0280589
0.0136697
-0.00156175
0.0272098
0.010548
-0.0621704
0.0101477
0.0668029
0.0449341
-0.00822733
-0.0411938
0.0300689
0.0246823
-0.0233455
0.0618061
-0.0276875
0.0284688
-0.073328
-0.0985398
0.0382387
0.0388685
0.0224118
-0.00772835
0.0323035
-0.0449582
0.0320761
0.00897628
-0.00407546
-0.0252711
-0.00839232
-0.0263543
-0.0226589
0.0157765
0.0191769
0.0507654
0.00278814
-3.12591e-05
0.00713838
0.0116493
0.00844598
-0.0182026
-0.00549769
-0.0348081
0.0172778
-0.0164081
-0.029923
0.0263211
0.0617382
-0.0136577
0.0277681
0.0658719
0.0205908
0.00578399
0.0756305
0.0121505
0.0147377
0.0269077
0.0474752
0.0465556
0.0463359
0.013357
0.0529146
0.0321719
0.000140856
0.0272121
-0.0226138
-0.0224268
0.006802
0.0674219
-0.0330796
0.0288684
0.0233867
0.0195619
0.00664404
-0.0407197
-0.0239717
0.0109567
0.0219218
-0.000888435
0.0474441
0.0300735
0.0154222
0.00833627
0.0271178
0.00157754
-0.0264833
-0.0165015
0.044397
-0.0352577
-0.0389938
0.0196403
-0.0316315
-0.0383115
-0.047441
-0.0282301
0.0147806
-0.0443085
-0.0198031
0.0131234
0.0473813
0.0367038
0.0353776
0.0453455
0.00383112
-0.00540452
-0.00054605
-0.0369357
0.0400372
-0.0307199
0.0321378
-0.0117357
-0.00331649
-0.0182632
0.0353447
0.032696
0.0306722
-0.0112748
-0.0100437
-0.016608
0.022147
0.00257311
0.00531901
0.0387552
-0.0281076
0.0210713
-0.0411979
-0.0321796
0.0258222
0.00394717
0.0280011
-0.0274071
-0.0509394
0.0419739
0.00591374
-0.00814698
-0.0307918
0.0323938
0.038393
-0.035466
0.0589614
-0.00993685
0.00222637
0.0471252
0.0241251
0.00387829
0.076634
-0.0543717
0.0408274
-0.00161542
-0.0271084
0.0452749
-0.044263
-0.0124556
0.0125585
0.0456761
-0.00956859
0.00355981
0.0573991
-0.0403135
0.00318644
0.0039055
-0.0220775
0.0401407
0.0229639
0.127248
0.0305115
0.0229835
-0.0331136
-0.0607956
0.0615571
-0.0182215
0.0521227
0.0432015
0.0140767
-0.0146243
0.0401397
0.0458629
0.0309514
0.0356099
0.015496
-0.0044509
-0.00135976
0.0712225
0.0353021
0.00675589
0.014942
-0.0123389
-0.187166
-0.0342773
-0.037628
0.00908669
-0.0243247
-0.0615875
-0.0484694
-0.11542
-0.0181823
0.0544308
-0.0794183
0.0221814
0.0501025
0.0391606
0.000315922
-0.0294709
-0.0137463
-0.0478351
-0.0877248
-0.180458
-0.0214409
-0.03642
-0.00633311
-0.0115998
-0.0825669
-0.00879671
-0.0236984
0.0449791
-0.00227299
0.0650419
0.0178737
-0.0110078
-0.0313855
0.0375583
-0.0164362
-0.000281204
-0.0201212
-0.0131837
0.0323108
-0.0425035
-0.0435707
0.00432803
0.0273919
-0.025175
0.0262838
-0.0373771
0.006712
-0.0378268
0.0720178
-0.0259003
0.0461276
-0.0323906
-0.0291949
-0.0418679
-0.0321326
-0.0162828
0.00437891
-0.0179109
-0.0420237
0.0131169
0.00598026
0.019521
-0.0345715
-0.027792
0.0173276
0.0105757
0.0558392
0.0583821
-0.00963745
-0.00915498
0.0586996
-0.0214694
0.0437534
-0.0133261
-0.00448811
-0.00919748
-0.00269869
-0.0156515
-0.0220815
-0.0135254
0.0656537
0.0448238
-0.0122158
-0.0221312
-0.00269834
-0.0354879
0.00886998
-0.0317227
-0.00330321
-0.0412669
0.0085326
-0.0802675
-0.00269845
-0.0362141
-0.00617445
-0.0855325
0.00172533
-0.0512979
-0.126091
-0.0462159
-0.0399569
-0.0294828
0.017566
0.0107942
0.0571989
-0.0301948
0.011577
0.0294757
0.0450402
-0.0230143
-0.0239923
-0.0400275
-0.0408728
0.0054199
0.00694114
0.0461069
-0.0171295
-0.0308557
-0.0450912
-0.0238589
-0.0230295
0.0646223
0.0062007
-0.0399447
0.000599177
-0.0102994
-0.0361732
-0.0299223
0.0319752
0.044275
0.0338878
-0.0275625
0.00523536
0.0450473
0.0395359
-0.0141254
-0.0422
-0.0181421
-0.0307207
0.0301172
0.0304067
-0.0278505
0.0261871
-0.000249413
0.0225012
0.0300239
-0.0145989
-0.00429787
0.0430392
0.0380849
-0.00392895
0.0580186
-0.0250595
0.00239321
-0.0434524
0.0265618
-0.0227752
-0.00553424
0.0403309
-0.00690504
-0.0693158
-0.000270147
0.0115533
-0.034502
-0.0417466
-0.0258226
-0.0191829
-0.0268305
-0.0292062
0.00752295
0.00666447
-0.010767
-0.0313043
0.00917167
0.0259662
-0.00767168
0.0436293
0.0439024
0.0191016
0.0107912
-0.012086
-0.0348394
0.0142258
-0.0445968
0.0336791
0.0430669
-0.0209369
0.0160001
-0.114073
-0.00289897
-0.0915697
-0.0804649
0.00366699
-0.0526891
0.0230235
0.0255761
0.00785684
-0.0462501
0.038099
0.0358241
0.0114606
0.0304938
-0.0830463
-0.00933646
-0.0690755
-0.0201587
-0.00650904
0.0370065
-0.0464043
-0.0218421
-0.00748277
0.0296301
0.0336972
0.00876301
-0.0324629
0.0129172
-0.00118929
-0.0394897
0.0137083
0.044945
0.0636372
0.0446663
-0.0029659
0.0141574
-0.00634138
-0.0173424
0.0199168
0.0200384
0.0642525
0.0243389
-0.0382919
0.027405
-0.0310976
0.00164314
0.0908867
0.0368139
0.035602
0.0181345
0.00336507
-0.0229417
0.0100456
0.0273191
-0.0129681
0.0432936
-0.0415974
0.0376595
-0.110853
0.0612619
0.00141249
-0.0457133
0.00562259
0.0514702
0.0331655
-0.0268706
0.0408734
-0.0347706
0.00649747
-0.0728577
0.0327759
0.0703503
0.0101127
-0.0313618
-0.00903756
4.41154e-05
0.0445444
-0.0181915
-0.067121
-0.089643
0.0194318
0.0292001
0.0693426
0.00208448
-0.00906038
-0.0466777
-0.0077627
0.0172676
0.0359099
0.140436
0.057583
-0.0299478
-0.0161073
-0.0255232
0.0160226
-0.00341384
0.0377589
0.0509496
-0.0240642
-0.0121249
0.0513148
-0.0161329
-0.0457824
0.00029184
0.0456323
-0.0326903
-0.0262818
-0.0371163
0.0013929
0.0579341
0.0670176
0.024498
0.0131759
0.0138316
-0.0167748
-0.0247967
0.0426786
0.0437178
-0.00488777
-0.00163818
0.00895802
-0.0352579
0.00700328
0.0188004
0.0145393
0.0199978
0.00982942
-0.0272051
0.0420011
0.0482988
-0.00496155
0.0397524
0.00824333
-0.0248853
-0.00863649
-0.0268992
-0.0244948
0.0136119
0.0070171
0.0117724
-0.0045543
-0.0420651
0.0344768
0.0249934
-0.0105957
-0.0296502
-0.00680642
0.013954
0.0120286
0.0217989
-3.83392e-05
0.0217527
0.0200186
0.0108174
0.0278843
0.00394744
0.0248139
-0.00741773
-0.022304
-0.0466816
-0.0469698
-0.0460458
-0.0299377
0.0360014
-0.018719
-0.0147017
0.00992014
-0.0356327
0.0409163
-0.0340413
0.0213335
-0.0241552
-0.00114355
-0.0123728
0.0178624
-0.0398699
-3.02395e-05
-0.0225664
-0.0107369
0.00977479
0.0347924
-0.00292552
0.00752013
-0.0295165
-0.00524295
0.0305171
-0.0179096
-0.0266492
0.00195119
0.0156533
0.0477326
-0.0323176
-0.0098935
0.00520559
0.0119719
-0.00231944
0.028713
0.0465436
-0.0146588
-0.0426964
0.00666307
-0.034967
0.0338122
-0.0396899
-0.0225229
-0.00896356
-0.00286176
0.0116726
0.0769621
0.00440569
0.00381964
0.00154013
-0.0319766
0.0112349
-0.0471784
0.00414957
-0.0533708
-0.0435553
0.0376065
0.0136617
0.0371751
0.0480709
0.0181297
-0.0516411
-0.0289305
-0.0688255
0.032976
0.0762661
0.0435905
0.0301056
0.00588923
-0.022642
0.0275225
-0.0285724
0.00492941
-0.0029739
-0.0518549
-0.00473283
0.0256681
-0.031568
-0.0433327
0.00176707
0.00649855
-0.0282522
0.0367461
-0.00284504
-0.0813993
0.0116645
-0.0141284
-0.00940105
0.0770705
-0.0214556
0.00590808
-0.00883527
-0.0150537
-0.00681297
-0.00773507
0.0116776
-0.0255565
-0.00985607
0.0324303
-0.00813918
-0.0195883
-0.00166587
0.0354991
0.0399594
0.00825651
-0.0222809
0.00705072
0.00266364
0.0116503
0.00382383
0.0123205
-0.0447172
-0.0254895
-0.0154352
0.0150855
0.0182293
-0.0345865
-0.0480873
-0.0360008
0.0144738
0.0251464
-0.0323591
0.0465297
0.0497278
0.00732765
-0.0537089
0.0120631
-0.0184843
-0.0414832
0.000765306
0.0301202
-0.0498264
-0.0325199
0.0178947
-0.0422202
0.0127293
0.0140824
0.0381153
-0.00844637
-0.0273645
-0.0279997
-0.0487012
0.0417085
-0.0170655
0.00751132
0.0231322
-0.0273727
-0.0392531
0.0145273
-0.0346138
-0.0403191
-0.0499205
0.0333829
-0.01569
-0.0478013
0.0529588
-0.0339854
-0.0403821
-0.0445396
0.0208817
-0.0252398
0.0102005
0.009781
0.041556
0.0212482
-0.0395072
0.0165044
0.039786
0.0471767
0.0262309
0.0132865
-0.0476748
-0.028612
-0.0339579
0.010322
-0.00403315
-0.00371016
-0.0281868
0.00558137
0.0240194
0.00781755
-0.00194783
-0.0330943
-0.0416198
-0.0164791
0.0153224
0.027148
0.047585
-0.0203563
0.000890146
0.0454797
0.0408143
0.0278164
-0.0106847
-0.0102397
-0.0420134
0.00371305
-0.0129364
-0.00108125
-0.0124302
0.016816
-0.0195371
-0.0425157
-0.0387944
-0.0187493
0.0184055
0.0314706
-0.0254585
-0.0348832
-0.0193372
0.0231266
-0.035895
0.0360517
-0.0330307
0.0421263
-0.0396782
-0.0385188
0.0465855
-0.043546
0.046053
-0.0273366
0.0133065
0.0116279
0.0322848
0.0166736
-0.0236387
0.00695375
0.00580616
0.00391634
0.0484072
0.0405104
-0.0283432
-0.0340421
0.0272014
-0.0438629
-0.00561256
-0.0292231
-0.00246511
-0.0420815
0.00439848
0.00582028
0.0174696
0.0375872
-0.0143337
0.0109593
-0.0324196
-0.043272
-0.0238244
0.0199424
0.0143821
-0.0255119
0.0312836
0.0468631
0.0512705
0.000367781
0.00765394
0.061663
-0.0188241
0.0257847
0.0299526
-0.0267251
0.0121716
0.0453756
-0.0406962
-0.00103063
-0.0465912
0.00223459
0.00645161
-0.0270593
-0.03666
-0.00639455
0.0320634
-0.0123808
0.0232195
-0.014891
0.0174311
0.0296071
-0.0148164
-0.016195
-0.0433321
0.0292456
-0.0437505
0.0237208
-0.0161328
-0.0433518
-0.0634353
0.0193646
-0.0745863
-0.00532163
0.0381231
0.0390484
0.0551456
-0.00571807
-0.0472792
0.0351977
0.0407198
0.00439505
-0.0161849
0.0310917
-0.06567
-0.00121477
0.0283938
-0.0110811
0.0126432
-0.0263541
-0.0569735
-0.00593265
0.021345
-0.0275039
0.0112223
0.0298986
0.0311273
0.0245549
-0.0355866
0.0299439
-0.101284
-0.0180367
-0.0784036
0.0132994
-0.0435238
-0.030554
0.0320765
-0.0560953
-0.0258504
-0.0209546
-0.0288229
-0.0215835
-0.0250337
-0.0409988
0.0431305
-0.0527859
0.0417243
0.057099
0.0265139
-0.0386631
0.0535557
0.0119657
-0.0347658
0.0295178
-0.034817
-0.0262643
0.00840685
0.0135574
-0.00450954
-0.046891
-0.00276705
0.0333626
0.0190788
0.0194912
0.0410569
0.0458369
-0.00241805
0.00139976
-0.0384549
-0.00320321
-0.000628481
0.0105209
0.035788
0.00173115
0.0473596
-0.0132419
0.066541
0.00179694
-0.0129107
-0.0173244
-0.0317872
0.0568913
-0.045782
-0.041304
0.0143895
0.00529892
-0.0404213
-0.0211952
-0.0248916
0.0438655
0.0310986
0.0445462
-0.0424293
0.0302161
0.0359873
-0.0255654
-0.0426474
0.0243601
0.0410736
-0.0462322
0.0191047
-0.012666
0.00497408
-0.00403402
0.0473476
-0.0111615
-0.0259618
-0.0166697
0.0390418
-0.0420405
0.0160152
-0.0316238
0.024348
0.00303111
-0.0291413
-0.00257096
-0.0223129
0.00340761
-0.00842754
0.0417799
0.0322965
0.00263536
-0.0176697
-0.00748554
-0.00703543
-0.00511759
0.0201656
-0.0279503
-0.00794951
-0.00704606
-0.0219754
-0.0429208
-0.034225
0.0229817
-0.00345407
0.0112085
0.02677
-0.0399462
0.000982906
0.00552335
-0.0260123
0.0300968
0.0467947
0.0114443
0.0278304
0.00399109
0.00231684
-0.0261549
-0.00337399
0.037334
-0.0075603
-0.0102904
-0.025274
0.00947261
-0.0519782
-0.00274496
0.0355916
0.00695397
0.010163
-0.0403585
0.0751867
-0.043937
-0.0239532
-0.004086
-0.0471224
0.004696
0.0388199
-0.00448676
0.0428359
-0.0224242
0.0196363
-0.0228378
-0.0145949
0.0066534
0.0599494
0.0460316
-0.0127867
-0.0370751
0.00691915
0.0400687
-0.0289739
-0.0117346
0.0283679
0.00321699
0.00071857
0.0260181
0.0604657
0.0472349
-0.0707909
0.10036
0.102299
-0.00766128
-0.0403041
-0.0555794
-0.0374392
-0.0404557
-0.143094
0.0102954
-0.0286017
0.126419
-0.043698
-0.0467834
-0.0230718
-0.0252939
-0.0246333
-0.0566716
-0.00318034
-0.0366195
-0.00334374
0.0257159
0.00417541
-0.0093821
-0.0766198
0.00657794
-0.0323481
-0.00435436
-0.0149796
-0.00134204
0.0247278
-0.0614634
-0.0529573
0.0437323
0.0324832
-0.0141139
0.0409478
0.0112784
-0.0348538
0.0489929
0.0549098
-0.00684318
0.0203747
0.00559027
0.00867307
-0.0218724
-0.0225086
0.0419346
-0.0442674
0.0590344
0.0445111
0.0070151
-0.0267164
-0.00155473
-0.00551539
0.114635
-0.0054467
0.0135496
0.00752075
0.00389218
0.000344808
-0.0587774
0.00433249
-0.055635
0.0359624
-0.0120791
-0.0136593
-0.0482675
0.00869342
0.0263442
0.0237274
-0.0389026
0.0499229
0.0486733
-0.0214754
0.00924852
-0.012497
0.0484376
0.0422209
-0.0329244
-0.0070623
-0.00430181
-0.00254524
0.0147161
0.0318407
0.00563154
-0.028584
0.0217047
-0.0104706
0.0487536
-0.000758653
0.0543632
0.0686519
-0.076985
0.0464486
0.00841085
0.00374305
-0.0410713
0.0811545
0.0106604
0.0258013
-0.0455389
-0.0513139
-0.0838476
0.00770998
0.094961
-0.0129413
-0.00414147
-0.0616335
-0.0482331
0.0307947
0.00560269
0.0632792
-0.0485077
0.00569583
0.0398425
0.0258166
-0.0222948
-0.0884165
0.00312827
-0.0650203
-0.0226232
-0.00213313
-0.031835
0.00491504
-0.0530446
0.0429209
0.00393609
0.0614674
0.00415227
0.0406443
0.0477942
-0.0291
0.0470809
0.0373203
0.0144188
-0.0128736
-0.0510049
0.00321285
-0.0316619
0.0226258
-0.000347824
-0.0105855
0.035356
-0.00317335
0.0461162
0.0188312
0.0210615
-0.00107748
0.036154
0.0395459
-0.0207532
-0.0241911
-0.0146685
-0.00359515
-0.0221127
-0.0321597
0.03777
0.0375431
-0.0147732
0.026071
-0.014103
0.0485035
0.0111872
0.0159264
0.0195547
0.0363715
0.0381252
0.0192223
0.0230996
-0.0124191
-0.0375381
0.0135853
0.0339039
-0.0460305
0.0379406
0.0302574
-0.0380143
-0.00191912
-0.0328491
-0.023728
-0.0430119
-0.0476404
-0.0328675
0.0308496
-0.0438254
0.0100328
0.0110826
-0.00209327
0.0384465
0.0151088
-0.0347781
-0.031008
-0.0269368
-0.0298161
0.00639183
-0.00644271
0.015697
-0.078136
0.000261855
0.0269462
-0.056531
0.0275138
-0.0168397
-0.0633817
-0.00521428
0.0106481
0.0310791
-0.0261818
0.0457246
0.000115679
0.00119454
0.020935
-0.0745263
-0.0209729
-0.0308378
-0.0162266
0.050477
-0.0296259
-0.00669559
0.0504292
-0.0229924
-0.000839881
0.0219743
-0.0465845
-0.0143246
0.0110624
-0.00201537
0.0312649
0.0206853
0.0616067
-0.00257514
0.0217121
0.0308518
-0.00657842
0.0415484
0.0183063
0.0371183
-0.0331205
-0.0650698
0.0762949
0.0379157
-0.0407138
0.0200561
-0.0108416
-0.00944506
0.00404482
-0.0460907
-0.00898438
-0.0170174
-0.0287939
0.0156141
-0.0128033
0.130413
0.0302052
0.0180841
-0.0319419
-0.0620511
0.0202477
-0.0806984
0.0207015
-0.0121369
-0.0417822
-0.0307856
0.0743275
0.054445
0.00834645
0.064854
0.0654281
0.0263131
-0.00525172
-0.0277978
0.0180425
0.0515125
0.0544267
0.0233281
-0.0434022
-0.0353214
0.0522978
-0.00362679
0.0432056
-0.0960845
-0.041625
0.0320036
0.0238321
-0.0152109
-0.0105286
0.00955177
-0.0762612
-0.0334081
-0.107852
-0.136903
-0.0665995
0.0111887
-0.0573408
0.0233062
-0.0388626
-0.0350352
-0.0346106
-0.00377679
0.0286831
0.0211553
-0.0283648
0.0171746
0.0737846
-0.0019669
0.0224395
0.0171341
-0.0379513
-0.0264955
0.0212211
0.0497103
-0.00010381
0.0355884
-0.0112511
0.0299852
-0.0101519
0.0479533
0.0376229
-0.0107574
-0.0423411
0.0198546
0.0195312
0.00272787
-0.0223183
-0.0252384
-0.0227668
-0.00590741
0.0152537
-0.0488087
-0.0148872
-0.0315616
0.0362857
-0.0463717
-0.0286955
0.0174791
0.0191532
0.0224027
0.00942359
0.000835709
-0.0161838
-0.0234377
0.0171889
0.0181262
-0.0376281
0.0107666
-0.0470344
0.0198659
0.0441639
0.0299598
-0.0257002
0.00806371
-0.0384165
0.013366
-0.0336943
0.00755527
-0.00891779
-0.0238494
0.0426542
-0.030786
0.0025339
-0.0475388
0.0366917
0.047294
0.00770422
0.0371494
0.0312119
0.0411397
0.000614085
-0.0365738
0.0118088
-0.0253015
-0.00174114
0.0187457
0.0227468
0.036394
-0.0371838
-0.0217827
0.0350311
0.040365
-0.00518024
-0.00359995
-0.0538357
-0.0475713
0.0279114
0.019194
0.0448696
-0.112405
0.135704
0.0656676
-0.038653
0.00909682
0.0266566
0.0210429
-0.00762713
-0.0997198
0.0344634
0.107385
0.00157761
0.429191
0.150885
0.0163312
-0.0899346
-0.0570897
0.0963535
-0.0711888
0.0249978
0.0512249
0.00224018
0.0588203
0.0900051
0.108987
0.0514408
0.00623398
-0.00705598
-0.123737
0.239677
0.165341
-0.0185149
-0.0238808
-0.099647
0.0808529
-0.460403
-0.277338
-0.10656
-0.0734679
0.191817
0.00697586
-0.00814959
-0.031417
0.132013
-0.00493518
0.0834549
0.113438
0.0811016
0.0531714
-0.127751
0.0234831
0.00679082
-0.14661
-0.0920648
-0.260652
-0.000522381
0.0189767
0.0279532
-0.0352909
-0.0993994
-0.0537741
-0.0205918
-0.0900338
0.145931
-0.1206
-0.108936
-0.00314841
0.0259766
-0.0116706
0.0977752
-0.0275151
-0.125634
-0.0284369
-0.0402136
0.0492059
0.0460708
-0.0180366
0.0658293
0.0511413
-0.00108846
0.0692295
-0.04621
-0.0553741
0.279879
0.0192932
0.056006
0.0517474
0.102359
-0.0379546
0.0516346
0.0485988
-0.0609862
-0.0130326
0.014492
0.0190571
0.0256726
-0.0446465
0.0343825
0.0468907
0.0706895
0.138887
-0.0410281
-0.132828
0.0305901
0.0648656
0.0496522
0.0482253
-0.0148387
0.0239113
0.0399343
-0.0126095
-0.0082869
-0.00501064
-0.0479808
0.0443422
0.063255
-0.0295791
0.0185859
-0.0295235
-0.0214188
0.0977729
-0.0212786
0.0294256
0.0338592
0.0353513
0.0146224
0.0105657
-0.0257876
-0.0389612
0.0327395
-0.196713
-0.111432
-0.0835503
-0.287206
0.122142
0.0705593
-0.0242214
0.0260749
-0.00340421
0.0366664
-0.00657617
-0.00700772
0.0240455
0.0409067
0.0109327
-0.0440499
-0.0821844
-0.0481226
0.0489312
0.0143234
-0.0150498
0.0464558
0.0150602
0.0299836
0.0115768
0.0267185
0.0238888
-0.0463406
0.0245682
-0.0366419
-0.0401331
0.0119419
-0.0238215
0.0288501
-0.0283407
0.00982778
0.0380511
0.0622112
-0.02885
-0.0303977
0.0111405
0.0340116
-0.00460994
0.0110527
-0.0406999
0.0317293
0.0271412
-0.0383486
0.0244902
-0.0268229
0.0480461
-0.0519517
0.0261409
-0.0177261
0.0602759
-0.00419638
0.027643
0.0263663
0.0273018
0.0168876
-0.0158916
-0.00374516
-0.00924935
0.0470597
0.0123529
-0.101525
0.124566
0.0585124
-0.011672
-0.042041
-0.044486
-0.00947406
-0.00266541
-0.0198193
0.0350812
-0.0420919
-0.04403
0.0364993
0.0331415
0.00633187
0.0417134
0.00460924
-0.0425127
-0.0521353
0.0252451
0.027321
-0.0646364
-0.0400072
0.019571
-0.0665491
-0.0387779
-0.0127931
0.0376452
0.0761567
-0.132663
0.0778668
-0.0796067
-0.0475095
0.0266081
-0.0168629
-0.0662064
-0.0567572
-0.0582687
-0.0100207
-0.0195502
-0.000833364
0.025358
-0.0738866
-0.0407106
-0.119196
-0.00052886
-0.00321674
0.0291905
-0.0587717
0.0564114
0.111263
-0.0231574
-0.0358713
0.0173115
0.0192978
-0.00073762
0.0580103
-0.0243956
0.0101032
0.0905255
0.0811801
0.114474
0.178353
0.0171169
-0.0793726
-0.044311
0.0452566
0.0648326
0.0659937
-0.02455
0.0376102
0.0253673
0.0248181
-0.0157849
0.0954026
-0.0333975
-0.0877303
0.0450046
-0.00832427
0.023302
-0.0302123
-0.0806735
0.133188
-0.152339
0.0535979
-0.118376
-0.15834
-0.0298394
-0.0232896
-0.0247878
0.0675647
-0.0536929
0.0765026
0.027766
0.0309964
-0.0657768
-0.0964872
-0.0254419
0.0543955
-0.0166931
-0.0787268
0.020871
-0.0724125
0.0294391
-0.13312
-0.137657
-0.198648
-0.10824
0.0452308
-0.126484
0.199952
0.320969
-0.150591
0.19957
-0.149699
0.0238532
0.0511797
-0.321057
-0.0659817
0.00994865
0.0345829
-0.282139
-0.0973871
-0.243055
-0.167168
0.0040271
0.0026271
0.126524
-0.199285
0.0255215
-0.0623712
-0.0279707
-0.0275458
-0.0450689
0.014516
-0.168371
-0.0624127
-0.20955
-0.123591
0.0115166
0.138432
0.0248152
-0.0114658
0.0152244
0.05616
0.0711042
-0.0389538
0.0319084
-0.0301439
0.0347659
0.0147746
0.0042511
0.023123
0.0433326
0.0187941
-0.0295696
0.0411451
-0.0316966
0.0434143
0.0432994
-0.0190725
0.019195
0.0171676
0.00598912
0.0024428
0.0150228
0.0185941
0.0338602
0.0155229
0.0282557
0.0357911
-0.0364064
0.00939561
-0.000429926
-0.00270717
-0.0197415
-0.0321594
-0.0400057
-0.0323812
-0.0357504
-0.0345832
0.0176861
-0.0451716
-0.0160809
-0.00466767
0.0301849
0.0301006
0.0264651
-0.00106004
-0.000345024
-0.0227948
0.023268
0.0111976
0.00149543
-0.00662405
0.0231505
0.0312031
0.0282911
0.0413394
-0.0413318
-0.019818
-0.0506398
-0.00828673
-0.0153481
-0.0332701
-0.0775102
0.0264548
-0.0270684
-0.0111284
-0.0573948
0.0345009
-0.0127303
0.104005
-0.139125
0.0170393
0.0653746
0.0237417
0.04646
-0.025676
0.0250289
0.0287253
0.048672
-0.0263686
-0.0596028
0.0379371
0.0213387
0.0348422
-0.0127937
0.00466319
-0.0596268
0.00660328
0.0539733
-0.151691
-0.0727636
-0.0456954
-0.0737387
0.0517009
0.0195044
-0.0131169
-0.00300027
-0.017595
0.0178025
-0.00336702
0.0219728
-0.0323508
-0.0497309
-0.00224707
0.0136569
-0.0142205
-0.0912542
-0.108124
-0.0311561
0.0341168
-0.0438397
0.0995081
0.178301
0.136522
-0.0428499
0.0761057
-0.124904
-0.0385034
0.0141961
-0.00343512
-0.00296095
-0.0207713
0.0280519
-0.0650673
0.0218986
-0.023634
-0.00805786
0.0219239
0.000753138
0.0933431
-0.0329748
-0.015061
-0.040294
0.0521831
0.0353246
0.0315377
0.0299668
0.0667376
0.00665415
0.0209096
0.0422365
0.057908
-0.0357021
0.0053122
-0.014206
-0.0376597
0.0108305
0.0235085
0.00489349
-0.00872555
0.00568081
0.0453359
0.0576248
0.0469143
0.0252722
-0.0105121
0.0339812
-0.0491414
0.0339724
0.0406511
-0.110429
-0.122162
-0.0142391
-0.00331649
-0.0363994
-0.065374
0.0226094
0.00459983
-0.0377207
-0.00953702
0.0185232
0.0125148
0.0884697
-0.0330243
-0.0421148
0.0226582
-0.0227741
-0.0715093
-0.0322757
-0.113919
-0.0303883
0.0144385
-0.0534285
0.0412975
-0.0249792
0.0394556
0.0845071
0.0375227
0.0447983
-0.0030875
-0.0193808
-0.0101527
-0.0848365
-0.000823861
0.0208714
-0.0195716
-0.0260742
-0.0244551
-0.0856697
0.0259957
0.0318005
0.0288994
-0.0304346
0.0030208
-0.0297461
0.0233509
0.0482816
0.0243445
0.104561
-0.032891
0.0703997
-0.0390609
-0.00925241
0.0625756
-0.0420291
-0.0224859
0.0342896
-0.0776762
0.0370579
-0.00603237
0.0263222
0.00357392
0.0176762
0.0253078
-0.0126476
-0.0397627
-0.0306749
-0.023949
-0.0366371
0.0326097
0.0514853
-0.000808496
-0.0334671
0.010815
0.00535379
-0.0356871
-0.0356831
6.42625e-05
-0.0403636
0.00617596
-0.0452939
-0.0149148
-0.0144749
-0.0288103
-0.0296819
-0.0162081
-0.0444038
-0.0355651
-0.0378407
0.0182522
0.0308698
-0.0449176
0.0489844
0.0245667
0.0331118
-0.044191
-0.00655029
0.0551186
0.015484
0.0271261
0.0364563
-0.046779
0.0157001
0.00770871
-0.033327
-0.0296959
0.0355413
0.0214113
-0.0237299
-0.0208909
0.0353157
0.00457778
0.0561448
-0.0129831
0.00208805
0.0372598
0.0146641
0.0291925
0.0140599
0.0168171
-0.00817717
0.0419524
-0.00764252
-0.0344909
-0.0247671
-0.0277234
-0.0343336
-0.0304817
-0.0220544
-0.0305774
0.0821775
0.0430415
-0.0175414
0.0254544
0.0172769
0.0854093
0.042136
0.0297713
0.00672384
-0.00958892
0.0377631
0.0538559
0.0148437
0.0927057
0.0716065
-0.0210597
0.0721392
0.0421165
-0.0645215
0.00122845
-0.0412568
0.0237826
-0.0207428
0.0218089
-0.0200134
0.106672
0.0679944
0.0115604
-0.0190281
-0.0298091
0.0233066
-0.00305632
-0.0814172
-0.0139052
0.0424981
-0.0441276
-0.00399901
-0.0409178
0.00893193
-0.00133406
-0.0204177
-0.0151729
-0.0407374
-0.015667
-0.0705876
-0.0678151
-0.0140788
-0.0840004
0.016132
0.0241969
-0.0563946
0.0188468
-0.00609565
0.0256838
0.0279075
-0.00747525
-0.00516185
-0.000400167
-0.0262844
0.0248738
-0.0401389
-0.0115397
-0.0561554
-0.0579223
0.0919931
0.0280539
-0.00189671
-0.00371309
-0.0708383
0.0809977
0.0143591
-0.0290877
-0.0278584
-0.0142451
0.0519894
0.0237061
0.0184258
-0.000713989
-0.0197723
-0.127871
0.0768029
0.0472596
-0.00695142
-0.0158369
0.0445889
0.0107753
0.015477
0.00503377
-0.0595845
-0.02742
-0.0218498
-0.00997391
0.0527448
0.0719085
-0.00977626
0.0598902
0.0157089
0.0168909
0.0680606
0.031995
-0.0346424
0.0376124
-0.035839
0.0272787
0.054505
0.00833946
0.0127191
0.0442145
-0.0347096
0.0240974
0.0921652
-0.0327824
0.0339004
-0.00177611
0.00241393
-0.0324409
-0.0178425
-0.0612891
0.0483718
0.0540007
0.0713064
-0.00409295
0.0674551
-0.00168068
0.0290689
-0.0183006
0.00395459
0.00947768
0.0365308
0.0438087
0.0274692
-0.0319383
-0.0211962
-0.00832075
-0.00965524
-0.00786421
0.0484087
-0.0411979
-0.0300377
0.0258346
-0.0407901
-0.0349287
0.00793783
0.00552102
0.0293872
-0.00930977
-0.023414
0.0455726
0.0216836
0.0076004
-0.00583289
0.00084872
-0.0416558
-0.00594635
-0.0222819
0.020347
-0.00730121
-0.0298664
0.0568821
0.0182499
0.0444691
0.0162331
-0.0372054
0.0094405
-0.0140853
-0.044652
-0.00980822
0.00341814
0.0490207
0.0063244
0.02105
0.0411709
-0.0396356
0.00783647
0.0443743
-0.00515325
-0.0115164
0.0307202
0.0413327
0.0269766
0.031106
-0.0467998
0.00708959
-0.0243521
0.0249459
-0.029806
0.0456206
-0.0241063
0.0375115
-0.0327781
0.0521459
0.0371366
0.0149783
-0.0423779
-0.0241957
0.0395431
-0.0127512
0.0452366
0.0104933
-0.00349173
-0.0151838
-0.00857779
-0.296021
-0.0848205
0.0535123
0.0567959
0.0188439
-0.101728
-0.0335644
0.101325
-0.0717195
-0.113113
0.150059
-0.0262215
0.495796
0.479559
0.0379683
-0.0985571
0.0132954
0.100496
0.0620872
-0.119243
-0.0951317
-0.0238765
0.09872
0.0712602
0.103047
0.178442
0.0321283
0.0134528
-0.146089
0.144381
0.0603374
0.169173
0.0299935
0.00224341
0.187778
0.596515
-0.0444027
-0.563573
-0.0487845
0.233519
0.0128202
-0.14311
-0.0894734
0.0753836
0.0230421
-0.0641203
0.0387477
0.136601
0.000357239
-0.432459
-0.0212065
0.0659139
0.0907596
0.109143
-0.148262
-0.0116662
-0.0359759
-0.0384374
-0.0840189
-0.0682592
0.02347
0.0800489
-0.0992936
-0.0365896
-0.236065
0.198592
-0.0263183
-0.0460405
0.181471
0.0820932
-0.200255
-0.0512033
0.206152
-0.126024
0.0860657
0.0487928
0.12103
0.0653338
0.00634676
-0.0368121
0.0152385
-0.178725
-0.202093
0.361902
-0.0599277
-0.0599186
0.0645503
0.0933697
-0.119277
0.158051
-0.00225748
-0.0424103
0.00626826
0.0111439
0.0964418
0.111076
-0.00867253
0.0273349
0.00115508
-0.0811959
0.0196602
0.0241194
-0.27428
-0.00431056
0.048554
0.06615
0.0350541
-0.00358081
-0.0262451
-0.0163699
-0.0143559
-0.0376148
-0.0101796
0.0423338
0.0503802
0.121776
-0.027759
-0.0269605
0.0315582
-0.0500957
0.125999
0.0792483
0.101252
0.0347841
0.0253848
-0.0814586
-0.00567336
0.00331516
-0.0185658
-0.0412084
-0.222109
0.0707836
-0.0863707
-0.255288
0.07836
0.0763154
-0.0726637
-0.0267611
0.00167319
0.138881
-0.0608473
-0.0255491
0.0292644
0.0448774
0.00778928
-0.16674
0.0157591
-0.00858159
0.0708156
0.029385
0.0342463
0.0458234
-0.00760176
0.0121612
-0.0374457
0.0927855
0.114118
-0.011374
0.0110673
0.0332036
0.0210145
0.0235326
0.00149394
0.0180937
-0.148806
-0.0450512
-0.0267857
0.028232
0.00597713
-0.00932168
-0.0443177
0.0323693
-0.000896101
0.0461712
-0.0187474
0.0165591
0.0459676
-0.00590048
0.0374866
-0.0732874
0.0761251
-0.00355962
0.0335658
-0.0247592
0.0734455
-0.00577389
0.0607471
0.00384233
0.0284035
0.0165988
-0.0224988
-0.0431052
-0.00767817
0.0445184
-0.0430942
-0.093288
0.0651342
0.0627722
-0.0339861
-0.0241974
-0.0244684
-0.0392059
0.0485346
-0.0432256
0.020165
-0.0108473
-0.0186885
-0.151163
-0.0271412
-0.0414307
-0.0560695
0.0436993
0.090487
0.03479
-0.0247386
0.137268
0.321715
0.0700655
-0.0761916
0.0229262
0.287989
-0.00161974
0.0418098
0.142635
-0.0862731
0.0490352
0.0647344
-0.137837
-0.0986597
-0.290182
-0.00723464
-0.0828717
-0.0765583
0.0718087
0.124133
0.115665
0.130215
-0.0720519
-0.121576
-0.0428499
0.052261
-0.0788213
-0.0179858
-0.145638
0.0155564
-0.218446
-0.0264376
-0.175911
-0.0722407
0.122132
0.112922
0.157258
0.0370724
0.010119
0.0280391
0.0721164
-0.153902
0.3976
0.20248
0.053175
0.197043
-0.0046867
0.00631201
0.139621
0.0124032
-0.0161247
0.0461238
0.0227073
0.0290963
0.269083
0.155361
-0.0578275
0.0522687
0.0876003
0.0312314
0.0500583
-0.172686
0.00849896
0.889438
0.0936118
-0.064509
0.0496451
-0.307032
-0.0481261
0.0247667
-0.250484
0.0175212
0.00354949
-0.00683547
-0.735183
-0.272447
-0.181765
-0.0497635
-0.0617329
0.0797766
-0.0124967
-0.0546346
-0.216839
-0.00250403
0.0788867
-0.17772
0.0196336
0.0173796
0.0557393
-0.0443428
0.210965
0.313227
0.0333433
0.194444
-0.28991
0.105875
0.110962
-0.310054
-0.184578
0.0116165
-0.00456185
-0.520708
-0.147083
-0.307663
-0.348445
0.0689902
-0.0513506
-0.00437511
0.116311
0.107253
-0.210228
0.0405256
-0.0130539
-0.0271045
-0.0322628
-0.243023
-0.0526777
0.199043
0.208709
0.0668709
-0.0239121
0.107646
-0.0279377
0.0394219
0.0662144
0.0128035
-0.0198324
0.0116971
-0.00264787
0.0668802
-0.00909639
-0.0171551
-0.0400302
0.0510486
0.00528113
0.0134011
0.0507188
-0.0377007
-0.0220873
-0.0102346
0.0151039
-0.0280922
0.048909
0.013325
-0.0224622
0.0144843
0.0209033
0.0482801
0.0177186
0.0188909
0.0146352
-0.030841
-0.0070002
0.0145658
0.021836
-0.0463072
-0.152456
0.0353846
0.0245793
0.0351894
-0.00425244
-0.00557911
-0.000259185
-0.0291499
-0.0381372
0.00393284
-0.010401
-0.0514073
0.0334277
-0.0465407
0.0281833
-0.0390542
0.0328084
-0.0027017
0.012092
0.00472961
-0.0345986
0.0428039
-0.0585942
0.0124874
-0.0453238
-0.0265882
0.00341897
-0.0451081
0.0162309
0.0145161
0.017823
-0.0763638
0.00663292
-0.0192092
0.029211
-0.0240122
-0.0341007
-0.0296923
-0.00933064
-0.0672347
0.00205699
-0.024487
-0.0345381
0.000343662
0.231909
-0.00487917
0.0127538
0.0539381
-0.0301081
-0.0397677
0.044822
0.0824988
0.0464831
0.102244
0.0558981
-0.0497603
1.10746
0.593716
-0.0916672
0.0575681
-0.219999
0.387646
0.267692
0.196054
0.0628835
-0.036849
0.0223455
-0.045286
-0.00367383
-0.0884911
0.35008
0.0085035
-0.11875
0.150328
0.0623995
-0.0839122
-0.0173751
-0.0010693
0.0604572
-0.827645
-0.20561
-0.0149407
0.0327446
0.497254
-0.0605363
0.244752
-0.198417
0.161455
0.0989669
-0.120455
-0.0793455
0.0460669
0.159862
-0.217415
-0.0150164
0.0538424
-0.20157
-0.0807096
-0.334076
0.0144033
-0.132746
-0.024906
-0.332283
0.370608
0.00718381
0.149308
-0.0511051
-0.000954598
0.1789
-0.0755072
0.00662936
-0.00835489
-0.23925
-0.0146539
0.00639306
0.0276342
-0.208629
-0.145915
-0.00302715
0.0178496
-0.0443832
0.0603209
0.0268465
-0.0363012
0.0314276
-0.0521495
0.0986027
0.110921
0.0319239
0.0169557
-0.0279795
0.0334921
-0.0715624
0.0899672
0.222806
-0.0396646
0.0116996
0.00325603
0.00408668
0.621423
0.0221644
-0.00927887
-0.0154644
-0.0710989
0.0893819
-0.00120923
0.394061
-0.0810847
-0.107934
-0.0165355
-0.031145
0.0134061
0.000294033
-0.00722604
0.0104068
-0.00940211
-0.0357291
0.0347791
0.0961569
0.0620111
0.0458142
0.0525129
-0.0281284
0.0865914
-0.19598
0.209045
0.0610632
0.0282147
-0.0158125
0.0460589
0.0931921
0.0451515
-0.00376293
0.0437315
-0.30419
-0.169564
-0.172031
-0.139168
0.0327338
0.0284729
0.0391867
-0.00180192
-0.0229836
0.0656505
0.0932976
-0.0169184
-0.0469715
-0.0150522
0.0119413
-0.0349447
-0.177814
0.00918708
-0.161897
0.0860029
-0.0798194
-0.0403922
-0.0355463
-0.0158169
-0.0198465
0.0229171
-0.0173776
-0.0178125
0.0485658
0.0180308
0.0278005
0.00892404
0.0438807
-0.00306957
0.295784
-0.15206
-0.127377
-0.00712407
-0.0490447
0.0445396
0.0228492
-0.0165664
-0.0197809
0.043775
0.0158011
-0.00321927
0.0769975
-0.0360011
-0.0162652
-0.0441973
-0.0275725
0.0185202
0.0107332
0.00171146
-0.0129913
-0.0363318
0.00660689
0.0408866
0.0401723
-0.0490212
0.0151901
-0.0417911
0.00943261
-0.0246598
-0.01306
0.060843
0.142065
-0.0219973
0.113432
0.0228911
-0.0144677
-0.00206768
0.0301449
0.0174682
-0.0333965
-0.0289949
-0.0272991
-0.0266153
-0.0133335
-0.0040555
-0.0217073
0.000268239
-0.108257
-0.0707661
0.133475
0.0104891
-0.269491
-0.00650927
-0.0553776
0.0168376
0.0276924
-0.0160932
0.013781
0.024909
-0.185875
0.0921651
-0.16774
0.179393
0.179712
0.0440392
-0.0805616
-0.020105
-0.0472827
0.0146476
-0.0928486
-0.0899726
-0.0172791
0.140391
-0.147105
-0.105749
-0.0922467
-0.0623638
-0.0437755
-0.141835
-0.0538558
0.143371
0.053409
0.25357
0.073561
0.132699
0.137318
0.201155
0.00832572
-0.00955738
-0.104908
0.115143
0.0645674
0.0929539
-0.0374863
0.116558
0.0146873
0.143317
0.0183184
0.119034
0.0578438
0.0723804
0.0742797
0.033661
-0.214808
0.263334
0.273853
0.16957
0.145152
-0.00946905
0.111057
0.088703
-0.21968
-0.14679
-0.442781
0.116919
0.106964
0.136671
0.353163
0.00375802
-0.0354042
-0.25284
0.047879
-0.424866
0.113337
0.451398
0.37881
0.21254
-0.168714
0.0231331
0.0569344
-0.0438972
0.139599
0.0838034
0.0956551
0.267915
-0.0262178
-0.272347
-0.0909895
-0.0391451
-0.0021418
0.0130884
-0.0130724
0.052116
-0.244254
-0.0562831
-0.0792263
-0.0245849
0.222976
0.0857718
-0.0326061
0.0166271
-0.0903466
-0.0572829
-0.239497
0.0569221
0.332405
0.0760784
0.10527
-0.128355
-0.0953581
-0.0819017
-0.0948538
-0.0309851
0.0147384
0.0253156
0.220857
0.0749573
-0.0741859
-0.130748
0.0391156
-0.0759885
-0.119175
-0.00123015
-0.00644795
0.0346869
0.152573
-0.0331717
-0.0428297
0.0188739
-0.0153309
-0.0260223
-0.040371
0.0224112
0.0377609
0.0210137
0.0190784
0.0389568
0.00975986
-0.0283089
-0.00861206
-0.00481479
0.0312328
-0.0438035
0.0194179
0.053691
-0.0157662
0.0475066
0.0468268
0.0332586
-0.0283158
-0.041324
0.0152747
0.0242517
0.0424972
-0.0195584
0.0116955
-0.124044
-0.0399978
0.0477144
-0.00949029
0.00909772
0.027665
-0.000494118
-0.0147443
-0.0204096
0.0177013
0.0342997
0.020312
0.0124863
0.0185692
0.0415383
-0.0247819
0.0217677
-0.0245624
-0.00912651
0.0278604
0.000595236
-0.0139006
0.0121914
0.0107318
0.00992925
-0.000171019
-0.00962394
0.020625
-0.0198435
0.126679
0.196608
0.0168155
0.00360926
-0.0108999
0.0205988
-0.0118546
0.0445465
0.0708059
0.0604022
-0.054625
-0.0138801
0.0103351
0.0424355
-0.0439388
0.066826
-0.0419059
0.00610703
0.027314
-0.00899128
0.00446656
-0.00664288
0.0491771
-0.0102272
0.00938622
0.0314957
-0.021278
-9.60377e-05
-0.0636763
-0.00872445
0.00846433
0.0266071
-0.0512155
-0.0166153
-0.039901
0.00644192
-0.00467873
-0.0568048
0.0163185
0.0166832
-0.0546434
-0.00812401
-0.00776756
0.033587
-0.0658333
-0.0200875
-0.00120526
-0.0501528
0.040976
-0.0159726
0.154339
-0.00945902
0.0849142
0.00259672
-0.0359623
0.0340969
-0.0579926
0.0254905
-0.00496006
0.0128113
0.00318786
0.044433
0.00856545
0.0112119
-0.0466716
0.0100376
-0.0446302
0.0427105
0.028895
0.0323148
-0.045074
0.0223349
0.0268666
0.0205526
-0.0491522
-0.00307884
-0.0527192
0.028734
0.0376844
0.0126755
0.0376552
0.043136
0.0423191
0.0569375
-0.0109378
0.0370849
-0.00324531
-0.0155512
0.00742843
-0.0548646
-0.0469349
0.0605318
0.000875453
-0.0403898
0.0455866
-0.0120772
0.0127545
0.0264456
0.0237735
-0.0542008
-0.0674463
-0.00647459
-0.0668035
-0.0757157
0.0455784
-0.0559225
0.00130229
0.0160434
0.0405338
0.0393019
0.00562662
0.0317104
0.0441029
-0.0137896
-0.0269941
-0.0695779
0.0225493
-0.0503832
-0.0232635
-0.0169332
0.0279211
-0.00926282
-0.0275215
-0.000380767
0.0175695
-0.0271828
0.0473928
0.0362864
-0.0327076
0.0134759
0.044573
0.0172203
-0.0513392
0.0603068
-0.00191781
-0.00799713
-0.0109568
0.00348955
0.0411892
-0.0146172
-0.0222044
0.00852582
0.0430474
0.0279367
-0.00651279
0.0743718
0.0313212
0.0674137
-0.106521
-0.0327471
0.0283695
0.0205698
0.00905456
0.0468712
0.0559437
0.0278314
-0.0182531
0.0203592
-0.0259762
0.0486226
-0.0309265
-0.00529878
0.0201054
0.0590549
-0.0452673
-0.0333417
-0.0351725
0.0157823
0.0088013
-0.0140087
-0.0309246
-0.0191754
-0.0490875
0.0209853
0.0142229
-0.0127582
-0.0235267
0.0266287
0.00562071
0.0290899
0.0486687
0.0549533
0.0212099
-0.0448132
0.0004569
-0.0341964
-0.0333909
0.0162584
-0.0308466
-0.0213922
0.0117213
-0.0279039
-0.033156
-0.039807
0.0313094
0.0332196
-0.0258098
0.00211209
-0.033776
0.0340712
0.00884661
-0.0152629
0.050006
-0.0342487
-0.0490827
-0.00967713
-0.0333938
0.0260159
0.00159397
-0.0219464
0.0292662
0.0130901
0.020822
0.0387002
0.032364
0.00887005
0.0252686
0.0205941
0.0450948
0.0276218
0.0254548
0.0147159
0.0252221
0.0173844
0.0103962
0.0405977
0.0137465
-0.0123436
-0.0211437
-0.0292441
-0.0442617
0.0215838
0.0418876
0.0370015
-0.0238536
-0.0542542
-0.030727
0.0485126
0.0696902
0.0342757
0.0261432
0.0630655
0.019778
0.0224596
0.0468793
0.018712
0.0549054
0.0378932
-0.02123
0.0046406
-0.0194876
-0.00534185
-0.039674
0.0314839
-0.0124504
-0.0155692
0.00366864
0.0153229
0.00833878
0.0211141
0.0526486
-0.00112614
0.026175
0.0202154
-0.0590793
-0.00920319
0.00291081
0.0257713
-0.0183395
0.0290306
-0.0417373
-0.0203242
-0.0124348
-0.0131048
0.0132622
-0.0311184
0.0246214
-0.0663957
0.0265826
-0.00402442
0.0494205
0.00628498
-0.0186146
-0.0451636
-0.0247631
0.00105189
-0.0744793
0.0297288
0.0417358
-0.0516949
-0.0870147
0.0683551
-0.0195359
0.0333605
-0.00703708
-0.026492
-0.0522772
0.0386807
-0.00177382
-0.00105721
0.0814563
0.0101881
0.0196394
0.0247585
-0.00710894
-0.00764801
-0.0276229
-0.0433574
-0.0276078
0.0513928
-0.0391928
-0.0508999
-0.0559543
0.0329874
0.000459331
-0.0469542
-0.1246
-0.0562928
0.0211031
0.0518663
0.0396838
-0.0622756
-0.0208859
0.0557862
0.0159881
0.0217201
-0.022673
0.00560377
0.0192897
-0.00254174
-0.0289316
0.0413544
0.0433482
-0.019699
0.0125802
-0.0602821
-0.0548043
-0.0866715
-0.0159905
-0.00495159
0.0463027
0.00605158
-0.0236441
-0.0585921
-0.00479147
-0.0318904
0.0256818
-0.0371894
-0.00303562
-0.0658423
-0.0265444
-0.0011831
0.0278598
0.0340008
0.0242304
-0.0396136
0.0468298
0.0162462
-0.00113912
-0.0249641
-0.0132978
0.0136113
0.0223378
-0.0222015
-0.0233557
0.00266964
-0.0193942
-0.00776511
-0.00342556
-0.0250029
-0.047099
0.00312049
0.0188156
-0.00211989
0.0445059
-0.0460528
0.0195291
0.00608082
3.18444e-05
-0.00548231
0.0188947
-0.041583
-0.014307
-0.0159993
0.04573
-0.00680308
0.042668
-0.00763892
0.0472943
-0.0210134
0.0183534
-0.0348917
0.0345839
-0.0424667
-0.0101536
0.0286203
-0.0242729
0.0270154
-0.022967
-0.00840241
-0.0244196
0.0279493
0.0297124
0.036386
-0.0418391
-0.0298829
0.007405
0.0198566
-0.0351746
0.0491282
0.0367389
-0.0118867
-0.0332624
0.0189674
0.0305306
-0.0471773
0.0318593
-0.00808356
0.0299124
0.0374486
0.0371816
-0.00460165
-0.00732787
-0.0160234
-0.0326426
-0.0598754
0.0172952
-0.00718626
-0.0460003
-0.0227227
0.279514
0.0629147
0.0399754
-0.0189505
-0.00118608
-0.0682209
0.0407483
0.0175005
-0.0425231
0.00453455
0.0297298
-0.0165487
0.251748
0.0808197
0.186311
0.0133129
-0.126982
0.00225258
0.034718
0.0330317
0.00815789
0.0163586
0.102011
0.00499851
0.0670373
0.0341965
0.094596
-0.00188889
-0.0976468
0.128255
0.140173
-0.0669472
0.000594112
-0.0346942
0.032866
-0.0455384
-0.146328
0.132143
-0.0901099
0.270968
-0.00557713
0.095354
-0.0670199
0.0499257
0.00324843
-0.181555
-0.172924
-0.0201868
-0.0166592
-0.128397
-0.0568248
-0.0042146
-0.155474
0.0164487
0.104511
0.016702
-0.05742
0.0282249
-0.00125148
0.0832404
-0.00573929
0.30113
-0.037761
-0.0336072
-0.0677789
0.00499836
0.0312908
-0.0354559
0.0431839
0.0353045
0.0139841
-0.0299578
-0.119398
-0.0176266
-0.0709398
-0.0332537
-0.0325713
0.072823
-0.015641
-0.0364153
0.0209475
-0.0180704
0.0101703
0.0931962
0.131708
0.00957249
0.00301925
-0.0113175
0.0579293
-0.000805862
-0.0154324
-0.00608637
-0.0392995
0.00648598
0.0201877
0.0102582
0.032447
0.00943063
0.0234647
-0.110033
0.112368
-0.0646104
0.0732313
-0.0502906
-0.0162406
-0.00448144
-0.0251782
-0.012589
-0.0367805
-0.025686
-0.047813
-0.00500853
-0.04013
-0.0365381
-0.0311214
0.0394846
0.0289266
0.0553895
-0.0506882
0.040938
-0.031787
-0.0459564
0.0910997
0.00655744
-0.0410539
-0.0687143
0.122033
0.0446488
0.0379167
0.0323182
0.00910896
-0.130614
0.0788087
-0.0977786
-0.00295159
-0.037284
-0.0855758
-0.030437
-0.0468724
0.0355049
-0.0051809
-0.0172748
0.0179579
-0.0442178
0.0143193
5.2973e-05
-0.0363282
-0.0189098
-0.0426242
0.0533362
-0.00559053
0.001903
0.0366972
-0.0507809
-0.0026097
0.0425775
0.0276655
-0.0454454
-0.00846146
-0.0123868
0.0065091
0.0228827
0.0438253
0.00718955
0.0932337
-0.0751592
0.00958462
0.0241443
0.0168259
0.000365982
0.00896947
-0.012945
-0.0108662
-0.0403461
0.0103651
-0.0371383
-0.0270277
-0.0391475
-0.0371855
-0.0557058
-0.0172469
0.0334612
-0.0249421
0.0379205
0.00665881
0.0302965
-0.0275071
-0.0417802
-0.0154755
-0.0125917
0.00705194
0.0271681
0.0201775
-0.0190567
0.0390223
-0.0477276
-0.0187625
-0.0079387
0.0172715
-0.0273178
-0.0390664
-0.0325921
-0.0474891
0.0377842
-0.0200382
0.0227694
0.0351283
0.000219854
-0.0400939
-0.00652767
-0.0269786
0.0269788
-0.0264783
0.00719628
0.0521198
0.00286027
0.00965381
-0.0279578
-0.0977407
-0.0519218
0.0427144
-0.0276489
-0.0113995
0.0298726
-0.191276
0.0176684
-0.0351856
-0.0435817
0.0533138
-0.0621524
0.0368646
0.0174432
-0.00772589
0.027638
-0.0364088
-0.00678645
-0.00504889
-0.0369448
-0.124292
0.0617727
0.0385908
-0.0577474
0.0107414
-0.0472136
0.0500805
0.081981
0.0388237
0.0149405
0.0309686
0.0149356
0.0687506
0.0609376
-0.00858002
0.032043
0.0138419
0.134947
-0.0346414
0.200487
0.116048
0.0812268
0.104914
0.102028
0.0272927
0.0252236
0.0256694
-0.0109804
-0.00838968
-0.0123283
0.0336581
0.0738838
-0.0404626
0.0185279
0.0315195
0.0362316
0.0223353
-0.194745
0.090913
-0.0800717
0.142109
-0.0318068
0.0367802
-0.142231
-0.109928
-0.0383208
0.00472146
-0.019696
-0.0283991
-0.105206
-0.101134
0.0127599
-0.0126004
0.0336183
0.145105
0.00137952
0.0162747
-0.00612631
0.0739928
0.0157834
0.0751867
-0.00242284
-0.0519588
0.0334848
0.0687538
0.0196411
-0.0246616
-0.111215
-0.082732
-0.249919
-0.0471361
-0.285718
-0.00836344
-0.0237286
0.0922458
0.0247273
-0.040696
0.0158507
-0.168906
0.0213076
-0.125614
0.0115858
-0.0545927
0.0295296
-0.0350945
0.0110758
-0.0393696
-0.0296126
-0.0301938
0.0151447
0.063592
0.0183819
-0.0385482
0.0134369
0.122506
0.0764229
-0.0445394
-0.0928666
-0.0122662
-0.014709
-0.0304363
0.0371255
0.0675936
0.0316579
-0.0393706
-0.0319168
-0.0390477
0.00778029
0.00201345
-0.00109201
0.0497362
0.0316958
-0.0237788
-0.0310554
-0.0162284
0.0393161
-0.0242288
-0.0275817
-0.0104083
-0.0468301
-0.00449942
0.0145505
-0.00685097
0.0364017
0.0156005
-0.0362146
0.0105379
-0.00402682
-0.000498282
0.0427415
0.0320032
0.0455892
0.0358577
-0.00149799
-0.0108222
0.00273665
0.01738
-0.0257509
0.0450057
-0.0321508
0.0446033
-0.00522276
-0.0453241
-0.0167581
-0.0477302
-0.0536304
0.0107907
0.0305675
-0.0114864
0.0103021
0.0226213
0.0477407
0.033604
-0.00880398
0.00207766
-0.00629109
0.034797
0.0280152
-0.0215545
-0.0334495
-0.0448283
-0.0117202
-0.00400713
0.0204431
-0.0455057
0.0318905
-0.00978521
-0.0352043
0.0216937
0.00410618
-0.00110206
0.017461
0.039943
-0.045273
0.0200947
-0.0411487
0.0031756
-0.0422332
-0.0254253
-0.0554162
-0.0406769
-0.044187
0.0703862
0.0188342
0.0142265
0.001991
0.0162254
-0.0174207
-0.00279851
0.035508
0.0742581
0.0877616
-0.0141736
0.0131181
0.0474656
0.00229871
0.0105953
-0.0360154
0.0235817
0.0433333
0.0416836
-0.0201979
0.0274376
0.0248833
-0.030241
-0.0503853
0.0383439
-0.0388979
0.014508
0.0169012
-0.0242802
0.110072
-0.0884562
0.0416203
-0.0351135
0.00257338
-0.0409221
-0.0107176
-0.0144987
-0.0137382
-0.0208588
0.00655152
0.0255758
-0.0231306
0.0546781
0.0264056
-0.057725
0.0118482
0.035704
-0.0154175
-0.0108792
0.0479222
-0.0418603
-0.0319124
0.0342909
0.0332786
-0.0166464
0.0569996
0.0354358
0.024957
-0.010382
0.00518249
-0.0658041
-0.0390104
0.016906
-0.0492563
0.0657247
0.0445404
0.0605206
-0.00258254
0.0106606
0.05523
0.0424643
0.0141842
0.0338966
-0.0224778
-0.00394907
-0.0271063
0.0150313
0.0545641
-0.0027316
0.0435336
-0.032503
-0.0358766
0.026955
0.0130208
0.0252475
0.0565005
0.0222729
0.00879642
-0.023415
0.0155478
0.024953
-0.0244642
-0.00557029
-0.0311604
0.068626
0.0192343
-0.00315158
-0.0566886
0.014206
0.0449608
0.00386672
0.0487822
-0.0188891
-0.0262579
0.00384441
0.00486586
-0.0224698
0.0403523
-0.0318049
0.0122242
-0.0100512
-0.0299999
0.0576328
-0.0157562
0.0327467
-0.0542983
0.0186638
-0.00804837
-0.0285978
-0.0414372
0.0309363
-0.045327
-0.00348026
0.0107787
0.00889331
-0.000583575
-0.0127233
-0.0402354
-0.095825
0.0326232
-0.0249329
0.0140583
0.01852
0.01701
-0.00187707
-0.0462066
0.00870275
0.0324676
0.0474778
-0.0450812
0.016596
0.0463851
-0.0309758
0.00145877
-0.0213947
-0.0362251
-0.0268989
-0.0409427
-0.00207248
-0.038501
0.0433375
0.0062405
-0.00352192
0.0070174
0.0440534
-0.0204587
0.0100795
0.00214987
0.0233955
-0.0744937
-0.0125103
0.0308404
0.0458931
-0.0456578
-0.0410341
-0.0342134
-0.0381178
0.0432666
0.00207832
0.029241
0.00616843
-0.0241179
-0.0479738
-0.0294371
0.034128
-0.0353051
-0.0100422
0.00751014
-0.0238983
0.0102255
-0.00739487
-0.020695
0.0456144
-0.0313556
-0.0306367
-0.0428969
-0.0210751
0.0312499
0.0393461
-0.0395915
0.00431288
-0.00374634
0.0302605
-0.0438718
-0.0294809
0.0076533
-0.0445385
-0.0083022
-0.0455468
0.00381776
0.0172759
-0.0137412
-0.0496811
-0.0273122
-0.0104157
0.00423288
-0.0334431
0.000575227
0.00181559
0.0227046
0.0409192
-0.0581061
0.0288755
-0.0193129
-0.00170722
0.0200545
-0.0407061
0.03811
0.0347504
-0.0182164
-0.0327323
0.0364085
0.0167873
0.0242971
-0.00346444
-0.0351286
0.0229662
-0.0117878
0.0341693
0.021187
0.0155982
0.0336924
-0.0117405
-0.0224753
-0.0638038
0.0184991
-0.0165201
-0.0179076
0.0531411
0.0308224
-0.0438042
-0.00924912
-0.0132488
0.0358735
0.0412209
0.0101186
0.00490893
-0.0439202
0.0130379
-0.0485298
0.018634
0.0176478
-0.0512499
-0.00698175
-0.0173486
-0.0335269
0.00100929
-0.0392758
-0.0492956
0.024028
-0.0250984
-0.0376684
-0.0107638
-0.0542318
-0.0636931
0.0724661
0.0397523
-0.0149409
0.054894
-0.0313222
-0.0376759
0.0122094
-0.0144134
-0.0519874
-0.0416919
-0.0897998
-0.120432
-0.0362132
-0.0150333
-0.0382103
-0.0190614
0.0207599
-0.0686362
0.0228903
-0.03561
0.00827303
-0.042067
-0.0127615
-0.00324257
0.0264293
-0.0487695
-0.0084538
-0.00297996
0.00543526
0.0261886
-0.0859482
-0.0205942
0.0616958
-0.0378371
0.0204706
0.0100266
0.0595652
-0.0107876
-0.0158297
0.0155395
-0.0224241
-0.0295307
0.0966289
0.034142
-0.00125585
-0.0259354
0.00127895
-0.0166898
0.032746
0.0101061
0.0200372
0.00136983
0.0410937
0.0499396
0.0070923
0.0168235
0.0412674
-0.0478561
-0.0207284
0.0553438
-0.0233461
0.0228887
-0.0797643
-0.033678
-0.00350794
-0.0180707
-0.0474891
-0.00461634
0.0474563
-0.0346462
0.00141251
0.0323101
0.0322411
-0.00451724
-0.0246818
0.0378581
-0.00729488
0.0128996
0.0135898
0.00527301
0.0322202
-0.00553093
-0.043096
-0.00565868
-0.0475841
0.0386941
0.0343391
-0.00904126
0.0379035
-0.0296784
0.0231044
0.0204324
-0.0344458
0.0182018
-0.0462387
-0.0139418
-0.0140227
-0.00893692
0.0304843
0.0225182
-0.00506292
0.0226741
-0.0203962
-0.0374812
-0.038902
-0.0198306
-0.0377448
-0.0260047
-0.0479181
0.0261808
0.0354348
-0.0120198
-0.0145083
0.033671
-0.0442746
-0.0452209
-0.0463403
0.01441
-0.0317507
0.048675
-0.040794
0.0214346
-0.0188771
0.0123398
0.0449033
0.016542
0.0206846
0.0429319
-0.0173944
-0.0245934
-0.00953224
0.038964
-0.0313902
0.0759839
-0.0110065
-0.0138128
0.00623461
0.00582098
0.0902329
-0.0655484
0.0545318
-0.00691251
-0.0235474
0.0135127
0.0242689
0.176603
-0.0190268
-0.0066723
0.0235945
0.0107225
-0.0398735
-0.0105644
0.00765355
0.0264473
-0.0106218
0.00850683
0.0471017
0.0931258
-0.0166468
0.00530126
0.0713409
-0.0458637
-0.0933825
-0.0756647
0.0212421
-0.0124031
-0.0289526
0.0132883
0.00950982
-0.00445695
-0.026047
-0.0338137
-0.0267957
0.0252489
0.0640639
0.0470657
-0.0694612
-0.0578017
-0.00502344
-0.147239
0.0168249
-0.0520563
0.145391
-0.0861579
0.0704485
0.0200662
-0.00811765
0.0674989
-0.00783925
0.0451529
0.0537459
-0.0153236
0.0158892
0.0506366
0.00647063
0.0106113
0.00591056
-0.0146988
0.0401467
0.051911
-0.026525
-0.0507151
0.015569
0.0492838
-0.0299682
-0.0377398
0.00320505
-0.0218776
-0.00341241
0.0507329
0.0463184
-0.010829
0.022419
0.0708809
0.043005
0.0221805
-0.072072
-0.026741
-0.047332
0.0104021
-0.0133898
-0.0308628
-0.0101268
-0.00746358
0.0341213
0.0393603
0.0332538
-0.0273261
0.104727
0.0285161
-0.077471
0.0021389
-0.03516
-0.0806335
-0.00405135
-0.0293017
-0.0110547
-0.0135702
-0.0258523
-0.0237452
-0.0855477
0.0106392
0.00725517
-0.012671
-0.14206
0.014257
-0.031416
0.000270216
-0.0306449
-0.054841
0.0134407
0.0420592
-0.0151619
-0.0099301
-0.06442
-0.0167624
0.0232903
-0.00587622
0.040978
-0.0675242
0.0225886
-0.0191785
-0.011137
0.0197225
-0.0104999
0.0886459
-0.0820377
0.0254889
-0.0455798
-0.0286885
-0.0147026
0.0229555
-0.00658329
0.0411196
-0.0440669
0.0484729
-0.0505184
0.0589259
-0.0106938
0.0193962
-0.0201499
-0.0102289
0.0413714
0.0408416
0.0425498
0.00969607
0.0419323
-0.032838
0.0475231
-0.0100903
0.0156494
-0.0426337
-0.0379484
-0.0346641
-0.0185924
-0.0427615
0.0426147
-0.0356305
0.00351241
0.0310676
0.054192
0.00242957
-0.0261955
0.0353836
0.00936472
0.0152097
-0.0118348
0.021275
0.0279682
0.0580574
0.0413605
0.0189846
0.04282
0.0469663
0.0227934
0.0366647
0.0163066
0.0181844
-0.0340953
-0.0317537
0.00366578
0.0129189
-0.00144933
-0.0433078
-0.0428953
-0.0141424
-0.0133992
-0.0247058
-0.0273383
-0.0144541
-0.042519
-0.0235682
-0.0469969
0.0407029
-0.042418
0.0414288
-0.0176559
-0.0016164
0.0037311
-0.0276238
-0.0221043
0.0176514
-0.0312661
-0.0489594
-0.00184472
-0.0228926
0.0263001
0.0481364
0.00589523
0.00194676
0.0418425
-0.000944803
-0.0380399
-0.0340894
-0.0171409
-0.0336153
-0.0207642
0.0423475
-0.0564124
0.0364874
0.0289625
0.0460296
-0.0324322
0.0232654
-0.0616082
0.00883976
0.00143449
-0.043791
0.0349065
-0.0919417
0.0171752
-0.0101823
0.0567777
0.0263229
-0.0326022
0.00680745
-0.0286861
0.0307793
0.0593594
-0.0631174
0.0553518
-0.0527299
0.0200319
0.00192073
0.0733097
0.0507485
-0.0175281
0.0212098
0.0309719
0.0512163
-0.0100391
-0.0167163
0.0576813
0.0149173
0.0393239
0.0149543
0.0673237
-0.00924716
0.0355803
0.0373492
0.0681682
0.0123557
-0.00370491
0.0297949
0.0751087
0.0703556
0.000426343
0.0499179
0.000367295
0.0441588
-0.0434506
-0.0288373
0.010986
-0.000867967
0.0378826
-0.0489829
-0.0138189
0.0208785
-0.0322925
-0.0249438
-0.0104771
-0.01274
-0.026118
0.00674791
0.0462641
-0.0134461
0.0991096
-0.00953846
0.0229312
-0.0356787
0.00442162
0.0754487
0.00410918
-0.00777582
-0.0173259
0.0190772
-0.00995344
0.0602166
-0.0453539
0.0207237
0.0640613
0.00447734
-0.0399897
0.0583469
-0.0249025
0.0461685
-0.021532
0.0154561
0.0053798
0.0157586
-0.00204885
-0.0423012
0.0376061
-0.0134706
-0.0626935
-0.00631453
0.0271914
-0.062291
-0.000297034
0.0365969
-0.0160002
-0.0591994
0.0320504
-0.0364719
-0.0325971
-0.117499
0.0101796
-0.0320312
-0.00268274
-0.0270582
-0.068183
-0.0104672
-0.0324415
-0.0237067
-0.0322668
0.0266521
-0.0308814
0.0290999
-0.00190179
-0.0111104
-0.0575789
0.0625909
-0.00492233
-0.04086
-0.0287692
0.0235775
-0.0479169
0.0389233
0.0192028
6.49692e-05
-0.0391377
0.0131457
0.0290003
0.00410966
0.0476272
-0.0330257
-0.0368867
-0.0247381
0.04076
-0.0160041
-0.0370779
-0.0163267
-0.031738
0.000847224
-0.00961595
0.0449485
-0.039835
-0.0282338
-0.0411225
0.043052
0.0096363
-0.00888409
-0.0347092
0.0305507
0.00396371
-0.0142792
0.0227824
-0.0451277
-0.0447113
-0.00235156
0.037918
0.0467099
0.0230273
0.0303634
0.00932064
-0.00568981
0.0379092
0.0414805
-0.0357088
0.0109894
-0.0050724
-0.00413437
-0.0371118
0.0415552
0.0468306
0.00699177
-0.00846909
0.0402886
0.036461
0.00630581
-0.00489385
-0.030201
0.0191906
-0.0326571
-0.0343777
0.00465864
-0.0180185
-0.0280807
-0.0457034
0.0485858
-0.0431125
0.0118043
0.0408041
-0.053462
0.0271255
-0.0324278
-0.00367607
-0.03032
0.0439738
-0.0158054
-0.08496
-0.0237169
-0.00516747
0.00630701
-0.0181376
0.0277184
-0.0441209
0.0284255
0.0107751
-0.0509699
-0.0131904
0.0555602
-0.267438
-0.113267
-0.101222
-0.00721413
-0.0049012
0.0471997
0.0582317
-0.0340848
-0.0113235
-0.0336412
0.000481818
-0.00993645
0.000154702
0.0455154
-0.0279903
-0.0492844
0.0449593
-0.0984733
-0.0419486
-0.00041442
-0.0413065
0.0325263
-0.00113613
0.172123
0.138562
-0.0124888
0.0857647
-0.124268
-0.0143719
-0.0146171
0.0387003
0.0116043
-0.0696496
0.0157966
-0.0305286
-0.0722745
-0.0725437
0.096801
-0.0192393
0.0287588
0.0446471
0.00815096
0.00931567
0.00572659
0.0159668
0.00185876
0.0334485
0.0294896
-0.00220979
-0.0488213
0.0618475
0.0289396
0.00434669
-0.00142337
0.000929483
0.0110884
-0.0384144
-0.0584243
-0.019435
0.00525025
0.0010268
-0.0358196
0.0580924
0.00844503
0.00331716
-0.0294198
0.0355493
-0.0280533
-0.0159688
0.0447791
0.00336649
-0.0637549
-0.0901091
-0.0111379
-0.0415256
-0.0169613
0.0194352
-0.000505272
0.00894642
-0.0119188
0.048726
-0.00978177
0.00844522
-0.0152817
-0.0260962
-0.0362786
-0.0286917
0.0170667
-0.081599
-0.0377564
-0.0176584
0.00986932
-0.0352669
0.0219165
0.013915
-1.87205e-05
0.0204933
0.0769097
0.0344682
-0.0138994
0.0127262
-0.028918
-0.028263
-0.0997047
-0.0287263
0.0262714
-0.000822427
0.0203986
-0.0319252
0.0575222
-0.0540678
0.0378756
0.0216346
0.0411379
0.00910976
0.038829
-0.0126541
0.0182689
0.0585955
0.0545522
-0.0382605
0.0664058
0.0481147
-0.0283263
0.0578954
-0.0288279
0.0249612
-0.0379691
-0.0154059
-0.0397136
-0.0141043
-0.00955834
-0.0221126
-0.00603679
0.0590491
0.00277339
-0.0164328
0.0236761
-0.0246377
-0.0332469
0.00861721
-0.00789518
0.0366087
-0.0577923
0.0209615
0.0272313
0.0397375
-0.0196332
-0.0190305
-0.039563
-0.0320396
-0.0457824
-0.0605596
0.0340183
0.00751045
0.0130265
0.041392
0.0418334
-0.0180497
-0.03404
-0.046313
0.0221362
-0.00800927
-0.00812387
-0.0157297
0.0150988
0.0117215
0.0595149
0.0596082
-0.0514967
0.0474667
0.031482
0.00784963
0.0174139
-0.0309149
-0.0283594
0.0264619
-0.0419402
-0.00901016
0.0475167
0.00219929
0.00444417
0.0253348
0.027724
-0.0442165
-0.028668
-0.0391062
0.0160448
-3.60031e-06
-0.0201564
0.0266307
-0.00212514
-0.0135299
-0.0130263
0.00540651
0.0272355
0.0107829
0.0143695
-0.0569191
-0.0116093
0.0237929
0.0249814
0.0485957
-0.0129789
-0.0368644
0.0347939
0.0165919
-0.0296744
0.0649951
0.0040445
0.0391935
0.0169053
0.137164
-0.0781583
0.0647208
-0.00676512
-0.0418641
0.00611412
-0.00168331
-0.0128005
0.0717005
-0.0145555
0.0676148
0.00920183
-0.0349759
0.0382648
0.0463975
0.0143162
-0.088352
-0.00188183
0.0166961
0.0144729
-0.0396989
-0.07855
-0.0214481
0.0356054
-0.0218721
-0.0332177
0.0085064
-0.0560466
0.0306842
-0.0348124
-0.0569973
-0.0876691
0.0175161
-0.118282
-0.0700548
-0.0314862
-0.0186397
0.0362901
-0.0721712
-0.0200242
-0.00220211
-0.0503989
-0.0267903
0.0572123
-0.00934733
-0.0815026
-0.00242244
0.0745688
-0.0162319
0.0213739
-0.0166186
0.0471385
-0.03545
-3.74459e-06
0.000739372
0.0236497
-0.0148981
-0.0835153
-0.0144041
-0.0314554
0.0128016
0.0913497
-0.0100088
0.0356812
-0.0279885
0.014639
0.0548737
-0.000494673
-0.0386888
-0.0230923
0.0376806
-0.0447384
-0.0521563
0.0294716
-0.0436954
-0.0136629
0.00964162
0.0680109
-0.0152751
-0.00786253
-0.0408051
0.0172229
0.066321
0.0388595
0.0474828
0.00922648
0.0398442
0.0248025
-0.0624803
0.0417011
0.03897
0.0198484
0.0522459
-0.0188816
0.00480158
0.030286
0.0732805
-0.00679316
-0.0406726
-0.0293833
0.0455146
0.0735029
0.0427544
0.063524
-0.0283748
0.0122974
-0.0226569
0.0371986
0.0171712
-0.0250706
-0.0060372
0.0403304
0.0292657
-0.00307059
-0.0450937
0.0263631
-0.0772412
-0.00587399
-0.0326023
-0.0485163
-0.0403366
-0.00321384
0.0109082
0.0140865
0.0189462
0.00820669
-0.0519535
-0.0274826
0.0367453
0.0361363
-0.011311
0.0261847
0.0184607
0.022604
-0.0225476
-0.051698
0.0326046
-0.00889105
-0.00433247
-0.0231001
-0.0122994
-0.0418692
0.0171701
0.0200309
0.0198808
0.0377352
0.0247731
0.0406797
0.0030928
0.0171152
-0.039888
-0.0255537
-0.0169973
0.037113
0.0363054
0.0212292
-0.0264547
0.0474925
-0.031364
-0.0230776
0.01503
0.00668633
-0.00984916
0.0124744
0.00648
-0.00474274
0.0429788
0.0367299
0.0206825
0.0477199
0.00843837
0.0202789
-0.0351576
-0.0300072
0.00222514
0.012778
0.00927794
-0.00516703
0.0271141
-0.0244887
-0.0342604
0.0196762
-0.0152464
-0.0755086
0.013247
0.0326238
0.0172684
0.0247905
0.00565028
-0.0185921
0.00968143
-0.0355331
-0.0197919
-0.0198569
-0.0238149
-0.0399239
0.00155041
-0.0272187
0.0398795
-0.0386319
0.0258512
-0.0014645
0.0196615
-0.0955732
-0.010697
0.00802497
-0.0450761
0.0240608
0.0322407
-0.0280164
-0.00869528
-0.012101
0.0232752
0.0294373
0.00793009
-0.0325036
0.0177173
0.0261531
0.0350566
0.0296439
-0.03859
0.00500013
0.0443112
0.00714885
0.0159972
0.0273612
0.0916272
0.0856349
-0.0354705
0.0521594
-0.0369033
0.0149524
0.0107957
0.0219935
0.0161842
0.0147884
-0.0281855
0.0346502
-0.00980091
-0.0601984
0.0347362
0.00722001
-0.00385461
0.0309636
-0.00586105
-0.02481
-0.0355734
-0.00838167
0.028991
0.0507297
0.0300058
0.00777665
-0.0686727
-0.012401
0.0395067
-0.0258244
-0.0176863
-0.0438327
0.0363419
0.0234941
0.019065
0.0409478
-0.00797685
-0.0220465
0.0284423
-0.0254816
-0.0271541
-0.00324067
-0.0345455
-0.043522
-0.0207771
0.00365975
-0.0149794
0.0179608
-0.0605701
-0.0279655
0.0389115
0.0418885
-0.00314505
-0.0136696
0.0129141
0.0465113
-0.0435537
0.0434756
0.0130542
0.0166457
0.0534943
0.00304574
-0.01336
-0.0294926
0.0081345
-0.0808774
-0.000291017
-0.0387872
0.00243224
-0.00336568
-0.00224029
0.021839
0.0289176
0.00578185
-0.00227568
0.0354835
0.0194347
0.0434221
-0.0433029
-0.00432666
-0.0572924
-0.0119883
-0.0143867
0.0233939
-0.0303023
0.035949
0.00561177
-0.0128269
0.046226
0.0419776
0.00601008
-0.078682
0.0425218
0.00527807
-0.0281676
-0.0540565
0.0814905
0.00930817
0.034157
0.0352511
0.00302668
0.0291525
0.0152665
0.0345143
0.00226723
-0.00702703
-0.00110008
0.0392218
0.0487868
-0.012005
-0.000883377
0.0273998
0.00221692
0.0387975
-0.0640761
0.0358658
-0.0420742
-0.0369647
-0.020286
0.0375292
-0.0533383
-0.0493142
0.0153087
-0.0041641
0.0471975
0.0395895
-0.0105768
0.00418854
-0.0171331
-0.0291744
0.0355992
0.0304492
0.0350033
-0.0262071
-0.0129486
-0.0490715
0.028077
-0.0220833
-0.0420319
0.00442539
0.0136311
0.0333104
0.0190901
-0.0260077
0.00784309
0.00679714
-0.0250468
0.00386608
0.00594952
0.0139514
0.00571797
0.0190243
0.0366013
-0.0119782
0.00139566
0.00270268
0.0345301
-0.0406737
-0.0206293
-0.0434595
-0.0454413
-0.0125768
0.0014409
0.0200326
-0.00848302
0.00789887
0.0303024
-0.0268879
0.00608483
0.0309869
0.0484305
-0.029529
-0.00542584
-0.00357705
0.0265329
-0.0114915
-0.0491149
0.0165556
0.0466666
0.0395946
-0.0470011
-0.0187595
0.0178161
0.012302
-0.00742463
-0.000941361
0.0294156
-0.0414582
0.0324121
0.0711118
0.0211002
0.0246745
0.0408578
0.0632274
0.0207173
0.0202153
0.0529742
-0.0171491
0.010363
0.0428587
0.0397185
-0.00759929
0.0115254
0.0805371
-0.0101446
-0.0509874
0.0264791
0.0273266
0.0428413
0.0204336
-0.052293
-0.0131066
-0.0195332
-0.0272855
-0.0179689
-0.0475352
-0.037404
0.0139707
-0.0253023
-0.0258656
-0.0331354
0.00975091
-0.0361714
-0.0666455
0.0166132
0.0186506
0.00579594
-0.0427487
0.0193006
-0.0154755
0.0295861
0.0165505
-0.034341
-0.038355
-0.050842
0.0981823
0.0460526
-0.0173186
-0.00430842
0.0321742
-0.0463625
-0.00618259
0.0538969
-0.0169874
0.0112205
-0.057
-0.0863904
-0.045374
-0.0472308
0.0468796
0.0203067
-0.0034606
-0.00467297
0.0338708
0.00132176
0.00957981
0.0177398
-0.0587197
-0.00732847
0.0212369
-0.00924011
-0.00478825
0.0483693
0.0214078
-0.0323155
-0.0494101
-0.0305554
0.0399183
-0.0469918
-0.00511122
0.0134683
0.0387983
-0.033298
0.041251
0.0469316
0.0225632
0.0572132
0.0737365
-0.0101195
0.0362448
0.00744811
0.0204444
0.0290291
0.0135235
-0.0257534
0.0118752
-0.0197141
0.0375178
-0.0279841
0.0451546
0.0276198
0.00946942
-0.0347859
-0.0300184
0.0129099
0.0112387
0.0200397
0.0153081
-0.0399788
-0.0382905
-0.0132581
-0.0255445
-0.0375399
-0.0385947
-0.011517
-0.0381539
-0.0419223
-0.000315864
0.0425446
-0.0126504
0.0304282
0.0354763
-0.013499
-0.0365724
-0.00254838
-0.0104337
0.0460812
0.0123448
-0.0448161
-0.00068757
0.0486371
0.0180833
-0.0243019
-0.0358198
0.0314938
-0.0233648
0.0356586
0.0135296
-0.0103421
-0.0271612
0.00770101
-0.00454492
0.01951
0.0114585
-0.0132419
-0.0232359
-0.0311786
-0.00366347
-0.0152263
-0.0255803
-0.000775801
-0.0267628
0.0440215
0.0386956
0.0465467
-0.0243663
0.0196011
0.01865
-0.0138289
-0.0389921
0.0471701
0.0309283
0.00187915
-0.0167731
0.0336816
-0.0268676
-0.0130293
-0.0393108
0.00395225
-0.0172678
0.0428601
-0.015212
-0.0312741
0.0399452
0.026853
0.0320405
-0.00782376
-0.0188558
-0.0434009
0.0416224
-0.0285473
-0.0488732
0.022704
-0.0159353
-0.0465279
0.00940382
0.022597
0.00213228
-0.0343317
-0.0237102
0.104338
0.0800685
0.011577
0.0103047
0.101841
0.0168969
-0.0469618
-0.0534103
0.0222508
-0.00442023
-0.120443
0.0622516
-0.184819
-0.0840372
-0.123212
-0.025985
0.272706
-0.108138
-0.0275637
0.0632096
0.109653
0.00315154
-0.0464947
-0.0784316
-0.0159592
-0.0649879
-0.107028
-0.034563
0.0724913
-0.355151
-0.297757
-0.0144781
-0.0392094
0.0318826
-0.283889
0.409032
0.313676
-0.193112
0.148214
-0.232692
0.160611
0.237195
-0.125431
-0.0590291
-0.0130535
-0.0532236
-0.0753669
-0.0141584
0.010749
-0.0853764
0.0174676
-0.0533865
0.32417
0.0522449
-0.0889919
0.0508455
0.0201197
0.0426145
0.142302
0.178129
-0.00669614
-0.119943
0.038957
-0.0190423
0.12401
-0.182033
-0.0486682
0.0460035
0.0816687
-0.146815
-0.0210969
0.0628237
-0.0606495
0.0318439
-0.0390312
-0.0755417
0.126855
-0.0379216
0.0237788
-0.0158491
-0.074455
0.0466579
0.0881569
-0.230126
-0.18504
0.0127013
-0.00384359
-0.0357463
-0.0527169
0.15806
0.0999718
0.00817736
0.0206286
-0.0365457
-0.0461741
-0.358372
-0.0240452
-0.0192305
0.00893537
-0.176651
-0.237537
-0.0520962
0.162737
-0.0508021
-0.0205588
-0.0268857
-0.0436888
0.0102081
-0.0663047
0.00889218
-0.0215245
-0.00631938
-0.0427558
0.0274744
-0.0632312
-0.0492677
0.0338996
-0.0836005
0.0438613
-0.0136505
0.130709
0.0998335
-0.00324425
0.0280987
0.0202299
-0.0277771
0.109425
0.0171727
-0.0063798
0.00520039
-0.00430715
0.237235
-0.0148301
-0.0944504
0.0495454
-0.123096
0.031889
0.0235054
-0.0326066
0.0441191
0.00197331
0.030637
-0.000913679
-0.024536
-0.00683152
-0.0427792
0.0229251
0.0280792
0.0655737
-0.0527267
0.0287548
0.0280308
-0.0088761
0.0903135
0.0485318
-0.0290415
-0.0518192
0.00561162
0.0464571
-0.0323305
0.0164959
-0.034142
0.0338737
0.0166438
0.0776383
0.0343184
0.010398
0.0174852
-0.0257037
-0.0087285
0.0386009
0.0403786
-0.0325419
-0.0317759
0.043948
0.0453898
-0.0734582
-0.0422604
-0.00616067
0.062008
0.0482949
-0.0493337
-0.0407995
-0.0376272
-0.00376347
0.0132385
0.00811566
0.0120495
0.0196582
0.0463145
0.0274629
-0.0122281
0.0411792
0.0456453
-0.0446532
-0.0180025
0.0590789
-0.111846
0.0361909
0.0175517
-0.00022908
-0.0187297
0.0306897
-0.0110348
-0.0182664
0.0470006
0.0402963
-0.0107964
0.0230604
0.0276688
-0.00877871
0.0216529
-0.00325465
-0.0150273
0.0815981
0.014862
-0.121296
-0.019727
0.0212026
-0.0231863
-0.13246
-0.0411278
0.0398926
-0.0119305
0.307348
0.0344924
0.174263
0.174239
0.103866
0.122169
0.0958558
0.0184748
0.0494298
0.000733285
0.00552453
-0.0869817
-0.108732
-0.019497
0.136922
0.167264
0.0224944
0.0535064
0.0382917
0.0411219
0.0294807
-0.0579366
-0.0420211
0.264161
0.0142745
-0.048305
-0.0112342
0.0612087
0.0398896
-0.0477771
-0.126083
-0.233979
0.0714582
-0.205902
-0.0610542
-0.0435037
-0.112972
-0.146717
0.00494374
-0.106073
-0.0327456
-0.00558397
0.0340777
0.0619955
-0.0978303
-0.175997
0.0866283
0.00583014
0.0576798
-0.0701515
-0.0390133
0.227983
0.285278
0.156133
0.180861
-0.0454962
0.0476537
-0.278783
0.0221095
0.0125179
-0.0189253
-0.345577
0.119901
-0.327726
-0.409426
0.448752
0.180815
0.180148
-0.0721564
-0.0545291
0.0785805
-0.0336431
-0.012528
0.15432
-0.0253706
-0.0192368
-0.048544
-0.0233012
-0.0945542
0.0555787
0.0476796
0.0735483
-0.181859
0.107191
-0.0523561
-0.082231
0.0183175
-0.0151905
-0.383331
-0.248626
-0.00578751
-0.030994
0.334527
0.0209159
0.103923
0.348847
-0.0852364
0.115387
0.0190837
0.408795
-0.095005
0.0325632
-0.0200155
0.022508
-0.052488
-0.0849847
0.0378664
0.0277669
0.466575
0.273832
-0.0831667
0.0264605
0.05014
-0.0308829
-0.0313506
-0.0358324
-0.129044
-0.0423372
-0.026841
-0.00332431
-0.0487392
-0.0427677
-0.00718003
-0.0398145
0.00365343
-0.0262178
-0.0433935
-0.0310189
0.0328816
-0.000882813
-0.0319934
0.0102462
-0.029357
0.0236368
-0.0391153
-0.0550792
-0.0224827
0.0128605
-0.0426838
-0.0320244
0.0384921
-0.00284796
0.014771
-0.0438084
0.0364336
0.0257808
0.0582157
0.0924205
0.0109905
0.0284417
-0.0319288
-0.0243583
-0.0417958
0.00664908
-0.0149566
0.00445992
-0.0341182
0.0296253
0.0289878
-0.038282
0.0457407
0.0252856
0.0190013
-0.0213121
0.018465
0.00301745
0.0470795
0.00665505
0.0235144
-0.0293877
0.0313261
0.0106664
-0.0114746
-0.0157103
-0.0321537
0.0485027
0.0173761
-0.0787049
-0.00345724
-0.115704
0.0550183
-0.0210495
0.0135811
-0.0306077
0.169982
0.0609209
0.0016798
-0.0220477
0.0410738
-0.0299343
-0.0100722
-0.0879758
0.0302883
-0.0294097
-0.0405604
0.00748466
0.0253135
0.0364376
0.0273807
0.0081779
0.0479873
0.0199809
0.0398597
0.217138
0.140584
0.0568858
0.00481308
-0.0789547
-0.00442742
0.0167042
0.0423993
0.02405
-0.0263813
0.0470943
-0.00207394
-0.00192707
0.0162653
0.00422087
0.0210235
-0.00581729
0.0702602
-0.00278446
0.0300227
0.044733
0.00235975
0.0198655
-0.23269
-0.0323103
-0.117842
0.00289952
0.0764099
-0.0729179
0.00619535
-0.0689997
0.000469182
0.035341
-0.0306221
0.0291834
0.0359865
0.0101074
-0.0774108
-0.0481763
-0.010171
-0.0466991
-0.0441799
-0.0646208
0.028112
0.031336
0.0477798
0.0199603
-0.0610635
-0.0476313
0.0534564
-0.0188023
-0.0201438
0.0071329
0.0657204
0.00700084
0.0372381
0.0250479
0.0534979
0.0352662
-0.00843177
-0.0208987
-0.0406666
0.010171
-0.0287273
-0.00280943
0.00340321
-0.0207585
0.00605279
-0.0251455
-0.0355847
0.00583149
0.0509065
0.109348
0.0367217
0.0268907
0.0478343
-0.0254352
-0.027895
0.0210301
-0.0203274
-0.00569622
0.0440643
-0.0262642
0.0692653
0.03382
0.0158875
0.039993
0.0318512
0.0560734
-0.013931
-0.0196478
0.0592962
0.0514773
0.0231513
0.0413223
-0.0227747
-0.0165474
-0.0146938
0.014529
0.0254861
-0.0120742
-0.0275136
-0.000214987
0.00111683
-0.00869125
-0.0180898
-0.0455924
0.0183265
0.0318885
-0.028801
0.00505468
0.00779122
0.0402805
0.00986636
-0.077255
0.00877065
-0.0207576
0.0343568
-0.0213
-0.017391
0.00522269
-0.109239
0.0327041
-0.0617943
-0.0516039
-0.0102706
0.0144746
0.0417294
-0.0210266
0.0388194
-0.0161619
0.0488103
-0.0211488
-0.00436356
-0.0443512
-0.0292436
-0.0315348
0.0172267
-0.0233813
0.00578937
0.0126625
-0.0109735
-0.026253
-0.0106574
-0.0178997
-0.0236685
-0.00189084
-0.0282858
0.0181416
-0.0392747
0.00784769
0.0379564
-0.0134726
-0.0186659
0.0145834
0.010541
-0.0486174
0.0260362
-0.000903798
-0.0145222
0.0140162
-0.0433647
0.0121244
-0.0197974
0.0383092
-0.0423713
0.0422651
-0.0490361
0.00887274
0.0212724
-0.000848586
-0.0280382
0.0692549
-0.0216209
0.0433946
0.0382714
0.0136993
0.0045546
-0.00488149
0.0160921
-0.0260623
-0.0305464
-0.0129474
-0.0315938
-0.0305324
-0.0423491
-0.0146
-0.0385137
0.00541448
0.00333342
0.0324745
0.0383723
-0.00301794
-0.0383877
-0.0362041
0.00528254
-0.0160893
-0.038089
0.0300959
-0.0241097
-0.0030652
0.0216824
0.0151993
0.0632742
0.0148916
-0.0213903
0.0112907
0.00283522
0.0309044
-0.00289639
-0.0278267
-0.0704068
-0.0751743
-0.0596762
0.00559037
0.0256009
-0.00715654
0.0266804
-0.0446797
0.0246278
-0.0341757
0.000883444
0.0268629
-0.0371029
-0.0260066
-0.000249799
-0.0316011
-0.00263283
0.042037
-0.0430726
-0.00575423
-0.00895256
0.0477943
-0.0247703
0.0126584
-0.047803
0.0310248
0.0698811
-0.0397426
-0.000861858
0.0316148
0.00493214
-0.0357493
0.0566079
-0.00863937
0.0524886
-0.0225566
0.0139767
0.00853187
-0.0352905
0.000306661
0.0606515
0.0393828
0.0294806
-0.0380036
-0.0429933
0.0301746
0.0947801
-0.00367618
-0.0666886
0.0524797
-0.0017852
0.0618054
-0.0520051
0.0236771
-0.0446888
-0.0316558
0.0164553
0.0355474
-0.0185611
-0.0289269
0.00934328
0.0118047
-0.00120815
-0.0526687
-0.0106426
0.00211142
-0.0261478
-0.047917
-0.00704525
0.0672858
0.0413177
0.0206602
-0.00155442
-0.0142423
-0.0600195
-0.0131633
-0.0185642
0.0380409
-0.0170758
-0.0183081
0.00428447
-0.00282662
-0.031141
0.0710257
-0.00496953
-0.0589148
-0.0111596
-0.0244435
-0.00482598
0.0397797
0.0333057
0.0395071
0.0158373
0.0161617
0.025713
-0.0788741
0.0596432
0.0475393
0.0408099
0.030941
0.0208819
-0.00618495
-0.0622421
-0.016703
0.0396251
-0.0208401
0.0542755
-0.0371094
0.0132274
-0.0521632
0.00652171
-0.0142762
0.0150375
0.00549606
-0.0264928
0.0394245
0.0105253
0.0294011
0.000366756
-0.0445918
-0.0464682
-0.0209523
-0.0129688
-0.0431735
-0.0216608
0.0453358
-0.0493526
-0.00362963
-0.0289669
-0.0273793
-0.0118082
-0.0269041
0.0451771
-0.0371877
-0.00606083
0.0129141
-0.0164287
0.00250645
0.0100414
-0.0232594
-0.0202131
-0.00555089
0.0122279
0.0388071
0.0296903
-0.00865604
-0.029141
-0.0191245
-0.0697188
-0.0441931
-0.0268965
-0.0162936
0.011105
-0.0254898
-0.0222112
-0.0333445
0.0130498
0.023565
-0.00727388
-0.0018554
-0.0367611
0.0168878
0.0415798
0.036131
-0.0083345
0.0234559
-0.0457685
0.0405225
0.0405521
-0.00914566
-0.0145242
-0.0457435
-0.00723171
-0.0452742
-0.0233026
-0.0300221
-0.0554445
-0.0214884
-0.0379394
-0.0389353
0.0102494
-0.015134
0.035875
-0.0298959
0.0165288
0.0848046
-0.0694738
-0.0205132
0.0216825
-0.0470898
0.0366331
0.047357
-0.0324722
0.0172253
0.0258166
0.0312783
-0.0231758
0.041753
0.0278189
-0.0482233
0.0583767
-0.0259201
-0.0197665
0.0226238
-0.215238
-0.104384
-0.0465543
-0.0455184
0.065437
-0.0445424
0.0459093
-0.0462866
0.0115745
-0.0127327
-0.0509225
-0.074759
-0.0668411
-0.000102058
0.0453576
-0.0413435
-0.00467401
-0.0205861
-0.0740641
-0.0277008
0.00366676
0.0246032
0.00403249
0.241992
0.0936161
-0.000988397
0.0568741
-0.0758361
0.00427289
-0.0593999
0.0271282
-0.0130949
-0.0648787
-0.0119484
0.0306955
0.0145064
-0.0665782
0.0598955
0.0457733
-0.000716548
0.0951951
-0.0218903
-0.0514747
0.0330905
-0.025048
-0.0214247
-0.0339498
-0.0218106
-0.0262311
-0.0812573
0.0442207
-0.00792363
0.0267613
-0.0145761
0.0065515
0.00198136
-0.0410487
-0.0435353
-0.0253792
0.0588093
-0.00214287
0.0144132
0.0378358
0.0150291
0.000947134
-0.0238692
-0.00883789
-0.0281923
0.0358263
0.0106643
0.042263
-0.0920449
-0.03596
0.0152932
-0.00572347
-0.0278485
0.00743139
-0.0556638
-0.0169427
-0.00769488
-0.00476228
-0.00172883
-0.00745447
0.00476029
0.0446623
-0.0154717
-0.0282313
-0.0344544
-0.00555323
-0.035235
0.0277546
0.0283544
0.0379675
-0.0145541
-0.03277
-0.0283023
0.0238225
-0.00539057
-0.0322889
0.00404704
-0.0153358
0.0242683
0.0174107
-0.0398758
0.032717
-0.0308697
0.0372961
0.0029471
-0.0178297
-0.0468269
-0.0482517
-0.0436689
-0.0129277
0.0366606
0.0255897
-0.0400568
0.0302686
0.0474127
-0.01865
0.0379159
0.00524405
0.0407034
0.0178236
0.000750352
-0.0134263
0.0284013
-0.00502431
-0.0338586
-0.0184967
0.0417449
0.0245006
-0.0430714
0.0325497
0.0069616
-0.00157443
0.0163545
-0.00405808
-0.0129017
0.0194574
-0.0305127
0.0194781
-0.0369237
0.0393522
-0.00399992
-0.036455
0.0194318
0.03034
0.0421676
-0.0281036
0.00334814
0.0126294
-0.0329476
0.0284779
0.00129121
0.0291418
0.0236454
-0.00867217
0.000859722
0.0208772
0.00705268
0.0153597
0.0205125
0.0141297
-0.0474269
0.0171586
-0.0331317
-0.031039
-0.0263708
0.00738091
0.0372177
-0.0335819
0.0271993
-0.0602118
0.00513396
-0.00228579
-0.027413
-0.021052
0.0279027
0.0317531
-0.0356741
-0.0448554
-0.0474257
0.00923137
-0.021953
-0.0134322
-0.0353779
0.0320307
0.0148794
0.0211791
-0.0173297
0.00638133
0.0138974
0.0152279
-0.0274214
-0.00696888
0.0399625
-0.0174057
-0.0146365
-0.0461987
-0.0283964
0.0281061
0.0578072
0.0465287
-0.043531
-0.0149124
0.0271413
-0.0060379
0.0392552
-0.0189065
0.0396885
-0.00211865
0.00679624
0.0991641
-0.040525
0.0295824
-0.00723137
0.0223301
0.03965
-0.0102529
0.0345514
0.0711388
-0.00880424
0.0372571
-0.0419679
-0.0014707
0.0333978
0.106135
-0.0335017
-0.00844146
0.0221921
-0.0177973
-0.0205335
-0.0255326
-0.0532136
0.0345709
0.069176
-0.0153997
0.00726246
-0.0366862
0.0524116
-0.0386706
0.00614684
-0.0812301
-0.0698813
0.0193307
-0.000791924
-0.014887
-0.0476831
-0.00503914
0.0230105
0.0133122
-0.0790049
0.0437139
-0.0396736
-0.0261316
-0.0218116
-0.0157971
-0.0649031
0.00748123
0.0559079
0.0149802
-0.0265453
-0.0165858
0.0362986
-0.0167033
-0.0144459
0.00870803
0.0409933
-0.0234098
0.0414007
0.0290417
-0.0159791
-0.0266871
0.0163837
0.031034
-0.0171735
0.0440295
-0.0251191
-0.0217948
-0.0434351
-0.0945718
0.0369484
-0.0231258
-0.0377268
-0.0387665
-0.0106484
-0.0524662
0.0457132
0.0714564
0.0139729
0.0280129
0.00732783
0.00139588
-0.00169032
0.0439149
0.000347558
-0.0160285
-0.0129618
0.0175851
0.0406549
0.0180449
0.00914243
-0.0114607
0.00203837
0.0123971
0.00628101
0.0993144
-0.032849
0.010918
-0.022518
-0.0316255
0.0734974
-0.00529595
0.021069
0.0579596
-0.0214115
0.000119655
0.0258365
0.00756621
0.0274617
0.0150285
0.0278553
-0.0397893
-0.00356303
0.0118099
0.0306493
0.0285028
-0.0106121
-0.0184601
0.0124794
-0.0212912
0.0254849
0.0344067
0.0458284
8.58384e-06
0.0454207
0.0102722
-0.0377443
0.010416
0.0240292
-0.0479467
0.038923
0.00888788
-0.0362556
0.0307225
-0.0441145
-0.0418515
-0.0502582
-0.0213396
0.00424462
-0.0249447
-0.0444443
-0.0310127
-0.00649193
-0.0102417
-0.0382948
0.0341446
0.0101739
0.0396532
0.00699634
0.0392868
0.0101707
-0.0171972
-0.0177092
0.0483254
0.0279549
-0.0373135
0.000902125
-0.0464753
-0.0235724
-0.0318488
0.0231741
0.0296552
0.0207134
0.00679
0.0338035
0.0263107
0.0404865
-0.0357219
-0.0183235
-0.0162076
0.000578107
0.0404103
-0.042947
-0.0176267
0.0449057
-0.0190492
0.0362279
-0.0108839
-0.019445
-0.00880096
0.0271457
-0.0386058
0.000528162
-0.0395437
0.0387439
-0.0243309
-0.0193854
-0.00685704
0.0169072
-0.0114492
0.033476
0.0168078
0.120538
0.112043
0.114663
-0.0448022
-0.0183693
0.0225551
0.00988844
0.00710803
0.0387418
0.0612103
0.146864
-0.0713478
1.2991
0.481331
0.408624
-0.227299
-0.0254574
0.503383
0.243655
0.135128
0.11411
0.222336
0.436439
0.377827
0.370406
0.414858
-0.0241551
0.0427297
-0.247108
-0.0714433
-0.159717
0.69833
0.126604
0.0694707
0.592214
-0.647195
-0.447265
-0.327099
0.160558
0.025682
-0.134942
0.19626
-0.203689
0.060123
0.105738
-0.381471
-0.277038
-0.0538154
0.114939
-0.348419
-0.0468066
0.069261
-0.0122037
0.145977
0.140811
-0.0303066
-0.0842559
0.0604925
0.0485633
-0.0894481
0.071445
0.262907
-0.13601
0.264648
-0.154016
0.115271
0.0378708
-0.0125512
0.0536059
-0.0993054
-0.0638864
-0.28672
-0.0780248
0.0131055
0.297828
0.136215
-0.0232092
0.0979679
0.0260259
-0.00468625
0.0537378
-0.14694
-0.130837
0.550405
-0.152049
0.0548178
0.0569609
0.0166741
-0.218309
0.598286
0.146609
-0.0501257
-0.00407944
-0.00163013
0.157676
0.233854
-0.042425
-0.0227459
0.0285806
0.299773
-0.0950772
0.39539
-0.435748
0.016016
0.0639095
0.119615
0.00502234
0.00431386
0.0932415
-0.0557482
0.0110758
-0.0173885
0.0128808
-0.0158817
0.075007
-0.0522523
0.0130144
0.208359
0.0979557
-0.0200932
-0.223116
-0.136553
-0.0254163
0.010672
0.0964183
-0.126267
0.00647389
-0.00261828
0.0406325
0.0104934
0.135788
0.00557635
0.0961642
0.0430822
-0.0244437
-0.0594831
-0.110374
-0.0461847
-0.00483508
-0.00557741
-0.0297184
-0.0156904
0.0152739
0.0341818
0.0224184
-0.203167
0.0467587
-0.0444555
-0.0123985
-0.021247
0.0698522
0.0255628
-0.007387
-0.00439689
0.0325138
0.0444567
0.13681
-0.00398577
0.0364075
-0.0188665
0.0221275
-0.012682
0.0112435
0.032633
-0.248641
-0.0601683
0.0290145
0.0666051
0.0270773
-0.00555754
0.0451005
-0.0277978
-0.0288115
0.0240684
-0.0336194
7.02647e-07
0.0460439
-0.0276333
0.0262628
0.0982553
0.0533145
0.0366689
0.031762
0.0221659
0.034985
0.047486
-0.0112188
-0.111481
0.0240256
0.0433887
-0.00248556
0.0331627
-0.00227315
0.0167839
0.0329334
0.067573
0.0767267
0.0382404
-0.0363121
-0.0146172
0.00498462
0.0188504
0.0226991
-0.0105717
-0.0262974
0.0223522
-0.00701549
-0.0846929
0.00166457
0.0146529
0.0825585
-0.0880582
0.03338
0.0591868
0.12053
-0.121293
0.269933
0.0154568
-0.0351634
0.0320809
0.326868
0.0216567
-0.0191899
-0.0710388
-0.071716
-0.009278
-0.0373769
-0.0228469
-0.0987575
-0.0525674
-0.097338
-0.102417
-0.0950843
0.109488
0.111737
0.0245679
0.247698
-0.059333
-0.170269
-0.143331
-0.0631115
-0.0923308
-0.0172128
-0.0832537
0.0210214
-0.172948
-0.153366
-0.324553
-0.0447458
0.0336264
-0.106521
0.0935586
-0.0330311
-0.0375807
0.0911916
0.0763486
0.0299905
0.097023
-0.0946801
0.0537599
0.00965768
0.0175187
0.0550047
0.0647497
-0.00679974
0.0268926
-0.0818085
-0.10862
-0.0929981
0.243589
0.222891
0.0965973
-0.0702025
0.103358
0.0985712
-0.409448
-0.132631
0.134099
-0.157872
0.170388
-0.0228824
-0.581538
-0.267
-0.0101489
0.0332626
0.0580088
0.373436
-0.00363064
-0.0281527
0.116889
-0.0646639
-0.32399
-0.278942
0.311124
0.0299141
0.00827795
-0.0253169
-0.0629396
0.0152203
-0.436641
-0.231031
-0.0946146
-0.217869
-0.091886
0.0972591
0.245156
0.0652453
0.0121098
0.126461
-0.0791176
-0.0573403
0.00245434
0.126761
-0.00708606
-0.0131203
0.0062009
0.427233
0.074838
0.265722
-0.0581427
0.121141
0.0887307
0.10614
0.198395
-0.11299
-0.101118
-0.0421888
-0.0729353
0.0719102
0.124804
0.1234
0.00262244
0.00713395
0.0318799
0.0110096
-0.0366986
-0.213502
0.0334606
0.00388091
-0.00417194
0.321968
-0.00461249
-0.00569639
2.87365e-05
0.0231976
-0.0426285
0.0384667
-0.0363565
0.0391508
-0.0270429
0.0702241
0.0725588
0.0193612
-0.00909333
0.0273768
-0.0194806
0.0167971
0.0558323
0.0108353
-0.0253103
-0.0039534
0.00281398
0.0845398
0.0110216
0.00816873
-0.0376754
-0.0420461
0.0223818
0.0282344
-0.0158153
-0.0590825
-0.110243
-0.0424326
-0.0118939
-0.013617
0.0216103
-0.0297052
-0.0266906
0.0106597
-0.00650374
0.0292969
-0.0286532
-0.0827331
-0.024165
-0.0304749
-0.0254331
-0.0353152
-0.038998
-0.00192293
0.0104539
0.00958079
-0.0071227
-0.0287491
0.0116842
0.027155
-0.0418178
0.0213004
0.017159
-0.0147883
0.195517
-0.0127604
0.145629
0.0156006
0.0977532
0.0379075
0.00841487
-0.0360978
-0.00703205
0.186901
0.0800728
0.0326951
0.0234254
-0.0300429
-0.0332626
0.0207096
-0.0674951
-0.00466519
0.0448222
-0.0366536
0.0496833
0.0150411
-0.0478041
-0.10752
0.0711991
0.0491832
0.021964
-0.0433848
-0.39851
-0.175269
0.160921
0.0775286
-0.276466
-0.000974709
-0.0821887
0.173324
-0.0241746
0.0303145
-0.0171426
-0.0843717
-0.106876
-0.0896901
0.451818
-0.00544041
-0.0817466
0.0739593
0.0817578
0.469336
0.0453586
0.190438
0.211749
-0.384041
-0.240135
-0.206721
0.211991
0.0269521
-0.0296789
-0.156055
0.00491236
0.0246626
0.0376065
-0.130042
-0.203537
-0.0386847
-0.0165256
-0.070139
-0.023908
0.0569178
-0.289407
-0.0210411
0.0949161
0.0456949
-0.0591064
-0.0148555
-0.00772492
0.063971
-0.0277647
0.350363
-0.0961226
0.166281
-0.122866
-0.317159
-0.0387285
0.0111645
0.0763318
-0.0400673
-0.0888028
-0.0616716
-0.1728
-0.116899
-0.0382723
0.15138
0.0476079
0.0637531
-0.0405016
-0.0351905
0.049826
-0.111703
-0.124665
0.397177
0.124908
-0.0952715
0.00542409
0.129143
-0.0870715
-0.164692
-0.0143617
-0.0378164
0.0129275
-0.0692558
0.0797423
-0.163041
0.0127982
-0.0482062
-0.0438303
0.387749
-0.0981277
0.209921
0.318214
-0.0525954
-0.161293
0.00643662
0.0101648
-0.0130964
-0.147912
0.1116
-0.00540799
-0.0216425
0.0435851
0.037925
0.105762
0.178111
-0.0123814
0.00817934
-0.0228483
-0.035207
-0.18294
0.0594058
0.0683614
0.00517477
0.0517784
-0.064531
0.205269
-0.0231586
-0.024704
0.0380921
-0.0894983
-0.0700017
0.0635532
0.153471
-0.0711118
0.0492027
-0.113585
-0.0231302
0.0153944
0.000122013
0.0750218
-0.0073809
-0.00143472
-0.0083791
0.0269577
-0.128443
-0.156113
0.0103779
0.042145
-0.0585985
0.0402764
0.0475823
0.0138012
-0.0136984
0.0481266
-0.0583719
0.0817732
0.0209225
0.0418108
-0.0350947
0.00651852
0.000805189
-0.0417114
-0.031626
0.176571
-0.0610294
-0.179168
-0.0491751
0.0367448
0.0398533
0.0253329
0.0488397
0.00785692
0.00520489
0.0206992
0.0379602
0.0916416
0.0294936
-0.0186011
-0.0466509
-0.0218428
-0.050045
0.00231419
-0.0157744
0.0662091
0.0426906
-0.0243538
-0.0603596
-0.0401742
0.0368537
0.0390794
-0.0317158
0.0413552
-0.0291391
-0.032893
0.0334092
0.0896364
0.0485294
-0.0596891
0.0288929
-0.0474963
-0.0104113
-0.0155403
-0.000403529
0.0175646
-0.0130244
0.037193
-0.144954
-0.0181383
-0.0158663
0.0721275
-0.00807652
0.0680508
0.0712721
0.168158
0.037706
0.189702
0.065736
-0.0930376
-0.0815633
0.0111002
0.0367362
-0.0307695
0.0824204
-0.0565532
-0.0647695
-0.577308
-0.152112
0.047534
-0.181248
-0.125536
0.0301525
-0.0242216
-0.0469366
-0.0604868
-0.0559615
0.0178201
-0.0606571
-0.255269
-0.124437
0.0135596
-0.113513
-0.0888249
-0.112706
-0.0938923
-0.383808
-0.116609
-0.363926
-0.0252838
0.0664834
0.112852
0.0282544
-0.0453852
-0.0357564
0.0584604
0.128334
-0.0262413
0.015001
0.0629511
0.042675
0.26173
0.00646444
0.03293
0.0254074
-0.0833203
-0.0121083
-0.0926224
0.000327351
0.0458029
0.0244297
0.192776
0.0326204
-0.027397
-0.0273996
-0.00102159
-0.261124
0.043305
-0.165715
0.0136392
0.0245033
-0.0712562
0.0175529
0.177049
-0.0140927
-0.0423279
0.0784468
0.331535
0.319836
0.0124749
0.304085
0.211794
0.0846989
0.191592
-0.11902
0.124247
-0.130439
0.0184688
-0.0285225
0.0428171
-0.0452667
-0.296385
0.198651
0.20054
0.048956
-0.126318
0.13708
-0.161616
0.426356
-0.0973489
-0.584324
-0.0644349
0.0327747
0.129535
0.0509013
0.0472922
-0.0426271
0.21867
-0.0848566
0.0844001
0.152247
0.506352
0.209309
0.0884043
0.0907492
-0.0721149
-0.0353447
0.0242567
0.0355945
0.113404
-0.0374396
0.191971
-0.0724495
0.179524
0.123778
-0.119609
-0.0438784
-0.116516
0.0308234
0.0180054
0.028463
0.185911
-0.00843498
0.0278622
-0.0167159
0.0299322
-0.0332466
0.00857856
0.025505
-0.0277157
-0.0334344
0.0254275
-0.015097
0.0135419
0.030944
0.0450115
-0.0311343
-0.0297607
-0.0375832
0.0442464
0.032429
-0.0140673
0.0385986
0.0334525
-0.0209539
-0.0106408
-0.0287512
-0.0449191
-0.0195869
-0.00916178
0.0129788
-0.0552872
-0.0281425
0.0477035
0.0431544
-0.0473037
-0.0425025
0.00533325
-0.0255024
-0.00204465
0.000423559
0.0301033
-0.000377521
-0.0580998
-0.0107719
0.0285281
-0.00496521
-0.0134733
0.0227669
0.0146053
0.00135424
0.0241816
0.0381575
0.0471794
0.0180933
0.00165406
-0.0244075
-0.00406666
0.0385945
-0.00882297
0.000374902
0.0535251
-0.203195
0.0768812
0.0566753
-0.00180411
-0.0141929
0.00668759
0.041665
-0.0676714
0.0286009
-0.0663526
0.0497663
0.0350583
-0.00193734
0.0458823
-0.105449
0.0206643
-0.0323562
-0.0425245
0.0274812
-0.04232
0.0127021
-0.053943
0.000272135
0.0374753
0.0206652
0.0302677
0.127661
0.131824
-0.031545
0.0383624
-0.0657261
-0.0418071
-0.0435505
0.0344936
0.0313575
-0.00261634
0.0550385
0.036226
-0.0426357
0.0361886
-0.000902407
-0.0357331
0.0256057
0.0468202
0.0759701
-0.092445
0.00875712
-0.0137941
-0.0463548
-0.191565
-0.0749029
-0.0482334
0.0196306
0.00510282
0.0290517
0.000705389
-0.0271982
0.0160889
-0.0183724
-0.0215168
-0.0649075
0.0114937
-0.0195997
-0.00478756
0.015809
-0.0408174
-0.0920658
-0.0675419
0.0406558
0.02208
0.0735635
0.0211148
-0.015523
0.0423866
-0.0504553
0.0621385
0.0153668
-0.0184622
-0.0221094
-0.0522226
0.0429523
-0.0416836
0.0580925
0.0634384
-0.0519791
-0.00346083
-0.0530974
-0.0294662
-0.0409145
0.055743
-0.0594108
0.0187982
0.0337886
0.0154961
0.00551235
-0.0637872
-0.0265602
0.122083
0.0233915
0.000195369
0.0425876
0.0263534
0.0412195
-0.0423845
-0.0444878
0.0125687
0.0340752
0.00056588
0.0248755
-0.00879324
0.0335924
0.00075623
0.0144953
-0.0185632
0.0906642
0.0040196
0.0908686
0.0235558
0.0143545
0.00994504
0.0218696
-0.0166911
0.0501899
-0.056819
0.0222384
-0.0207403
0.0321438
0.0207139
-0.0314467
0.0423712
0.0482569
0.0538752
0.00254429
0.011286
-0.00553271
-0.00409023
0.0461888
-0.0114342
-0.00326964
0.0264615
0.0276053
0.00541128
-0.021352
-0.0427735
-0.0219674
-0.0526174
-0.00741421
-0.0456231
-0.0151593
0.0142383
0.00154374
-0.0140849
-0.00799249
-0.0402041
0.00495701
-0.0402719
0.0201583
0.0235338
0.0114956
-0.0434424
-0.0633643
0.0304722
-0.0564434
-0.0132183
-0.0233146
0.0201446
0.000710424
-0.0509046
0.0159474
0.0465686
-0.0341005
0.0274885
-0.0331963
-0.0276852
-0.0397616
0.031994
-0.0488027
-0.0293247
0.00583324
0.0214967
-0.0374592
-0.0242566
-0.00152973
-0.0132596
-0.0188389
0.00781527
0.0361461
-0.0247393
0.0302027
0.0422216
0.0215108
-0.0220348
0.0298135
-0.0135752
-0.0572102
-0.0271917
0.0284497
-0.0208296
0.0557606
-0.0177763
0.0266278
-0.00433337
-0.0374612
0.0176437
-0.0403873
-0.0489148
0.038231
0.00763174
0.0481895
0.015214
0.00814207
0.0102886
-0.00546846
-0.00847148
0.00919961
-0.012239
-0.0490535
-0.0425819
-0.0024489
-0.0211207
0.0443062
-0.0515255
0.0142836
0.0482398
-0.0076433
0.0280639
0.0356402
-0.00365023
0.0449074
0.0557006
-0.0589354
0.0186596
0.0208191
-0.00690072
-0.0282723
0.0460424
-0.0162212
0.0247738
-0.0555085
-0.0254466
-0.0999749
0.00439933
-0.0423984
-0.00272722
0.0138824
0.0349608
-0.0131249
0.00472271
-0.0372874
0.0342805
-0.0255541
0.0294028
-0.0603199
0.0468185
0.0297346
0.0252868
-0.000598728
-0.0195468
-0.0385378
0.0317157
-0.0438354
-0.0507733
-0.0219557
0.0224313
-0.0185874
-0.0495207
0.0100253
-0.0333615
0.0287414
0.0781329
0.0356592
0.0540422
0.000906239
0.0140096
0.0176565
-0.0468845
0.0305864
0.07168
-0.0285401
0.0202347
0.0104165
-0.0341127
-0.00132472
0.028233
-0.139169
-0.0270422
-0.028176
-0.0272827
0.0248454
0.0880709
-0.0667649
-0.0386989
0.0757254
0.00828823
0.0641038
0.0175999
-0.0206661
0.0336699
0.0490279
0.0652776
-0.0294963
0.0297817
-0.0465731
-0.0328666
0.0137434
0.0223231
-0.00548968
0.0513314
0.0553345
0.0718124
0.0581262
0.00954427
0.0107573
-0.0235915
0.0647666
-0.00177293
-0.0120284
-0.0468493
-0.0633656
-0.0361266
-0.0165391
0.0363008
0.0506565
0.0332804
-0.0293988
-0.00753647
-0.0689574
-0.0124761
-0.0210217
-0.00487453
0.0370323
-0.0115335
-0.0148247
0.0259792
-0.0355087
-0.0384002
0.0584837
-0.0425759
-0.0331426
-0.0222802
-0.00834548
-0.0528063
0.0148242
0.00696943
0.0373619
-0.0286769
0.0524409
0.054071
0.0687091
-0.035119
0.0395915
0.0218749
-0.0101796
-0.00190951
0.000682533
-0.0393697
-0.0312203
-0.00948576
0.0130675
-0.0331076
0.00477489
0.01554
0.0305756
0.0127482
0.0455165
0.0368006
-0.0108908
0.0281976
0.0426204
0.0406247
-0.0202072
-0.0320277
0.0309788
0.0294985
-0.00492046
0.00850286
-0.0156017
-0.0463083
0.0468736
-0.0340817
0.037195
-0.0380332
-0.0240552
0.024206
0.0383476
0.00294697
0.0358222
0.0334338
-0.00378703
-0.0490614
0.016462
0.0101705
0.0206053
0.0406807
-0.019552
-0.0517552
0.0148329
-0.00265982
-0.0331948
0.0122099
-0.0492893
0.0324177
-0.0107468
-0.0211976
-0.0422942
0.0485147
-0.0296633
-0.0410021
0.0491341
0.0171195
0.0235353
-0.0222522
0.00529986
-0.0371307
-0.0344842
-0.00702141
-0.00697037
-0.00724189
0.024535
0.0438094
-0.0193004
-0.0319141
-0.0378483
0.0534265
0.0325889
0.0104397
-0.00470121
0.00297482
-0.0409972
0.15547
0.0538967
0.00888785
-0.0358211
0.0241088
-0.0361306
-0.0225267
-0.0496297
-0.0312737
0.0538577
0.0381606
-0.0436181
0.274635
0.0633856
0.12248
0.0285247
-0.00427355
-0.068286
-0.0792042
0.0324726
0.0417405
0.0488479
-0.0339568
0.0457627
0.0136922
-0.0265777
0.06499
0.0302267
-0.0207005
0.0491349
0.0837313
-0.0912351
-0.0103016
-0.000439078
0.000767454
-0.151346
-0.15158
0.0853922
-0.0242276
0.119
0.0301726
-0.0122744
-0.040119
0.0907985
0.0313001
0.0632258
0.068917
0.0810054
0.0142766
-0.150014
-0.0163208
0.00469682
-0.0910512
0.042391
0.0781853
0.0211869
-0.0648001
0.0263309
0.0637904
-0.0164979
0.0379766
0.0489493
-0.0548951
0.0303549
0.00553683
0.0905473
0.0326808
-0.0483313
0.0238368
0.0225676
0.0183748
-0.0557761
0.0175929
-0.00685725
-0.0572373
-0.00513363
0.025482
0.0420166
-0.0415646
0.0114418
0.0462629
-0.0141775
0.0479313
0.0736605
0.144999
-0.0206116
0.0103943
0.0301413
-0.0546007
-0.0295165
-0.0397558
-0.0248032
0.0127498
0.00506454
0.0260803
0.00937229
0.0433037
0.0299886
-0.0418768
-0.0960576
-0.00919476
-0.00601865
0.0703187
0.0266769
0.0391707
0.0542489
0.00642436
0.0353476
0.0329236
-0.00236736
0.042676
-0.0378693
-0.0318006
-0.0453655
-0.0328627
0.0914908
-0.0159744
0.0220624
-0.0113684
-0.00685047
0.0451002
0.0520412
0.0764388
-0.0428052
0.0199506
0.0355577
0.0217341
0.0121958
-0.0244138
0.0444228
0.0505417
-0.102042
0.0249326
-0.122356
-0.0136826
-0.0182097
-0.0010851
-0.022751
-0.0152593
0.00769571
0.0439301
0.023597
0.0405564
-0.0138322
-0.00815258
-0.0168907
0.0464724
-0.0184769
-0.00170237
-0.00139902
-0.0375061
0.0438062
0.00111554
0.0251765
0.00677146
0.0324312
0.04659
0.0364541
0.00225598
-0.00804223
0.00175948
-0.0173674
0.0056492
-0.0458926
0.0309342
-0.00840575
-0.0194323
-0.0264209
0.0236049
-0.00579413
0.0482896
-0.0294469
-0.0232201
0.0346025
0.00526731
-0.010195
-0.00341212
0.0100776
-0.0354735
-0.0403305
0.0242993
0.0196856
-0.019749
-0.0133236
0.0585449
-0.0431632
-0.0349976
-0.0433994
-0.0198788
0.00283965
0.0343127
-0.00423137
0.0428179
-0.04524
-0.024348
-0.0213535
-0.0264749
-0.0299594
0.041022
-0.00403466
-0.0452164
-0.0188484
0.001471
0.00500176
0.0467933
-0.0423752
-0.0244511
0.0204833
-0.00896826
-0.00898623
0.0193562
0.0252679
0.0245059
-0.0151178
0.0185672
0.0210013
-0.0207537
-0.0182755
0.0196715
0.018345
0.00552555
0.0216338
0.00249248
0.0546598
-0.10175
0.0127781
0.0377363
0.0414856
-0.0566851
-0.0204625
0.0824498
-0.0125239
-0.0308324
-0.0318441
-0.0331843
0.000183965
0.0219776
0.0597335
-0.0998477
0.0749346
0.052347
0.0207452
0.00313254
0.0445816
-0.00433322
0.0324674
-0.0640822
0.0239162
0.0124094
0.00595137
-0.0646245
-0.0252221
-0.00789689
-0.0170255
0.0291004
0.0700737
0.0211344
0.0402596
0.0395471
0.0248667
0.000727823
0.0695262
-0.0236061
0.0352137
0.0505176
0.0649932
0.0540034
0.0237173
0.0120583
0.0762167
0.00299769
0.0465903
0.00812608
-0.00336157
-0.0183819
-0.0714189
0.0957436
-0.00513768
-0.122341
0.0215757
-0.0155109
0.0354937
-0.00721487
-0.0393984
-0.0200958
-0.000107261
0.0418143
-0.0155026
0.0217955
-0.00542665
-0.0114066
0.022853
0.0444469
0.0386337
0.0264081
-0.0230999
0.0133461
0.00167387
0.0436809
0.022395
-0.0778888
-0.0648091
0.012869
0.0200625
-0.00942733
0.0470489
0.00328366
0.0198566
0.0554913
0.0304263
0.0172176
-0.0174143
0.0168287
0.0145555
-0.00900228
-0.0233648
-0.11674
-0.0155663
-0.130897
0.0188995
-0.0996297
-0.073191
-0.0411353
0.0103463
0.0332912
-0.0465026
-0.0653106
-0.0391879
0.0229684
0.0426607
-0.0420643
0.0183849
0.0171343
-0.00249385
0.0491082
-0.0372683
0.051114
0.0209012
0.0132862
-0.0412129
0.0721267
0.0216111
-0.0204178
-0.0474127
-0.0326216
-0.0298786
-0.0245953
0.0146873
0.0128279
-0.0297103
0.0161747
-0.0200414
-0.0421093
0.0393846
0.00907961
0.0360588
-0.0107241
0.0413883
0.0258665
0.00621042
0.00401594
0.0462608
0.0432363
-0.0151981
-0.0137825
0.0368231
-0.0263519
0.000479937
-0.0277534
-0.0166707
-0.032855
-0.0339146
0.00088821
-0.0167446
-0.0312439
0.0364949
0.0105933
-0.0443595
0.0153848
0.0143573
-0.00196469
-0.00446695
0.0342268
-0.0473538
0.00773395
-0.0493376
-0.00520974
0.0230754
-0.0103239
0.00111548
0.0456792
-0.00410631
-0.027317
0.020187
-0.0260423
-0.0443279
0.0168354
-0.0176518
-0.0117537
0.0325723
0.00895874
0.00470604
-0.0261947
-0.046
0.0332326
0.00206901
0.00391798
0.0382202
-0.022904
0.0278803
0.014117
0.00959725
0.0365404
-0.0362654
0.0294023
0.017987
-0.0082195
-0.0331601
0.0336607
-0.0347597
-7.47052e-05
0.0281005
-0.0255209
0.00439261
-0.00311807
-0.0158464
0.00517419
-0.0175422
0.0182905
-0.00196604
0.0363015
-0.053771
-0.0285855
0.0486916
-0.0150351
0.0307269
0.0165835
0.0518574
0.0424038
0.0354658
-0.00366311
-0.00855223
0.0132323
0.0303194
0.0657282
-0.00791362
0.0634025
-0.0102393
0.00897363
0.00112103
-0.0475425
-0.0405638
0.0585166
0.0211014
0.0206304
-0.0517236
0.012724
0.0144237
0.0238904
-0.0175255
0.00806776
-0.00402678
0.0200852
0.000602672
-0.0219566
-0.0216349
0.00163438
-0.0530747
-0.0114268
-0.0607599
0.00710096
-0.0429706
0.0286451
0.00571891
-0.00504938
0.0199272
0.0561479
-0.0083255
0.0209919
-0.0219485
-0.0184743
-0.0341166
-0.0485102
-0.0145038
-0.00153935
0.0248522
0.00970643
-0.00491629
-0.0138121
0.0293621
0.0289915
0.0287663
0.0267834
-0.0444588
-0.0230247
-0.0489282
0.0410676
-0.0177924
0.0401925
0.0122653
-0.0445845
0.0109259
-0.0175951
0.0121601
-0.0590897
0.0049257
-0.0187067
0.0311419
-0.00732269
-0.00727417
0.0223916
-0.0462794
-0.0436151
0.00836008
0.0152073
-0.0273395
0.0479548
0.0264009
-0.0137845
0.0190507
-0.031734
-0.00639265
-0.0297122
0.0470267
-0.00699126
-0.041526
-0.0117897
-0.0139546
0.0219356
-0.0459755
0.076236
-0.0304316
0.0199755
0.0376339
0.0022854
0.00959184
-0.0216238
-0.0392355
0.00800305
0.0315419
0.0446709
0.0426782
-0.0334324
-0.0019136
0.0424909
0.0126355
0.0252539
-0.00423081
0.0324522
0.000776164
-0.00306577
0.0269244
-0.0377992
-0.0402366
-0.0121669
0.0401963
0.0454501
-0.0231793
-0.0261579
0.0261515
0.00308875
-0.0124326
-0.023088
-0.0086551
0.0453944
-0.0380467
-0.0181295
0.00390103
-0.0473246
0.00484589
0.0454196
0.0100986
-0.0296075
0.00623658
0.0297638
0.00644218
-0.0124031
0.00257563
0.0341469
-0.0273652
0.00205952
-0.0470251
-0.0420409
-0.00415511
0.0336619
-0.0181306
-0.0157015
-0.0246932
0.0466259
0.0280262
-0.0427863
0.0149003
-0.0363268
-0.000531951
0.027545
0.0276737
-0.0127263
-0.0354334
-0.0377871
-0.0161861
0.0040661
-0.03692
0.0160511
-0.00825999
0.0307249
0.0437401
-0.03317
0.0188858
0.0334483
-0.00657264
0.0251037
0.0524209
-0.0011343
0.0233383
-0.0268114
0.0294766
-0.0286747
-0.0184365
-0.0211129
-0.0464503
0.0334447
-0.00152647
-0.0162617
-0.0222054
0.0175506
0.0255319
0.0182592
-0.0168202
0.00658835
0.0140021
-0.0211285
-0.054828
0.00118341
-0.0125367
-0.0277122
-0.0288107
0.020321
0.0349789
-0.0242455
-0.0124563
0.0483809
-0.0235074
-0.0411656
0.0333856
-0.0440722
-0.00454471
0.038548
-0.00688939
-0.0211152
0.0477879
-0.0335928
-0.024398
0.0490803
0.0170179
-0.0426996
0.0216941
0.042206
-0.00820049
-0.00905111
0.040855
0.00831046
0.0395902
0.037787
0.0341092
-0.00117836
-0.0276941
-0.0358588
0.0348737
0.0142769
0.00301143
-0.0250409
0.0402304
0.0515807
-0.0182453
0.0500974
0.00625521
-0.000280196
0.0200483
0.00587838
0.0209489
-0.000318751
-0.0502879
0.0162697
0.0116195
-0.0159934
-0.0229539
0.0268997
-0.0148632
0.0275787
0.0321377
-0.0146099
0.0109334
-0.0646189
-0.00359816
-0.00175528
-0.00398711
0.00891773
-0.0422548
0.0377877
0.0246704
0.015486
-0.0354527
-0.0355895
-0.041744
0.0177854
0.0654082
-0.00602183
0.0233776
-0.0509194
-0.0590802
-0.040939
-0.0461006
-0.0204409
-0.0437806
0.0143394
-0.04977
0.0627436
-0.0230435
-0.0326507
0.0241946
-0.0172434
0.0217911
0.0139163
0.00841161
0.0109189
-0.00460007
-0.0267381
-0.034276
0.0374822
-0.0405114
0.03349
-0.0561553
0.0429603
0.0292268
-0.00341161
-0.0283954
-0.0129193
0.0113528
-0.0236008
-0.0110937
-0.00665719
-0.0437916
0.00740931
-0.0119909
0.000633113
-0.0386784
-0.0333426
0.0223657
-0.0371348
-0.0377598
0.000370005
0.0242167
0.0169588
0.0274541
0.0110534
0.0492748
-0.00986171
0.0235693
0.0236566
0.0275152
-0.0184055
-0.00876043
0.0436313
-0.0371063
-0.0154758
0.00652857
0.0193388
-0.0469376
0.013353
0.00841819
-0.0257299
-0.0381155
0.0450229
-0.00783461
-0.0260712
0.00117414
0.043368
0.0366504
-0.00785896
-0.0482905
0.0361155
-0.0274638
0.0234651
-0.031823
0.0303484
-0.0421737
-0.00705367
-0.0313928
-0.022212
-0.035259
0.00512734
0.00521044
-0.0406017
-0.00445022
0.0028476
0.0466385
-0.0114399
-0.0321938
-0.0364533
0.0390801
-0.0348612
0.0089058
-0.00863609
-0.0338674
0.0232494
-0.0233914
-0.0024645
-0.0425477
-0.00459964
0.0427045
-0.0374864
0.042553
0.0131248
0.00260038
0.0150086
0.0465906
0.0158078
0.0261639
0.035798
-0.0299679
0.0324598
0.0214022
-0.0226897
0.013321
-0.00645898
-0.0434889
0.0106481
-0.00385011
-0.0107975
-0.0140222
-0.131875
0.0330122
0.0235819
-0.0195732
-0.0428906
-0.000618213
-0.0146959
0.00282714
-0.0574055
-0.0312066
-0.0374422
-0.0207283
0.0153593
0.0043696
-0.0245755
0.0237954
0.0220891
0.0564656
-0.000933144
-0.0348632
0.0256953
-0.0452258
0.0293697
0.0303371
0.0388363
-0.0485017
-0.0237493
0.0334797
-0.0323457
-0.0212532
-0.053406
0.0272661
0.0142054
-0.0168791
0.106161
-0.0504532
0.0610881
-0.0769473
0.0143747
-0.0636856
-0.0772712
-0.0395777
0.0125702
0.0223499
0.00761163
-0.0412409
-0.0573072
0.0366132
0.0449757
0.022181
-0.0216356
0.0327066
0.0924218
-0.035137
0.00896132
-0.0157734
0.0627201
-0.0488621
-0.0174556
0.0221483
-0.0387531
-0.0100981
0.0202212
0.00257687
0.00890666
-0.0523038
-0.0381517
0.0470474
0.00913945
0.0442331
0.057588
0.00719324
0.00367586
-0.0142014
-0.00856702
0.0507335
0.0532052
-0.0437638
0.00858272
0.0411012
-0.00659446
-0.0396081
0.0227815
-0.0389524
-0.0548355
0.0556956
0.0227603
0.0324105
0.0572231
0.0733695
0.0634812
0.024969
-0.0401014
-0.0370291
0.0279793
0.0533149
0.0372104
-0.0357152
-0.0431124
0.107972
-0.0193198
-0.0319827
-0.0350589
-0.0534099
-0.00552837
-0.0493652
-0.00546434
-0.0369643
0.00733786
0.0550797
0.0412449
0.0392355
0.00545183
-0.0400383
0.0256911
-0.00237868
-0.0257352
0.0338206
0.0449896
-0.0181285
-0.0725902
-0.0168459
-0.0271554
-0.0284831
-0.0302735
-0.00585405
-0.0211005
0.0188709
-0.00363615
-0.00937306
0.0219032
0.0522901
0.0305649
-0.0460552
0.00360792
0.0430167
0.011413
0.00154169
0.0295172
-0.0230139
0.0147984
0.00402532
-0.0441697
-0.0375268
-0.0380124
-0.0338468
-0.0010233
-0.0139625
-0.0398456
0.0107759
-0.0192789
-0.0378558
-0.0286069
-0.0150631
-0.00726706
0.00653931
-0.0271144
0.0474353
0.0101461
0.0443804
0.0475541
-0.0188003
-0.0483826
0.0358377
-0.0688617
0.0272216
-0.00560451
-0.0445814
0.00419504
0.00268358
-0.00404154
-0.0233803
-0.00464674
-0.0446052
-0.0476712
-0.0221658
0.0341055
-0.0333734
-0.00942832
0.0417117
0.00460522
0.0341317
0.0227925
0.0103308
-0.0251283
-0.0131475
-0.00765935
-0.0275065
0.0186888
0.0203553
-0.0382954
0.00521404
0.021206
-0.00710799
-0.0177624
0.0111104
0.00477325
-0.0267976
0.0141874
0.00722358
-0.00103654
0.0373362
-0.0385329
-0.0268438
-0.0434195
-0.0133005
0.00393492
-0.0482544
0.0194868
0.0312672
-0.000266656
-0.0171466
-0.0381918
0.0466665
-0.00983976
0.0427172
0.0114004
0.0315218
-0.0108727
0.0422447
0.0240093
-0.0129674
0.0483378
-0.03596
0.0453931
0.057576
-0.0102732
-0.0371746
0.0538754
-0.0163852
0.0292593
-0.0417157
0.0419566
0.0275806
0.0260024
-0.0266823
-0.0115523
-0.0483426
-0.0282936
-0.0253858
-0.0498077
0.0201204
-0.0070893
-0.02144
-0.0426372
-0.0585524
-0.0149527
-0.011985
-0.051414
0.0266798
-0.0361939
0.00978539
-0.0280147
-0.0347213
-0.0362209
-0.0153334
-0.0557335
-0.0427205
-0.0252319
0.00166461
-0.0236977
-0.0257493
-0.0167469
-0.00642416
0.040599
0.00666581
0.0260807
-0.0435172
-0.00198852
-0.0700077
0.0718104
0.0830221
-0.0255208
-0.0343433
-0.0490953
0.0249273
0.0257568
0.0156085
-0.0482968
-0.0474005
-0.0369489
-0.105193
-0.00656993
-0.0306628
-0.0373653
-0.0191339
0.0114518
-0.0429895
0.0302059
0.0219529
0.0203972
0.0180433
-0.085411
-0.0060243
0.0241669
-0.0598979
-0.00429061
-0.0367364
0.0206424
0.00146016
-0.0155818
0.0345092
0.0217622
-0.0221201
0.00733504
-0.0228353
0.0273986
-0.00800387
0.0064814
0.00448925
-0.0174885
0.0504237
0.0172852
-0.0061421
0.0352699
0.0282836
0.0226653
0.0421047
-0.0104245
-0.0195742
0.00725624
0.0524311
-0.0343708
0.0588811
0.0142649
-0.00254123
-0.019345
0.0261946
0.0350529
-0.0361754
-0.0148872
0.0755202
-0.0621158
-0.0258803
0.0328457
-5.39122e-05
-0.0296697
-0.0293915
-0.0320541
0.00849161
0.029478
-0.0459768
0.0222831
0.00293333
0.045727
0.038711
-0.00905627
0.015856
-0.0282403
0.0161094
0.0415816
-0.00479569
-0.0161991
0.0248803
0.0398713
-0.0019792
-0.0125707
-0.0311626
-0.00861538
-0.0465781
-0.0302243
-0.0215202
0.0258054
0.0394011
-0.0122698
-0.00845522
-0.0217613
0.0109821
-0.000141109
-0.00920785
0.0292915
-0.0464515
-0.00140657
-0.00450317
-0.0413028
0.0240123
0.0371034
-0.0175669
0.0389853
-0.0152065
0.0233913
-0.0417866
-0.0355777
0.0416107
0.0448757
0.0421655
-0.000520198
0.016712
0.0410782
-0.0123635
0.0366384
-0.00208248
0.024795
0.0281029
0.00229304
0.0247915
-0.0467774
0.0298474
0.0437013
-0.0106111
-0.0394586
0.022359
-0.0146557
0.0489905
-0.0613141
-0.0186752
0.0129901
0.00325528
-0.0253435
-0.0213266
0.0326168
0.0334005
0.00287872
-0.0278289
-0.0476414
-0.0570119
0.00588601
0.0457976
-0.0197748
0.0198985
-0.0184903
0.00863455
-0.0200039
-0.0251637
-0.00509132
0.0439243
-0.0421624
0.099591
0.0973791
0.0379583
-0.00960807
-0.11512
-0.0313761
-0.0591418
0.00496906
0.0386665
0.0621939
-0.00526003
0.0176222
-0.0248917
-0.025408
0.0476991
-0.0377197
-0.0507164
0.0777877
0.0464513
-0.0307711
0.0385345
-0.0389195
-0.0805984
-0.191605
-0.049522
-0.05098
0.0315185
-0.0108586
0.00764149
-0.000437162
-0.0208712
0.0208563
0.0574915
-0.00123811
0.0139722
0.0300891
-0.0108881
-0.032901
-0.0301073
0.0128409
-0.119161
-0.0172546
-0.0297459
-0.0108378
0.0181512
0.0207965
-0.0744037
-0.0131532
-0.0586108
0.035961
-0.02484
0.052218
-0.0231242
-0.00491431
-0.0245342
-0.0282236
-0.0234993
0.0648356
0.000772773
-0.0357688
-0.035876
0.00237521
-0.0370513
0.0362034
-0.0287729
-0.0138444
-0.048199
0.00374496
0.0544129
-0.0138091
-0.0253472
0.0676606
0.0386276
0.0392462
-0.0155629
0.0755766
0.00708705
-0.0781526
-0.00873569
0.0280951
0.0261485
0.0208527
0.00876735
-0.0693103
-0.00430137
0.0376737
0.0305557
-0.0609078
0.0940442
-0.018432
0.0508054
-0.0133745
-0.0371285
-0.0319225
-0.0262984
-0.0127165
0.0557144
-0.0443435
0.0273232
0.00333214
0.00337862
0.0477343
-0.0447307
-0.0234452
-0.0378051
0.0411001
0.0210939
-0.00265322
0.0384751
0.0227435
-0.00643473
0.0295314
0.0147628
-0.0123741
0.023254
-0.0310832
0.0234058
0.0293496
0.0235581
-0.0614993
-0.0469306
0.0149305
-0.0392273
-0.0573344
0.0125043
-0.0149105
-0.011969
-0.0269785
-1.90298e-05
-0.0165005
0.0103498
-0.0287514
0.0203962
0.0311273
-0.0700901
-0.030031
0.0238707
0.00255646
-0.0484873
0.0423547
0.0109438
-0.0415716
0.029353
0.0415295
-0.000992309
-0.0151229
0.0173667
0.0116134
0.0290696
-0.00422547
-0.000484822
-0.0202507
0.0772011
0.0437891
-0.0424193
0.0206741
-0.0107569
0.0357834
0.00632877
-0.00378862
0.0413084
0.0484895
-0.00398311
-0.0235953
-0.0117081
-0.00506211
-0.0254972
-0.0647131
-0.0289822
0.00235343
-0.0145654
0.0249673
-0.0146823
0.0302313
-0.0301091
0.0124294
-0.0054529
-0.0196762
-0.00582561
-0.000324931
0.0441235
0.0244287
-0.0433454
0.0186631
0.0184967
-0.0387533
-0.00906299
0.0357448
-0.0170215
-0.0158169
0.0266573
-0.0263912
-0.00410138
-0.0379468
0.0203502
-0.0466277
-0.000682152
-0.0482765
0.0385972
0.0462862
-0.0122111
-0.0389618
0.0201389
0.0342919
-0.0507845
0.0266243
0.000260378
-0.00209568
0.0282018
-0.0187184
0.00423984
-0.0849611
-0.0549297
-0.0600912
-0.0434217
-0.0155855
-0.0416394
-0.0544306
-0.053726
0.013665
-0.0623236
-0.00640356
-0.0443597
-0.00490564
0.0500207
0.00852471
-0.0576429
-0.0388488
-0.0189044
-0.0360772
0.00760617
-0.0333886
0.00338858
0.0258382
0.0217853
0.0139089
0.0255591
0.0604105
0.0431341
-0.00283555
0.0462332
0.0208833
0.00167179
0.0238653
-0.0187605
0.0225853
-0.0192404
-0.0268128
0.0255107
-0.013503
-0.0288139
0.0175839
0.0096256
-0.0144338
-0.0516417
-0.0227887
0.032677
0.111817
-0.123878
-0.0395938
0.000291869
-0.0151904
0.0255369
0.0682888
-0.0600182
0.0438392
-0.000104449
-0.000147015
0.00459564
0.0806245
0.0836586
-0.00538626
0.0325813
-0.0147996
-0.0347024
0.0288521
-0.0323173
0.0357895
0.0274163
0.0635599
-0.044491
-0.00350944
-0.0208657
-0.00371119
0.03949
0.00351444
0.0108125
-0.0427141
0.0035131
-0.104708
-0.027646
-0.054449
-0.0465097
0.0388325
-0.0571686
0.0389985
-0.030984
-0.0339493
0.0182321
-0.00115508
0.0285987
0.0453616
0.0122877
-0.0160544
0.0251316
-0.0516726
0.0554584
-0.000402809
0.0475513
0.0379799
-0.00147055
-0.0296558
-0.0653012
-0.060501
0.0324351
-0.0310403
-0.0433937
-0.0106835
-0.0437451
-0.0962515
0.0441597
-0.0551847
-0.03596
-0.0784458
-0.0286409
-0.0362664
0.0245776
0.00858191
-0.023376
0.0316965
0.0246524
-0.0444283
-0.0378584
0.0144612
-0.00959583
-0.0355899
-0.0229061
-0.0249823
-0.000881141
0.0215233
0.0391341
0.0135957
0.037108
0.00940584
0.0297628
-0.0277147
0.031907
-0.00851868
0.0016077
-0.0206031
0.0302409
-0.0415166
0.0451106
0.0358969
-0.0238613
-0.00140715
0.0200644
0.0282646
-0.0377439
-0.0568486
0.0278804
0.0183671
-0.00741461
-0.0168636
-0.00746919
-0.0212412
-0.00808207
-0.0238642
-0.0236896
-0.0374075
-0.036474
-0.028435
0.0399028
0.0154603
0.0203262
0.00546125
-0.0499693
-0.00212393
0.00299266
-0.0463641
-0.0351666
0.0250649
0.0106623
-0.0313087
-0.0290943
-0.0492813
-0.0203022
-0.0340142
-0.0293136
0.0106723
-0.00450808
0.00343166
-0.0369777
0.0446523
0.00938566
0.0642887
-0.00257359
-0.0376464
-0.0363047
-0.0132686
0.044923
-0.0292433
-0.0233219
-0.0572103
-0.0735913
-0.0489154
0.0397964
-0.0052426
-0.00617816
-0.0407594
-0.0414715
0.016537
-0.014507
-0.0382983
-0.0318144
-0.276959
-0.0756834
-0.0957551
0.0102613
0.00302408
-0.130816
-0.0388294
-0.0699137
0.0434965
-0.0238942
-0.0172063
0.00400698
-0.0400783
-0.0212307
-0.0720791
0.0381384
0.0498776
-0.11733
-0.0424546
-0.0710879
0.00789256
0.0602991
-0.103969
0.297539
0.141091
0.0852997
0.0235026
-0.0718975
-0.00476418
-0.0397893
0.116232
-0.0838058
-0.0972782
0.0844563
0.0200554
0.00545762
-0.0215594
0.0638488
-0.0123461
-0.0272413
0.0992847
-0.0277428
-0.0354754
-0.00629612
0.0276505
-0.00881181
-0.0371448
0.0617858
-0.015407
-0.0967475
0.0184825
0.00958963
0.0692055
-0.0821287
-0.0176531
0.0207565
-0.0140748
-0.0515824
0.00370501
-0.0423966
-0.03031
-0.00500212
0.0350626
0.00113205
-0.00115494
-0.0414083
-0.0276789
-0.0314024
-0.0320175
0.0689686
-0.0485851
-0.0182827
-0.121442
-0.0658755
0.0292457
0.0100571
0.0174899
-0.0689051
-0.0741677
0.0658758
0.0184241
-0.0215846
-0.00391577
-0.0694025
0.0274147
0.0405626
-0.0332718
-0.0762209
-0.0750095
-0.0109559
0.034151
0.0508848
0.00228737
-0.010147
0.0329834
-0.00270474
0.00283325
-0.00702011
0.0134048
0.0409777
-0.0281048
-0.0380651
-0.00337997
-0.0190287
0.0421788
-0.0102319
0.00325676
-0.0420448
-0.0138102
-0.0374306
-0.0601306
0.0215462
0.0246809
-0.0266511
-0.00588458
-0.0155144
0.0128269
0.0125033
0.00391418
0.117347
-0.0430053
0.120977
0.0208324
-0.0427855
0.0259977
-0.0344683
-0.0416908
-0.000922921
-0.0306672
0.00141282
-0.00922671
-0.0279308
0.00682418
0.0330915
-0.0172135
0.00993727
-0.00779323
0.0428448
-0.0264503
-0.0229355
0.0231814
0.00153874
0.000932849
-0.0192615
0.0229685
-0.0322422
0.0303442
-0.0247389
0.00876689
-0.025998
0.0416843
-0.0149211
0.00597767
-0.00139042
-0.00481141
-0.0555733
0.0236952
-0.0139624
-0.0387618
0.0461086
-0.00458422
0.0165961
0.0352743
0.00308646
0.00141786
0.0435534
-0.0249073
-0.0176112
0.04672
-0.0152266
-0.0195931
-0.0307272
-0.0181882
0.0424584
-0.0453449
0.00816017
-0.0264253
0.0217248
0.0332975
0.0146562
0.0125633
0.0100345
0.025176
-0.00158848
-0.0188546
-0.0129735
-0.0018135
0.0308988
0.045416
0.0355263
-0.0233449
0.0132287
-0.00776865
0.00955523
0.0395142
0.0493659
0.0149659
0.0407274
-0.0199189
0.0297597
-0.0262665
-0.0136124
-0.0216193
0.0367745
-0.0645751
-0.0446863
-0.00263739
0.0161081
-0.0353311
-0.023343
-0.0349716
0.0164338
0.112405
0.0158127
-0.0087354
-0.00695932
0.0314574
-0.0206706
0.00830978
0.0308324
0.0598946
0.00523984
0.0376031
-0.0621824
-0.0187651
0.081751
0.0206359
0.0049035
0.00865993
0.00348528
-0.0387638
-0.00978703
-0.0539747
0.0392343
-0.00136726
0.0315975
-0.0102374
-0.0406553
0.0740487
0.0166305
-0.0186433
0.0413582
-0.0568079
-0.0385413
-0.0543272
-0.0595574
0.0107054
-0.00869496
-0.0216774
0.00168318
-0.0359357
-0.0442413
0.034591
0.0217823
0.00259551
0.032974
0.0273895
-0.0664321
-0.0671366
-0.0512342
0.00344306
-0.0395953
-0.02255
0.0248343
0.0159092
-0.0196085
0.053376
-0.0106703
-0.00183662
0.137181
0.0784776
0.00831202
-0.0220993
0.0446359
0.0341626
-0.0187263
0.0355859
0.034952
0.0850545
0.0627905
0.0128221
-0.0892692
-0.0293163
-0.00315004
0.0366825
0.0314273
0.0138598
-0.0243038
0.0143897
0.0718617
-0.017517
0.0385491
0.00517644
-0.00569456
-0.0629275
-0.0038574
0.0402576
-0.0233222
0.0619565
-0.0219734
-0.0585236
0.000161655
-0.015268
-0.0171394
0.0345171
-0.050685
0.0234372
-0.0198797
0.0184087
0.0134837
0.00418783
-0.0479897
0.0392264
0.0453573
0.0132947
-0.00814093
-0.027865
-0.0504494
-0.0180543
0.0253439
-0.129106
-0.0527398
-0.0279608
0.0296182
0.00163727
-0.0334642
0.00143672
0.0407195
-0.0822393
-0.0325133
-0.00344038
-0.0371395
0.0171598
-0.034245
0.0449102
0.0416882
-0.0566022
0.0323343
-0.0266346
-0.0445601
0.0146652
0.0179731
-0.0330055
-0.036798
-0.0309326
-0.0442304
0.0317565
0.0121169
0.0264535
0.0260051
0.0406681
-0.0458802
0.0287432
-0.00507461
0.00162346
0.00145094
-0.0128024
-0.0121324
0.011061
0.0132971
-0.00867897
0.0339912
0.029287
0.0340083
-0.0338905
0.0244879
-0.0214292
0.00342594
-0.018129
0.0382815
0.00478805
0.0142378
-0.0350669
-0.00176511
0.0262088
0.0282435
0.0340585
0.00847815
0.0440643
-0.0472098
-0.0288054
0.0379345
-0.0196567
-8.21547e-05
0.00187208
-0.0154809
0.00932123
-0.0122248
0.0520786
-0.0398026
-0.0316869
-0.0224777
-0.0116762
-0.0411495
0.0177243
0.0309519
-0.0827006
0.0653853
-0.0527741
-0.0450216
-0.0468284
0.0418166
-0.00900698
-0.00391365
0.0048972
-0.000892941
-0.0377314
-0.0282466
0.0463897
0.0165742
0.0444177
-0.0481611
-0.0205556
-0.0181681
-0.0442906
-0.0663829
0.0138092
-0.0607365
0.00485583
0.0395734
0.006848
0.00272338
-0.0430971
0.0180205
-0.0180577
-0.0492345
-0.0266077
-0.00408943
-0.0291027
-0.0247297
0.00651053
0.0042285
0.0325918
0.0342894
-0.0353637
-0.0459679
0.0380603
0.0443118
0.0431988
0.031303
-0.0376825
-0.0419789
-0.0466049
0.0489472
-0.0497743
0.047986
-0.0392273
0.00582256
0.0248524
-0.0255882
-0.0181343
-0.046782
0.00131914
0.0326259
0.025599
0.0426851
-0.0348666
-0.0396306
0.0301817
-0.0237237
-0.0417961
-0.0350475
-0.0237386
0.0307622
0.0398993
-0.00581874
-0.0365288
0.0214995
0.00040132
-0.037712
0.0358447
0.0259072
-0.0379344
0.014969
-0.0398179
-0.0343338
-0.0453888
0.0339214
0.0415633
0.0364908
-0.0308066
-0.0355929
0.0423306
-0.0151859
-0.00637139
-0.018007
0.0298466
-0.0305109
0.0209317
0.0213594
0.0530557
0.0332921
-0.0559066
0.024224
0.00450821
0.0208204
-0.0202246
0.0414657
-0.0478514
-0.040468
-0.00780644
0.011103
0.0300575
0.019703
-0.0365804
0.0521974
0.0101807
-0.0105524
-0.0200404
-0.0361104
-0.0444945
-0.00255848
0.0198386
0.033634
0.029093
0.0178315
-0.00314933
-0.0133211
0.0232428
-0.0143646
0.0459208
0.033999
0.0350761
-0.0247254
0.0066601
-0.0394802
-0.0476024
0.042338
-0.01195
0.0233223
-0.037063
-0.0227658
0.0361028
-0.0429906
0.000621251
-0.0265753
0.0217404
-0.00562693
-0.0121477
0.0172137
0.00842132
-0.0468092
0.0156843
0.03487
0.0197919
-0.0324425
-0.0333807
0.0443112
-0.0341873
-0.0539852
-0.0162049
-0.0512792
-0.0462445
-0.01981
-0.00986696
-0.0486048
0.0174376
0.0265399
0.00612816
0.006362
0.0254488
-0.0120879
-0.0226297
-0.0299529
0.0358895
0.0145989
0.0228879
0.0488281
0.0146252
0.0239965
0.0378268
-0.0332916
-0.0399467
-0.0246603
0.0200686
-0.041784
0.017048
0.0363224
0.0182387
-0.0253472
0.0387376
0.0473213
-0.0373476
0.0276145
-0.021552
0.01722
-0.00848324
-0.0490783
-0.000519156
0.00885005
0.0317973
0.0332104
-0.0333355
0.00301434
-0.046155
-0.00215782
0.0401885
-0.0281279
-0.00624084
0.0390489
0.0157662
0.0243504
-0.0247958
0.00718419
-0.0462309
0.00566692
0.0251285
-0.0407124
0.000377969
-0.046999
0.0327056
0.0362068
0.0336539
0.0278307
-0.0288404
0.0163879
0.0195136
-0.0113441
0.00134475
-0.0384507
0.0297332
-0.011746
0.0393321
-0.0156091
0.0337611
-0.0430327
-0.00158374
-0.00848604
0.0588656
-0.0265028
-0.0113915
-0.00635112
0.0239439
-0.0372112
-0.024041
-0.0168059
0.0204844
0.0423043
-0.0302853
-0.0183114
0.075971
0.0232395
-0.0197384
0.0280282
0.0483571
0.019552
-0.0181263
0.00172491
0.0327611
0.013228
0.034648
-0.0296244
-0.021135
0.0576521
0.028185
0.0190035
0.0204615
-0.039189
0.00687813
-0.00688015
-0.0072073
-0.0427641
0.0308095
0.00706504
-0.0465123
-0.0358876
-0.0542743
-0.00160745
-0.00473692
0.0410825
0.00359031
-0.0381872
0.0378432
0.00344235
-0.0056874
-0.0235968
-0.0514591
0.0231399
0.060936
0.0227091
0.0160067
1.89856e-05
0.0440768
-0.0221138
0.0310389
0.00745296
-0.0433851
-0.014486
-0.0154613
-0.0400314
0.00406849
0.0292677
0.0294214
0.0233195
-0.028968
0.0282273
-0.0395239
-0.0158046
0.0249587
-0.0473506
-0.0424058
-0.0183868
0.0072121
-0.0387143
0.0259288
0.00485779
-0.0198541
-0.0215096
-0.052362
0.0181187
0.0511289
0.0115105
-0.0564576
-0.0375423
-0.000407273
-0.0237139
-0.0466647
-0.0284114
0.0388899
-0.0198249
-0.0279809
-0.026029
-0.0167718
0.0190882
0.0563431
-0.00787108
-0.00876867
0.0292491
-0.00935308
0.00805675
0.000956174
-0.00348857
0.0279717
0.011981
-0.0450586
0.00980936
0.0257794
-0.00493879
0.00298569
-0.0477823
-0.0168464
-0.000997038
0.0143995
0.0200893
0.041765
-0.0395609
-0.013383
0.0174474
-0.0175862
0.02292
0.0147718
-0.00817501
0.00442557
0.0448092
0.0397924
-0.038035
0.0231392
-0.0350109
0.0434319
0.0253514
-0.015583
-0.00192882
0.0420837
-0.00205439
-0.00700425
-0.0212018
0.0258132
-0.0365238
-0.0392332
0.0404556
0.0184131
-0.0147119
0.00789766
0.0406313
0.026491
0.0272132
-0.00546018
0.0130842
-0.049452
0.0226326
-0.0205448
-0.0213266
-0.0400509
-0.0457265
0.0282689
0.035181
0.0274578
-0.0217729
-0.000709038
-0.000310954
-0.00526613
0.0166323
-0.0185551
-0.0237591
0.0266211
0.0110218
-0.033823
-0.0155322
0.0270775
-0.0369448
8.66307e-05
0.0390768
0.0174813
0.0377431
0.0129192
-0.0522537
-0.0296139
-0.00732747
0.0196681
0.046886
0.0205441
0.0185059
0.0238426
-0.0220766
-0.0388041
0.00613801
-0.0490093
0.00439359
-0.0554227
-0.0014691
0.0292157
0.0294351
-0.032518
-0.0338354
0.040721
0.0191651
0.0120837
-0.0289774
-0.0344303
0.0446618
-0.0865815
0.032162
0.00578557
-0.0380491
-0.0466745
-0.0359837
0.01395
-0.0273731
0.0200283
0.0300093
-0.00249586
0.0365644
-0.00410254
-0.00517718
0.0281549
0.0430628
-0.0115595
-0.0653203
0.00675676
0.0258496
-0.009657
0.00859467
-0.0186262
-0.0374125
-0.0023394
-0.0880605
0.0484682
0.00647152
-0.0290934
-0.0508767
0.0252969
-0.0425221
-0.0643669
-0.0670198
-0.061424
-0.0237897
0.0155196
0.0467495
0.0219673
-0.0184816
-0.0210319
0.0302008
-0.0955346
0.00875867
0.0411294
0.0402229
-0.0354208
-0.00119864
-0.00878798
-0.0698346
-0.0135494
0.0185989
0.0540358
0.0290372
-0.014865
0.00929759
0.0410394
0.00124023
0.0228437
-0.0013512
0.0474835
-0.00575249
0.0489114
0.0405781
-0.0114531
-0.0347309
-0.0283796
0.0262132
0.0294429
0.0153364
-0.0152972
-0.0152182
-0.0542663
0.048208
0.0344331
0.0463573
0.0415943
0.0495371
0.0366098
-0.00846304
-0.042491
0.0254235
0.0160937
0.0399793
0.0194059
-0.0443769
-0.0388708
-0.0461314
-0.0266856
0.00495334
-0.00125318
0.0395533
0.000555806
-0.0122065
-0.0484571
-0.014585
0.0468896
0.0450157
-0.0328555
-0.025413
0.033203
-0.0213468
-0.0331718
-0.0124428
-0.048581
-0.0186184
0.0249518
-0.00906695
-0.0162025
-0.0581289
-0.0592966
0.00480955
0.0210606
-0.00836083
-0.0603794
0.029545
0.0475512
0.0151175
-0.00469872
0.0664387
-0.0426682
0.0477038
-0.0172819
0.0245041
-0.0266656
0.0113484
-0.0368368
-0.0133018
-0.0203119
0.00309525
-0.00607829
0.0370397
0.00696904
0.0374686
-0.0537352
-0.0420904
0.0234791
0.0136612
-0.0179418
-0.0325994
0.00924607
0.0305635
0.0396675
0.0276982
0.018477
0.0348018
-0.00982339
0.0198922
-0.00959909
-0.0129802
-0.00611483
0.0241432
-0.0602502
-0.00464208
0.0164157
0.0249629
-0.0103111
0.00893855
0.0218876
-0.0031797
-0.0461163
-0.0109035
-0.0427829
0.0158159
-0.00204649
0.0369667
-0.0226253
-0.0169023
-0.0223869
-0.0260357
-0.00605008
0.0292388
-0.0293656
-0.0392605
-0.0431625
-0.0519032
0.0373227
-0.0064505
0.015934
0.0437566
0.0267335
-0.033374
-0.0356752
0.0310371
-0.0379353
-0.00925875
0.0242408
-0.0179463
0.047661
-0.028295
0.0387872
-0.0221691
0.00776094
0.0128877
0.00620897
-0.0027314
-0.0430859
-0.0208695
-0.0377735
0.00586718
-0.0190124
-0.00298645
0.0182229
0.0139283
-0.0419247
-0.0294425
-0.0356483
0.0504987
-0.00773912
-0.0294328
0.0185355
-0.0497525
-0.020157
-0.0606869
0.00970416
0.0418566
-0.0265418
0.0066074
0.0248529
0.0405507
0.0496548
0.0298134
-0.0320417
-0.042097
-0.000600025
-0.0400488
0.00105103
-0.0654986
0.0316361
-0.00986319
-0.00146565
0.0137979
-0.0343367
0.024771
0.0489394
-0.00341776
0.000438803
0.0319903
-0.0485651
0.00545768
0.0392051
0.0401516
0.0316326
0.00424539
-0.0400893
-0.0171948
-0.0195815
0.0366055
0.0288137
0.0112906
-0.0246402
0.00194201
0.0490837
0.0112627
0.0282677
-0.0196144
0.0362699
0.0527792
-0.0360827
-0.0404083
0.00379785
0.0500608
0.0317809
-0.0514364
0.0482002
-0.0183264
-0.00806882
0.0249683
0.0419143
0.00890173
0.0873722
0.00911866
-0.026594
0.0020715
-0.0225464
0.0216331
0.0445706
0.0088101
0.05263
-0.0360354
-0.0386041
0.0199012
-0.000785073
-0.0304262
0.0468809
-0.0130827
-0.0299067
0.00661704
-0.0138542
0.000141312
-0.0577683
0.0219048
-0.00715033
0.00395524
0.0531674
0.0387535
-0.0129437
-0.0399355
0.0194058
0.0557018
0.0843357
-0.0354965
0.0353415
0.00172595
0.0376518
-0.0318232
-0.0228926
0.0145791
-0.00817457
-0.0253
0.0451415
0.0334977
-0.0288951
0.00409629
-0.0473973
0.0378201
0.0447183
-0.0156159
-0.0378462
0.018463
0.0334797
-0.0102597
0.000799369
-0.0448898
0.00358731
-0.00329418
0.0408958
-0.0042774
-0.0415031
-0.034305
0.0314029
-0.0421138
-0.0483735
0.0160904
0.0250895
0.0238102
-0.0509389
-0.0460206
0.0231383
0.00157855
-0.0254135
0.028993
0.0341777
0.0257583
0.0055652
0.0137716
-0.0141654
0.0436646
-0.0394427
-0.0378065
0.0152206
0.034525
-0.046222
0.0395749
-0.0463093
-0.0445972
-0.0121168
-0.0129003
-0.00821005
0.0385624
0.0321988
0.0469497
0.0265309
-0.00570997
-0.0422595
0.0010353
0.000797304
0.00474458
0.00333826
0.00337958
-0.0309314
-0.000624163
-0.0307337
0.00938194
0.0468961
0.0281226
-0.0221412
0.0179821
-0.0447147
0.0380407
0.0140875
-0.039407
-0.0149249
0.00383463
-0.0350501
-0.0467531
-0.0283031
-0.024446
-0.0553313
-0.0262054
0.0296909
-0.0104885
-0.0325919
0.0199582
-0.019192
-0.0364551
0.0126413
0.0184725
0.0197093
0.00381401
0.0385622
0.0441478
-0.0148144
0.187144
0.0343924
7.09372e-05
-0.0286489
0.0554662
-0.0785905
-0.0300122
0.0769916
-0.0108137
0.0522199
0.0214132
-0.00360931
0.0550529
-0.0280594
0.00605615
-0.0332963
0.034585
-0.0783757
-0.0594622
0.0277883
-0.00874763
0.035595
-0.00623658
-0.0317773
0.0421663
0.0631811
0.00477408
0.00214479
0.0174889
-0.0131362
0.00875861
-0.0135767
-0.0143093
0.0329843
-0.0980781
0.0352827
-0.121721
0.101618
-0.0688024
0.0665278
0.0806767
-0.0324608
-0.00765256
0.0168664
0.0734169
-0.0151176
0.0215579
0.0805312
0.0647528
-0.0822525
0.0176443
-0.037028
0.00284736
0.0639698
0.152603
0.0402165
-0.0532397
-0.00505719
0.0955711
-0.00347656
-0.0177008
0.0581275
-0.066279
0.00733764
-0.0527111
0.0087646
0.0140096
0.0445342
0.0702364
0.0493914
-0.00143587
0.0242957
-0.0598476
0.04057
-0.0567052
-0.0250727
-0.00031344
0.000549609
-0.013233
0.0201851
0.0262474
-0.0255816
0.0194791
0.0495384
-0.00188577
-0.0801858
-0.0197033
0.0088419
0.0037377
-0.0390279
-0.000412811
0.0371661
-0.00530073
-0.0394341
0.012552
-0.104095
-0.0371814
-0.00911514
0.0364846
-0.0528481
-0.0382371
-0.00139643
-0.00557447
-0.0613875
0.0447129
-0.0239256
-0.0306277
-0.0324261
0.00950136
-0.0675376
-0.0419865
0.0282774
0.0213958
0.0388226
-0.0488618
0.0948117
-0.00354582
0.0586853
0.0219745
0.0351301
0.0451615
-0.0176315
0.032863
-0.0263288
0.0206095
-0.00660605
0.0515722
0.0409844
-0.0288787
-0.0440282
0.0598416
-0.0436143
0.0235753
-0.0555234
-0.0131032
-0.0144398
-0.0312999
0.00854365
-0.0301676
0.0235195
-0.00302498
0.0275697
0.0149711
0.00375076
0.0385496
-0.059015
-0.0221341
0.0247974
-0.00253134
0.0579314
-0.00843716
-0.047535
-0.0241542
-0.0181197
-0.0115103
-0.00725809
0.0255133
-0.0331842
-0.0137959
-0.0318488
-0.0248241
-0.00441716
0.0251294
-0.0337493
-0.00587344
0.0352959
0.044554
0.00203608
-0.00453824
0.00659986
-0.00641722
0.00628245
-0.00376428
0.0232493
0.0166556
0.0290411
0.00915255
-0.0294166
-0.0219939
0.00979989
0.0047769
0.0423833
0.0359461
-0.014508
-0.0139168
0.0300842
0.0258283
0.0422886
0.0189294
-0.0293381
0.00265744
-0.0295377
-0.022143
0.0136791
-0.0443043
0.0143225
-0.0246349
0.0411223
0.000712872
0.00869407
0.0279167
0.0303276
0.00953534
-0.0115761
-0.0302702
-0.0350657
-0.00950561
-0.0331979
0.0384347
-0.0273353
0.00627109
-0.0241696
0.020224
-0.0187798
0.0302281
0.0136127
0.0785807
0.0291582
-0.0407789
-0.0732356
-0.0365815
-0.00631678
-0.0301103
0.105634
-0.0782689
0.0480286
0.0679484
-0.0188574
-0.0196907
-0.00771157
0.0152668
-0.0111227
-0.00589916
0.0638168
0.0129527
0.0139258
-0.0352152
0.0672375
-0.0642915
0.0601113
0.0864223
-0.0268586
-0.00802772
-0.0120625
0.0468725
0.0322259
-0.0552908
0.00251953
0.00742213
-0.030629
0.0240746
0.0541154
-0.018885
0.0405506
0.0532889
0.022447
-0.00652782
0.0527482
0.103918
0.0265145
-0.0097966
-0.022772
0.0180493
0.0133993
0.0479727
0.00959056
0.0583919
-0.0392043
-0.0373708
-0.0433314
-0.0453558
0.0232967
-0.00428642
-0.00824788
0.0426165
-0.036023
0.0139808
0.0369516
0.00758117
-0.00464895
-0.0078201
0.0685234
-0.0514237
0.0188282
-0.048987
0.0211677
0.0590379
0.0369791
-0.0282795
-0.0166945
-0.0484431
-0.0121424
0.0861314
-0.0121548
0.044445
0.0148698
0.0474697
-0.0688139
0.0485892
0.0228639
-0.00826361
0.0334487
0.0890198
0.0419504
-0.00470604
0.0123915
-0.0365011
-0.0256123
0.0299212
0.0467808
-0.0322597
-0.00619669
-0.0977494
-0.0534195
-0.0448222
0.0411464
-0.0246576
0.0468379
-0.0206333
-0.0751308
-0.0433872
-0.00708962
-0.0215335
-0.0353415
0.0232617
-0.046847
-0.0561417
0.0304403
0.00344338
-0.0452536
0.00179501
0.0480068
0.0195286
0.0388755
0.00368585
-0.0368684
-0.0321591
-0.0357235
0.00356454
-0.00246968
0.0495368
-0.00808204
-0.0410276
0.0202123
-0.04709
-0.015649
0.0390183
-0.0401058
-0.00303929
-0.00466484
-0.00933736
0.0215659
0.000757166
-0.0318275
-0.0117192
-0.00482756
-0.0283493
0.0220305
-0.0194283
-0.0426705
0.00931479
-0.00602038
0.0500554
-0.0434409
-0.0249286
0.0401869
0.0370302
-0.0139795
-0.0408917
0.0144081
-0.00204625
0.000954901
-0.0201043
0.0171912
0.0307005
-0.00021327
-0.00810064
-0.00687643
-0.0203591
0.0436197
-0.00535403
0.00368683
-0.0441133
-0.0432994
-0.00417764
0.0470223
-0.0279936
-0.0297201
-0.0409958
0.0125104
0.00977412
0.0062233
0.0269788
-0.0436745
-0.015464
-0.0425911
-0.0177575
0.0427521
0.00710186
0.00440241
0.0475001
-0.0572019
0.0156139
-0.0240872
0.0195164
-0.0186371
0.0334004
-0.000576658
-0.0298647
0.0582441
-0.0149888
0.0460861
-0.00321479
-0.0339275
-0.0352959
-0.202344
-0.0347203
0.0512143
-0.00906736
-0.027126
-0.0131676
-0.0158098
-0.0037277
-0.0737847
-0.0502992
0.0225021
0.0231034
-0.0749241
0.0856461
0.00273957
0.0438031
-0.0921582
0.0433975
0.00125691
0.0707031
-0.0402341
0.0121551
0.0458779
-0.0015704
-0.0456716
0.0173699
0.0523607
-0.0199087
0.0343671
0.091507
0.00815723
0.0333517
-0.0207324
-0.029822
0.0656617
-0.137838
0.027377
-0.102247
-0.0159622
-0.0447063
-0.014584
0.0222644
-0.00472295
-0.0065752
-0.0515863
-0.0126686
-0.0599481
-0.0579677
0.0340752
0.0331342
0.0324291
-0.0152089
-0.0275136
-0.0351783
-0.102345
-0.0246304
-0.0463496
-0.0532452
-0.12388
-0.0230323
-0.00655814
-0.045051
0.000563472
-9.56045e-05
-0.0310823
-0.0617522
-0.0420811
0.0127471
-0.0601328
-0.0436296
-0.0516769
-0.0365132
0.0372605
0.00847207
0.0622724
0.0803044
0.0365047
0.0432429
-0.00942407
-0.0320969
-0.0337062
0.0161034
0.000922869
-0.00666
-0.0041079
0.0462562
-0.0321896
0.0836404
0.0553913
-0.00942455
0.0804174
0.00229531
-0.0101858
0.015105
-0.00167758
-0.0524104
0.00484544
-0.0115235
0.0107449
0.0393104
0.0706131
-0.0356395
0.0386005
-0.0188651
0.0273588
-0.0137665
0.0103087
-0.0381047
0.017734
0.0534209
-0.0387371
0.00391389
0.0360664
-0.0147596
-0.011088
-0.061254
0.030712
0.0413517
-0.0172805
-0.0231977
-0.0696062
0.00156833
-0.0206945
-0.0258676
-0.0385054
-0.000184203
-0.0652734
0.0216933
-0.00809016
-0.0386172
-0.0879381
-0.0322215
-0.101262
0.0309889
0.0809344
-0.0127976
0.00845636
0.00772503
-0.0147292
0.0334448
-0.0308968
0.0308049
0.0245865
-0.0420497
-0.0454759
0.0376922
-0.00481734
0.00476932
-0.10467
-0.0414209
-9.03882e-05
-0.0159028
0.0488805
0.0229163
-0.0340225
0.0423626
0.00523664
-0.020153
0.028308
0.000680071
0.0360195
0.00214927
0.0440824
0.000472034
-0.0168338
0.0397968
6.67339e-05
0.0193783
0.0227203
0.0390314
0.00953289
-0.0193273
-0.0192424
0.0285801
-0.0483023
0.0382324
0.0493955
0.0257626
0.0179285
-0.0135979
-0.00733748
-0.0102242
0.0150896
-0.0104316
-0.042833
-0.0263143
-0.0214424
-0.0190571
-0.0187794
-0.0378482
0.0159294
0.00627846
-0.0475509
-0.0283804
-0.0104086
-0.0488878
0.0562321
0.032842
0.0258924
-0.0204814
0.0356177
-0.00730026
-0.0216145
0.0472849
0.0223773
0.0390986
-0.000678068
-0.0332454
0.0144864
0.042465
0.0205276
0.0464763
-0.0440387
0.0164361
0.0275504
0.0507397
-0.0482875
0.017572
0.0487031
0.0300765
0.0460356
0.0170762
0.047924
-0.0859472
0.0381134
-0.0128641
0.00925529
-0.00584219
-0.0140401
-0.0641455
-0.0691777
-0.0144483
0.00383799
0.00913234
0.0131744
0.00602756
-0.0072482
-0.0545957
-0.0261571
-0.0786917
-0.0809399
0.0135911
-0.0295051
-0.0216271
-0.037154
-0.0335526
0.0149946
-0.114327
0.0284502
0.0322845
0.0854027
0.0069266
-0.00689615
-0.0303396
0.0161854
0.0263749
-0.0566816
-0.0209328
-0.0564157
0.0193393
-0.00399044
-0.00505092
0.0438986
-0.000337214
-0.0457112
0.00263028
0.0179862
0.0120556
0.0296689
0.0544525
-0.0233902
-0.00568085
0.0579559
0.045598
-0.0297841
0.0677972
-0.0636741
0.00613947
-0.0133391
-0.0364422
0.0507314
0.00558415
0.0352887
-0.00995814
-0.0420683
-0.0418533
-0.0051224
-0.0412376
-0.00378659
0.0713938
0.0207248
0.033005
-0.0615213
-0.00415022
-0.0268945
-0.0235856
0.0269305
0.0613912
-0.062389
0.0206542
0.0452297
0.092245
-0.00272876
0.0327965
-0.0374717
-0.0543275
0.070088
0.00761888
-0.0142836
0.0101448
0.0537293
0.0207629
0.0780802
0.0309686
-0.0470112
-0.00852861
0.0314766
-0.0445245
0.0831983
-0.0388933
0.0595165
0.0598738
-0.0131727
-0.0254584
-0.0336499
-0.00969685
-0.0198985
-0.0102202
0.0436763
0.0528746
0.00180718
-0.0371204
0.00816597
-0.0470358
0.0415818
0.0146565
0.037194
0.0442701
-0.0433627
-0.03133
0.00136515
-0.0349856
-0.0464511
-0.0433955
0.0281281
-0.0363223
0.0379718
0.0432087
0.0238638
0.0207935
0.0486071
-0.0344159
-0.0230303
0.0265725
0.0187769
-0.00903873
-0.00768406
0.0070407
0.00657861
0.0444913
0.0469915
-0.0470135
0.0028892
-0.0305441
-0.0172539
0.00212689
-0.00247137
-0.0343619
-0.024473
0.0190507
0.0211755
0.0248463
-0.00362734
0.040584
-0.0414602
0.014942
0.00516751
0.00136677
0.0196699
-0.00847146
-0.0312066
-0.0436327
-0.00135769
-0.0451126
0.013891
-0.0100762
-0.0344133
0.0436633
-0.0219415
-0.0397294
0.00086302
0.0263822
0.0216026
0.00355192
-0.032726
-0.0362314
-0.0372024
-0.0248718
0.0358289
0.0241702
-0.0192729
-0.0167431
0.0105455
0.0169442
-0.0254367
-0.0214497
0.0370377
-0.0400292
-0.016075
-0.0158167
0.042144
-0.0100448
0.0468711
0.00739079
0.0190685
0.177202
0.0227304
0.0162392
-0.00393722
-0.010757
-0.0549565
-0.0427985
0.0444348
0.0245664
-0.0235516
-0.00139142
-0.0115891
0.010896
-0.0445805
-0.0819518
-0.0157643
0.0693057
-0.0779059
-0.0592746
-0.00508817
-0.0172475
-0.0174481
-0.0133532
0.0130508
-0.00130242
-0.0574329
-0.0327239
-0.0331744
-0.00529571
-0.0217467
0.0440646
0.00277257
-0.0260254
0.095675
-0.093527
0.142787
0.0017993
0.152741
-0.0725637
0.0394667
0.0581089
-0.0407582
-0.00108964
0.0199
-0.0425579
0.0436501
0.0835469
0.0262973
0.0242525
-0.0450419
-0.0282094
-0.00753051
0.0445265
0.0125343
0.131281
-0.0196259
0.0206834
-0.012389
0.096282
0.0443237
0.0412857
-0.0692778
0.0251217
-0.0462432
0.0144103
0.0731081
-0.0330823
-0.0381612
0.0400509
-0.0337836
0.00918321
-0.0553816
-0.0534238
0.0266289
-0.0222286
-0.10222
0.0374428
-0.0185889
0.0423568
-0.033197
0.00343128
0.0470132
0.040473
-0.0140214
0.0194464
-0.0668723
-0.0370825
-0.0858033
-0.108307
0.02842
-0.0392357
0.0429068
-0.0291266
0.0196468
-0.0485063
-0.0287279
0.0410399
0.0126597
-0.0198517
-0.0453172
-0.067237
-0.00355774
0.032649
0.00232808
-0.026472
0.00938742
-0.00351932
0.0141026
0.028331
-0.0637775
0.00705718
-0.00815191
0.030796
-0.0410865
-0.0179042
0.0172832
-0.00168128
0.00983166
-0.00185943
-0.050481
0.075993
-0.00759985
-0.0195713
0.00724761
-0.0282223
-0.0132347
0.0950625
0.0405893
-0.000380391
-0.00192016
0.0850442
0.0170946
0.0492647
-0.0797134
-0.0293295
-0.00620426
0.00359455
-0.0177058
-0.0434516
0.00597812
0.0112539
0.0273228
-0.0136436
0.0128292
-0.0158004
0.00571568
0.00773194
-0.0101646
0.0560029
0.0166755
0.0445904
0.0413623
-0.0312128
-0.036205
-0.0399052
0.0231236
-0.00988014
-0.00416774
0.0150451
0.0363361
-0.0218711
0.0274948
0.0375357
0.0359133
-0.00657315
-0.0283023
-0.00423874
-0.034781
0.0251852
-0.0221777
-0.0185701
0.0106413
-0.0396833
-0.0433969
-0.0162299
0.0192689
-0.000362663
0.0180973
-0.0314413
0.0555726
0.0185325
0.0339691
-0.00811892
-0.00518373
-0.00189223
0.026783
-0.041573
0.0335061
0.00593502
-0.0474815
-0.0317185
-0.0252552
-0.0285622
0.00377033
-0.00446845
0.0289776
-0.0252419
0.00589876
0.036254
-0.023315
0.0248084
-0.0466399
-0.0353597
-0.0129089
-0.00647482
0.0456323
-0.0421239
0.00148062
0.0486734
-0.0347025
0.00258902
0.0334738
0.0194949
0.0262344
0.00852645
-0.0758242
0.0668836
-0.0357429
-0.0362255
0.00941653
-0.000727597
0.048734
-0.0317901
0.063264
0.0291106
0.0297189
0.0146362
0.0088163
0.0347471
-0.0036687
0.0768668
0.0068673
-0.0279474
-0.0284179
-0.063282
0.0300262
-0.0297138
0.0642213
0.0329091
0.0214899
0.0704022
0.00477108
0.0153043
0.0219505
0.0758799
-0.0229356
-0.0559551
0.0735639
0.0304934
0.00254841
-0.0533157
0.0506334
0.0399941
-0.0335704
0.00818003
-0.0414967
0.0661692
0.0303398
0.0487708
0.0364552
-0.0325189
0.020773
0.00239406
0.0145439
0.0548903
-0.00801617
0.0303784
0.00743643
0.0300347
-0.0108964
-0.0126449
-0.0473706
0.0367572
0.0235754
0.0302378
-0.0763594
-0.031538
0.00865951
0.0212585
0.0607532
0.0133833
0.0771821
0.0174008
-0.00466815
0.0081612
-0.0197746
0.0114577
-0.000474778
0.0139999
-0.0177527
-0.023125
0.0261684
0.0794565
-0.0284889
-0.0182745
0.0180797
-0.0151405
0.030663
0.0103712
-0.0585683
-0.0282427
-0.0522442
-0.0019257
0.016952
-0.00219263
0.0805987
-0.0590936
-0.0250052
-0.0143227
0.00468123
0.0406178
0.00427697
-0.0425342
-0.0384191
0.0226834
0.0455877
0.0283142
0.0433092
-0.00994846
-0.0108668
-0.068739
-0.00513957
-0.0116159
-0.0259932
0.0378829
-0.000272392
-0.0515823
0.0208979
-0.0697803
0.038628
-0.006913
0.0060735
0.0458113
0.03069
-0.0653961
-0.0501338
-0.00447738
-0.023609
-0.0189015
-0.0426243
-0.0108149
-0.0182918
0.00388912
-0.0109345
-0.0401375
-0.0420221
0.0309629
-0.0456252
-0.0179538
-0.0380192
0.01921
0.00887595
0.013156
-0.0169094
0.01544
0.0292254
0.0458523
0.00827831
0.0267548
0.0287787
0.0340029
0.0187731
0.0122638
-0.00821126
0.0357167
-0.0239485
-0.0222297
-0.0392095
0.0380577
0.0102053
-0.0270355
0.0435676
0.00783266
0.0412749
-0.0246501
0.0302212
-0.0435158
-0.0206487
-0.0368607
0.0441031
0.0374101
-0.0159169
0.00430325
-0.00479196
0.0149114
0.0131343
-0.0250026
-0.0160631
0.0332304
0.030862
-0.0331987
-0.0185813
-0.0213278
0.05112
0.0118149
0.00716491
0.0270022
-0.00454486
0.0205243
0.00837588
-0.00448591
0.0199518
0.0244419
0.0094231
0.0301683
0.000339299
-0.0371552
-0.0445058
-0.0845962
0.0241955
0.0356349
0.0183872
-0.00576989
0.000387522
0.0105857
-0.0122917
-0.000902041
0.010865
-0.0034321
-0.00156901
-0.0149008
0.00198941
-0.00251375
-0.0173099
0.0142383
0.00526878
-0.00197046
0.00284367
-0.0208663
0.00203682
-0.0205649
-0.12974
-0.00746748
-0.0210452
-0.00254101
0.193511
-0.00530343
-0.00303131
0.00984772
-0.0205427
0.00638472
-0.00122569
-0.00667716
-0.0112193
0.00996055
0.00561018
0.0111346
0.00309578
-0.00895428
-0.0190007
0.0876143
-0.00421718
0.0102634
0.00283782
0.0128372
0.169433
-0.0191187
0.0084697
0.00232523
0.000988851
0.108637
0.00981331
-0.00652672
0.0127581
-0.00982446
-0.01145
-0.0698788
0.012021
0.00651423
-0.0125145
-0.00550102
-0.0245403
0.00693283
-0.016047
-0.0501614
-0.00242778
0.00859276
0.00431322
0.0022549
-0.0198556
0.0246564
0.0446814
0.00516019
0.00634945
0.00159942
0.00213231
-0.00543745
0.0452867
0.0154162
0.0218497
0.0127688
0.0105631
0.00473351
0.00615839
-0.00515673
0.00981222
0.141606
0.030304
0.0178271
-0.0876736
-0.00284552
-0.00275732
0.0124672
-0.0126654
0.0077282
-0.0186949
0.0116769
-0.00712849
0.0119667
-0.00157423
-0.0145642
0.00313087
-0.000126857
0.0238933
-0.00888746
0.000770549
-0.00422639
-0.072907
-0.000346355
-0.0217279
0.108886
-0.014403
-0.00568572
0.0122089
0.00564477
0.000122487
-0.000204275
0.0425377
0.00611796
0.0107715
0.0751764
0.0659074
-0.0118814
0.0208512
-0.000890761
0.0174765
-0.0191927
-0.0234575
-0.00501891
-0.0143282
0.0197061
-0.0193813
0.00266383
-0.00040039
0.070373
-0.061952
-0.0582894
0.0444431
0.0332054
-0.0736692
0.0523228
0.0711826
0.0217594
-0.0375192
0.0573228
-0.00303305
0.0628769
-0.0155023
-0.0572922
-0.0157455
0.0129596
0.0971909
-0.0704809
-0.0642103
-0.0399268
0.0707311
-0.0114125
0.0220017
0.0419013
0.0345702
-0.0601624
0.0741269
0.0455707
0.0766446
0.0844765
-0.0661341
-0.0337901
-0.00893871
0.0174983
-0.0503934
0.0515191
-0.0662815
-0.0430973
-0.0776217
-0.0677931
0.037958
0.0422926
0.0891189
-0.0206893
-0.0223035
-0.0192784
-0.00585103
0.0811184
0.085822
0.0412246
-0.026735
0.0697171
0.0535567
0.08289
0.0391739
-0.084244
0.0468836
0.0107365
-0.0195746
0.0714945
-0.0614172
0.0349794
-0.0334301
0.0949955
0.078443
-0.0213037
-0.0420838
0.0834706
0.0755095
0.0222709
0.0731143
-0.0903315
0.0553931
-0.0556098
-0.023775
-0.0691592
0.0115762
-0.0249476
-0.00339723
0.0209837
0.0303851
0.00177845
-0.0524096
0.0785922
-0.0535348
-0.0363703
-0.0141845
-0.0075077
-0.0257762
-0.0649196
0.0484312
-0.081142
0.0495573
-0.0589663
0.0388003
0.0149026
0.0646522
-0.0511164
-0.0119999
-0.0717034
-0.0424117
0.0595844
-0.0169956
0.0408367
-0.00518002
0.0605291
0.0398951
0.00491714
0.0592346
0.0461795
-0.0354707
-0.0498708
0.0629675
0.0471459
0.0161872
0.0287952
-0.0279825
-0.0385187
-0.0507006
-0.0295437
0.0170553
0.0221152
0.0527642
0.099992
-0.00982546
0.0011676
0.02044
0.0909641
0.0472603
-0.0240534
-0.0836128
-0.00725995
0.0347089
-0.0776289
0.00743987
-0.0172664
-0.0199941
0.0653551
0.0185912
0.0501601
0.0314879
-0.0161696
-0.0655334
-0.0780209
-0.0729487
-0.0390143
-0.115383
-0.0781302
0.0410934
0.0654964
0.0538895
0.0859701
0.0419648
-0.0185624
-0.000706105
0.0065342
0.0727422
0.0238301
0.0753143
0.0286882
-0.0788396
0.0545016
0.0696875
0.0470148
0.036538
-0.0589413
0.0942269
-0.0193373
-0.0622925
-0.0184015
-0.0399002
0.135695
-0.0728253
0.106896
0.0716742
0.00951647
-0.0575617
0.0434801
-0.0115366
0.0268124
-0.0500809
0.0297823
0.0280157
-0.0088504
-0.00515517
0.0115976
-0.0206354
0.0127519
0.09453
-0.0112006
-0.075863
-0.00479132
-0.049473
0.0741157
0.0391082
-0.0284306
-0.0061051
-0.0239094
-0.0390964
-0.0763246
0.00462954
-0.0316064
0.0138663
0.0470576
0.0965927
0.067854
0.0314194
-0.0585556
-0.00288643
0.0807475
-0.0070182
0.0797641
0.0335777
-0.0512584
-0.0222841
-0.0572287
-0.0145634
0.0433913
0.0845378
0.0163323
0.0292357
-0.00275782
-0.0261169
0.0348911
-0.0405642
0.0375234
0.064939
0.0284119
-0.014414
-0.0670692
0.0051072
0.0217725
0.0596052
0.0572653
-0.0522362
0.0946705
0.0222617
-0.00577894
-0.0411863
-0.073519
-0.00102344
0.106959
0.0985863
-0.0691263
0.0491367
0.00978733
-0.0673555
0.0220856
0.0730288
0.0126801
0.0179966
0.0705994
-0.0375477
0.0202321
-0.0341632
0.00940981
-0.0119611
0.0653838
-0.053635
0.0152385
0.0584475
0.0303443
0.0425918
0.0214337
0.0735697
-0.0739141
-0.0277636
0.00824541
-0.0269247
0.103147
-0.011182
0.0696844
-0.0484026
0.0146225
0.0594623
0.028584
0.0641304
0.0981336
0.0332781
-0.00430866
-0.0152117
-0.0718769
-0.0272235
0.0117314
0.073098
0.0182598
0.0702713
-0.0502606
0.0551508
-0.0393602
-0.0218017
-0.052894
-0.0821076
-0.0373441
-0.0241703
-0.00754086
-0.053207
0.0129653
0.0625542
-0.0398933
-0.0732499
-0.0561998
-0.00337062
0.0550288
0.0123212
0.0159527
0.0733326
0.0393258
-0.0660029
0.0781224
0.0103791
-0.0132403
0.0263655
-0.0477352
-0.0110188
-0.0847312
-0.0510493
-0.0253802
-0.00734405
0.0387359
0.0360806
-0.00345786
-0.0510216
-0.0739
-0.0432651
0.0742024
0.0617236
-0.00237007
-0.048102
-0.00506884
0.0112892
-0.015622
-0.0793229
0.00686858
-0.000703133
0.0362729
0.0139856
0.0687221
-0.021543
-0.0516821
-0.0905474
0.0478357
0.0257209
0.0778008
-0.0504958
0.0371484
0.0344231
-0.0711662
0.0934498
0.0026354
0.064252
0.0328053
0.0758303
-0.040218
0.0699548
-0.0165221
-0.0497204
-0.0213076
0.0161296
-0.0502723
-0.0589872
-0.000455537
0.00795776
0.00622626
-0.0438818
0.0275711
0.0216897
0.0615379
-0.00778317
-0.0514813
-0.0811156
0.0533515
-0.0341537
0.0690085
0.0549607
-0.0446658
0.0517955
0.0382183
0.055494
-0.0734733
-0.0819807
0.0712744
0.00450496
-0.00728813
0.0011236
0.0978865
-0.0626893
0.05093
0.0112584
0.00620796
-0.0443323
0.02471
-0.0626803
0.0592613
-0.0943103
-0.076267
-0.00858734
0.0699126
0.111388
0.0293053
0.0695454
-0.0189766
0.00172376
0.00712551
0.0452814
0.00402372
0.0743246
0.026153
-0.0234672
0.0387009
0.00968659
-0.0304864
0.0237926
-0.0606731
-0.030005
0.0329536
0.0528012
-0.0810282
-0.0751023
-0.00363573
-0.0264508
-0.0241458
-0.0901486
-0.0245604
-0.0731999
0.00795302
0.0563728
-0.0523737
-0.0420438
-0.0307495
0.0296679
0.0757394
0.0646074
-0.0707503
0.0532699
0.0670339
-0.0837531
0.0542962
0.0655646
0.0677941
-0.0744973
-0.0923669
-0.012615
-0.0402609
0.0237329
0.035085
0.0550238
0.0515153
-0.00961738
0.00965243
0.0333485
0.00523357
0.0107587
-0.0253529
-0.0780463
0.0264454
0.0638981
-0.0794216
0.033589
-0.0592712
0.0543368
-0.0515192
-0.0386044
-0.00244611
-0.0943225
0.0662869
-0.0385165
0.00327539
0.00459389
-0.0278264
-0.0287822
-0.00092942
-0.0272983
0.0515293
0.00808174
0.0291808
-0.0573159
0.0432923
0.0065107
-0.0792514
0.0557647
-0.0159988
-0.0399152
-0.0722527
-0.0166313
0.0190447
-0.134566
0.00727871
0.039775
-0.0270288
-0.0607198
0.0160823
0.0279939
-0.0231356
0.0400204
0.0821103
-0.0337422
-0.0474376
-0.0509287
-0.0742226
0.00295031
-0.0412605
-0.0297154
0.0532796
0.0543915
0.0336254
0.00693502
-0.00345115
-0.0340586
-0.0265357
0.0372743
0.0721282
0.0132471
0.0185968
-0.00429802
-0.089537
0.0441754
-0.024616
-0.0117094
0.0679559
-0.0388777
0.0778578
0.0271078
-0.0177876
0.112346
0.0110283
-0.00937095
0.0676617
-0.0334205
-0.0997848
0.0470894
0.0239427
-0.101768
0.0580053
0.048816
-0.0156511
0.0851843
0.0538954
0.0744331
-0.0692141
0.0894388
-0.0798305
-0.0853838
0.00355552
-0.0585167
-0.0481352
0.0791069
-0.0880563
-0.00802164
0.00485382
0.061821
0.0706805
0.0543791
-0.0388154
-0.100909
-0.0320667
-0.0526818
0.0503351
-0.0896459
0.0546945
0.0128181
-0.0610424
-0.0100981
0.033008
-0.0387807
0.048617
-0.0114561
0.0236634
-0.0705337
0.00993165
0.0585097
-0.0733627
0.0654426
0.0369957
0.065473
-0.0717033
-0.0581047
-0.0285476
0.0513826
-0.049458
-0.0173381
-0.102761
0.00198376
0.0748926
0.0678396
0.0623197
0.0377683
0.057727
-0.060407
0.0645353
-0.0119986
-0.0766414
-0.0396704
-0.023351
0.0436733
0.0250327
0.048248
-0.000335411
0.0493874
0.00761144
-0.0531675
-0.0407502
0.040402
0.00545148
0.0319666
-0.0827749
0.0339077
-0.0310021
0.0403959
-0.00414109
-0.0337314
-0.0845823
0.0565427
-0.0713603
-0.0510761
-0.0246186
-0.0230562
0.0125571
-0.00572384
0.0216071
0.0221479
-0.028503
0.0655646
0.0781869
-0.0748362
0.0177059
-0.0382444
-0.0515908
0.0561183
0.0400413
0.0546058
-0.0434739
0.0320817
0.0700016
-0.067278
-0.0800332
-0.0472978
-0.00968595
-0.0474384
-0.0649475
-0.0728398
-0.0782789
-0.00261157
-0.0151817
-0.0697571
0.0876043
0.0197945
-0.0570341
-0.0375345
-0.0855816
0.0207183
0.00406732
-0.00861482
-0.0481293
-0.040167
-0.068734
0.0286972
-0.00370699
-0.031736
-0.0582627
-0.0595861
-0.0682976
-0.00596512
0.0358865
-0.00478232
0.0726842
-0.0114647
-0.0524391
0.0455935
-0.0268264
-0.0268881
0.0240635
0.0635582
-0.0654192
0.0656586
0.00357321
0.0387491
-0.0142918
-0.0976704
0.05645
0.0451284
-0.0699091
-0.0838299
0.0638026
-0.0434356
0.0130006
-0.044327
-0.05773
0.0163417
-0.0672819
0.0669139
0.0458834
-0.0420102
0.0145274
-0.0636926
0.0962375
-0.0525359
-0.0668411
0.0055632
-0.010716
-0.0432224
0.0349258
0.0837532
0.0460471
-0.00906112
-0.0131723
0.0293759
-0.0584955
0.0120521
-0.0415826
0.0399164
-0.0592453
-0.0348305
-0.05426
-0.0187087
-0.0540041
0.00427434
-0.0464283
-0.00130499
0.0351503
-0.00406534
-0.00254489
0.0726432
-0.0612616
0.0660599
-0.0260494
0.0717134
0.0566303
0.0516693
-0.00406576
-0.025776
0.0161293
-0.0109624
-0.0841575
0.0646284
-0.0914908
-0.0763167
0.0930445
-0.0906721
0.0521519
-0.018368
-0.0231289
-0.0788048
-0.0402885
0.0626309
0.0276268
-0.088255
0.0867685
-0.0690146
-0.0348487
0.00139161
0.0118606
-0.0680994
-0.0386826
-0.0386568
0.0465548
0.0913954
-0.0174202
0.0436279
0.0103035
-0.0696897
0.0325185
0.0199865
0.0331019
0.0171117
-0.0534634
0.0263827
0.0382076
-0.197393
-0.081168
0.0640438
-0.212474
0.159979
0.0136149
-0.0059129
0.133163
-0.217773
0.207878
0.00140947
0.233018
0.0286214
-0.0969742
-0.183561
0.122684
-0.120585
-0.100276
-0.177689
0.077213
-0.131214
-0.141076
-0.129526
0.169978
-0.129614
0.147418
-0.131405
-0.124679
-0.248655
-0.132292
-0.0652507
0.172191
0.0505396
-0.19363
0.193992
0.0447276
0.0849459
-0.120906
0.180467
-0.273111
0.0187172
0.124578
-0.0655001
0.227192
-0.193364
0.388364
0.050495
0.0618667
-0.11622
0.108191
-0.00408292
-0.047209
-0.172188
0.049027
0.0264981
0.179745
0.125953
0.12379
-0.211405
-0.0708548
0.204716
-0.15314
-0.0139194
-0.158657
-0.322181
-0.137523
0.212351
-0.0195073
0.0184808
-0.145634
-0.149829
0.113055
0.0550642
-0.0933455
-0.148975
0.0120909
0.14216
-0.065783
-0.0530245
-0.105365
0.169544
-0.135895
-0.0827464
-0.0802541
-0.0734133
0.0601344
0.190751
-0.0981538
0.123345
-0.0313382
-0.141487
0.0122441
0.0641689
-0.0400617
0.173703
0.0401797
0.100664
0.0665995
-0.0830976
-0.178174
0.167161
0.106259
0.198437
0.168609
-0.192979
-0.126286
0.0211701
-0.231244
0.118539
-0.00819135
-0.296843
0.0142773
0.0281321
0.631326
0.118233
0.120875
-0.237934
-0.0598558
0.1093
0.152018
-0.109804
0.00346894
-0.0123375
-0.225348
0.208533
-0.233764
-0.0787991
0.0354518
-0.0561246
-0.0809541
-0.100798
-0.0586682
-0.0375404
0.0859637
0.0405556
-0.0855493
-0.0392398
-0.0309758
-0.0352238
0.0295271
0.0175458
0.0154677
-0.0568858
0.0083912
0.0688072
0.0756814
-0.0477736
0.0507037
0.0764194
-0.00489311
0.0612841
-0.0534949
-0.06264
-0.0636067
-0.0784517
0.0708703
-0.0713995
0.045684
-0.071761
0.0620254
0.0392333
-0.0676117
-0.0479688
-0.0589312
-0.0366332
-0.0668287
0.0746782
-0.0658492
0.0346384
-0.107363
0.114543
-0.0384757
-0.0239519
0.00874003
0.0608652
-0.0614415
0.0931231
0.0763743
0.0660115
-0.0112906
0.0100238
0.100745
-0.0184866
-0.0141749
0.00664952
0.0661448
0.0997801
0.00513325
0.0614317
-0.0645024
0.0882245
0.0862547
0.0677252
0.0795317
-0.0608454
0.0163161
0.0146546
-0.0139933
0.0392503
0.0210731
-0.0224055
0.0220133
0.0608029
-0.0716819
-0.0204107
0.0958551
0.00576739
0.00951389
0.0956467
-0.0097128
0.0995998
0.0909958
0.0734879
0.0747453
0.0636648
-0.0153301
-0.11142
0.0815485
-0.0485943
-0.100667
0.0322744
0.074106
-0.0592942
0.0307654
-0.0164189
-0.038346
-0.0200901
0.00406454
0.0935895
-0.0926023
0.0225477
0.0300208
0.0710984
0.0176644
-0.0952378
-0.0651503
-0.0259643
-0.000165249
-0.133197
0.0384301
0.0476723
-0.136247
0.0377146
-0.0127105
-0.0320091
-0.0684583
-0.0829366
0.0289359
0.0590001
0.0221372
-0.0901781
0.0143986
0.00133718
0.0647057
-0.064198
-0.0697072
-0.0120709
0.043951
0.0187938
0.0490084
0.0725697
-0.0338706
0.0695504
0.0680802
-0.10214
0.0216938
0.0529064
0.0858583
-0.0064927
-0.0266307
-0.063179
0.0372393
-0.10495
-0.0889695
-0.010556
-0.00247493
-0.095264
-0.0247849
0.0628996
0.00695244
-0.0394756
0.0338602
0.0694526
-0.101262
-0.00541813
-0.0743808
0.0670683
0.0272616
0.0879669
0.0216363
0.0840511
0.0284471
0.0349285
0.0136509
0.000878899
0.0907387
0.0306679
0.09036
-0.121554
-0.0160358
0.0327463
-0.0338819
0.0300757
-0.0723532
0.00170576
-0.065347
-0.068094
0.0463378
-0.0586229
0.0016147
-0.0354064
-0.0318635
-0.0350672
0.0809557
-0.0071091
-0.0636463
0.0488137
-0.0296711
0.0446271
0.0322837
0.0113623
0.0210065
0.0150991
0.0619053
0.0513684
-0.0153165
-0.0602907
0.0576601
0.100314
0.0798204
0.0313489
-0.0336509
-0.0306736
0.00278652
-0.0719367
-0.0302952
0.00828298
-0.0744993
-0.0563467
-0.0326154
-0.057566
0.0858031
-0.0402767
-0.00172304
-0.0433266
0.0274485
0.0292699
0.073552
0.0487287
-0.041988
-0.0149396
-0.0250828
-0.00861574
0.11744
0.0684929
0.00675416
0.0252983
0.0801413
-0.0477939
-0.0369796
-0.0786847
-0.064155
-0.0149068
-0.0887441
-0.0718198
0.018926
0.109826
-0.0485795
0.0240422
0.0357497
0.00383106
-0.0968462
-0.0824548
0.0897046
-0.0686883
-0.04231
-0.0293022
0.028615
0.0373412
0.0287699
0.0892305
-0.0306236
-0.0150021
-0.0803581
-0.084397
0.0800774
-0.0800261
0.0505497
-0.016278
0.0682767
0.0563178
-0.0625197
0.0728262
0.0512835
0.0478866
-0.0224158
0.0437964
-0.0793281
-0.0487104
0.0395303
0.0947347
0.0651716
-0.048661
0.036733
-0.0769637
-0.0260088
-0.0773049
0.00299836
-0.0653266
-0.0398882
0.0713304
-0.0560594
0.0191287
0.0499164
-0.0740367
-0.0288683
0.0747365
0.0276742
0.0157593
0.0434217
0.0745364
0.0531771
-0.0348436
0.0277759
0.0570433
0.00708987
0.0955979
0.0604316
-0.0689882
0.053262
-0.0249812
-0.0210629
0.0348247
-0.0247397
0.054113
0.0544029
-0.0250699
-0.079834
-0.00273277
-0.0726741
-0.0928662
0.061129
0.0767224
-0.0802451
-0.0171252
-0.0717879
0.0849842
0.0137788
-0.0298908
0.0187521
0.0152926
-0.0324587
-0.0695296
-0.0452562
-0.0599534
0.0629702
-0.0281948
0.0436316
-0.0117403
0.00423032
0.0811157
-0.0231108
0.00418974
-0.0166867
-0.0196209
0.0273094
0.00983973
0.0542352
-0.0201869
0.0192355
0.0683792
-0.0536301
-0.00510183
-0.000763069
0.0122
0.0191592
-0.0419481
0.0797967
-0.0494913
-0.0756281
0.00328041
-0.091889
0.0761971
0.040759
-0.0456011
0.0517956
0.0510147
-0.010539
-0.0213115
0.0294406
-0.0265221
0.00835833
-0.00605586
-0.0554072
-0.00737725
-0.0348302
0.0138894
0.0495159
-0.0463018
-0.0216579
-0.0568516
-0.0447881
-0.0773697
0.0558419
0.00445576
0.0628499
-0.0211101
-0.0630628
-0.0810204
-0.0679381
-0.0393922
0.0782888
0.0504086
0.0171401
0.0623492
-0.0232008
0.0125548
0.027669
-0.0793332
-0.0812523
0.00633963
0.0483499
-0.0467279
0.0218757
0.0156085
0.10433
-0.00720213
-0.0675681
-0.073686
-0.0605414
-0.0897647
-0.0343552
0.0756768
-0.0716216
0.0174249
-0.0596324
0.0322972
-0.0109357
-0.0832202
-0.0663734
-0.00149134
-0.0248036
-0.00937322
-0.00234922
0.00232351
0.0288966
-0.022383
0.0590432
-0.0629601
0.0595729
-0.0458444
-0.0561173
-0.00375219
0.0739077
-0.0044789
0.0455144
-0.0736385
0.0317719
-0.0499433
0.0532986
0.00658761
0.0682536
-0.0646784
-0.0726835
0.0464185
0.0463282
-0.000537351
0.0679172
-0.0415889
-0.0433439
-0.0393399
0.0660762
-0.00645167
-4.50865e-05
-0.0236572
-0.0562763
0.0775348
-0.0213421
0.0526893
-0.029969
-0.00774996
-0.0773139
0.042207
-0.0573808
-0.00322372
-0.0739523
0.0512987
-0.0292597
0.0672822
0.0924815
-0.0060726
-0.0558664
0.0189391
0.0538719
0.0228734
0.0764779
0.0550155
-0.0536514
0.0868212
-0.0540191
-0.0545812
0.0621672
-0.00821538
0.0579485
-0.0391989
-0.00993983
0.00147533
-0.00912324
-0.0654375
-0.0355631
0.0181077
-0.049992
-0.0574129
-0.0291648
0.00814985
0.0720642
-0.0454244
0.0229294
-0.0781701
-0.0474296
0.0835863
0.00465526
0.00847223
0.00964482
-0.0856299
0.00200376
-0.0275306
-0.0145549
0.00980089
-0.0639044
0.0707326
0.0199731
0.0626743
0.0346446
-0.0372636
0.0864637
-0.0231053
-0.0452555
0.00803438
-0.0840074
0.0181735
0.0732138
-0.0273318
-0.0714265
-0.0345016
-0.0838823
0.0469554
-0.0959009
-0.0474787
0.049128
-0.0507174
-0.0573714
-0.0590738
0.0761713
-0.031521
-0.0336353
-0.0622617
-0.0563606
-0.0719853
-0.0518574
0.0641032
-0.0245481
-0.0427526
0.0768554
-0.0361467
0.0414076
0.0840409
-0.0282791
-0.0813772
-0.0487943
0.0566705
-0.0627898
-0.0563854
0.0969147
-0.0159466
-0.00231698
0.0945732
-0.00455711
-0.0601008
-0.0655825
-0.0815609
-0.0358116
9.14384e-05
0.033513
-0.0732305
0.0571369
0.025581
0.0724626
-0.0458833
0.0195505
-0.0702534
0.0302874
0.0692091
-0.0660795
0.0358737
-0.073499
-0.0561504
0.0162663
-0.0574557
-0.0769546
-0.0695894
-0.000674574
0.0370113
0.0219021
-0.0448778
0.0725215
0.0570538
-0.0762371
0.00972318
0.067753
0.0940614
-0.0445524
0.0164955
-0.0301474
0.0289752
0.0340177
-0.0464611
0.0902383
-0.0727962
0.0211431
-0.0420578
0.0323017
-0.0583056
0.0144466
-0.080035
0.015435
0.0401933
0.109994
0.0171814
0.0513128
0.037984
-0.0326905
-0.0134383
0.0114623
-0.0828881
-0.0592105
-0.00766631
-0.00465993
0.00733701
0.0851986
-0.0581505
-0.0492718
0.0664212
-0.0240347
0.012105
0.038931
0.0590882
-0.0373713
0.0876784
-0.0133898
-0.0786618
-0.00545103
0.0930825
-0.0170219
0.0724391
0.0608114
0.0136291
-0.0401235
-0.0108933
0.00502026
-0.0475931
0.024068
-0.00807189
-0.0297185
-0.0564123
0.0331501
-0.0307732
0.0587941
0.0510333
0.042649
0.0571401
-0.0760925
0.0398405
0.0707141
0.0344154
0.0299382
0.00486639
-0.0515822
0.0195252
-0.052572
0.005589
0.0631847
0.0458569
0.0767383
-0.0193695
0.0340695
-0.0641943
-0.0443671
-0.06482
0.0926114
0.0897705
-0.0491305
-0.00307667
-0.0689531
-0.0795898
0.0671122
-0.0043316
0.0516159
-0.0344434
-0.028012
0.0223048
-0.0294201
0.0171297
-0.00362706
-0.0496962
0.0841786
-0.0795822
-0.00614886
0.0339385
-0.058549
0.0431599
0.061702
-0.0235634
-0.0581507
0.0145871
0.0138375
0.0597644
0.0246512
0.0196715
-0.00388806
-0.0778854
-0.0427805
-0.0474618
-0.0616953
0.000272809
0.00600664
0.0065117
0.0787047
0.00600072
0.0579161
-0.0673211
-0.00351721
0.0776054
-0.0143956
0.0429835
0.0826057
-0.00203509
-0.0580982
0.0387522
-0.0106505
-0.0404037
0.0613566
0.0373303
0.0545203
-0.064575
-0.0720732
0.0531701
0.00166075
-0.0412493
0.0571652
-0.0346266
0.0536211
0.0329751
0.067617
-0.0265086
0.039031
-0.010001
-0.0729995
-0.0647715
0.0286128
-0.0632973
0.0603535
-0.0232445
0.00113881
0.0496784
0.0831106
0.040689
0.0719613
0.060241
0.00802203
0.0484127
0.00130969
0.0737173
0.00790848
-0.0412799
-0.0869975
0.0554759
-0.0586703
0.0697279
-0.00849431
0.0757202
-0.0110582
-0.0418574
0.0149813
-0.0623802
0.0600649
-0.0127735
0.0329636
-0.041219
-0.0125651
-0.0451729
-0.00202339
-0.0170515
0.0398771
0.0545919
0.0210419
-0.0112258
-0.0215797
-0.0804528
0.0787444
-0.00177593
0.0512145
0.0739574
-0.0741559
0.00296197
-0.0707014
0.032689
-0.0400913
-0.0521961
-0.0353486
-0.0141959
-0.00674921
-0.0471387
0.0279123
-0.056415
0.00797048
0.00618353
-0.049077
0.00333167
-0.0174243
-0.0115515
0.0148136
-0.0398298
-0.0646983
0.0689833
-0.0157618
0.0749851
0.074387
-0.0192564
-0.026237
0.0288169
-0.00681839
0.0101324
0.0535024
-0.0183613
0.0185074
-0.073105
0.0687806
-0.0720188
0.0960341
0.000358621
-0.0228445
0.0222047
0.000797564
0.0831796
0.016472
0.0312322
-0.0544519
0.0758052
0.00410374
0.0218311
-0.0590061
-0.0152935
0.0920588
0.0708007
-0.0688534
0.0748196
-0.051827
-0.028831
-0.00332967
-0.0590719
-0.0712297
-0.0693438
-0.0521973
0.0587949
-0.0539678
-0.0121547
0.0765974
0.0445969
0.0851286
-0.0824167
-0.0106881
-0.0630909
0.00840472
0.051503
-0.0662683
0.0717573
-0.025302
0.073092
0.0342938
-0.0344025
0.0610079
-0.0208102
-0.033765
0.0595831
-0.0473297
-0.0435136
0.0448828
0.0353535
-0.0707072
-0.0361081
0.0415934
0.00659904
-0.0323736
-0.0439515
0.00930838
0.0246146
0.00363
0.0496582
-0.0551998
-0.0712594
-0.0831278
0.0459965
0.0168708
0.014012
-0.00430817
0.0213524
0.0316107
0.075997
0.0529817
0.0171189
0.0102939
-0.055846
-0.0569401
-0.0229362
-0.00183022
-0.055458
-0.0318038
-0.0303646
0.0103067
-0.0690557
0.068058
0.121365
0.200612
-0.0344682
0.00579584
0.111461
0.123723
-0.0555113
-0.194802
0.000253202
-0.215164
-0.284524
0.168119
0.069419
0.0772953
-0.159385
-0.0242679
0.325146
0.145091
0.15005
0.0386845
-0.161462
-0.0588712
-0.119407
0.106591
-0.100874
0.110427
0.0595327
0.157333
0.0480539
-0.00401235
-0.151945
-0.00847616
-0.0216738
0.251116
-0.194065
-0.158273
0.055364
-0.0333328
0.113485
-0.0892169
-0.214514
-0.137414
-0.184303
-0.199811
0.0557966
0.107392
0.111049
-0.194358
0.132407
0.0573951
0.0958198
-0.0977159
-0.35764
-0.131208
0.105074
0.150539
0.0314142
0.101219
0.166196
-0.374187
0.070713
-0.0953205
0.196652
-0.176055
0.156467
0.0330955
0.024316
0.094943
0.268557
0.0445061
0.138851
0.142917
-0.210522
-0.138303
-0.152669
0.118756
0.209452
-0.121333
0.101511
-0.214736
0.127611
-0.075687
-0.18892
-0.133297
-0.105931
-0.0314023
-0.245255
0.0541632
-0.0198705
-0.0344729
-0.115952
-0.0401929
-0.149835
0.131085
0.0719659
0.134422
0.0663586
-0.245923
-0.0741237
-0.13072
0.0159563
0.237763
0.00817747
-0.245282
-0.317538
-0.0779848
-0.244311
0.00871922
-0.141977
0.11687
-0.00556033
-0.117566
-0.227312
-0.0739484
0.00630724
-0.447743
-0.265292
0.156235
-0.107303
0.110011
-0.133569
0.203843
0.186765
0.123448
0.0129043
0.00272695
0.225154
-0.0489205
0.0340856
-0.00853652
0.0448846
0.0758897
-0.0718814
-0.0117938
0.0319825
-9.81433e-06
-0.025716
0.0118674
0.0550661
-0.0381036
0.0353846
-0.0864418
-0.0673211
-0.000927714
0.0876403
0.00061994
0.0476325
-0.00849469
-0.0187155
0.0666038
0.02699
0.0740856
0.016586
0.0257343
0.0623924
-0.0204269
-0.0481769
-0.00343444
-0.0589397
0.0170768
0.0439257
-0.0895583
0.0391617
-0.0285485
0.0647063
-0.0723308
0.0440349
-0.0444127
0.00428126
0.0301237
0.0741603
0.00813336
0.0661038
-0.0768776
-0.0518697
-0.00258215
0.0322959
0.020929
-0.0527779
-0.0812459
0.0503409
-0.0787618
-0.024449
-0.0454181
0.0767556
-0.0250134
0.0791789
-0.00970783
-0.0564451
-0.0571918
-0.0193413
0.0846268
0.0171467
0.0429035
0.0791093
0.0569712
-0.0172531
0.0615092
-0.0862044
-0.0312511
-0.0875734
0.0330699
-0.0185185
-0.048977
-0.000437098
-0.000797355
0.0135297
0.0183895
-0.0624706
0.0119257
0.0167329
0.015359
-0.0145177
0.0159552
-0.00287429
0.0123153
0.0710193
-0.0666023
0.0329198
-0.0673192
-0.0597241
0.0786023
0.0486186
0.0348859
0.00472153
0.0590735
0.0339828
0.0363073
-0.0590793
-0.0771893
0.0423253
-0.0611351
-0.0820904
0.0161018
-0.0265551
-0.0714078
-0.0645158
0.0663607
0.040581
-0.0503766
-0.015365
0.0777512
0.000914128
-0.116832
-0.0737225
-0.039854
-0.0413689
-0.00972689
0.0567614
-0.0228621
-0.0885578
-0.0605248
0.036213
0.0711442
0.0845757
0.0367753
0.0621874
0.0305912
0.0259788
-0.0846362
0.0655551
0.0135069
-0.082045
-0.0278662
0.0525004
0.0720211
0.0430145
0.049653
0.0208978
0.0692968
-0.0229325
0.0681558
-0.0713752
0.0636377
0.0659815
0.0786663
0.0750635
0.0494413
-0.0327908
-0.0183793
0.0766429
-0.0849728
-0.0806737
-0.0206638
0.0113515
-0.0585778
0.0303248
-0.0293992
-0.071037
0.0321175
-0.085373
-0.0225649
0.0736969
-0.0631046
0.071837
-0.00671108
-0.0749851
-0.0563112
-0.082694
-0.0434815
0.0328103
0.0407807
-0.0462835
-0.0526915
-0.089539
-0.0272881
0.0810929
0.0140824
0.0559063
0.0723362
-0.0539946
0.0488955
0.0308796
-0.0818047
0.0123176
-0.0165408
0.0362513
-0.060254
0.0266138
-0.011634
0.0547732
-0.0731986
-0.0426826
-0.00681509
-0.0454941
-0.0553498
-0.0223986
0.0133174
-0.0032411
-0.0725924
0.0038413
-0.013535
-0.0421524
0.0433602
-0.0835902
0.0710307
-0.0270478
-0.0285706
-0.00718296
-0.0541882
0.0556526
-0.0805218
0.0321467
0.0270449
0.0377013
0.0484889
-0.0554446
-0.083292
0.0651173
0.0468336
-0.0879595
-0.0687852
-0.000600457
-0.0160198
-0.0716811
-0.0830472
0.000823088
-0.00566998
-0.0267943
-0.029342
-0.0358521
0.0286494
-0.0445794
0.00738178
-0.0642249
-0.0350328
-0.0159581
0.0667033
-0.0214155
0.0533521
-0.073779
0.0173932
0.0100596
0.0489969
-0.0469416
-0.0638867
0.0309979
-0.0674121
-0.0834492
0.0115464
0.0735253
0.00151011
-0.0216865
0.0666028
0.0740164
0.00644912
-0.0796222
0.0167988
-0.0715561
0.0761907
-0.0593061
-0.0513378
0.0757444
-0.0138541
-0.0292408
-0.00601987
-0.0210121
0.0699755
0.0491291
-0.0139741
0.0193385
0.0615592
0.0742905
-0.0761739
0.0138906
0.0669337
-0.0180111
-0.0703359
-0.0629929
0.0755622
-0.00230331
-0.0168528
-0.0572714
0.0395607
0.0581961
-0.0100599
0.072824
-0.0267473
0.0739119
-0.0928877
-0.0227788
-0.0692283
0.076469
-0.0356433
-0.00624001
0.0753407
-0.0677464
-0.0543061
-0.0432586
-0.111928
0.0563219
-0.110192
0.000864826
-0.0037237
0.027501
-0.0825181
0.0127178
-0.0230004
-0.0486348
0.00929494
-0.0460356
0.0280162
-0.0458061
-0.0762368
0.0151911
0.00770831
0.0749977
0.0507942
0.0280841
-0.0544263
0.0023181
0.0422156
-0.0457911
-0.0738077
-0.0465252
0.0095233
0.0391621
0.052805
-0.0432619
-0.0578892
-0.0179837
-0.0291379
-0.0430235
0.079621
0.0487983
0.111554
-0.0874401
0.0375262
0.0573759
0.00500091
-0.0250074
0.0270253
0.0314828
0.0587133
0.0770663
-0.0762851
0.0149058
-0.0226295
0.0646151
-0.0305699
0.0174229
0.0636664
0.0570836
-0.0393543
0.0463523
0.0536442
-0.0839943
0.0862645
-0.0571469
-0.0562914
-0.0560683
0.00662306
0.0627186
-0.0467457
-0.0787893
0.00596508
0.0763897
-0.0740966
-0.052319
-0.0614535
-0.0556692
-0.0566798
0.0112929
0.0415203
0.0178164
0.0464058
-0.050171
0.0626494
0.0839989
-0.00616312
0.0760957
-0.00830824
0.0625308
0.00603445
-0.00502466
0.00609146
-0.0197357
-0.0199807
0.00828671
0.0499272
0.0266394
0.0382611
0.0204942
-0.0792214
-0.0300997
-0.000391053
-0.0646701
0.0482081
0.0399359
0.0583024
0.0468783
0.0578358
0.0889431
0.0516921
0.0215661
0.0141882
0.0441984
-0.0180443
0.0215868
-0.0677694
0.0734766
-0.0529021
0.0762375
0.0402442
0.0414218
0.00564968
0.0738057
-0.0693989
0.0275911
-0.00813219
0.0504721
-0.0845067
-0.0304983
-0.0187016
0.0815714
-0.0572363
0.00939285
-0.077066
0.0462312
0.0322726
0.00789778
0.0108917
-0.0275831
-0.0275839
-0.0757418
-0.00725676
-0.0198125
-0.0053318
0.0866175
0.0985122
-0.0555208
-0.0164702
-0.0852805
0.0433343
-0.0399492
-0.0758242
0.0258331
-0.0788176
-0.0625096
-0.0432428
0.000716899
-0.0213846
-0.0678863
-0.0416783
-0.0251023
-0.0360895
0.0625118
0.0360999
0.0290291
-0.0105657
0.0402821
0.0490044
-0.028936
0.0109984
0.000509354
-0.0471378
-0.0214624
-0.0847564
0.0390764
-0.0216048
0.0412436
0.0380618
0.0760664
0.00738794
-0.0699314
-0.0120301
0.0207156
-0.0203279
0.0757909
-0.0548981
-0.0222217
0.0841578
0.0317745
0.079206
-0.0896051
0.0676823
0.0789488
-0.010037
0.0304831
-0.0352784
-0.074802
-0.0313384
0.0640415
-0.0330877
0.0480086
-0.000909224
-0.0253783
0.0144577
-0.0353102
-0.0643491
-0.0108725
0.0478023
0.0407589
-0.0771023
0.00517085
0.067788
0.0293526
-0.0480325
-0.00886004
0.0362763
-0.0846023
-0.0800047
0.0478407
0.0442063
-0.00593605
-0.0347412
0.0447455
0.00287875
0.0676219
-0.0314733
0.0450405
0.069012
-0.0132871
0.0815654
0.107581
-0.0898281
0.016808
-0.0536573
-0.0156049
-0.0121724
-0.0280762
0.0812958
0.0427243
-0.0707004
-0.0551718
-0.00887855
-0.0239394
-0.0286196
-0.0495128
-0.0525618
0.0938643
-0.06139
-0.0504126
-0.0940804
0.0844007
0.06426
0.0726578
0.0114265
-0.0171646
-0.0319323
0.0234086
0.0103724
-0.0495492
0.0703475
0.00360523
-0.0456162
-0.0841276
0.00920589
0.0455238
-0.0544606
0.0227024
0.00543936
0.048737
0.0446408
-0.0472705
-0.0226218
-0.0273738
0.0942905
0.00381467
0.0384783
-0.0143238
-0.0641718
-0.0785346
-0.00263273
0.0189194
-0.0451612
0.00809056
0.00944178
-0.0596753
0.0392893
-0.00240226
-0.092452
-0.0910165
-0.0109985
-0.000567813
0.0764126
-0.0430056
-0.0740764
-0.0347956
0.0312294
-0.0602407
0.0621028
-0.0506622
-0.041922
-0.0765206
-0.0247168
-0.0239138
-0.0755619
-0.0679057
-0.0943644
0.0893689
-0.103316
-0.0190122
0.0711118
-0.0383273
-0.0608096
-0.0390349
0.0985566
-0.00584062
0.0435527
-0.00485948
0.00887305
-0.069184
-0.0695671
0.0965525
0.109019
-0.0508774
-0.0447912
-0.0611713
0.0624605
-0.017078
-0.0222328
0.0501634
-0.0186658
0.0488164
0.0794265
0.108887
0.0648687
-0.038777
-0.0802539
0.0414228
-0.0209763
-0.0537669
-0.0640818
-0.0379876
-0.0908219
0.0325048
-0.0596295
-0.0593062
-0.0715291
-0.00658437
0.0445534
0.0643326
-0.00493926
-0.0351537
-0.0142477
0.0729261
-0.0480712
-0.0778762
0.0719129
-0.0361005
-0.0723924
0.0700928
0.0754317
-0.0156543
0.022969
0.0487675
0.0530363
0.0850189
0.0280897
-0.0430055
-0.0740059
-0.0449678
-0.00400288
0.0560025
0.0280734
0.037336
0.0382962
-0.0738925
0.0722041
-0.0442587
-0.0603819
0.108872
-0.0813302
0.0779057
-0.0392847
0.0698021
-0.0826893
-0.0465716
0.0662321
-0.0530612
-0.0399647
0.00794968
0.000414628
0.0368861
-0.0472957
-0.0250567
-0.0350812
0.0579169
-0.0756062
-0.0229848
0.0086625
-0.0481471
0.0264553
-0.0670427
0.0786899
0.0242225
0.0653665
0.0405646
-0.0691592
-0.027534
0.0416004
0.0836702
0.00902158
-0.0871687
-0.0977726
0.0569874
-0.0192064
-0.0483272
-0.0217759
0.016112
0.0594333
-0.0675077
0.0682287
0.035847
0.0322558
-0.0797868
-0.0656115
0.0406017
0.00534072
-0.0261126
-0.0133341
0.016566
0.0178178
-0.0439396
0.0585377
-0.0349757
0.0234904
0.0662734
-0.0655409
-0.0677881
0.0117701
-0.111854
-0.102873
-0.0485064
-0.0727786
-0.0558616
0.037755
-0.0567674
0.0124969
-0.0609377
0.0424136
-0.0986494
0.0551662
0.0515762
-0.0160224
0.0482772
-0.0153203
-0.0175718
-0.0795853
-0.0492744
0.0159533
-0.0193152
-0.0343851
-0.0523891
-0.0475627
0.0116393
-0.0300702
0.0173515
-0.0637337
-0.00863452
0.0150584
0.0118051
-0.0603481
0.0132057
-0.0256003
0.0411155
-0.00924321
-0.0402738
0.0348734
-0.0785001
0.0323985
-0.10624
0.000546921
0.0181296
-0.102935
-0.0347546
0.0122482
0.0322908
-0.108103
-0.0148316
0.0497954
-0.0870808
0.0648267
0.0405904
-0.0166268
-0.0519124
-0.0740796
0.095323
0.0907439
0.0442896
0.0556602
-0.0368222
-0.0691644
0.0828487
-0.00727437
-0.0368711
0.0736044
0.0889313
-0.0538672
-0.0874215
-0.0506328
0.0577154
-0.0265872
0.0386423
-0.0432072
-0.0707466
0.0382038
-0.048705
-0.0319052
0.123535
0.0267181
-0.0358183
-0.110264
-0.00978993
0.0201355
0.104853
0.0417457
-0.0401039
-0.0685111
0.0809887
0.0645125
-0.0171171
-0.0315726
0.021085
-0.0368431
-0.0211658
-0.000161193
0.0226463
0.129289
-0.012843
-0.0159456
0.00442278
-0.0415003
0.00723516
-0.0861636
0.0192096
0.0671608
0.106942
-0.11607
-0.0540523
0.0441576
-0.0374666
0.0392667
0.000557792
-0.0157518
-0.00149122
0.000232507
0.100486
0.0854398
0.0775837
0.0133908
0.0554067
0.0639703
0.0240947
0.0659231
-0.100492
0.0765658
-0.0458919
-0.0853194
0.0885615
0.055903
-0.0174558
-0.0750061
0.0552469
-0.123805
-0.0629508
0.0413214
-0.00801048
-0.0651031
-0.0527177
0.012982
0.0481534
0.10951
-0.0320984
0.0680859
-0.0557754
0.0301589
-0.122917
-0.104228
-0.0620488
0.0323064
-0.0954468
0.0811037
-0.016124
0.0410454
0.0710517
-0.021636
0.108717
-0.000254983
0.0383007
0.0178169
-0.094862
0.0773774
0.0604159
-0.0245123
0.0604455
0.0506639
-0.0183456
-0.0153104
-0.057674
-0.0342217
0.0474032
-0.0460332
-0.0399163
-0.0251942
-0.0577504
-0.0863645
0.0106034
0.0177423
0.0403189
0.0693416
0.0269653
-0.0400542
-0.032401
0.0467097
-0.0634304
-0.00223802
-0.0613816
-0.0782358
-0.0634252
-0.0796536
-0.0174947
-0.0731776
-0.0280202
-0.0179885
-0.0805566
0.0471022
-0.067651
-0.00582121
-0.0063874
-0.0478845
0.0834382
-0.0624222
0.0203565
-0.063957
-0.0735709
-0.0266491
0.0859539
-0.0489415
0.0800909
0.0313208
0.00571333
0.0664038
0.0918655
-0.0747956
0.0517191
0.066079
-0.0279377
0.00321758
0.0784103
-0.0247664
0.0270302
-0.0670036
0.0506177
-0.0550353
0.0860659
-0.020979
0.0662371
0.055709
-0.0586108
-0.0147443
-0.0448493
-0.0671024
-0.0527106
-0.0733522
0.015379
0.0306096
-0.0726453
-0.00486579
-0.00568477
-0.0100103
-0.0416415
-0.0481959
-0.0464677
0.068712
-0.0387825
-0.00205046
0.042786
-0.0378253
-0.030985
0.0242559
-0.042614
0.0608216
-0.0453262
0.0646078
0.0650532
0.0680301
-0.0460289
-0.00719833
-0.0785374
-0.0792231
0.0731317
0.00104582
-0.0842503
-0.0895079
-0.0837415
0.0638533
0.0708128
-0.023289
-0.05735
0.0943259
0.0462414
-0.046216
-0.0614036
0.047335
-0.092106
0.0522305
0.0360997
-0.0634661
-0.014896
-0.0177468
0.0763012
0.0554851
-0.0216429
-0.0331507
0.0139317
0.00742505
-0.0686928
-0.0432898
-0.000151305
0.0621505
0.075131
0.0186889
-0.00194656
-0.0012847
-0.0300174
0.0649927
-0.0177367
0.0419237
-0.0710154
-0.0658342
0.029173
-0.054347
0.0459035
0.0562052
-0.104316
-0.0602862
0.044225
-0.028358
0.0217129
-0.0168796
-0.0406463
-0.0482653
-0.0605144
0.0140271
0.0396444
0.0427717
-0.04591
0.0882945
0.042535
-0.0740228
-0.0724996
0.0400533
-0.044159
-0.02507
0.0716885
0.0567143
-0.082271
0.00744936
-0.0265758
0.0824968
0.0539219
-0.0604325
-0.0271016
0.0294407
-0.00466479
-0.0187528
0.090866
0.0589116
0.0275085
0.0724837
0.0312138
-0.00817947
-0.0664002
0.0141788
0.0506661
-0.0587279
0.0707895
-0.0270748
0.0737432
-0.0139031
-0.0122747
0.0874974
0.0284131
-0.0170227
-0.00928272
-0.0291832
0.0454719
0.0569163
-0.083029
-0.0403658
-0.024688
0.0433197
0.055556
0.0398078
0.0613052
0.0927355
0.0564772
-0.0498829
0.0136563
0.0103123
-0.0468835
-0.0605442
0.0597565
-0.0522277
-0.057196
0.0617029
0.0823774
0.042501
-0.0818128
0.0302072
0.00521464
0.0571298
0.0867616
-0.0712224
-0.00138113
0.0361248
-0.0696915
0.0544122
-0.0316867
-0.0907389
0.0992751
0.0189232
-0.00773997
0.0986637
0.0783541
0.0761382
0.053342
0.0336096
-0.00675017
-0.0190837
-0.0413672
0.0356836
-0.00447113
0.0218822
0.0534364
0.0946539
0.065994
-0.0144546
0.0660157
-0.0273901
0.0866422
-0.0801441
0.0679951
0.0613845
0.0704022
0.0779299
-0.0790094
-0.0580986
-0.0930576
0.0114962
0.000973233
0.0983284
0.0680327
-0.1585
0.0186874
0.0775186
0.0597462
0.097008
0.0855999
0.0126639
-0.00217474
-0.0343053
-0.111527
0.535794
0.513752
0.021928
-0.0682253
-0.0871707
0.589859
0.0686477
0.264764
-0.152244
-0.00470628
0.0390467
-0.0466416
0.0687334
0.0248325
0.14185
-0.112732
0.131172
0.189723
0.0847579
-0.00106266
-0.465028
-0.113655
0.146921
-0.0278271
0.0724187
-0.382677
0.168565
-0.0175763
0.157783
-0.0567667
-0.750659
-0.0973654
-0.336179
0.0619733
-0.0054822
0.0179895
-0.624541
0.0736719
-0.0348544
-0.019574
0.0985151
-0.198777
-0.126916
-0.16713
-0.587091
-0.0375839
-0.0623778
-0.0988688
0.13558
0.0633073
0.130841
0.307647
0.057653
-0.212764
0.207237
-0.0494105
0.0661928
0.154117
0.00745403
-0.0815598
0.0536058
0.38111
0.181397
-0.0604776
0.0983248
0.0120889
0.793049
-0.306468
0.183018
0.41012
0.174027
-0.0382976
0.0517895
0.0706695
0.0540748
-0.173641
0.223163
-0.0428045
0.204159
-0.0422185
0.260776
0.0233188
0.164509
-0.0243161
-0.0574271
0.0119205
0.0352564
-0.42188
0.309899
-0.255774
-0.530004
0.0149875
-0.0934951
-0.164399
0.0701416
0.102208
-0.00903639
0.56386
-0.113022
0.125868
-0.401503
-0.577403
-0.0179064
-0.161198
-0.0893201
-0.0494911
0.0123097
0.0887251
0.0432082
0.0641494
0.0452531
-0.0941049
0.107636
-0.0506513
-0.0278211
0.0184047
-0.0662551
0.0813645
0.0778448
0.0352057
-0.00421219
0.0151884
-0.0261055
-0.0703214
0.0658209
0.0117284
0.0920177
0.00713245
0.0189905
0.0822353
-0.0484923
0.0646644
-0.037453
0.0491736
-0.016983
0.0129875
-0.0238766
0.0843261
-0.054482
0.0483904
-0.0543185
0.0748562
-0.0607005
0.0522815
-0.0327559
-0.039892
-0.0918463
0.0375539
-0.033711
0.0673569
-0.0214163
-0.0538996
-0.045949
0.00248548
0.0601327
0.0316873
0.0384799
0.0106987
0.0289539
-0.0187137
0.0163425
-0.0661589
-0.0076772
-0.0804176
0.0281737
0.00632395
-0.0533796
-0.0468647
0.0580517
-0.0766399
0.100023
-0.0135615
-0.0170296
0.0676864
-0.0731575
0.0129611
-0.0661469
0.0861639
-0.0788716
0.0634057
-0.0613212
0.00774952
-0.0136775
-0.0331882
-0.0475805
0.0621203
0.0130206
-0.0622521
0.00957149
0.0102353
-0.0365826
-0.0198347
-0.0559208
-0.0307515
0.00381789
-0.0121712
0.0649164
0.0636676
0.00842043
0.0736249
-0.0908271
0.0289491
0.061854
-0.0558522
0.0127135
-0.0174719
0.0708884
-0.0616948
0.0205348
0.0878047
0.0512293
0.0247684
-0.0559768
0.0605718
-0.0372496
-0.0714562
-0.0571648
-0.112478
-0.0397911
0.059858
-0.0979142
0.0621282
0.0671935
-0.0683136
0.0778165
0.0801829
0.0293392
0.0471961
-0.0834892
-0.0183018
-0.0733236
-0.0838671
0.0264164
0.0793336
-0.0354417
-0.0483828
-0.0423081
0.0700733
-0.029008
-0.0369311
0.0510763
-0.049987
-0.047899
0.100511
0.0120862
0.0431631
0.106509
-0.247472
0.0627848
-0.0426394
0.0615454
0.0140615
-0.259883
-0.155319
-0.168268
0.120214
0.13853
0.238382
-0.104086
0.0304226
0.0931597
0.109048
0.00307799
0.003379
-0.0112418
0.0501052
-0.0275519
-0.179146
-0.148144
-0.158109
0.199039
0.122055
0.189463
-0.176154
-0.165566
0.000830444
0.158081
0.0832895
0.0402508
-0.00891719
0.188309
0.0626102
0.113219
0.0864674
0.111195
0.0622337
0.0409854
0.194761
-0.391499
-0.105006
-0.204851
0.241552
-0.203348
0.0518938
-0.0272979
0.230427
-0.279491
0.230845
0.0480667
-0.0611345
-0.250411
0.0117379
0.0686496
-0.0142616
0.193974
-0.0844962
0.201453
0.226839
0.131592
-0.0593501
-0.117022
-0.0626342
0.0275385
0.12497
-0.0572626
0.00574869
0.173554
0.201455
0.100122
0.0584224
0.0297745
0.0972596
0.0390087
0.0771682
0.270683
-0.307596
0.123851
0.108027
0.0406344
-0.0257295
0.0886828
-0.106938
0.166411
-0.117398
-0.053403
0.125132
0.0209637
-0.261665
0.0197188
-0.102767
-0.12445
-0.118486
-0.111986
-0.227561
-0.144007
-0.157539
-0.281848
0.12091
0.170187
-0.0893176
0.175935
-0.106055
-0.114161
0.223834
-0.100644
-0.105252
-0.157693
-0.115378
0.109583
0.250502
0.0172913
-0.146201
-0.0378028
-0.0929995
-0.0117009
-0.216564
0.295462
-0.297705
0.261394
-0.0754432
-0.0566058
-0.0478603
-0.065162
0.0173507
0.0312322
0.06844
0.00114275
0.0928524
-0.00776089
0.00570452
0.0856164
-0.0665046
-0.0787375
0.0674643
-0.0304266
0.0988475
0.0308908
-0.0275791
-0.022658
0.0350079
0.055906
-0.0379115
0.00155084
-0.0413524
0.0333684
-0.00611654
-0.0916766
-0.036005
-0.0795778
-0.0694245
0.0101572
-0.0431555
-0.0133634
-0.0494571
0.0435438
-0.0498531
0.0857154
0.0675033
0.0302424
0.0032271
0.0569421
-0.0690412
-0.0339602
-0.00302459
0.0271139
-0.0622955
-0.0649764
-0.0938498
-0.0233589
-0.0698625
-0.0802173
0.0572893
-0.0373535
-0.0861966
0.0782818
-0.0242472
-0.000245744
-0.00989709
0.0490424
-0.0602395
0.0179558
0.0656713
-0.0827497
0.0229292
-0.0601987
0.00503288
0.0190673
-0.0404957
-0.0627632
-0.0461093
-0.0326104
0.0262559
0.00285356
-0.0490076
0.02035
-0.0447494
-0.0393816
0.022674
-0.0734841
-0.0504238
-0.0181976
0.0480049
0.0334051
0.0243277
0.0041715
0.0229502
-0.0709442
0.0076019
-0.0105387
-0.00619682
-0.0602728
0.00478317
0.10173
-0.0745306
-0.00319658
-0.0205196
0.0371004
0.0300847
0.0454473
-0.060916
0.0534383
-0.00305498
0.00414361
-0.0126881
0.0278915
0.00631859
-0.0484606
-0.0695539
-0.0885029
-0.0413154
0.0585649
0.0667241
-0.0398305
0.0880924
-0.0484469
0.00372341
-0.0292933
-0.0313003
-0.0738006
-0.0535324
-0.0206958
-0.0491679
-0.0511426
0.0406006
-0.0929003
0.0236436
0.0177874
0.0225008
0.0646168
0.0222122
-0.0566186
0.0189461
0.0231221
0.0445719
-0.0195521
-0.0193962
0.00891136
0.00532805
0.0365419
0.047089
-0.0282656
0.116432
-0.0310681
0.0215049
0.0119097
-0.0596904
-0.000217717
0.0774353
0.0742427
-0.0601934
-0.0469537
-0.06382
0.0239431
-0.0530325
0.048076
0.0434009
-0.0343367
-0.0017569
-0.00584204
-0.0496693
0.0429767
0.0813094
-0.0499723
-0.0740432
0.0069554
-0.0727157
0.0744738
0.0219357
0.00119497
-0.0285552
-0.00268887
-0.067313
0.0222255
0.0211393
-0.05835
-0.0187155
-0.0731131
0.0272066
-0.0185473
0.021633
0.0463408
-0.0540057
-0.0566273
-0.066595
0.0521299
0.0451367
-0.0286392
-0.07917
0.0151579
-0.0357619
0.00510682
-0.0846038
-0.0317071
-0.0788837
-0.0592491
-0.029439
-0.0607437
0.0537184
-0.0432077
0.0259592
-0.059297
-0.040005
0.0497764
0.0113864
0.029583
-0.0229675
0.0177316
0.0515309
0.0110158
-0.100748
-0.0869529
0.014964
0.0381106
-0.00229635
-0.0882118
-0.0992114
-0.039534
0.0670625
-0.0146609
0.0295338
0.088257
0.0558245
0.0193943
-0.0450953
0.0528128
0.0625636
0.0971858
-0.0902099
-0.064434
0.0410092
-0.0620297
-0.0477771
-0.066269
-0.0253608
-0.0568474
0.020246
-0.034319
0.0227891
0.065041
-0.0021775
0.0254594
0.0200617
-0.0591735
-0.0253452
0.0211978
-0.0535594
0.0378652
-0.0153695
0.0610648
-0.00209208
0.0411615
-0.00130712
-0.100346
0.0175562
-0.0406695
0.0169067
0.0629208
0.0752054
0.0514898
-0.0486972
0.0167971
0.0457004
0.0366577
0.0104967
-0.114628
0.0183696
-0.0715859
0.0345695
-0.00773936
-0.0621956
0.0291821
0.065144
-0.0770073
-0.00586809
0.103149
-0.0685746
-0.00934077
0.0697095
0.091118
0.0645022
-0.0512242
-0.0104717
-0.0150233
0.0177585
0.0692857
0.00126239
-0.054063
0.0303776
0.0322747
-0.0366766
0.00706557
0.0511001
0.0719743
-0.0115494
-0.0812142
0.0449839
-0.10843
-0.0394655
-0.0799442
0.0338505
0.01553
0.0265683
0.0539323
0.0664516
-0.0810163
-0.00950273
0.02585
-0.0523092
-0.0348047
0.0199056
-0.0440216
-0.0243416
-0.0517661
0.0570541
0.0102006
0.105547
-0.0397987
0.0159377
-0.0331659
-0.0159391
-0.0272217
0.0107273
0.0127522
-0.0904253
0.0294671
-0.0704539
-0.0514541
0.0737442
-0.0328346
0.0543971
-0.0649029
0.00126876
-0.0604716
-0.0179944
0.0428899
0.0371671
0.0529015
0.0136961
-0.00739501
-0.0220045
0.057915
0.0694946
-0.071505
0.0192811
0.0991739
-0.0960737
0.0920551
0.0825283
-0.0663618
0.108816
-0.021823
0.00417125
0.0375397
-0.0490999
-0.0500337
0.0291423
0.0414794
0.0312193
0.0658648
-0.0148281
-0.0925623
-0.035037
-0.00868351
-0.0432706
0.0542079
0.0361089
-0.0786348
0.0224311
0.0298521
-0.0853184
-0.0852607
0.0588096
-0.000414449
0.0391569
-0.0354447
-0.0566011
-0.0241074
-0.0397401
0.0489443
0.0336687
-0.0158136
0.070789
0.00162927
0.0202065
-0.0626826
-0.052415
0.0074082
-0.0062374
-0.0547272
-0.0571493
-0.0752975
-0.0783034
0.00373563
-0.0694393
-0.0514717
-0.0565342
0.0260203
0.0605998
0.053451
-0.0690082
-0.0517496
0.0903339
0.0160234
-0.0867675
-0.0451548
0.024694
0.0987421
0.0741476
-0.0202625
-0.0294035
0.0173413
0.0736542
-0.0192662
0.064814
0.0227698
0.00392325
0.102402
-0.0417517
-0.0308947
-0.056128
-0.0568409
-0.00447688
0.0382943
-0.0127084
0.0212382
-0.0573535
0.0455307
-0.0127792
-0.0162984
-0.0855862
-0.0371251
-0.0130176
0.0556406
0.0126119
0.102835
-0.043815
-0.000605629
-0.0491994
-0.0577588
0.0587016
0.00600656
-0.0509035
0.0132426
-0.0203894
0.0354121
0.0606434
0.084387
-0.0169814
-0.0559209
0.0714165
0.0530143
-0.0114331
-0.108168
0.00151041
-0.0267489
-0.0718893
-0.0775893
-0.00386315
0.0125163
0.0337313
0.0964436
0.036442
-0.0049071
0.019772
-0.0360676
0.016345
-0.052855
-0.0763238
-0.00631883
-0.0573305
-0.084146
-0.0215209
0.0517505
-0.0778388
0.00316028
-0.0402728
-0.0941475
0.0971175
0.0568462
-0.0469103
-0.075177
0.0821268
-0.048686
-0.0475372
-0.0499375
0.0455392
-0.0285574
-0.0401126
0.0535173
-0.0787585
0.107134
-0.0535139
-0.0370943
-0.0166237
-0.00558557
0.0136578
-0.0401976
-0.0426024
0.0318428
0.0142148
0.0372824
-0.0238462
-0.0428534
0.0436087
0.00725265
-0.0795606
0.0522457
-0.016721
-0.0506288
0.0641143
0.0181647
-0.0526828
-0.0409881
0.0238075
0.100016
-0.000881395
-0.102576
-0.025212
-0.00782358
-0.0144004
0.114359
-0.0746027
0.0126048
-0.0317459
-0.0582142
0.0165317
0.0853949
-0.0134453
0.023107
0.0454892
0.0494391
0.090071
-0.0352388
0.0705006
0.0537927
-0.0411805
0.0386266
0.0200169
-0.0580402
0.0361016
0.0701142
-0.0425728
-0.091251
0.0626337
0.0443473
0.0353307
0.0310071
-0.0557787
0.0733641
0.0333637
0.0293106
-0.109467
0.0618694
0.0493921
0.0481155
-0.105165
-0.0627857
0.0236616
0.00380203
-0.106069
-0.0683303
-0.0306816
-0.0911186
0.00373967
0.00313194
-0.0422524
-0.0642801
0.046282
0.0428322
0.0510688
-0.0974475
-0.0477394
0.0873575
0.052861
-0.083911
-0.0679741
-0.0728159
-0.0160223
-0.0400839
0.054388
0.0816593
0.0519917
0.0123974
0.0607292
-0.0422145
-0.0753565
-0.0223662
-0.0354832
-0.0846867
-0.0147413
-0.0185249
-0.0447921
-0.018973
-0.0715268
0.0609722
0.111846
-0.0315294
-0.0724033
-0.0646364
-0.0137104
-0.0448183
0.122596
0.0629751
-0.0647412
0.0836349
-0.100567
0.0587104
0.0100389
0.0354415
0.0156849
-0.0115613
-0.0362778
-0.045869
-0.0715067
0.0785387
0.03319
0.0417005
0.0852517
-0.0561876
0.0870012
0.0027432
0.0177902
0.0489234
0.0321675
0.0576615
0.081858
-0.0736681
0.0208536
0.0785984
0.0587814
-0.0239312
-0.0815946
-0.013841
-0.000807497
-0.0283959
-0.04838
-0.0740297
-0.0645624
-0.0549134
-0.0699324
-0.074969
0.0195838
0.0167314
0.034351
0.0187213
-0.0544903
-0.0172674
-0.0644913
-0.0799977
-0.00401247
0.000996677
0.0574211
-0.085072
0.00186044
0.0323232
0.0675077
-0.0498752
0.0615249
-0.078127
-0.0212112
-0.0580732
-0.0202524
0.0592894
-0.0699857
-0.0861884
-0.0292638
-0.0108814
0.0444351
0.00170814
0.0616219
0.0732985
0.0342647
0.0416099
0.000575751
0.0497049
0.0848706
-0.0777874
-0.0790963
-0.0609751
-0.0621859
-0.0670164
0.0745011
-0.00685263
0.0352539
-0.00786472
0.0683601
0.000661244
-0.0548688
0.0839906
-0.0537961
-0.080369
0.0330277
-0.012089
0.0549113
0.0643402
-0.00835242
-0.000368665
-0.0269325
-0.0156243
-0.0531158
0.0670029
-0.0735408
0.0271791
-0.0104996
0.0268161
0.0368136
-0.0492156
0.0343946
-0.0587154
0.00111595
0.0428524
-0.068824
-0.0670129
0.0165561
-0.00359036
-0.0427079
0.0180602
0.0614991
0.0719035
-0.0560816
0.0318346
-0.053167
-0.0441793
0.0592943
-0.0685826
-0.0414498
-0.0113801
0.00820057
0.0528871
-0.0438803
-0.00897802
0.0090607
0.042227
-0.0743687
-0.070783
0.0762136
-0.0551937
-0.0625466
0.0254473
-0.0795219
0.0526616
-0.0368769
-0.0589872
0.0547292
-0.0752343
0.0772988
-0.0653236
-0.0401373
0.0274261
-0.000288358
-0.0295193
0.0543623
-0.0219306
0.00402219
-0.0278283
-0.0203841
0.0446733
0.0711824
-0.0588426
-0.0437021
-0.0228421
0.0626333
0.0772412
-0.0443212
0.0593185
-0.0908101
-0.0471826
-0.0191789
0.126559
0.00436722
-0.0489428
-0.0686032
-0.0292791
-0.0345323
-0.0225818
0.00888383
-0.0747844
-0.0500361
-0.00152083
-0.000190668
-0.0456297
0.0652042
-0.02356
0.153722
0.0495069
-0.000101688
0.0667072
0.064193
-0.0191613
0.0511525
0.094494
0.00610325
-0.0804779
0.0660039
0.0158208
0.0138339
-0.0366387
0.0429843
-0.00824351
-0.0363392
0.025933
-0.0405402
-0.159921
-0.0891269
0.0185466
0.0108397
0.0843375
-0.0808074
-0.0482776
0.0751558
-0.0243722
0.0835443
-0.11209
0.0168728
-0.0634512
0.0986748
0.0384648
-0.0633008
-0.0149107
0.00810638
-0.0651318
0.0194485
0.10109
0.0278887
-0.0419622
0.0566091
-0.0842056
0.0723814
0.0425204
0.0702169
-0.0435071
-0.0156174
-0.0422566
-0.00477812
-0.04959
-0.0108731
-0.045353
0.0493046
0.0258501
0.0386248
-0.0655288
-0.0604007
-0.0563893
-0.00814363
-0.0131583
-0.0362674
0.0109186
-0.0403079
-0.0635246
0.0379849
-0.100894
-0.00424153
0.0552231
-0.0419568
-0.0914529
0.0800679
-0.00411694
0.00717282
0.0604719
0.0352532
0.00170339
0.054724
-0.0269464
0.0635279
0.0257258
0.0626686
0.0677916
-0.0291149
0.0775755
-0.080564
0.0631581
-0.157969
-0.129949
-0.0921599
0.034565
-0.021524
0.0056264
0.0439094
-0.00115047
0.0681761
-0.0551179
-0.0286953
-0.127731
0.00960244
0.0770553
-0.0737596
-0.0455394
0.00391481
-0.00739598
0.0818669
0.0882797
0.0728008
-0.0672734
0.0607064
-0.0474935
-0.0428298
0.0244039
0.0262317
-0.0795709
-0.00974478
0.00997666
0.0475643
0.0408915
-0.0328013
-0.00547853
0.0635934
-0.00517073
0.0584849
-0.0530226
0.0460568
-0.0593704
0.00644754
-0.0264835
-0.0537013
-0.0600643
-0.0382653
0.0162412
0.00789551
0.0283944
-0.0601093
0.0250288
0.0668132
0.0610195
-0.0787282
-0.048296
-0.0538789
-0.0682422
-0.049519
-0.0753442
0.0583301
0.0632979
0.0250853
-0.00933915
-0.0432015
-0.0345197
0.0954009
-0.0178643
-0.0164674
-0.0136688
-0.0286506
0.0140573
-0.0140702
0.0950116
-0.0172088
0.026052
-0.00937331
0.0602169
0.0680719
0.0460336
-0.0143551
0.0628407
-0.0215528
-0.0165393
-0.00572205
-0.00555115
0.014518
-0.0515009
-0.0303959
-0.00692096
0.0733935
0.042457
0.0240053
-0.0843814
0.0522388
-0.0772327
-0.0905499
0.0612627
0.0887522
-0.0803344
0.0293438
0.0154449
0.00468855
-0.0145923
0.0870207
-0.0537613
0.0606874
0.00207319
0.0295256
-0.073307
-0.0314618
0.0793682
-0.0217308
-0.0247176
-0.0330505
-0.0559653
-0.0851102
0.00355524
-0.074681
-0.0749703
-0.0619436
-0.000311222
-0.00717391
-0.0372211
-0.0379075
-0.0856372
-0.0251145
-0.0576336
0.0639952
-0.08495
-0.0326016
0.0749237
-0.041232
0.00771844
0.0292748
-0.0617887
-0.0203319
0.0172397
-0.0696405
-0.0833653
0.0663511
-0.00854429
0.00102799
0.0382363
-0.056471
0.0189801
0.030519
-0.0158865
-0.024361
0.00153905
0.074313
0.0880158
-0.00510941
-0.051895
-0.01841
-0.0117604
-0.0444646
-0.000357978
0.0399212
-0.0572367
0.0424148
0.0627594
-0.0254107
-0.0158146
0.0554385
0.0698268
-0.0555323
0.0280503
0.0127644
-0.0587011
-0.0593206
-0.0760302
-0.0883988
-0.0540377
-0.0898632
0.017872
-0.0911245
0.032427
-0.0946768
-0.0673728
-0.0739598
0.0334157
-0.010382
0.0298478
0.0648184
-0.0862335
0.0377928
0.0425952
-0.0806359
0.0202629
0.0719786
0.0809305
0.0249801
0.0693757
0.140008
-0.0639603
0.0118261
-0.00194451
-0.0831667
0.148185
-0.0243898
0.0195033
-0.0999881
0.0233638
-0.0253058
0.0690236
-0.0365532
-0.0606146
-0.0692285
-0.0485757
0.0537393
0.068237
-0.00664739
0.00487654
-0.0499434
0.0314922
-0.0292646
-0.0435545
0.0302565
-0.0183218
-0.0621737
-0.0232339
0.0235071
0.0752012
-0.0713031
-0.0241865
-0.0500289
0.0394283
0.0112398
0.0289914
-0.101886
0.0835861
0.0561224
0.0530758
0.0761682
-0.0412056
-0.0210785
-0.0366437
-0.134525
-0.0631142
-0.00582955
-0.0504221
0.0891334
-0.100128
-0.00515632
-0.0998346
-0.0107867
0.0386408
-0.0228688
-0.0087667
-0.018053
0.0247707
0.0313365
0.115664
0.0300218
0.0328629
0.0745162
-0.0788238
0.0458483
0.0361042
-0.0300531
0.0396677
-0.0582958
0.0739914
-0.113809
-0.00541339
-0.0441332
-0.00644545
-0.0819478
0.171767
0.156137
0.0173542
-0.0439605
0.0546648
-0.0465003
0.0644612
-0.0585814
0.0164594
0.0918331
-0.0763512
-0.00960041
0.0489385
0.0519284
0.0111619
0.0210868
0.0653095
0.0158208
-0.00793391
0.0941483
-0.0724
0.00562425
0.121686
-0.0412878
-0.0294404
-0.0639191
0.0958607
0.0596232
-0.0233219
0.0895052
0.0667292
-0.109069
-0.104132
-0.0198997
-0.0400505
0.000254485
0.0428388
-0.079755
0.0329211
0.0315341
-0.0371164
0.0158785
0.0202799
-0.0132102
-0.0765391
-0.0816758
-0.120613
0.0329018
0.11898
0.00275852
0.0772152
-0.0582936
0.0742898
-0.0484241
0.0385077
0.081109
0.030816
-0.0327328
-0.0855894
-0.0305038
0.0779859
0.0735737
-0.0372919
-0.0112396
-0.13591
-0.072669
0.0367188
-0.0422554
0.0646023
0.0567428
-0.0317591
-0.057579
0.0402159
-0.0101742
0.00597296
-0.0830702
0.00807183
-0.0744419
-0.0438974
-0.163454
-0.016742
-0.0385429
0.0615525
-0.0341138
-0.036998
0.03783
-0.0138168
-0.035838
0.0797194
-0.0831258
0.0113954
0.0449283
0.0828571
-0.0120022
0.0258959
-0.0263121
-0.0434304
-0.103018
-0.0540332
-0.0131846
0.0775425
0.00435157
0.00552781
0.00423813
-0.0316591
0.0389324
0.0862314
0.0238742
-0.101212
0.091529
-0.0487298
0.0998718
0.108332
0.0325641
-0.039015
0.0279994
-0.00973634
0.0361689
-0.0233397
-0.0396707
0.0319692
0.0680626
0.000612953
-0.0270408
-0.00834068
0.142443
0.0638268
-0.0525719
0.0486953
0.00653941
0.0275046
0.0884539
0.0605084
0.0691004
0.0116354
-0.0452561
0.0262605
0.0884195
-0.1199
-0.0264033
0.060516
-0.0722581
0.00748087
0.0707598
0.0502526
-0.00134709
-0.0853802
0.114059
-0.0471925
-0.00733853
0.050856
0.0495304
0.0856088
0.0260503
0.0340123
0.0970802
-0.0724479
-0.0239279
0.00363766
-0.0245184
-0.0485977
0.00915488
0.0823469
-0.0749988
-0.0448499
0.00457167
-0.0666312
-0.0514842
0.0423468
-0.00568895
-0.029227
0.0582333
-0.112266
-0.0593145
-0.0418157
-0.0411098
0.0140064
-0.0172542
0.0815681
-0.00410829
0.0184383
0.0300807
-0.0252518
0.0830499
0.00948025
-0.012795
-0.0762459
0.070648
-0.0207683
-0.0636551
-0.0587326
0.0522788
-0.107878
0.0491385
-0.0381366
-0.0974196
0.00682242
0.0235457
0.0808718
0.0768872
-0.0259892
-0.0250436
-0.0813354
-0.0707841
0.0485755
0.0696318
0.0289338
-0.152824
-0.037764
0.0524633
-0.0368328
-0.00390096
-0.0849355
0.020955
-0.0319319
-0.054245
0.0880173
0.0442185
0.00790425
0.00278615
-0.0324173
0.0037053
0.0195472
-0.0968637
-0.0791026
0.0110955
-0.0792555
0.0718468
0.0349837
0.0180194
0.00674243
-0.000650278
-0.0343155
0.080113
0.0711259
-0.0575131
-0.014324
0.108429
0.0847359
0.0889197
0.0935858
-0.00374408
-0.0546443
-0.0249253
-0.0659192
0.0987497
0.0269357
-0.0333263
-0.0928538
-0.0142074
-0.0251034
0.0386341
0.0225645
0.0215096
0.0785045
-0.0295991
-0.0261657
0.0651095
-0.0382876
0.00109885
-0.0641112
-0.0706684
-0.0661461
-0.0565386
0.03468
0.0791703
0.0145759
-0.0576633
-0.043457
0.0452588
-0.0837013
-0.0188196
-0.0687732
0.0260338
0.0377124
0.0644292
0.0715384
-0.00199047
0.0739178
-0.0203889
-0.0598546
-0.0394529
-0.0763855
-0.0585331
-0.0796101
-0.0162857
-0.037015
-0.00168963
-0.0334948
-0.000494657
0.0395997
-0.0703429
0.0752476
-0.0655839
0.0702768
0.0578407
-0.090122
0.0157637
-0.0268418
0.101689
-0.020274
-0.0152778
0.0226431
-0.0156975
0.109563
-0.0121005
-0.0713062
0.0505946
-0.0312537
0.0195899
-0.0752719
0.0117729
0.0433825
-0.0698214
0.154546
-0.0447545
0.105669
-0.0906301
-0.032061
-0.0333225
0.0543358
-0.0832049
-0.0613083
-0.0834727
-0.00911435
0.0613396
0.0710043
0.0607041
-0.0118202
0.0310886
0.0167297
0.0416846
0.0587589
-0.0693544
-0.0218234
-0.116476
-0.0656837
-0.0429868
-0.0844073
-0.0364509
0.0519829
-0.0818378
0.0589102
0.0461
-0.0237711
-0.0621221
-0.0741906
0.024747
0.00332028
0.0603662
-0.060063
0.106401
0.0628716
-0.0952259
-0.0218492
-0.0481595
-0.00104324
-0.0623416
-0.049806
-0.0473271
-0.0851407
-0.0490239
0.0240086
0.0563631
-0.080317
0.0499488
0.0155613
0.0989776
-0.0765426
0.0113237
-0.0309179
0.0659023
0.0486669
0.187546
0.0200559
0.0508619
0.0661755
0.0039488
-0.0587408
-0.0181118
-0.0331182
-0.0835095
0.0640935
0.0520462
0.16544
0.067463
0.027846
-0.015864
0.0550526
0.0542419
0.0762505
-0.0821748
0.0680844
0.0019322
0.0343405
0.0456486
-0.0157472
0.115584
0.107225
0.0812091
0.128287
0.15422
-0.0398609
0.0697655
0.0353954
0.0153809
0.0211198
-0.0512696
-0.0208188
-0.136789
0.1118
0.04616
-0.230132
-0.245772
0.0117533
-0.147419
-0.0702402
-0.492566
0.00603299
-0.24885
-0.0171623
-0.0660995
-0.0515098
0.0130614
-0.0263817
0.0309123
0.0131114
-0.00746749
0.00958246
0.0382001
-0.0100859
-0.0214916
0.398118
-0.0129431
0.128701
-0.0917787
0.0314816
0.54249
-0.108082
-0.12032
0.201748
-0.120309
1.10085
0.0123796
0.586204
-0.106135
-0.0551113
0.109077
0.818812
-0.160354
-0.148767
0.132559
-0.0277825
0.128062
0.103785
-0.0570778
0.768843
0.0909386
-0.0559324
-0.106501
0.0692591
0.00853785
0.176778
-0.562531
0.0570599
-0.00476322
-0.0181675
-0.0442206
0.00484377
-0.256502
-0.00640812
0.060542
0.0283939
-0.310691
0.15473
-0.0649606
-0.150675
0.159669
-0.478196
0.333896
0.044037
-0.627406
0.0471096
-0.0525794
-0.0399515
-0.0446971
-0.224995
0.0695607
0.0991946
-0.0362194
-0.310015
-0.0838465
0.03603
-0.0388841
0.0139016
-0.130218
0.10924
-0.0741349
0.182535
0.536461
-0.0742023
0.953608
0.739202
0.019247
0.451635
-0.126411
0.166552
-0.117145
-0.116387
-0.634135
0.0535475
-0.061889
0.483857
0.698387
0.175452
0.139203
0.00762882
-0.169622
0.138639
-0.0409254
-0.0100451
0.0273142
0.0974222
-0.115125
0.0849383
-0.0350376
-0.0121718
-0.0603548
0.0274342
-0.0133842
0.0173189
-0.0725068
0.0728431
-0.072037
-0.0188553
0.0150635
0.0557173
0.0212183
-0.0166312
-0.0361766
-0.0039494
0.0650367
0.036348
0.0321506
0.0114507
-0.032412
-0.0714558
0.0359406
-0.00300078
0.0498048
0.0475641
0.0294863
0.056917
0.0184164
-0.0375097
0.0060344
0.0675778
-0.0760708
0.0763247
-0.00817449
0.0273865
-0.0265538
-0.00419473
0.0296553
-0.0568308
0.04952
-0.0752796
0.0229633
0.0271554
-0.0793304
-0.0161605
0.0239668
0.0506215
-0.0578188
-0.0101002
-0.085024
0.119551
-0.0252863
-0.00883589
0.0563755
0.0275015
0.0185492
0.0567096
0.0623123
0.0454112
0.0264969
0.0719896
0.0862453
0.024497
0.0720689
-0.0675152
0.0660622
-0.00485668
0.0723858
-0.0176885
-0.0779687
-0.0600591
0.0504925
-0.0121111
0.0697497
-0.0765955
-0.077163
0.0657099
0.0834674
-0.0392273
0.0138827
0.0386781
0.0245205
0.0526787
-0.0951252
-0.0723119
-0.0130541
-0.0255134
0.0809177
-0.0482456
0.00319528
-0.0301899
0.0493627
-0.0301659
-0.0492733
0.000116063
0.00714879
0.0613531
0.0798401
-0.065409
0.0623371
-0.0580543
0.051308
-0.00711032
0.0142374
0.0532594
-0.0320014
-0.00138827
-0.0714779
-0.0682645
0.0274495
0.0175848
0.0240222
0.0643978
-0.0873587
-0.0444102
0.05624
-0.054588
0.0843873
-0.00260671
0.0512703
-0.0229303
-0.039432
0.0877889
-0.039226
0.0537523
-0.0202028
-0.0305232
0.0414588
0.0894732
0.0544818
-0.0034746
-0.051721
0.0792639
-0.0508049
0.0194018
0.0694557
-0.0165238
0.0601403
-0.0732961
0.0707167
-0.0333084
0.0525144
-0.0250048
0.0600798
0.0426845
0.0575173
-0.0633048
-0.031365
-0.0429304
-0.0158766
-0.0709496
0.0135131
-0.0605682
-0.0130444
-0.042802
-0.0745044
-0.00655506
-0.0732567
0.00344072
0.0699041
0.044303
0.00669155
-0.0588059
-0.0452479
0.0442822
-0.0688854
0.0582349
0.00624157
0.0204828
0.0190531
0.0751759
0.0162777
-0.0209582
0.0464422
0.00280945
0.00455206
-0.0550017
0.0239671
-0.0733323
-0.0207171
0.0508382
-0.0403184
0.0631369
0.0105564
0.0754107
0.0839724
-0.0144729
-0.0653808
0.0142367
-0.0866816
-0.0475944
-0.058113
0.052511
0.0266112
-0.0601581
0.0603466
0.0397235
-0.0757302
0.0737631
0.0235931
-0.0636474
0.0747128
-0.011465
0.0101274
-0.037105
-0.0762578
0.00798728
0.0886145
0.0235962
0.0816782
-0.0560384
0.0262518
-0.0737139
-0.0280637
-0.0103991
-0.001188
-0.00961929
-0.0789919
0.0806937
-0.000370227
-0.0282182
-0.0349717
0.058085
0.0168999
0.0466031
-0.0320772
-0.0301936
0.0490239
0.0132815
0.0216574
-0.0851359
-0.0295741
0.059448
0.0331141
0.0498871
-0.0506564
0.0261816
-0.0656738
0.0338719
-0.0248095
-0.0107779
0.0413362
0.0686093
-0.0620064
0.0532991
-0.0838392
-0.066874
-0.0497959
0.0452045
-0.079135
0.00849896
0.0555571
0.00254104
0.0109342
-0.0270241
0.0509475
-0.0886056
0.0359443
0.0926583
0.0353499
-0.096361
0.0128236
-0.0546471
0.0277246
0.0111531
-0.0431717
-0.015661
0.0285337
0.0835364
0.0263262
-0.0872428
0.106748
0.0385081
-0.0604916
-0.042057
0.0368825
-0.0833653
-0.103468
0.00667858
0.0031602
-0.0127107
0.0196912
-0.0540839
-0.014495
-0.028842
0.0977032
-0.12251
-0.109091
-0.106346
0.0940773
0.0158703
-0.073669
-0.0654395
0.0269387
-0.0473905
0.00977276
0.0450857
0.0298462
0.0705093
0.0103996
-0.108935
-0.0559592
-0.0656327
0.0224573
-0.0947382
0.0383401
-0.118877
0.0639249
0.0555125
0.0648749
-0.00202255
-0.0861733
0.0469698
0.0914208
0.149339
-0.0172383
0.0834263
0.0758288
0.000685978
-0.0835274
0.025641
-0.136694
-0.0676403
-0.0269557
0.0622374
0.0545242
-0.12225
0.0447004
0.0836108
0.0910092
-0.0392873
-0.0288327
-0.00658607
0.011599
0.0739002
-0.0458622
-0.050908
-0.0265198
-0.0536323
-0.0927065
0.0843181
-0.0114484
0.0406945
0.0798286
-0.070954
-0.0198651
-0.125096
-0.0540702
0.121975
-0.0981718
-0.0488342
0.106701
0.0758955
0.00897857
0.0846322
0.0819793
0.0221169
0.0658697
0.0496318
0.13893
0.116891
-0.0126191
-0.0748303
0.0880733
0.0152146
-0.0868554
0.0454887
0.12745
0.0320733
0.0570913
0.0214808
0.0256689
-0.0719839
0.0906205
0.0303206
0.00707797
0.0787122
-0.0313361
-0.0886677
0.0659286
-0.0492091
0.0992165
0.000806902
0.0063036
0.0601284
0.0411381
-0.0535565
-0.0932446
0.00907446
-0.00290418
0.0290017
-0.0429952
0.0139217
-0.0799812
0.00574527
0.0931115
0.0190542
0.0102994
-0.0582153
-0.0724588
0.0544094
0.117574
0.0243013
-0.140279
-0.0468297
0.00173957
-0.0215498
0.0599748
0.0807924
0.0706315
0.00840663
0.0205543
0.0725735
-0.00807405
0.0788121
-0.0688417
0.0102646
-0.0823222
0.11212
0.0332747
0.0885532
0.0402715
0.071995
0.0892986
-0.0156066
-0.0190742
-0.0447923
0.0976195
0.126705
-0.00286324
0.109088
0.0211059
0.0280127
-0.0422689
0.136287
-0.0685314
-0.051004
-0.0398946
0.064935
-0.0503261
-0.0125244
-0.0176252
0.0970537
0.099069
-0.0193663
0.0935685
-0.0822544
0.0702409
0.0520591
0.0430879
-0.00426234
0.0583159
-0.0517203
0.0607205
0.0761981
0.0465995
0.00997596
0.0266776
-0.0887285
-0.0910495
0.103054
0.0287577
-0.0167225
-0.0440258
-0.0508468
0.047887
0.0625173
-0.114404
-0.0139571
-0.0162649
-0.00106022
-0.0166032
-0.0144915
0.0251539
0.03915
0.0713739
-0.067877
0.0321706
-0.058661
-0.00987692
-0.0494343
0.0710844
-0.0268323
-0.0120653
0.033299
0.103542
-0.0444123
-0.0262363
0.129374
0.0551613
0.00702753
-0.0840961
-0.0393467
0.0491898
-0.00760835
-0.15206
0.0203463
-0.0541333
0.0931205
0.000567056
0.07969
-0.00560011
-0.0349171
-0.0234508
-0.0698159
-0.0289855
0.0184546
-0.00185019
0.0463921
-0.0338648
-0.0651539
0.0489802
-0.064323
-0.0711987
-0.0444728
-0.0693429
-0.0299124
-0.0531566
0.00068211
0.0121926
0.0419402
-0.0495761
0.0259176
-0.0566373
-0.0648479
0.0807613
-0.00701511
0.00639679
0.0569281
0.0318545
0.013591
0.0482497
0.0306572
0.0155704
0.0650434
0.0364229
0.00736388
-0.0109988
0.0701406
-0.0336548
0.10052
-0.0761379
0.0569455
0.0437917
-0.0703265
-0.0605566
-0.0452763
0.0374336
-0.00660167
0.0810544
-0.0670398
-0.0342596
0.0255272
-0.0507989
-0.0713158
-0.0349022
-0.0207909
0.0388218
0.0236935
-0.00884175
-0.0570216
0.0932539
-0.0508809
0.0240517
-0.0500568
-0.0824778
-0.0200429
-0.0239534
0.0851442
-0.0588767
0.0201054
-0.0737743
-0.0813053
0.0386747
-0.057239
0.0253178
0.0337622
0.0740779
0.0169166
0.0320302
0.0690313
0.077612
0.0774927
0.0648782
0.0467955
-0.0653219
-0.0855797
-0.0190605
0.0735603
0.00716067
0.0436953
0.0195303
-0.0211549
-0.00729695
0.0365945
0.0691814
0.0624512
0.057948
-0.019373
0.0723849
0.0114014
0.0739552
0.0635064
0.0126457
0.0433683
0.0626016
0.0389269
-0.0455258
-0.0293831
-0.0932193
-0.0802561
0.00389056
-0.0697943
0.000912573
-0.0569714
-0.0272415
0.0179477
-0.0416914
-0.0447543
-0.0297667
0.0149979
0.0543901
-0.020123
-0.0170359
0.0643506
-0.0445159
-0.0842561
0.0330035
-0.0113075
-0.0698893
0.0728799
0.0550229
0.0376378
0.0530871
-0.0531191
0.0270375
0.0722949
-0.0388419
0.0960785
0.0361913
0.0663159
0.0348873
-0.0110131
0.0882691
0.0689391
0.106403
0.0787885
0.0699748
0.090758
0.0586972
-0.0304267
-0.0946362
0.00315227
-0.0109064
-0.0317365
0.122619
0.0663496
-0.111971
-0.075554
0.0276622
0.00322497
0.0505898
-0.0569836
-0.0887245
0.0423217
0.0156757
0.0461781
-0.0833814
-0.00982406
0.0815264
0.0626373
-0.0474673
-0.0750737
0.0701039
0.0221417
-0.0102672
-0.00174895
-0.0561186
0.0543005
-0.0325767
0.107825
0.0658395
0.0156809
0.0298717
-0.0814324
0.00476752
-0.0928952
-0.0477181
-0.0905394
-0.0711681
-0.117001
-0.00321483
-0.0143549
-0.0382164
-0.0726364
-0.0296871
0.013569
-0.0866274
-0.0617827
-0.0648468
0.00859926
-0.00736673
-0.0147172
-0.0400759
-0.101878
0.0133084
-0.0141987
0.0211767
-0.0128805
0.00277352
0.0485053
-0.0611272
0.0757957
-0.0582363
0.0193265
0.0906785
0.0409855
-0.0175415
0.0407337
0.0847
0.0720759
-0.104879
0.0394961
0.0668341
0.00906509
0.0468949
-0.0144826
-0.0344114
-0.0327541
0.00398902
-0.0866563
0.0400168
0.0217858
-0.044047
-0.074711
-0.0308244
-0.0218941
0.063737
-0.00679398
0.0405426
-0.0476577
-0.0073389
-0.0530068
-0.0469434
-0.0983985
0.0431791
-0.115502
0.0809665
-0.0362181
0.00839444
0.0358716
0.165154
-0.0277433
0.060997
-0.0403133
-0.0924831
-0.0141572
0.0249203
-0.0350784
-0.0628857
0.00633612
-0.0868591
-0.00957683
-0.0626502
-0.0142303
0.0702965
-0.0242668
0.0505086
0.0613904
0.0203058
-0.0830007
-0.0390122
-0.0673251
0.0372345
0.0480318
0.0308926
0.0153281
0.0457782
-0.0269327
0.085227
-0.0504764
0.0135627
-0.0589414
0.0397059
0.075737
0.0259116
0.0618028
-0.0531031
-0.0340207
0.0442926
-0.0587328
0.0454313
-0.051178
-0.0831582
-0.0333766
0.0721773
-0.0166419
0.033058
0.0869135
0.0233249
-0.0690726
-0.00654196
-0.0633212
-0.0129429
0.0059801
-0.0206285
-0.0831098
0.0360589
0.068707
-0.0151385
-0.0337685
0.0858571
-0.0308442
0.0324375
-0.00457052
0.0789731
0.000215815
0.0680277
-0.00807253
-0.0129233
0.00949417
0.0669886
-0.0198044
-0.00135596
0.0525723
0.0717178
0.0435896
-0.0751749
0.0415703
-0.0151939
-0.0302521
0.0153366
0.00443079
0.0885581
-0.0621861
0.0168089
-0.0405946
-0.0711271
0.00527267
0.0206645
0.0600882
-0.0464941
0.0671437
0.0580727
-0.0317547
0.0709981
-0.0113644
0.0250937
0.00600796
-0.0462862
-0.0213674
0.015742
0.0406446
-0.0312353
0.0734659
-0.0123893
0.013611
-0.0441092
0.0404639
-0.0173942
-0.0495204
0.0403099
-0.077979
-0.00466582
-0.0448908
-0.0132347
-0.0839711
0.0167199
-0.080912
-0.00106958
0.0729605
-0.0590314
-0.0176028
-0.0647759
-0.00759365
0.00486142
0.0250951
-0.0183025
-0.0266163
0.0141324
0.0817255
-0.0121365
-0.0545721
-0.00732818
-0.0175383
0.0179672
0.0504885
-0.0396377
0.0487896
0.0223533
-0.0857673
-0.0644707
-0.0452096
-0.0170126
-0.0620063
0.0661236
-0.0178647
-0.0761609
-0.0505257
-0.109183
0.0445322
-0.0667503
-0.0469133
0.0704521
-0.107754
0.0876576
-0.0127581
-0.0705643
0.00754728
-0.117052
0.113919
-0.0259183
0.0508956
0.0940087
0.0591137
-0.0504799
0.0611242
-0.0057534
-0.0401512
-0.0339651
-0.0114067
-0.012526
0.0741731
0.0803375
0.0221649
-0.056219
0.0860501
0.055935
0.00769579
0.0366697
-0.0145169
0.0736204
-0.0746923
0.084539
0.047752
-0.00323087
-0.108619
0.00342578
-0.0785304
-0.0164091
0.0673564
-0.0179599
0.00323644
0.0343299
-0.0744848
0.00484615
0.0504238
-0.0398238
0.0608686
0.0496881
0.0953535
0.00573525
0.0278443
0.0383052
-0.070063
-0.0261832
-0.0476139
0.017412
0.0427542
0.0897218
0.00478466
0.0548724
-0.0684657
-0.0534637
0.0560404
-0.0622553
-0.0465247
0.0320492
-0.0488967
0.0600198
-0.0342877
0.0553812
0.0408041
0.00654451
0.0503125
0.0398525
0.0286938
0.0811886
0.0820131
0.0132346
-0.0539179
0.0658889
0.0262277
0.0587954
-0.0384861
0.0379215
0.0109969
-0.0426666
-0.0986282
-0.0552146
-0.0204653
-0.0579144
0.0237806
-0.0348404
-0.106039
0.0146517
0.0480152
-0.0536556
-0.0624946
-0.00843918
-0.0366878
-0.0450126
0.0386786
-0.0797883
0.0111439
0.0503856
-0.0530424
-0.103982
-0.10705
0.0452589
0.0260532
-0.0176235
-0.0252267
-0.0823685
-0.022444
-0.0167874
-0.0929414
-0.0281259
-0.0412418
-0.00859123
-0.0367631
0.0438028
0.00162975
0.0202414
-0.00421108
-0.0103302
-0.0133959
0.0472512
0.0768403
0.0137055
-0.0217426
0.0404538
0.035359
0.054663
-0.0489692
0.0491133
0.0364973
-0.00283737
0.0486732
0.04093
-0.0276405
-0.00411922
0.0884183
-0.0619142
0.0642091
0.0920746
0.0712188
0.0620188
-0.023622
-0.0298238
0.0631105
0.0543196
0.105277
0.0572574
-0.0408941
-0.0801139
0.0956432
-0.103275
-0.0311113
0.0238113
0.0826071
-0.07098
-0.0606913
0.0500844
-0.0121862
-0.0193829
-0.0563989
-0.0201178
0.0742398
0.00278018
-0.0650102
-0.0800202
-0.0371898
0.0381408
0.00130097
-0.0151885
-0.0746684
-0.0283317
-0.0522699
-0.0479295
-0.0533264
-0.0511174
-0.0544485
0.0181601
-0.0873375
0.00892753
0.0481579
0.0526549
0.0238317
0.0237374
-0.0636234
-0.0953804
0.030799
0.0742088
0.0192251
0.00258042
0.0585583
-0.0409427
0.0104563
-0.0462668
-0.0579881
0.0211772
-0.0532332
-0.0806862
0.0449458
0.0533264
-0.00400376
-0.0435158
0.00507291
-0.078474
-0.0646207
-0.00530834
-0.0636363
-0.10031
0.0237716
-0.056193
0.0307179
0.0367728
0.0719293
0.0531728
0.00593784
0.0413802
-0.0234303
-0.0763465
0.0825523
-0.0444659
0.0387507
0.0167978
-0.076629
-0.0513583
0.0886448
-0.0562562
0.0573477
-0.0605815
0.0150759
-0.0889812
0.0520796
-0.0247416
0.0216374
-0.0340424
0.0482286
0.040769
0.0353514
0.0773444
0.0478922
0.020139
0.0508257
0.0700271
-0.0263428
-0.0646619
-0.0313483
0.00320593
0.106549
-0.0965612
-0.0685129
-0.114989
-0.0139839
-0.135336
-0.0819101
-0.0126157
-0.0548648
0.0466162
-0.0804611
-0.0110475
-0.0665608
-0.0648791
-0.0197643
-0.0429317
-0.0676623
0.0560771
0.121077
-0.120946
0.0029742
0.06655
-0.0281671
-0.0706817
0.0950299
0.0346438
-0.0102931
-0.00216934
0.105319
-0.0623377
0.121876
0.00173522
0.140876
-0.0710455
0.0365817
0.00808325
-0.0880256
0.00834536
-0.0730229
0.0876585
-0.102857
-0.0502038
0.0589253
0.0583386
-0.0201864
0.0538338
-0.0181743
0.0891744
0.0451566
0.0954973
0.065822
0.0652201
-0.00802293
-0.0390413
0.0234285
0.0110311
0.0173256
0.0154091
-0.136129
-0.0267238
0.0223947
0.0916095
-0.0508633
0.0549169
0.0352309
0.107597
-0.0145988
-0.049882
0.0321044
-0.0655025
-0.0313416
-0.00681587
-0.0649522
-0.106822
-0.0377038
0.0469256
0.0276402
0.0113567
-0.0472407
0.0474523
-0.019137
-0.036245
0.0858349
0.0279221
-0.0749816
-0.0704363
-0.0625022
0.0177704
0.0301582
-0.128251
0.0315869
-0.102223
-0.11533
0.0275297
0.103704
-0.0644158
0.0535697
0.0807086
0.0209347
0.0934565
-0.0654096
-0.0608049
0.0254884
0.0477352
0.0116747
-0.0829016
0.0899918
0.0443869
0.0985584
0.00434919
-0.0843558
-0.110789
-0.101854
0.0176126
0.0383503
0.0555189
-0.0229189
-0.0918609
0.0899013
-0.072656
-0.100888
0.118689
-0.0132354
-0.111052
0.148201
0.0125035
-0.0562059
0.0320003
-0.0630641
-0.00167264
0.0262968
0.00168365
0.0666357
-0.0193056
-0.0276878
0.029122
0.0464418
0.0533197
0.0163309
-0.00992988
0.0378647
0.0292168
-0.0574208
-0.0631652
-0.0305611
-0.0512645
-0.00701125
-0.0787376
0.00817531
0.0500322
0.0702874
0.0696443
0.0407312
-0.0631248
-0.00580563
0.0906408
0.065101
-0.0679453
-0.00857044
-0.0804097
-0.0268882
0.0517901
-0.00497436
-0.0319979
-0.0828065
0.0118489
0.0764851
0.0264525
-0.0568214
-0.0448426
-0.0859187
0.0351302
-0.038171
-0.0108042
-0.0550756
-0.050888
0.0305855
-0.0789504
-0.00484948
-0.0701321
-0.0244263
-0.00424425
-0.0267785
0.0626933
0.0567496
0.0493934
-0.0931292
0.00845758
0.0829714
0.0278175
0.0635961
0.0258233
0.021622
0.0652474
0.000694847
-0.00063601
0.0409058
0.0463637
0.0644561
-0.0172674
0.0671776
-0.0451391
0.00685931
-0.0307189
0.0284787
0.0899251
-0.0584574
-0.0340122
-0.0223058
0.0764874
-0.0297687
0.066876
0.00717839
-0.0449622
-0.0244503
0.0270679
0.0369018
-0.0508623
0.0329113
0.00825202
-0.0176345
0.0422221
0.00108405
-0.0215567
0.0199893
-0.0649715
-0.0211042
-0.0257888
0.0257168
0.0168299
0.0316364
0.0255575
0.0743851
0.0404112
0.00683329
0.0468982
0.0569451
-0.0882014
-0.0919346
0.0287097
-0.0467133
-0.0281008
-0.0951208
-0.0134616
-0.0431624
-0.0598005
0.0361583
-0.0164657
0.0225251
-0.0203665
0.0709146
-0.00905966
0.0192504
0.0195953
0.0736127
0.097307
0.0627137
-0.0693789
-0.00987354
-0.104997
-0.0650765
-0.0334406
0.0465597
0.170535
-0.030275
-0.0977138
0.121031
-0.0544485
0.153985
-0.126089
0.0466027
0.246773
0.0756057
-0.0230983
0.0865348
-0.00491186
0.123509
-0.0337042
-0.0228861
0.0937507
0.0031377
0.0134855
0.0749274
0.0811795
-0.011144
-0.037482
-0.0873024
0.0460676
-0.0251854
-0.060398
-0.0709566
0.062654
-0.0595266
0.0301873
-0.0203048
-0.0536899
-0.0685632
-0.122029
-0.0385638
0.107104
-0.153957
-0.0131797
-0.12797
0.0494981
0.149365
0.0570202
-0.105552
-0.0721871
0.105974
-0.116229
-0.0936602
-0.0772501
0.022561
0.100578
0.0963045
-0.0918574
-0.0814323
-0.100695
-0.0367124
0.126493
0.0354637
-0.0315956
0.0593354
-0.0122003
-0.0381747
0.0702159
-0.050182
-0.0211705
-0.062523
-0.0241457
-0.180875
0.084931
-0.0225315
-0.046973
0.0377382
-0.0823749
0.0164476
0.0271823
-0.0665398
0.204086
0.0412507
0.0171957
-0.0409981
0.113534
0.00960434
0.120662
0.0929823
0.0392048
-0.00197964
0.0639149
0.0352039
-0.00270097
-0.071814
0.0239729
0.0372522
0.00973618
-0.0787725
-0.0753036
-0.00189537
-0.181543
-0.0717257
0.0700954
-0.107914
-0.106015
0.0571062
-0.0810922
-0.0693502
0.0474651
0.0207381
0.00771436
-0.238358
-0.127391
0.121442
-0.0700464
-0.0906292
-0.0429584
0.0956933
0.0899574
-0.0462265
0.00952074
-0.0322756
0.181545
0.0374699
-0.138094
-0.112082
0.13003
0.0356568
0.136263
0.0545304
-0.0700819
-0.117402
-0.133913
0.139742
0.0315424
0.0786133
-0.0406726
-0.0130672
0.0829502
-0.128578
-0.379114
-0.136047
-0.0498607
-0.0919156
-0.230328
-0.183199
0.0291047
0.0589399
-0.121712
-0.0147571
-0.0955024
-0.0435828
-0.045973
-0.00230653
0.121362
0.0371024
-0.0801152
-0.0706524
0.00947787
0.23815
-0.0100199
-0.0190244
0.0430799
-0.0264825
0.395676
-0.0166123
0.0348318
0.0622387
-0.00215589
0.247494
0.0367487
0.261939
-0.130962
-0.164116
0.026844
0.236733
-0.0232015
0.0952411
0.0824736
-0.0916949
-0.0358053
0.0346702
0.0252671
-0.123664
-0.025711
0.0996577
-0.0382288
-0.0560663
-0.102964
-0.0754913
-0.165989
0.0207255
-0.0214167
0.0252031
-0.045808
-0.04081
0.0178116
0.105292
-0.0306953
0.233896
-0.39475
-0.0157581
-0.0974126
0.0383009
0.106035
-0.160118
-0.00272688
0.0360255
-0.341312
0.163693
-0.0190106
0.104563
-0.0199548
-0.0264549
-0.118569
-0.0364945
0.0719666
0.00186502
0.0588268
-0.00957994
0.0787023
0.098945
0.0828933
0.0323053
0.0633501
0.172176
0.0832674
0.036344
0.436671
0.214838
-0.0394275
0.340614
-0.00641323
0.137714
-0.104201
0.0089447
-0.19534
-0.0134031
0.01462
0.36618
0.141193
-0.0127288
0.129669
-0.00225699
-0.0882264
-0.135411
-0.178524
-0.0550604
-0.127084
0.188054
-0.0300282
0.163862
0.0870136
0.0601633
-0.0808265
0.00154738
0.0110866
0.0775073
-0.12444
-0.0379656
-0.0940169
-0.122272
0.0340299
-0.000471927
0.0429881
-0.020175
-0.0985268
0.0731985
-0.0736426
-0.028858
0.103985
0.0725192
0.0548916
-0.0358902
0.00962117
0.0567067
0.0140677
0.0119207
0.098504
0.0853173
0.0507019
0.118325
-0.00427188
0.0437435
-0.0146781
-0.00890935
0.0176872
-0.128005
0.00731364
0.0428549
0.051187
0.0712938
0.000990831
-0.0154202
-0.0765033
-0.0878326
-0.0185584
0.0933555
-0.016194
0.0345193
0.0209572
-0.0401583
-0.0172213
0.0911541
0.0498441
0.0419088
-0.073339
-0.0761971
0.00219403
-0.0985302
-0.0389162
-0.0887524
-0.0690023
-0.0497041
-0.0491935
0.0635603
-0.0028382
-0.045448
0.060803
0.0539939
0.049415
0.0110764
0.0191444
0.125243
-0.00609067
0.0544186
-0.0522169
-0.041204
0.024835
-0.0256012
0.0117556
-0.0233124
-0.0693501
-0.0172546
0.0319762
0.10119
-0.064803
-0.0365276
0.0438072
-0.00796731
5.30776e-05
-0.0215926
-0.111153
0.118947
0.0341285
-0.115069
0.00871746
0.0196254
-0.0161252
-0.0803784
-0.0796308
-0.108908
0.0193535
0.00132553
0.0760965
0.0388796
-0.0377961
-0.0659377
0.00916095
0.00549581
-0.0925376
0.0334689
-0.0595661
0.0575245
-0.100672
-0.092944
-0.00482834
-0.106091
0.0124871
-0.0247647
0.0351823
-0.00343283
-0.043619
0.0668995
0.0762103
-0.0143729
-0.0415971
0.101758
0.0268994
0.00250018
-0.0336493
0.0420127
-0.049897
0.0776692
0.0513888
-0.0686992
-0.0382126
-0.0486446
-0.0283002
0.0194708
-0.0506794
-0.0840296
-0.00173869
-0.0368232
0.00253933
0.0271749
-0.0365959
-0.005028
0.0744375
-0.0498624
0.0316228
-0.0683819
0.0530638
0.0494349
0.00433757
0.0369316
0.0855613
0.0428396
0.00597515
-0.0807915
0.0770282
0.0406381
-0.0343038
-0.032582
-0.0400038
-0.0684696
-0.0247321
0.0723555
0.06853
0.0365937
0.0365338
-0.0707522
-0.0623804
-0.0549195
-0.0180673
0.0608838
0.0614408
-0.0126659
0.0211405
0.0168147
0.0846779
0.0219713
0.0761447
0.00601401
-0.0373376
0.036333
-0.0245181
0.0768355
-0.0755942
0.0480246
0.0275259
0.0545975
0.0503205
0.0323399
0.0541868
0.0594734
0.0063614
0.00747176
-0.0282955
0.0600155
0.0693256
-0.0416538
0.0841923
-0.0846054
-0.0497966
-0.0317559
-0.0335604
-0.0235872
-0.0383292
0.0547916
0.0348677
-0.0526124
0.0308911
-0.034674
-0.0373459
0.0336957
-0.0799448
-0.0443989
-0.0795102
0.0662728
-0.0756592
-0.0564378
0.0780498
-0.0699546
-0.00319553
0.0165818
-0.00398422
0.0351885
0.0520945
0.0121222
-0.0497732
0.0699994
0.0265949
-0.0366802
-0.0551154
-0.0148955
0.0264389
0.0702836
-0.00227736
0.0216658
0.0135917
-0.00960307
0.020674
-0.0189256
-0.0247793
0.015613
0.0573943
-0.0115313
-0.0316869
0.0799663
0.0358977
0.0745604
0.00730024
-0.0361628
0.0556667
0.101078
-0.0360239
-0.0388748
-0.0794572
0.0179222
0.0288919
0.0755969
-0.0770538
0.0947831
-0.073603
0.0727484
-0.0676774
-0.0812678
-0.0362048
-0.0757424
0.0465132
-0.0732186
0.00209063
0.0875262
0.0772891
0.000976686
0.109938
0.0278491
-0.0251936
0.0587994
0.00340417
0.0687039
0.0985482
-0.0825062
0.0584519
-0.0036776
0.0491447
0.082566
-0.10619
-0.028852
-0.0277579
0.0549426
-0.014669
-0.1436
-0.0712949
-0.0563943
0.0108481
0.0415498
-0.0658561
-0.0656055
0.0202671
-0.107812
0.0160124
0.0430037
0.064802
-0.0246804
0.0194215
-0.0203513
-0.00140272
-0.017201
0.10164
0.0312092
0.0762489
0.0470159
-0.00573931
-0.0497291
-0.0119983
-0.0107211
0.0763545
-0.00396384
0.0706263
-0.00356308
0.0149988
0.0466365
0.129621
0.113229
-0.103203
0.0991646
-0.0121863
0.132594
0.0561201
-0.0730709
-0.0944795
0.0169225
-0.0229899
0.0162021
0.0013734
0.0769599
-0.0759567
0.111168
0.0420494
-0.0402852
0.095117
-0.0203415
-0.0605319
-0.0704596
0.0696816
0.0970799
-0.114325
0.0537641
0.0238363
-0.0667013
0.0799562
-0.00894557
-0.0579744
0.00889358
-0.0984326
-0.0314227
-0.030397
-0.0860944
-0.0864498
0.0620281
-0.0995416
-0.0832511
0.0100462
0.0189201
-0.0120077
-0.0126212
0.0575973
-0.0519724
-0.128446
-0.128676
0.0765121
-0.0298785
-0.0530341
-0.04336
-0.087878
0.0891375
0.0598055
-0.0393474
-0.0176224
0.0829056
0.0356843
0.0613454
0.0584366
-0.0324954
-0.049355
0.0413096
0.0746606
0.0731159
0.00959312
0.0588334
0.0326356
-0.0260109
-0.122797
0.0369268
0.0169276
-0.0145525
-0.00131679
-0.0263064
0.000511901
-0.122935
-0.132715
-0.0901286
0.06353
0.0825244
0.0214043
-0.0861134
-0.0411583
-0.0635451
-0.111731
0.00705605
-0.0440969
-0.0373042
-0.0829527
0.0767266
0.0446763
0.0554561
-0.0413719
-0.0253289
0.0539249
0.0104175
0.0564193
0.081775
0.0673856
-0.0296434
-0.0521524
-0.00296469
-0.0190014
-0.0087344
0.0322359
-0.00522324
-0.0226806
0.107497
0.0195248
-0.0753386
-0.0186931
0.0265211
0.0648305
-0.0958266
0.0309323
0.033068
-0.010781
0.0149259
-0.0297728
-0.0154083
-0.0590512
-0.0764707
0.0546125
0.0588601
-0.0223635
0.0170715
-0.0784817
0.0334804
0.0777533
0.0906963
-0.020705
-0.0615008
-0.0324371
0.0207144
0.0588934
0.0985451
0.0475941
-0.00104738
0.0892602
0.00617948
0.0652769
0.0570919
0.0486406
0.00452324
-0.112837
-0.0691541
0.0675907
-0.0616982
-0.089075
-0.0172317
0.0372603
-0.000621402
0.0807135
-0.0908893
0.0610141
-0.0657243
-0.0189644
-0.0601664
-0.0888782
-0.0129584
-0.0234413
0.00931356
0.0438259
-0.0157084
0.0654701
0.0712889
0.0568698
0.0940659
0.0839896
0.0215952
-0.0712403
0.0387095
-0.140842
0.0694644
-0.103898
0.071379
-0.039499
0.0108397
0.0703712
0.0136928
-0.0187344
0.0624476
-0.0921278
-0.03
0.0141484
0.121661
-0.00388816
0.00548678
-0.0091808
-0.0392544
-0.040675
-0.045659
-0.0266729
-0.00870375
-0.0781117
-0.0534639
-0.0631625
0.0545263
0.0227382
0.00143236
-0.034931
-0.0333502
-0.0635536
-0.0466895
-0.0584153
-0.0286429
-0.0831867
-0.0479294
-0.045927
-0.0589093
-0.0104159
0.0510043
0.0533744
-0.0455003
0.048172
0.0195291
0.061258
0.0365693
0.0198436
-0.0354065
0.0442184
0.0474922
-0.0855248
-0.06004
-0.0104615
0.0615271
-0.0806775
-0.0158199
-0.0341901
-0.016328
0.0261262
-0.0557264
0.0259831
0.0943157
0.00618443
-0.0619391
-0.0693159
0.0832585
-0.0614112
0.0574019
0.0587185
0.0790048
0.0141766
-0.0704434
-0.0267186
0.0437047
-0.000202606
-0.0305028
0.0860004
0.0567915
-0.0439493
-0.0831447
-0.0122515
-0.0747158
-0.0750625
0.0550447
-0.0444608
-0.0794062
0.0127169
0.087373
0.018003
0.0629684
0.0325515
0.0467234
0.0242577
0.0563471
-0.00747774
-0.0635639
-0.0800593
-0.0372441
-0.0422912
-0.0601056
-0.0139158
-0.0271148
0.0329626
-0.0385781
0.0851397
-0.0876748
-0.0596154
0.078414
0.0750889
0.0498587
-0.0719747
-0.0361793
-0.0145987
-0.0259313
0.0293235
0.0438543
-0.00470252
0.04935
0.0439978
-0.00896471
0.0539944
-0.0237296
0.0850329
-0.00621204
0.0231319
0.0372876
-0.0272739
0.00433408
0.0712875
0.029953
0.0458708
0.0302518
0.0340443
-0.0427973
0.0155791
-0.0247069
0.00189829
-0.0135321
0.0335799
0.0668345
-0.076083
-0.0704954
-0.0350044
0.0810662
-0.0500655
0.0577559
-0.0350925
-0.00275127
0.0663054
-0.0253033
-0.0158706
-0.0370778
0.0436617
-0.0294528
-0.0773515
-0.0144075
0.0433654
0.0625522
-0.0426989
-0.0583463
-0.0300438
0.0824639
-0.0879448
-0.0379025
-0.0161739
-0.0304615
-0.0252379
-0.0689282
-0.0566162
-0.0442577
-0.0301698
0.00752327
-0.0279208
0.030215
0.00374319
0.0228909
-0.0252565
-0.0986437
-0.0365794
-0.0174646
-0.0572244
-0.0907474
-0.0748721
-0.0840115
0.0482874
-0.0505509
0.0195723
0.0787258
-0.0254921
0.0628311
-0.0683727
0.0878795
-9.64209e-05
-0.0176624
-0.0500359
-0.0456465
0.0377584
-0.0387459
0.091205
0.00643027
0.0114305
-0.0745234
-0.0483622
0.0703631
-0.0475192
-0.0562705
-0.0564276
-0.0596452
0.0535486
0.0023513
-0.00304254
-0.0506869
-0.0491339
0.0734763
0.0343775
-0.0735981
-0.0163711
-0.00803409
0.0357435
-0.00673224
0.0516177
0.0688401
-0.0222604
-0.0409674
-0.0450346
-0.0912681
-0.0739316
-0.0472579
0.0148068
0.0152885
-0.0553267
0.0657828
0.0636617
-0.0191112
0.0769575
0.0689657
-0.0269502
-0.0217152
-0.0660656
0.0638442
-0.0798659
0.0862747
0.0916223
0.0164726
0.0319817
0.0217792
0.0432178
0.0573505
0.0720557
0.0396627
-0.0821203
0.0638278
0.0100157
-0.0722493
0.0880797
0.0696569
-0.0556131
-0.0721151
0.0410535
0.0923749
0.0345044
0.0675566
-0.00891505
-0.042559
-0.0451931
0.0036811
-0.0218273
0.0399956
-0.0488434
-0.0749555
0.0817402
0.0878653
0.0112845
-0.0226899
0.0820821
-0.0626736
0.035981
0.0217373
0.0102581
0.0234075
0.0435956
-0.0674497
-0.0210461
0.0129262
0.0268716
-0.05821
-0.00387594
0.0694801
0.077554
0.0313538
-0.0228965
0.0537292
0.0140153
-0.0692505
0.0935658
0.0287344
0.0633421
0.00128986
-0.0160003
-0.039089
0.0776613
-0.010378
-0.0815872
0.0135523
-0.0400193
0.0354791
-0.0977762
-0.0272813
-0.0700729
0.0543937
0.0667468
-0.0358887
0.0186643
-0.0848688
-0.0820284
-0.0828982
-0.0450848
0.0196381
0.00642392
-0.026328
-0.0258319
0.0183916
0.0472584
-0.00224164
-0.00875275
0.0516586
0.0418026
-0.0415574
0.0368394
0.0353408
-0.00644115
-0.064797
0.00920077
-0.00490873
-0.0136467
-0.0450116
-0.0336149
0.0641828
0.0105057
-0.00728864
0.0599014
-0.0414546
-0.0909764
0.0461315
0.0487491
-0.0615128
0.0365609
-0.0346211
-0.0255491
-0.0453749
-0.0398912
0.00921163
4.5751e-05
0.0430836
0.0238924
-0.0337858
0.0274264
-0.0337364
-0.052632
0.0290765
0.0576915
0.0826627
-0.0273568
-0.00220893
0.07667
0.0430054
-0.0141855
0.0638661
-0.0969921
-0.0290766
-0.096502
-0.0411305
-0.0454814
0.0274158
0.0148686
-0.060123
0.0482189
0.03332
-0.0537211
-0.00684007
-0.048815
0.0189247
-0.0855746
0.0789961
-0.0443963
-0.0103445
-0.0293686
-0.0852032
-0.0348917
-0.0313402
-0.00413048
-0.0389897
0.0606809
-0.065522
0.0733778
0.0781754
0.0136178
-0.0371713
-0.0674025
0.067319
-0.0519975
-0.0183155
0.0674859
-0.00928
0.00152261
-0.0875141
-0.0590176
0.0619778
-0.0824012
-0.0622483
-0.0356467
0.00758758
0.0570566
-0.043845
0.0551271
-0.0681159
-0.037657
0.0243377
-0.0343694
0.0268516
0.0747231
-0.0816725
0.00935637
-0.0328628
-0.0771872
-0.0152452
0.0128106
-0.0408382
0.0205324
-0.0154246
0.0441205
-0.0914939
0.0286143
0.0669984
0.0453363
-0.0111845
0.0616807
0.0778208
0.0473299
-0.0660035
-0.0411987
0.0376703
-0.0650189
0.0535996
-0.0501065
-0.0840886
-0.0849495
-0.0310577
0.00102427
-0.0622519
0.0260683
-0.0840172
-0.0745821
-0.0484162
0.0597763
0.058175
0.0455408
0.0963854
0.0383711
0.0951328
0.0144815
-0.0555522
-0.0628511
-0.0755476
0.0675003
-0.0151147
-0.00571174
0.0480635
0.0581906
0.0438292
0.0193595
-0.0238752
-0.0441744
0.0698759
0.0809349
-0.00628181
-0.0402009
-0.0318032
-0.0149455
-0.0697255
0.0692817
0.00863824
-0.04381
-0.0882342
0.00289565
0.0448183
0.0521068
-0.0760561
0.0640285
0.0213747
-0.0386537
-0.0928519
0.0038991
0.066811
-0.0460785
-0.0421561
0.0498372
-0.0680437
-0.0627035
0.0641211
-0.0709018
0.00709965
0.000543252
-0.0143516
-0.0676548
0.00166055
-0.072872
0.0532337
-0.0615756
0.0536071
0.0571311
0.0490972
0.0130769
0.0237094
0.0399607
-0.0533785
-0.0248828
0.0103857
0.0213006
0.042724
0.0563463
0.000611233
0.0376342
-0.0622607
0.0128303
0.00105016
-0.0469729
0.0285156
0.0806067
0.0346965
-0.0213211
0.045347
0.0369137
0.0365617
0.054215
-0.0687521
-0.010633
-0.0669844
-0.016074
0.0161404
-0.00776679
0.0811117
-0.0379155
0.0180761
-0.132052
-0.0246535
0.0292894
-0.060849
-0.144252
-0.0039579
-0.0696609
0.0831311
0.0652805
-0.0417773
-0.000607935
-0.0245156
0.0820031
-0.0838088
0.0356127
0.013848
-0.0165329
0.072958
-0.0536366
-0.00591267
0.0417145
0.0280271
-0.0245975
0.049016
0.0453844
0.0307521
-0.0965728
-0.0652208
-0.00837232
0.120854
0.0672537
0.0496115
0.0836138
0.0680147
-0.0867183
0.0786274
-0.0659811
0.0139778
-0.0833122
-0.0186273
-0.00810533
-0.0299603
0.0285368
0.0977145
-0.0603711
0.0511908
0.0841846
0.0236012
0.028699
-0.0513653
-0.0171929
0.000714655
0.0806517
0.0609282
-0.0224625
0.0513555
0.0699432
0.0171928
-0.0416822
-0.0883556
-0.0759008
-0.00566423
-0.0113441
0.031399
-0.0227273
-0.0190383
0.0571966
0.0578987
-0.0300187
-0.027466
0.0199744
0.0560064
-0.020751
-0.0707041
0.0338284
0.0449534
-0.052855
0.0639045
-0.0115146
0.0176889
0.0725792
-0.067932
0.0152468
0.0799676
0.0111341
-0.0739297
0.0432688
-0.085656
-0.008932
0.102115
-0.00132641
0.00137289
-0.0124086
0.00196974
0.0871777
-0.0519161
-0.111472
0.0445852
-0.0340608
0.120753
0.0423435
0.100441
-0.0252883
-0.0728243
-0.0615487
0.0365804
-0.0692817
0.0735799
-0.0325777
0.0949726
0.0271022
-0.0231352
-0.111198
-0.0255604
0.0512417
0.00678262
0.134215
0.0490633
0.00489873
0.0723308
-0.0720682
0.0949947
0.101265
-0.11799
0.110823
0.0354583
0.0204005
0.034161
-0.257016
-0.157231
-0.0837183
-0.0246465
0.0251333
-0.134477
-0.0136957
0.033737
-0.0220233
0.0872885
-0.138805
-0.018107
-0.0864303
-0.0030516
0.126546
0.0425101
-0.0490906
-0.128642
-0.0755587
0.247782
0.0526644
0.0127269
-0.0924584
0.0746925
0.175359
-0.136069
0.0614604
-0.0272534
-0.157612
0.0251936
0.0321737
0.337269
0.0219666
-0.0361966
-0.0706026
-0.058958
-0.0607205
0.0697024
-0.0514285
-0.166082
-0.123594
0.059692
-0.067358
0.0372122
-0.0810305
0.0320298
0.073498
-0.0131129
-0.194484
0.0903259
-0.0610364
0.103872
0.0585016
0.0476324
-0.0441509
0.0579308
0.0318715
0.147386
0.148054
0.157108
-0.0373308
-0.039381
-0.009585
0.0995726
0.0465336
0.0823807
0.039812
0.0355851
0.0227329
0.132623
0.00734517
0.0655418
-0.147839
-0.0431318
0.0345954
-0.0294593
-0.0412368
-0.270779
-0.00863884
-0.160385
0.047217
-0.0531943
-0.121834
-0.124142
0.109959
0.0658303
0.0494457
-0.0667167
0.233958
0.358691
-0.057347
0.100544
0.00357098
0.153391
-0.175627
-0.0848313
-0.115222
-0.0254042
-0.0176707
0.156103
0.060556
-0.10378
0.175705
-0.0343614
-0.0587473
-0.0162043
-0.0844649
0.0455105
0.0058802
0.0184963
-0.0948023
0.104507
0.00687297
0.0809056
0.0775232
-0.0800449
-0.0784924
-0.00397813
-0.0959901
-0.0793663
0.002612
-0.00541256
-0.0901202
0.031598
-0.0517728
-0.00921132
-0.0479597
-0.0385772
-0.0620518
-0.00571997
-0.0387648
0.0403476
-0.000962884
0.0445984
0.0264976
0.0824681
0.0503623
0.00770917
0.0829331
-0.0258214
0.0962625
0.00855515
0.0106368
0.0320996
0.0226653
-0.0414895
0.0232331
0.0380382
0.0935368
0.0797765
0.0498121
-0.0662584
0.0562838
-0.100596
-0.0744723
-0.0529259
0.0752271
0.0733359
0.00188459
0.136159
0.0758447
0.115341
0.0712029
0.145971
-0.106898
-0.0929863
-0.0758802
0.0800622
-0.0925443
0.00463823
0.0694674
0.00523041
-0.00886391
-0.0387651
0.0205189
-0.0695046
0.0837293
0.0111698
-0.0464213
-0.0150849
0.00229153
-0.0141101
-0.0152984
0.0786244
-0.054632
-0.00884029
-0.0468002
-0.121231
-0.0378023
0.0301656
0.0242313
-0.0733851
0.0532951
-0.152344
0.125287
-0.034023
-0.114749
-0.0225769
-0.0967044
0.0460693
0.0990033
0.0266713
0.00917154
-0.0730449
0.0755259
-0.0937676
-0.0420325
-0.0324693
-0.0438784
0.0851691
-0.01658
-0.0736543
0.0184925
-0.10059
0.120159
-0.03564
0.088716
0.0954139
0.086534
0.00197535
-0.0318398
0.0650555
-0.0344142
-0.0556638
-0.0890743
-0.0634953
0.0752879
0.0989955
0.0283336
0.104656
0.0703584
0.00849437
0.00400785
-0.0297747
0.0029264
0.0444423
-0.0441405
0.0321352
0.0966856
0.0211975
-0.0135492
-0.0190368
-0.0317936
0.0623054
-0.00666017
-0.018376
-0.060892
-0.0294526
0.0231105
0.000676535
-0.00568951
0.00811629
0.0128041
0.0212936
-0.122157
0.0319672
-0.00208196
0.00641319
0.008179
0.00148093
-0.00360071
-0.00424172
-0.000225017
-0.0354054
0.0849511
0.00782564
0.153374
-0.00501346
0.0122079
-0.0242706
-0.00812188
0.01862
-0.00446536
0.0128033
-0.00857683
0.0137625
0.0409515
0.00571436
-0.0230606
-0.0945947
-0.0104424
0.000119836
0.000946247
-0.0417918
-0.0120532
0.0336953
-0.00356697
-0.023833
0.00456944
-0.0255953
-0.016335
-0.0249288
0.0251083
-0.00854574
-0.0273829
0.0028228
-0.00180135
0.0104303
0.0136996
-0.0109948
0.0110203
-0.0143616
0.0382582
-0.0272666
0.0120665
-0.00993195
0.0322095
0.0452845
-0.0167651
0.0481211
0.436913
0.0711352
-0.109756
-0.0451299
0.0178766
-0.0211363
-0.00094498
-0.0448152
-0.532899
0.0368059
0.036642
0.011872
0.00608748
-0.0756332
0.0224623
0.0925227
0.0197375
-0.0183722
-0.511442
-0.01447
-0.531348
-0.044906
-0.00965274
0.0437768
0.0494734
-0.0204752
0.0371814
0.0596604
-0.00502269
-0.024313
-0.134749
-0.073382
-0.0414471
0.812757
0.00303477
0.05003
-0.170952
0.00853728
0.0590172
-0.0445499
0.00891257
0.0615728
0.0498092
0.106834
0.014647
-0.128245
0.420293
0.118386
0.0134418
0.154955
0.00958515
-0.00452727
-0.0435076
0.0702759
-0.00679352
-0.00622354
0.274791
0.0728205
-0.239609
