spz-net-v2
415 128 64
-0.0891953
-0.0130702
-0.00752501
0.0275628
0.0114133
-0.0526575
0.0207302
0.0461617
0.0283546
-0.0216029
-0.00121473
-0.000583815
0.0471151
0.0238296
0.0279561
0.0631374
-0.0680353
-0.043299
0.010448
0.0604696
-0.0348293
0.0527329
0.0509394
-0.0154493
-0.0481502
-0.0256551
0.0285159
0.00505697
-0.0607639
0.0032482
-0.0341493
0.0173863
-0.0366997
0.0350734
-0.0498564
-0.101334
-0.0564601
-0.0479389
0.0443826
2.94616e-05
-0.0144793
0.030205
-0.0222219
-0.00209396
0.0027567
-0.0299773
0.0317279
0.0253779
0.0218363
-0.0440885
0.00409689
0.0469143
-0.0681049
-0.0361634
0.0155691
-0.0342091
0.00204307
0.0147168
-0.0348378
-0.00776654
-0.0542783
-0.00913176
-0.0462071
-0.00196655
0.00714699
-0.0222436
-0.00882455
-0.0204563
-0.0426003
-0.0233191
0.00221085
-0.0622421
0.0274062
-0.0156989
0.00554048
0.0639448
-0.0202924
0.000183759
-0.0344667
-0.00651731
0.00933629
0.00674861
0.0339384
0.0461007
0.0249846
-0.0153157
0.0055576
0.0383906
0.0597942
-0.0786096
-0.0179134
-0.0503388
-0.00846616
-0.0385984
0.0266158
-0.011158
-0.0317682
0.0459496
0.00236435
0.00988005
0.0798408
-0.00600291
-0.0232016
-0.0247458
0.0212544
-0.0438701
-0.0249293
0.000396083
-0.00173091
0.0111355
0.0219162
0.0138153
0.00265925
0.0455928
-0.0432915
-0.0385216
-0.0291003
0.049051
-0.0137823
-0.01614
-0.0436622
-0.00216183
-0.0260089
0.0160755
0.00602266
0.0360818
0.0235845
0.0123048
0.00397717
0.0287822
0.0555664
0.00431811
0.030493
-0.00602014
-0.016107
-0.0261443
-0.00105489
-0.0184962
-0.015918
-0.0448241
-0.0250909
0.0358798
-0.0257964
-0.032228
-0.0257362
-0.0366881
-0.0281046
-0.0350931
-0.0606766
0.0316524
-0.0444244
0.0366184
-0.018834
0.0151997
0.0391684
0.0231603
0.00277073
0.0047981
0.0155032
-0.0340025
-0.0211645
-0.00858389
-0.0010841
-0.00861586
0.0685874
-0.0259021
-0.0499579
0.016273
-0.0404038
0.0114768
0.0179731
0.0240785
0.0316759
-0.0467374
0.00262667
-0.0439854
-0.0302615
-0.0279412
0.00919091
0.00220623
0.0194535
-0.0181385
0.0379908
0.0224457
0.0405525
0.00110105
-0.0126572
-0.0228989
-0.037833
-0.0132513
-0.0287442
-0.028443
-0.0162899
-0.0102413
0.0125279
0.036
0.0220281
-0.043936
-0.0272998
0.0269131
-0.0195528
-0.0485241
-0.030638
-0.0234289
-0.0221883
0.0283067
0.0421491
-0.0294721
-0.00942115
-0.0247803
-0.0237923
0.0475805
-0.0172716
0.0306287
0.00949123
-0.0290565
-0.0141899
0.0440347
-0.0429967
0.0101696
-0.0480093
-0.0256732
-0.00949208
0.0371266
-0.0526306
0.0212151
-0.0144073
-0.0502247
0.01115
-0.0189313
0.0192277
0.0252787
0.0306332
0.0417017
0.0217771
0.010059
0.049365
-0.0381904
-0.0619715
0.0329422
0.0552904
-0.0582117
-0.00881499
-0.0535004
0.0296683
0.0130966
0.0508893
-0.0623887
0.0195607
0.00577868
0.0264686
0.0188979
-0.0288021
-0.0316215
0.0175014
0.0607538
-0.0312808
0.0510862
-0.0480261
-0.0124506
0.0518187
-0.0428818
0.0471894
0.0307673
-0.0226637
0.0399345
-0.0436146
0.0272418
-0.0458969
-0.0113236
-0.0905149
-0.000793223
-0.0277096
-0.0350356
-0.0098108
0.0230853
0.0289645
-0.00830249
0.024945
-0.00616949
0.0188285
0.0358494
-0.0293886
0.007067
-0.0278802
-0.00091432
-0.00454894
-0.00192341
0.0387474
0.0170909
0.00458675
-0.0232767
0.0164165
0.0357918
0.0467443
0.0347837
0.000660598
0.0358951
0.000950689
-0.00341135
0.0243629
-0.00662411
-0.0380405
-0.0408039
-0.0390563
-0.02156
-0.00461138
0.0369706
-0.00467004
-0.0283745
0.03108
-0.0520215
0.00277991
-0.00626821
-0.0371797
0.00488137
-0.0377768
0.00847387
-0.0368991
0.0311652
-0.054665
-0.0445024
0.0129899
0.0439928
0.00285086
-0.045291
-0.0183477
0.0159067
-0.049718
0.0430202
0.0186151
-0.00961515
0.0185463
-0.000116252
0.0336279
0.00293413
-0.0372636
0.00702718
0.0407467
0.047411
0.0124714
-0.0408565
-0.0123359
0.0102976
0.0154423
0.0386966
0.043218
0.0288125
-0.0209401
0.0442919
-0.0253189
-0.0380985
0.0486626
-0.0219399
-0.007786
-0.0461878
-0.0349217
0.0165076
0.0248818
0.0165663
-0.0385104
-0.0346532
0.0233326
0.0454942
0.0443748
-0.0461121
0.0176947
0.00759319
-0.0373113
0.0394798
0.0352335
0.0375115
0.0340852
0.0362764
0.0411453
0.00292034
-0.0414386
0.0056729
0.0264105
0.00115743
-0.0433545
-0.0493881
-0.0215413
0.00829246
0.0132019
0.0249273
-0.0355401
-0.0387246
-0.0268845
0.0293982
-0.00350024
-0.0285451
0.0479799
-0.0458766
-0.0394728
-0.0362966
-0.0266833
-0.0188364
0.036253
-0.0235073
-0.0398293
0.00759733
0.0449123
-0.0484099
-0.0203066
-0.0219667
-0.0154632
-0.0135563
0.00850319
-0.0108435
0.0122423
-0.0374909
-0.0399481
0.0315327
0.0147396
-0.0858205
-0.0155375
0.0196949
0.0327505
0.000494088
-0.0646665
-0.0373773
-0.0395985
-0.0407098
-0.0479711
-0.00476601
-0.021803
0.00492236
0.071371
0.0585334
0.000162749
-0.0605436
-0.0408113
-0.0315586
-0.0192756
-0.0111238
0.0257133
-0.00462632
-0.0230187
0.0137533
-0.0127279
-0.0306215
0.0423538
0.0422252
-0.0204342
-0.019918
-0.0159939
-0.0150894
0.0236573
-0.0513275
-0.0304729
-0.0407812
-0.0649298
0.00028355
0.0303627
0.0160974
0.00780159
0.00755801
-0.0177859
0.0198759
0.0308154
0.0298159
-0.0521914
-0.0385708
-0.0141847
0.0461312
-0.0155583
0.00102949
0.0328101
0.0435471
-0.0300073
0.000473298
0.000134515
-0.0372046
0.0307678
0.0180451
0.056697
0.0323754
-0.0307689
0.00691097
-0.0170505
0.0406424
0.0207968
-0.00637538
-0.0296277
-0.000249537
-0.0165431
-0.0349303
0.0263135
-0.0249966
0.0385671
0.0110307
-0.0278952
-0.0102652
-0.01054
0.00889802
0.036507
0.00790096
0.012905
-0.0386626
0.0679138
0.00531488
0.04246
0.000660745
-0.0258377
0.0292948
-0.0431589
0.0321356
0.0427032
0.0214309
-0.0931189
-0.0301041
-0.0475818
0.0285198
-0.0313785
0.0563667
0.00544676
0.0361086
0.059465
-0.000900212
-0.0119403
-0.0161977
0.0255833
-0.0200651
-0.0229128
0.0142833
0.0122354
-0.0202143
-0.02171
0.0419633
0.049816
0.00308713
-0.0217692
-0.0278007
-0.0393196
0.0318287
-0.0115542
0.0337245
0.0187791
-0.0202753
-0.0527063
0.0348701
0.0365414
-0.0451272
0.0252408
0.00280712
0.0507167
0.0244303
0.0654303
-0.0249098
-0.00518274
-0.0392434
-0.0152379
0.0380009
0.0205258
0.057976
0.0452716
0.000818055
-0.0390819
0.0431569
-0.0431218
-0.0335543
-0.0147101
-0.0496434
0.0102631
-0.0257957
-0.0350976
-0.0436635
-0.0524398
0.00851217
-0.0250795
0.0316652
0.035833
-0.046423
-0.0187211
0.00940155
0.0299558
-0.0402867
-0.0290172
0.0132044
-0.0103194
0.0189447
-0.0413253
-0.0433722
0.00830228
0.0147207
-0.0305731
0.0428219
-0.0200115
-0.0378484
0.0183629
0.0228278
-0.0289182
-0.0239335
0.033686
-0.016852
-0.0353805
0.040486
-0.0294081
0.0175352
-0.0186202
-0.0505184
0.0175373
0.0240459
-0.0449467
-0.0139442
-0.0368745
0.0416074
0.0428416
0.0358037
0.0513137
0.0458077
-0.0472916
0.0264769
0.0188154
-0.0181477
0.0290281
0.0348117
0.0241034
0.0228369
-0.0285176
0.0101867
0.0372961
-0.026562
0.0485294
-0.0427099
-0.0143065
0.0091456
0.00592498
-0.0272951
0.0537673
-0.00128845
0.00547833
0.00262999
-0.0101201
0.0174105
0.0260493
-0.0386087
0.0357004
-0.0496683
0.00236679
-0.0293916
-0.0387558
-0.041762
-0.0185198
-0.0497628
-0.03462
-0.0107396
-0.00705082
-0.036094
0.00677706
-0.0428603
-0.032548
-0.0336479
0.0220826
-0.0174592
-0.00558853
-0.0398964
-0.0405424
-0.00916643
0.00633346
-0.00406301
-0.032498
-0.0119019
-0.00112525
-0.00740485
-0.00809934
0.0417104
0.0202968
0.041779
0.011477
0.0402468
-0.00352332
-0.00802215
-0.00242595
-0.0306593
-0.00543168
-0.0266062
-0.015521
0.0161684
0.0217701
0.0148747
-0.0291811
0.0241945
0.0691218
-0.0535529
-0.00859079
0.0287305
-0.0294011
-0.0157629
0.062411
0.0111881
-0.00144749
0.0485876
-0.0161573
0.00765719
0.0203916
0.0219378
-0.0407142
-0.0404152
0.0225631
0.0348392
-0.0312543
0.0528167
-0.011669
0.0303702
0.0513346
-0.0125621
-0.0191849
0.0231866
0.00100059
0.00793162
0.022194
-0.0124198
0.0367087
0.0334624
-0.0171286
-0.00920627
0.0255591
-0.00158386
-0.00713112
-0.050019
0.0249405
-0.0406403
-0.0476012
-0.0247923
-0.040701
-0.0450505
0.0201002
-0.0473697
-0.0372125
-0.0243862
-0.0430792
-0.0233765
-0.0381245
-0.027561
0.028831
-0.0104774
-0.0396874
-0.026445
0.0244829
-0.0268126
-0.0199962
-0.0196455
-0.0121365
-0.0160985
-0.0601796
0.0817859
0.0302471
-0.01518
-0.0170918
-0.0153558
-0.0234352
0.0432214
0.0425581
0.0229241
-0.00884798
0.0250602
0.0162802
-0.0190656
0.00351828
-0.0297561
0.042275
-0.0331346
0.0327383
0.00940276
-0.0397525
0.00815794
-0.028105
0.0372772
-0.0205331
-0.0154704
0.00847339
0.0236568
-0.0227998
0.0309006
0.0243712
-0.00574744
0.00342084
0.0105843
0.0161612
0.0388664
0.0450933
-0.00891283
-0.02387
0.00238202
-0.0201143
0.0288958
0.0200563
-0.0376577
0.0485361
-0.0443458
0.0214109
-0.047973
-0.00673679
-0.0254928
0.00736028
0.0145648
0.0110663
-0.0175658
0.003859
-0.0286669
-0.00618188
0.0232843
0.0400003
-0.0120255
-0.0358162
-0.0363946
0.04461
0.0085773
-0.0103081
0.0103222
0.0300446
-0.0251483
-0.0382608
-0.0101031
-0.0596777
0.0303472
0.031945
0.0344616
-0.0170843
0.0043565
-0.0178108
-0.0411553
-0.0163741
0.018752
0.0308043
0.0123655
0.0184946
-0.0206167
0.141846
-0.00501551
-0.0106713
0.0415546
0.00187836
-0.0078201
0.0173351
0.0335806
0.00457268
0.0340717
-0.0449154
-0.0318248
0.039941
-0.039901
-0.00462505
-0.0420734
0.0189374
0.010333
-0.0191785
0.00115583
0.031147
0.035221
0.0140619
-0.0473632
-0.0320238
-0.00932679
-0.00344693
-0.0217876
0.0240381
0.0451966
-0.0256226
-0.0213042
0.00406756
0.0694038
-0.0495768
0.0374159
-0.0633467
0.0364291
0.0238864
0.0130918
-0.00732457
0.0337121
-0.0403395
0.0305394
0.0192575
-0.00415565
0.00156582
0.0207347
0.0022142
-0.034245
0.0259329
0.00604292
0.012304
0.0405435
-0.00441037
-0.0314966
0.0476582
0.028277
0.0187842
-0.0324765
0.0598226
0.0209874
-0.0401624
-0.0182274
-0.0280231
0.0184603
0.0284912
-0.0179307
0.0166135
-0.00743014
-0.0255968
-0.0301633
0.0298685
0.0119958
-0.0387004
-0.0437015
0.0529133
-0.0159675
0.0346701
-0.00358869
-0.0270309
0.0225166
0.0350603
0.0597431
-0.0163564
0.0125917
-0.00430536
-0.0365255
-0.017306
0.0093333
0.0481221
-0.0221953
-0.0205719
0.021655
0.0159961
-0.0285095
0.0225656
-0.047873
-0.0463158
0.0186011
-0.019759
0.013117
0.004978
0.0440231
0.0420822
0.0340862
0.0102316
-0.0321169
0.0047001
-0.0373888
-0.0312128
-0.00581912
-0.0204274
-0.0439679
0.0323878
0.0333586
0.0328999
0.00997795
0.0440875
-0.0242791
0.0247652
0.0328767
-0.0373886
0.0334058
0.000855116
-0.0466695
0.055334
0.0179194
0.0308919
-0.0357256
-0.0255665
-0.0620518
-0.0197384
0.00870916
0.0196235
-0.0186453
0.0197866
0.00707358
0.0231959
-0.000783168
0.047648
-0.00467003
-0.0194336
-0.00966976
-0.00218016
0.0228369
0.00830357
-0.00494413
0.0279538
0.0369089
-0.0366737
-0.0424642
0.0231659
-0.037588
-0.0457619
0.0172812
-0.0107615
-0.0277331
0.027625
-0.0422436
-0.028587
-0.0191173
-0.0471824
0.0483378
-0.0177678
0.0152961
-0.0146219
0.0257817
0.0117452
-0.0324437
-0.00209618
0.0241105
-0.00995319
-0.0160082
-0.0283244
0.0231573
-0.0509688
0.0135853
0.0220542
-0.0191175
0.02014
-0.0297799
-0.0365318
-0.0119006
0.0432881
-0.0450576
-0.00717041
0.012826
0.00204194
-0.0284397
-0.0247801
-0.0336461
-0.0179628
0.0357903
0.0340266
0.0440049
0.0084869
-0.0385101
-0.0329205
-0.00855512
0.0420971
0.0436521
-0.0460945
-0.0318161
-0.0268393
0.0390532
0.0246376
-0.0373798
-0.00902038
-0.0412222
-0.0274761
-0.00574925
0.0238716
0.029561
-0.00636843
0.0285695
0.0185485
-0.0136731
-0.0334598
0.00169122
0.00439417
0.0164413
-0.0440311
-0.0516071
0.00662024
-0.00120599
-0.0277351
0.0679021
0.0559681
0.00920761
-0.0141638
-0.0426039
0.0242355
-0.0454495
0.01818
-0.0381992
0.0218047
-0.0464428
-0.0046484
-0.00489824
-0.00958193
-0.0460014
-0.00677996
0.027732
0.0250578
-0.00773945
-0.0199221
0.0710634
0.0196197
-0.0058601
-0.0303311
-0.00277798
-0.0144277
0.0156074
0.00785145
0.024689
0.0416689
0.0120992
-0.0249414
-0.0210458
0.00674495
0.0588385
-0.0408744
0.0417529
0.000798251
0.0139269
-0.00129632
0.0213866
-0.000213872
0.0247696
-0.00192366
0.0150906
-0.00838552
-0.0401921
-0.0121466
-0.0258117
-0.0081669
-0.0455306
-0.0478219
0.0322634
-0.0460257
0.0450535
-0.0271929
-0.003502
0.0288887
0.0443031
0.0183314
-0.00114428
0.0106889
-0.00377986
0.0240811
-0.0223915
-0.0166154
-0.00531734
0.0323026
0.0244125
0.0238032
0.0275433
0.00209519
-0.0616621
0.02023
-0.010266
0.0281146
0.0243494
-0.0121913
-0.0141897
-0.0103365
0.00245929
0.0351695
0.0234949
-0.0596001
0.0197976
-0.0483675
0.0438991
0.0346329
0.0304449
-0.00312379
-0.00511272
-0.026205
-0.00504937
0.0176497
-0.0213516
-0.0578478
-0.0286948
-0.0315145
0.032396
-0.0264605
0.018614
-0.00632658
-0.0195537
-0.0658895
0.00601826
0.069987
-0.00657571
0.0435082
-0.021321
-0.0477832
0.00560101
-0.0194724
-0.021709
-0.021194
-0.0172376
0.012415
-0.00860027
-0.00633955
0.00120559
-0.0199111
-0.00870085
-0.0202632
-0.00901005
-0.0019893
0.0258545
-0.0424402
0.00748244
-0.00882447
-0.0121387
0.041683
-0.0039509
-0.00880009
-0.0142699
-0.0171914
-0.0263323
-0.033218
-0.0362455
0.0349113
0.0346112
0.017374
-0.000310332
-0.0253493
0.0244559
-0.0140658
0.036372
0.0469564
-0.0436158
0.0175017
0.00874149
0.0107654
0.0152916
-0.00182687
0.0192954
-0.00802553
-0.0299681
0.0160618
-0.0100481
0.0217634
0.0460827
-0.0270218
-0.0235188
-0.000859714
-0.0462442
-0.0200318
-0.00167439
0.027555
0.0306337
-0.00810368
-0.0113018
0.0288663
0.0104588
0.0129294
0.0431674
0.0544659
0.040367
0.0322342
-0.0553294
-0.0274261
0.0253826
0.0271732
-0.00308415
-0.0243644
-0.0148668
0.0369852
-0.0399049
0.00351239
-0.0346284
-0.0482546
0.0491358
-0.0505454
0.00137817
0.0139415
0.00139089
-0.0333178
0.044651
0.0298285
0.0307478
-0.0200353
0.0307665
-0.0143579
0.001339
-0.0373826
-0.0476884
0.0351697
0.0514726
-0.00849279
-0.0508653
0.00265677
-0.0397768
0.0245482
-0.00521946
0.0107338
0.00301394
0.00734436
-0.0134647
0.0281653
-0.0300218
-0.023989
-0.0212357
0.0377676
0.00444972
0.0391609
-0.10908
0.0489326
0.0154422
0.0599016
0.0107104
-0.0170591
0.0310578
-0.0565922
0.00762478
-0.0457179
0.0380766
-0.0153445
0.0192795
0.0128995
-0.0106582
0.0127409
-0.0336494
-0.0386048
0.0502176
-0.030265
-0.0546788
0.0430981
0.0170733
0.0373893
0.00246065
0.0386636
0.0118414
-0.0724624
-0.0421117
0.0417147
0.00186057
0.0519314
0.0153849
0.00585791
0.00399583
-0.0589175
0.057595
-0.00678286
-0.00707536
-0.0287808
0.0185583
-0.0586935
-0.00316208
0.0425264
-0.0322411
0.00693906
0.00725862
0.00311567
-0.0361888
-0.00344967
-0.0540916
0.0283589
-0.0401736
0.0172573
-0.0312332
-0.0225227
0.00723008
-0.0144207
-0.0117382
-0.0322019
-0.0142159
-0.01246
-0.0147716
0.0403303
-0.00386533
0.0223643
0.000113345
0.0509129
-0.0450591
-0.0220392
-0.0370627
0.0125643
-0.0373608
-0.039474
-0.028568
0.0438089
-0.0357391
-0.0261732
-0.00626408
-0.026713
0.000502412
-0.0500569
0.0389724
0.0204039
0.042357
-0.0319946
0.048617
0.0305602
0.0419858
0.0132796
0.0432336
-0.0143519
0.0459702
-0.00645104
0.0340268
-0.0478264
-0.018795
0.0552
-0.0188927
-0.0187818
-0.00115283
0.037564
-0.0368952
-0.00264296
0.0441951
0.0137529
-0.00136211
0.0392369
0.0411207
-3.23307e-05
0.0418524
0.00389162
-0.0239578
-0.046312
0.000593367
-0.0303797
-0.0452816
0.0403045
-0.0264094
-0.0251857
-0.0104821
0.00811535
-0.0481265
0.0117468
0.0334256
-0.0157608
-0.045467
-0.0310457
0.0370385
0.044069
0.00127851
-0.0183025
0.0431348
-0.0324843
-0.0187693
-0.0400437
0.0328068
-0.0350818
0.0316176
-0.0261898
0.0196465
-0.0142181
-0.0464926
0.0461492
0.0179811
0.0320321
0.0374084
-0.0232658
0.0411501
-0.00677401
-0.0288052
-0.00401513
-0.0262672
-0.008767
0.0154815
0.0415471
0.0128481
-0.0463622
-0.0263422
0.00709249
-0.0187657
-0.0478498
-0.0221539
-0.0280167
0.0116413
-0.0358706
-0.0271702
-0.0476914
-0.00596853
0.0425859
0.00686724
0.0345914
0.000567819
0.0136487
-0.00374755
0.0426167
-0.0221829
0.0218423
0.0239996
-0.036305
0.0870301
-0.0333178
-0.00275323
0.0337318
-0.020221
-0.0410395
0.0207473
-0.0328873
0.00658545
-0.0569694
0.0461701
-0.0656852
-0.062273
0.00783837
0.0405682
0.0391449
-0.0121117
-0.0407408
-0.000404221
-0.0151667
0.0143254
0.0431847
-0.00153659
0.0122562
-0.00970961
-0.00161157
-0.0227068
0.0292565
-0.00175144
0.0498133
0.0184604
-0.0421848
0.00488147
0.08343
0.0502771
0.0172059
-0.0208044
-0.00159978
0.0340242
-0.0135297
0.00811984
0.00351331
0.0572871
-0.0327582
0.0323571
-0.0349679
-0.02772
0.0394667
0.0263404
0.00107488
0.0121953
0.0197119
0.0210976
-0.0139604
-0.0194916
0.00371122
-0.0396237
-0.0628215
-0.0119613
-0.0272087
-0.0234136
0.0152603
-0.0558317
-0.0418398
-0.0141373
0.0211263
0.0489659
0.0345375
-0.0201184
0.0220187
0.0156338
-0.0321623
0.0542037
-0.0276028
-0.0501839
-0.0165189
-0.0187604
-0.0250903
0.0333774
0.0123723
-0.0335646
-0.0266823
0.0478725
-0.0354535
-0.0162876
0.0230304
0.012265
-0.0672714
0.0239958
-0.023431
0.00936087
-0.0399417
-0.0550527
0.0326432
0.0341055
0.0189183
0.0248874
0.053851
0.00181738
0.0330622
-0.0224619
0.0194117
0.00428302
0.0154982
-0.0278837
-0.0163462
-0.066299
-0.00782729
-0.0343156
0.0129417
0.0225397
-0.0217229
-0.0393091
-0.014626
0.0206551
-0.0365464
0.0183557
0.0384738
0.0772562
0.000492357
0.031557
0.038263
0.0294595
-0.0478582
-0.0424066
0.011152
-0.0254884
-0.0351626
0.038199
-0.0194572
0.0488914
-0.0227456
0.00950845
0.0132126
0.0436103
-0.0263022
0.00162746
0.031884
0.00291869
-0.00109808
-0.0051152
-0.0453265
0.0372235
0.00984381
0.0413134
-0.0296644
-0.0444332
0.0232377
-0.0413983
0.00579423
-0.00973258
-0.0420295
0.0268255
-0.0414269
0.028772
-0.0463224
0.029032
0.0446776
-0.0359275
-0.027403
0.0239936
0.0399657
0.0014394
-0.0349448
-0.00417373
0.0378333
-0.0158781
-0.0292551
-0.000835423
0.0123158
-0.0400209
0.0023697
-0.0419758
-0.00870717
-0.0229869
0.0172228
-0.0112416
0.0103744
-0.0152174
-0.0453125
0.00501056
0.0338168
-0.0478566
0.00656956
0.0171247
-0.0355408
0.00154523
0.00329574
-0.044294
-0.0646285
-0.000138557
-0.0215056
0.0287076
-0.036467
-0.0346689
0.026686
-0.0585523
0.0104224
-0.0374033
-0.0282149
0.0364518
0.0747858
0.032586
-0.014074
0.0359385
-0.0344456
-0.0327127
-0.00738173
0.0262342
0.0318865
0.0195297
-0.0298787
0.0445466
0.136486
0.0542957
0.0755264
-0.0256726
-0.0708772
0.000175107
0.00969234
-0.00152517
-0.0280938
-0.0285211
0.000549338
0.000835375
0.0203737
-0.0102183
0.0171984
-0.0329821
-0.0454901
0.0241671
0.0108581
0.0385314
0.0201128
0.00318223
-0.00572193
-0.141562
-0.0463284
0.00863333
-0.0159202
0.0932296
-0.0399768
0.0636244
-0.0186808
0.00512451
0.0257466
-0.0204767
-0.0407729
-0.019383
0.00358013
-0.051964
-0.0261941
-0.0238292
-0.0291882
-0.0476722
-0.0205868
0.0107375
-0.0178005
-0.0121931
0.00138909
-0.059185
-0.0463657
-0.0188273
-0.0365367
0.00404504
0.0187607
0.0621379
0.0169506
0.036623
-0.00627604
0.0354088
-0.0635773
-0.0640267
0.00781609
0.00774638
-0.0531683
0.00234879
-0.0394102
0.0463286
-0.0220673
-0.0331202
-0.00026257
-0.00669418
-0.0303109
0.0535992
0.0437672
0.0484101
0.0213506
-0.0206526
-0.0171317
0.0238474
-0.03897
-0.0538891
0.0333605
-0.0415348
0.0377363
0.0265375
0.0459912
-0.00674447
0.031936
0.00867651
0.00509324
-0.0158336
-0.0115708
-0.0081263
-0.0389601
0.0440975
-0.0153639
0.017992
0.0168919
-0.0426824
0.0174112
-0.0261327
-0.037401
-0.0489716
0.00842374
-0.0115452
-0.0373766
-0.0473056
-0.0271144
0.0302381
0.057414
0.0406692
0.016872
-0.0213791
-0.0371205
-0.0156494
-0.0523491
-0.0136395
-0.0325477
0.0455533
-0.0201985
0.0111481
-0.0586839
0.00487288
-0.015387
-0.00638445
-0.0417848
0.00658234
-0.0107994
-0.0621217
-0.014757
-0.00176378
0.0166747
-0.0332712
0.0218558
0.0425877
-0.0609951
-0.00540567
0.0264868
0.0331617
-0.0398133
0.00997148
-0.0458044
0.0153279
0.0404093
0.00498711
0.0551147
-0.0264279
-0.0313321
0.013658
-0.0209147
0.030695
0.0339716
-0.0368662
-0.0240261
-0.0234572
-0.0482297
-0.0346506
-0.0404032
-0.0161222
0.0469884
-0.0378231
-0.0140992
-0.0212228
-0.0396468
-0.0171994
-0.0129214
0.0480692
-0.00623302
-0.0063984
0.0391065
0.0366712
-0.0154005
0.0441095
0.0346388
0.0136739
-0.00955128
-0.0478487
0.0331437
-0.0443103
0.011708
-0.0211156
0.018184
-0.0331064
0.0361349
-0.0237834
-0.0024865
-0.043203
0.0346552
0.00760994
-0.0404975
-0.0385029
-0.00597406
-0.0353954
0.00928906
-0.0164753
-0.0245211
0.0372898
-0.0283373
0.0184246
0.013364
0.0183689
0.0368963
-0.0608471
0.0511779
-0.0466308
-0.0320946
-0.000269223
0.00571971
-0.0310945
-0.0256694
-0.0406427
0.0241823
-0.0153574
-0.0523571
-0.0188695
-0.0255113
0.0103117
0.0301174
-0.0465684
-0.0100082
-0.0459879
0.0299666
0.0342752
0.00708141
0.0408666
0.0124705
0.0119155
0.0206537
-0.02739
0.0201184
0.0422334
0.00450668
-0.0568118
-0.0293152
-0.0165741
-0.0112704
0.0482601
0.030813
-0.0378099
0.00970393
0.0518288
-0.0140851
0.0022493
-0.00673558
0.0511582
0.0216796
0.0412317
0.0137976
0.00611969
0.0388724
0.0384997
0.0171351
-0.0211216
0.0275744
-0.0282334
0.00300691
0.0260041
-0.0128697
0.033305
-0.017356
-0.06652
-0.0226474
0.0244445
0.0082125
-0.0162425
-0.0497318
0.014213
-0.0162774
-0.0489807
0.00578932
-0.00881493
0.0548821
-0.0360317
-0.0403885
0.0105373
-0.00165324
0.0155408
0.016417
0.0130867
-0.0353989
-0.0358031
0.0472646
0.0586611
0.00905919
0.0138088
0.0615139
-0.000761439
-0.0242216
-0.0222602
0.0805984
-0.0164886
-0.00509308
-0.0233193
0.022849
-0.000865644
0.0143442
0.0267587
-0.0381128
-0.0325163
0.0112042
0.0476399
-0.00831331
-0.0429144
0.0327978
-0.0301323
-0.0239355
0.0294894
-0.00973863
0.00910176
0.0321586
0.00568871
-0.0301497
0.024438
0.0200735
0.00213666
0.00114201
0.0460119
-0.0320799
-0.0432404
-0.0219876
-0.0124995
0.0737537
-0.0275133
-0.0177489
-0.0377288
0.0354622
0.00157305
0.0191769
-0.0189856
-0.0204284
0.0243164
-0.0199874
-0.0151632
0.0344709
-0.0440554
0.0436674
-0.0134864
-0.00277365
-0.0258097
-0.0184145
0.0271361
0.0466167
-0.0427454
-0.01144
-0.00557044
-0.0147125
0.0483391
0.0459924
0.0367088
0.00655552
0.022311
-0.0394193
0.00716972
-0.0328775
0.0226656
0.0467911
0.00471741
0.0397252
-0.035325
-0.001318
-0.051694
-0.00645766
-0.0382403
0.0288239
-0.0447712
-0.00758708
0.0426695
-0.0360233
-0.0354157
-0.0414152
0.0303134
-0.00786981
0.0095052
-0.00409927
-0.00462993
0.0470556
0.0115376
-0.0318574
0.038947
-0.00970931
0.0325888
-0.0132898
-0.0251594
0.0483461
-0.018557
0.0205433
-0.0224704
-0.0371494
-0.00115209
-0.0254931
0.00962609
0.000691639
-0.032781
-0.0153013
0.0113719
0.00615399
0.00587913
0.0588037
-0.0556802
0.0366772
-0.00128557
0.048471
-0.0280272
-0.00369178
0.0558945
-0.0320439
0.0100376
0.0177355
-0.0145106
-0.0304373
0.0136443
0.063127
0.00498086
0.0372912
0.0185155
0.0476916
-0.035108
-0.0632445
-0.0185012
0.0414789
-0.0194783
-0.0230333
0.0369386
0.00024132
-0.0461347
-0.00742388
-0.0498414
-0.00532208
0.0439917
0.0111751
-0.0351507
-0.0154795
-0.00104143
0.0151183
0.0100984
0.0479957
0.00389804
-0.0398956
-0.071652
0.0975264
-0.0561893
0.0742657
-0.0154077
-0.0033433
0.00341931
0.00788188
0.0142061
0.0167239
-0.0046331
0.0278616
0.00438208
0.039364
0.0389508
-0.00750496
0.00259727
-0.0567058
0.0312423
0.0232899
0.0538841
0.0201818
0.0514383
0.0197004
0.0129883
-0.0396338
-0.0101653
0.0528239
-0.0102675
-0.0123019
0.0286757
-0.0126733
-0.0359816
-0.00460176
-0.00800741
-0.0444348
0.000934241
-0.0419882
-0.0577522
0.0170602
0.0103932
0.0362858
-0.0207115
-0.0304211
-0.0390601
0.0242221
0.0385442
0.00766834
0.0351333
-0.0449212
-0.0310976
-0.0409132
0.044417
-0.0237681
-0.0100487
-0.0278164
0.0316626
-0.0213263
-0.0407899
-0.00702857
0.0353668
-0.0888422
-0.000850572
0.0276264
0.0226259
0.0271725
-0.0275615
0.0328712
-0.021976
0.0113253
0.0381699
0.0026614
-0.0381545
0.0124445
-0.0379859
-0.0476841
0.0405704
0.0339122
-0.0355
-0.0179839
0.024456
-0.00703966
0.00837152
0.0332008
0.0171895
-0.041852
0.0517395
0.0346535
0.0422535
-0.0299272
-0.0100214
0.0420819
0.0504566
0.0431625
-0.0297693
-0.0288832
-0.0498736
-0.0138672
0.0275979
0.0445092
0.0333247
0.0421716
-0.040742
-0.0214677
0.0285248
-0.000554363
-0.0132542
-0.0111961
-0.0160096
0.0229614
0.00867033
0.020584
-0.0104073
-0.0157917
-0.0123049
0.0393493
0.0441111
0.0203599
0.00448947
0.00485838
-0.0470354
-0.0349319
-0.0422848
0.0182362
-0.0458722
0.0246341
0.0133177
0.0360444
0.0192742
0.0222513
0.0115917
0.036521
-0.0122884
0.0443807
-0.047762
-0.0139469
0.036551
0.00973105
0.00206231
0.0156217
-0.0372998
0.036213
-0.00520815
0.0376269
0.049044
0.011288
0.0200982
0.0185363
-0.0246396
-0.0406016
0.0125573
0.0331774
-0.0181754
0.0297816
0.0125617
0.0369326
-0.0481885
0.0288321
0.0294759
-0.0480025
-0.0314808
-0.0319423
0.00416339
-0.0200087
-0.0406248
-0.0262318
-0.0115545
0.00738266
0.00827762
0.0291908
-0.0117569
-0.0256257
-0.024016
-0.0212155
0.0352934
-0.0248956
0.0105847
0.0403724
0.0281636
-0.0424048
-0.0545554
-0.0370651
0.0145701
0.0360958
-0.0237629
0.00205428
-0.0444048
0.00457248
-0.0119696
0.0140834
0.0194817
0.0501693
0.0217094
-0.026692
-0.0309892
-0.0339173
0.0287556
-0.0301265
-0.0324063
-0.00335628
-0.0259862
0.0418872
0.00718785
-0.0189055
0.00346474
-0.00673908
0.0116392
-0.0384174
-0.0127404
0.0177123
-0.0100132
0.0270623
0.0168674
0.0344233
0.024808
0.030502
-0.00502792
-0.0327767
0.0341709
0.00938478
0.0028609
-0.0430765
-0.0119772
0.0445571
0.0349276
0.0551176
0.0533516
0.00406052
-0.00691197
0.0153784
-0.0177869
-0.0237878
0.000986991
-0.0353711
0.039119
0.0250368
0.0472243
-0.0196368
-0.0229427
0.0388505
-0.00564576
-0.0258663
-0.0279765
-0.0250931
-0.00767117
0.0266542
-0.0148438
0.0416569
-0.0538063
0.0394155
0.0482228
0.071598
0.0101831
-0.0623824
0.0526412
0.0204086
-0.0173192
0.033554
0.0611257
-0.0307909
0.00444806
0.0255159
-0.0201583
-0.00959876
0.0182006
0.0307368
-0.0512691
0.0936122
0.0469284
-0.00162826
0.0542521
-0.0173542
-0.0311132
-0.013769
0.0101905
0.0625109
-0.0471223
0.00115015
-0.101203
0.0316053
-0.0173
-0.00650676
-0.0431413
0.0227228
-0.00993011
-0.00396199
-0.00819804
-0.0185948
-0.00334122
0.00781241
-0.0084452
-0.0205312
-0.0125803
-0.0443503
0.027033
0.0527329
0.0417365
-0.0400862
-0.0175901
-0.0304571
-0.0464497
-0.0228974
-0.00440192
-0.0294732
-0.0144139
0.00132639
0.0270913
0.0358452
-0.0380408
-0.0400323
-0.0504171
0.0105585
0.0230607
-0.0171557
0.0140272
0.0301891
-0.0146699
0.0350702
0.00840433
-0.0484714
0.0259727
-0.0179047
-0.0339644
-0.0437509
-0.0211386
0.0104825
0.0416317
0.0159473
0.0449871
0.0319532
0.0128792
0.0160137
-0.0292902
-0.0301905
-0.0286372
0.0171514
0.00562437
0.0367017
-0.0436461
-0.0123142
-0.0381628
-0.0129828
-0.0242028
0.0188056
0.0239482
-0.0221209
-0.0171633
-0.047239
-0.043802
0.0319435
-0.0305198
0.0102203
-0.0200224
-0.0082347
0.0397104
-0.00899751
-0.0466341
-0.00488554
-0.0231151
-0.00959807
0.0239109
-0.0324874
-0.037467
-0.0251387
-0.00311746
-0.0179108
0.0780611
-0.00592794
-0.0358151
-0.00950125
-0.00754754
-0.0462431
-0.0113661
-0.0462926
-0.00805709
-0.00513133
0.0314642
0.0018639
-0.0328039
0.0092275
-0.013835
-0.0720779
-0.0368873
-0.0302583
0.015471
0.0199312
0.0764087
-0.0208827
0.00733799
0.0257174
-0.0294715
0.0444064
0.0455526
0.0354281
0.0713535
0.000854653
0.039413
-0.0625459
0.0931289
-0.0144056
0.0136731
-0.0160136
0.013975
0.0265336
-0.0354684
0.0253071
0.0121881
0.0690754
-0.0131433
-0.0496375
0.00721477
-0.041367
-0.0584273
0.0172076
-0.000764676
-0.0012737
-0.11656
-0.0172262
-0.0640408
0.0306997
0.00934116
-0.0438954
0.0480462
-0.0424391
-0.0658929
-0.0111237
-0.0594824
-0.0349964
-0.0436097
-0.0474118
-0.0121465
0.0467981
0.0565097
-0.00478508
-0.0458251
-0.138786
0.0387125
-0.0300155
0.00233108
-0.046391
0.011869
-0.0137228
-0.0316739
0.0102507
0.0357849
0.0280992
0.0112599
0.0366463
0.00319121
-0.0206877
-0.0157719
-0.0354257
-0.0187887
-0.0242508
-0.0217122
0.0074153
-0.00212715
-0.00610277
-0.0262961
-0.0421562
0.0307517
0.00166555
-0.0219837
-0.00456654
0.0397405
0.0476848
0.00377149
0.0111473
-0.0302872
0.0264874
0.0571343
-0.0306993
0.0374848
-0.0121783
-0.0497329
0.0431929
0.0991617
0.0438841
0.0103239
0.0292728
-0.0236149
0.0241716
-0.0521022
0.0385301
0.0597798
-0.0275751
0.027489
-0.0104218
-0.00512309
-0.035244
-0.0214248
0.0273932
0.017124
-0.0422754
-0.0479939
0.0359987
0.00355633
-0.00227962
-0.0522316
0.020293
-0.0494737
-0.10301
-0.0134839
0.00385674
-0.0415861
0.0220189
0.0183239
-0.0777364
0.0212888
0.0322698
0.0468257
-0.0793929
-0.018197
-0.0521361
-0.0435929
-0.0708739
-0.0636022
0.0329044
-0.0397738
0.0102684
-0.0378923
0.00210351
-0.0453582
0.0331544
0.0486426
-0.0349461
-0.0397779
0.0390335
-0.0229107
-0.0120891
0.0326136
-0.00558445
-0.0163269
0.0467246
-0.0282814
0.028997
0.0086998
0.0263243
-0.017497
0.0355374
0.0409939
-0.0159248
-0.0488393
-0.0098203
-0.0215118
0.0308377
-0.0148158
0.0053365
0.00316743
-0.0228842
0.00520228
-0.0318983
0.038478
0.0175613
0.0152628
-0.0279573
-0.0473779
0.0214433
-0.0132789
0.040042
0.0112632
-0.0179521
-0.0449975
0.0267055
0.0115201
0.0186226
0.0380235
0.00043507
-0.0104151
0.0372968
0.0212788
-0.0486605
-0.00370959
0.0189062
0.00489829
-0.024784
-0.0512251
-0.0314718
-0.0396331
-0.00798063
0.00332486
-0.0158246
0.0396673
-0.0405856
-0.029142
0.0299635
0.0252224
0.0022521
-0.0287241
-0.031684
-0.013965
-0.035663
-0.0229515
0.0108755
-0.0484168
0.000832946
0.0151529
-0.0537885
-0.00895729
-0.025799
0.00386579
0.00450165
0.0072444
0.0440726
0.000985778
0.012937
-0.0288673
-0.0512801
0.0327755
0.00296389
-0.00452019
-0.0611289
-0.0603558
0.0401286
0.00363081
0.0060709
0.00330829
0.0165267
-0.000694933
-0.0376287
-0.0244439
-0.0161992
0.0237264
-0.0498051
-0.0393319
0.0390643
-0.00929302
0.0176203
-0.0132672
0.0167636
0.0500771
-0.0438144
0.017395
-0.0295241
-0.0175347
0.0189306
-0.0338772
-0.0156956
-0.00592668
-0.0148561
0.0366629
0.0174729
0.0247148
0.0207708
0.032703
-0.0293417
0.0265384
0.0390786
0.0254164
0.0482416
0.0768938
0.0166899
0.0418335
0.0475661
-0.0333139
0.034373
0.0371881
0.00466704
-0.0342478
0.027388
-0.000817607
0.0602585
-0.0407727
0.00605842
0.00787671
-0.0349368
-0.0672
-0.042845
-0.00118937
-0.0267562
-0.00590429
0.0154954
-0.0085511
-0.000135871
0.0831228
-0.00669191
0.00572948
0.0496131
0.00184723
0.0635636
0.0648511
0.0353102
-0.0427762
-0.0737377
-0.0236144
0.0204642
0.00987705
0.0439557
0.0242304
-0.0423749
-0.0339157
-0.0388194
-0.00249047
0.112444
-0.0104253
-0.0140257
-0.0430307
0.0115502
-0.0315179
0.019088
0.0950149
-0.0157661
0.0541796
-0.00422008
0.0368142
-0.0443475
-0.0428145
0.0120701
-0.013759
-0.023088
0.0279266
0.0399941
-0.00118226
0.000682589
0.0246822
-0.0160405
0.0411073
-0.000702565
0.0452038
0.0139228
0.0221417
-0.00640946
0.0326579
3.01489e-05
-0.0293993
0.0284113
-0.0203408
0.00112683
-0.0300007
-0.0404107
-0.0127477
-0.0324819
0.000568503
0.045824
-0.0283718
0.00507761
-0.023182
0.0455951
-0.00223583
-8.41097e-05
-0.0469059
-0.044726
-0.00890488
-0.0233151
0.038445
-0.0323386
-0.0424468
-0.0141684
-0.0316399
0.0280248
0.0138214
0.0171975
0.0110956
-0.0405514
-0.0276427
-0.0133009
0.0280763
0.0406654
0.043718
-0.0414738
-0.0226532
-0.0213246
-0.0454205
-0.0505084
0.0375433
-0.0437699
-0.0215596
0.0144224
0.042084
0.0370023
0.023279
0.0211539
-0.000855343
-0.0364051
0.0130317
-0.00535271
-0.0119157
0.0394716
0.0239332
-0.0111032
-0.0417262
-0.00396206
0.0605594
0.0341979
-5.62817e-05
0.0282835
0.00218498
0.0196609
-0.0587308
0.0252951
-0.00658831
0.0183587
-0.0399569
-0.0424874
-0.0218914
0.0276957
0.0457185
-0.0034292
-0.0123063
-0.0173289
-0.000650955
-0.0427861
0.00196807
-0.0247127
-0.0232887
0.040938
0.0304492
-0.0371094
0.0090145
-0.0843834
-0.0380175
-0.0354094
0.0678937
-0.0203142
0.00492908
-0.0238358
-0.029455
0.0186266
-0.00626409
0.0284014
0.023394
-0.0565561
-0.0599629
0.0238406
0.0637484
-0.0375291
-0.0373727
-0.032312
-0.0387461
0.0639543
-0.0031239
0.107745
0.00322045
0.00217922
-0.0293681
-0.0647106
0.0382325
-0.0263228
-0.0200092
-0.0199435
0.00647237
0.0147105
-0.0342843
0.0310829
0.0180698
0.0183211
-0.033844
0.0374391
0.06965
-0.0121682
0.0262067
0.0155783
0.0306777
0.00156608
-0.0582991
0.0479152
-0.00437318
-0.0347528
-0.0315903
-0.0271621
0.0348827
0.0151644
0.0327272
-0.00139923
-0.00310474
-8.06425e-05
-0.010543
0.0346702
0.0612762
0.0479296
-0.0308495
-0.0213189
0.00949195
-0.0283771
0.0422059
-0.0159767
-0.0377684
-0.000248642
-0.0103325
-0.015799
-0.0455756
0.0387298
-0.04809
-0.0107134
0.0353384
0.0501073
-0.0335923
-0.0233747
0.0445152
0.0168232
-0.0227198
0.00672581
0.0324191
0.0119751
0.0289792
-0.00728764
-0.0440168
0.0194888
-0.0552999
-0.0406058
-0.00918793
-0.0478114
-0.0124693
0.0168338
0.0291851
0.0207356
0.0244205
-0.0309443
-0.0178626
0.0127269
0.0287685
0.0203016
0.0436772
-0.0259228
0.0117173
-0.0172287
-0.0237597
0.00647207
-0.0228667
0.0382006
-0.0334622
0.00316235
0.0187523
-0.0120171
0.00302648
-0.00534497
0.0637487
0.0304228
-0.0386451
-0.0464018
0.0178911
-0.00333266
0.00371818
-0.0255708
-0.034124
0.0374777
0.0292603
-0.0325501
0.00205588
-0.0211083
-0.00673176
-0.00228575
0.0535843
0.0285418
0.0106124
0.0127527
-0.0137629
-0.00313291
0.0217328
0.0207714
0.0385195
0.00843481
-0.0271178
0.0287007
-0.0170154
-0.0300264
-0.0254894
0.0457441
-0.0211012
0.0223023
0.0326874
-0.024783
0.00188944
0.0121638
0.0466027
-0.000667143
0.0324697
-0.0479063
-0.0312026
0.0145191
-0.00504834
0.0202225
0.014304
-0.0454398
-0.0432883
0.0142812
-0.0189934
-0.037539
0.00596345
-0.00239204
-0.00583867
0.0262913
0.0347301
0.0312711
0.0261292
-0.0176942
0.00109429
-0.00865052
-0.00586528
0.0233853
0.0297087
-0.0316766
-0.043796
-0.0448375
0.02506
-0.0352541
0.0104287
-0.0351924
-0.0374325
0.00476354
0.0400933
0.0382724
0.0176879
-0.0071411
0.021187
-0.0462232
0.045254
0.0244485
-0.038371
-0.0153957
-0.0240276
0.0274265
-0.0236687
-0.00187266
-0.0343515
-0.0197866
0.040354
0.0168331
-0.0338005
0.0499738
0.048681
-0.0179727
0.0523364
0.0565386
-0.0192277
0.0219676
0.00556921
0.0215016
-0.00158742
0.0107768
0.0182554
0.0269649
0.000782719
0.0242524
0.0588038
0.046073
-0.0479289
-0.0138265
0.0166576
0.0572198
-0.0503553
-0.0420926
-0.036845
-0.0166014
0.0421322
-0.0453447
0.0239549
-0.019651
-0.015786
-0.0448261
0.0161223
-0.0305206
0.0159017
-0.0512835
-0.00825583
-0.0229105
-0.00310433
-0.0149224
-0.0382363
-0.0146075
-0.0186258
-0.00262059
-0.0325478
0.0185102
0.0406777
0.014631
-0.0147946
-0.0112164
-0.0180027
-0.0452367
-0.0233114
-0.00856765
0.0334996
0.0180183
-0.0112491
-0.00174535
0.0149403
0.0016022
0.00908378
-0.00978384
-0.0266447
-0.000861459
0.00175916
0.0330069
0.01229
0.0093912
-0.00508512
-0.0228537
0.00514386
0.0471042
-0.00947577
-0.00707151
-0.0146574
-0.0236337
0.0082699
-0.0306504
-0.00206291
-0.0520239
-0.0441322
-0.0285952
-0.0170214
-0.0373984
-0.0376814
-0.0120577
0.00574349
0.0328317
-0.0453103
-0.0316194
0.0435786
-0.0149232
0.0240056
-0.0219572
0.00834692
-0.0383702
0.0395581
0.0472039
0.0257745
0.0288712
0.0317857
0.00961337
-0.0274942
0.0253733
0.00913338
-0.021192
0.00656312
0.022219
-0.0409535
-0.00323251
0.0135251
0.0388562
0.0300554
0.0636916
0.0529762
-0.0368324
-0.0319905
0.00339129
-0.0407148
0.00750982
0.0232097
-0.0300147
0.000496342
-0.0433737
0.0151916
-0.0362093
-0.0402866
-0.0470676
-0.041658
0.032272
0.0161125
-0.0119803
0.0364719
0.0401183
-0.0232751
0.0289308
0.0168233
0.0130431
0.0246844
0.0425795
0.01725
0.0136115
0.0227291
-0.037185
0.037029
-0.0432328
0.0331322
-0.0138178
0.0246013
0.0268388
-0.00254415
-0.00261222
0.0368882
0.0248276
0.0423246
-0.0219592
-0.0212432
0.0297105
-0.0421981
0.0514747
-0.00292538
0.0224593
0.00890928
-0.03404
-0.0341183
-0.0334987
-0.0135985
-0.0491896
-0.00983195
-0.024315
-0.0150187
0.00307701
0.0121544
0.0136737
-0.00513181
0.0154278
0.0309409
0.0088854
-0.0586838
0.0238438
0.0465234
0.0155293
0.0449351
-0.00828217
-0.0157454
0.0362959
-0.0404947
-0.0374533
-0.00611667
0.0341811
-0.0450854
0.044203
0.0115154
-0.0829328
0.00274009
0.063077
-0.0430457
-0.0105556
0.0315136
-0.00547102
-0.0382965
0.00838518
-0.00730305
0.0222086
0.0138837
-0.169795
-0.0948557
-0.103736
0.047934
0.000882414
0.00374118
0.0470423
-0.0352327
-0.0381828
-0.0436356
-0.0301863
-0.0110475
-0.0473489
-0.0448692
-0.0164579
0.0146696
0.016411
-0.0634112
0.00623838
-0.0142515
-0.0436492
-0.000438096
-0.0436084
0.137252
0.1137
0.0637272
0.0255619
-0.119612
-0.0185158
-0.0858606
0.0557229
-0.0420943
-0.0542478
0.0615989
0.0515285
-0.0584488
-0.00812763
0.0715239
0.00513376
-0.0127985
0.0490596
-0.00675768
0.0111003
-0.0181193
-0.00232355
-0.00451775
0.0167896
-0.0163014
0.000722749
-0.0545247
-0.0142124
-0.0513031
0.0568957
0.0286564
0.00807196
0.0490611
0.0246669
-0.0766714
-0.0414054
0.071317
0.0528158
0.0512614
0.061346
-0.0352294
0.0300712
-0.0218307
-0.0118163
0.029646
0.00105465
0.0372365
-0.0408712
-0.0178489
-0.0583799
0.0212904
0.0175191
0.00593078
-0.0157951
-0.022492
0.021728
-0.00552591
-0.0188855
0.0104926
0.034144
-0.059989
0.0182279
0.0111738
-0.00245374
0.0479016
-0.0822739
0.0131027
0.0167192
-0.0460447
0.021369
-0.0325746
-0.00597352
-0.00998338
0.0153968
0.024151
-0.00597903
-0.026908
-0.00304712
0.00882176
-0.0546929
0.00541186
-0.0490462
0.0195965
-0.0265402
0.0570531
0.0278633
-0.0463233
-0.00577187
0.000865852
0.0171968
-0.0349284
0.0182684
-0.0431898
0.0291347
0.0355157
-0.0223051
0.0811682
-0.0328085
0.00203708
0.0250858
0.0336787
-0.016465
0.0425846
0.021767
0.000828245
-0.00287961
-0.0452158
0.037648
-0.00347702
-0.0203816
-0.0142665
-0.0310845
0.043593
0.0497132
0.0312374
-0.0503116
0.0268242
0.0140909
0.00758909
-0.0278256
-0.0429708
-0.0520646
0.0108468
0.0169675
-0.0100558
-0.021473
0.032686
-0.0121294
0.0127208
0.0276346
-0.0293463
-0.033683
0.0323817
-0.00329404
-0.00579915
-0.041415
-0.0118649
0.0329197
0.0211411
-0.040516
0.0479564
-0.0192878
-0.00283266
-0.0035817
0.0334393
0.00708898
-0.00372345
0.0111639
0.00504047
0.0322685
0.0317162
-0.0347846
-0.0120586
0.00885124
0.033967
0.0371286
-0.0249734
-0.0329854
0.0152693
-0.0411643
-0.0347872
0.0370062
0.012638
-0.0225604
-0.0380755
-0.0377291
0.0122285
-0.0129106
0.0232603
0.00591771
-0.0148672
0.00394206
0.00238061
0.00369346
0.0465045
-0.0189046
-0.00673548
-0.0310228
-0.00391452
0.0711385
-0.0449196
-0.0712148
0.019174
0.0306319
-0.00933111
-0.0301192
-0.00967378
-0.0435589
0.0478611
0.0648018
-0.0494703
-0.00191638
0.00377407
0.00344512
0.0390637
0.0404208
0.0220926
0.0451618
-0.0108771
-0.0335232
0.0517341
-0.00318604
0.0491071
0.0950297
-0.0375449
-0.0552256
-0.00303921
0.0656972
0.016835
-0.00716407
-0.0486052
-0.0256007
-0.00392453
0.0120061
-0.0629699
-0.00782495
-0.00525795
-0.00472658
0.0307853
-0.00804038
-0.0222998
-0.0277974
0.0342922
0.00779304
-0.0274061
-0.0568654
-0.0593642
0.0254369
-0.0733496
0.0135113
0.0394552
0.00182313
0.0575279
0.000438404
-0.0463666
-0.00753778
-0.0126735
-0.0185687
-0.0586626
0.00311308
-0.0280155
-0.00578306
-0.0233701
0.0122516
0.0611084
-0.0088203
-0.000135431
0.0200809
-0.0211067
-0.0195349
-0.0771861
0.054242
0.028811
0.0308875
0.0411238
0.0156914
-0.0235874
-0.0506084
0.0165138
-0.0430833
0.0109627
0.0118015
-0.00849672
-0.0217993
-0.0464899
-0.0303194
0.00938469
-0.0201909
0.0432501
0.000123395
0.02535
-0.0330595
0.00786408
0.0128485
0.0137198
0.0081229
-0.00552036
0.0277866
0.0410231
0.00979922
0.0427969
0.0384332
-0.00474984
0.0538037
0.0617264
-0.0597952
-0.0271501
0.0125518
0.0670883
0.0296003
-0.0310665
0.00463839
-0.0247943
0.0313667
-0.0314125
0.0600748
-0.00411336
-0.00268249
0.0272529
0.0346997
0.0380937
0.00688194
0.00715596
0.0390009
0.0240016
-0.0526398
0.0226389
-0.0248482
0.0373273
0.0363679
0.000391083
0.0182824
-0.0278522
0.0300017
-0.00980779
-0.0212171
-0.0337583
0.0439984
-0.0176365
0.0459424
0.0285145
0.0236741
-0.0420535
0.0229579
-0.0104411
0.00441486
-0.0140991
0.0422761
-0.00883514
0.0256722
0.0433243
0.0430316
-0.0273823
-0.0096061
-0.0439442
0.0162248
-0.00986958
0.0377147
-0.0105842
0.0404609
-0.00129732
-0.0229713
-0.0410998
0.0157364
0.0448031
-0.0135202
-0.0185103
0.0285232
-0.0205614
-0.0265681
-0.0249768
-0.000598644
0.0115108
-0.0244161
-0.0112792
0.0406852
0.04653
0.0329983
-0.0342767
-0.0302446
-0.0297792
0.0116335
0.0221578
-0.0278115
-0.00634727
0.032998
-0.0519878
0.00143802
0.0239424
-0.0142648
-0.0246433
-0.0041161
-0.0491357
-0.0688258
0.0322346
-0.0206615
0.0240956
-0.00218026
-0.00835077
0.0469163
0.0895136
0.0198864
-0.0191884
-0.0691482
-0.0410461
0.0204987
-0.0386159
-0.0748756
0.0739165
-0.0186907
-0.00989223
-0.0197639
0.185045
0.0520403
0.0625841
-0.0250314
0.000248108
0.0504615
0.0414147
-0.0220628
-0.0107623
0.0328141
-0.00112821
0.00468796
0.0157973
0.00287965
0.0458086
0.0262866
0.00607469
-0.0165584
0.013165
0.00780962
0.043821
0.0145444
-0.0102549
-0.0677081
0.0149283
0.0493828
0.0467266
0.00766249
-0.0219983
0.0304685
-0.0375653
-0.0318497
0.0556258
0.0240857
-0.0313225
0.0490353
0.0403063
-0.0440324
-0.0204698
0.00918489
0.0175549
-0.0029637
-0.0150481
0.0362334
-0.00022363
0.0410124
-0.0220488
-0.016479
0.0129556
0.00528806
-0.0481819
0.0298798
-0.0449844
-0.0168657
-0.0178894
-0.0293982
0.021675
0.0346119
-0.0302313
-0.0295499
0.0432142
0.00895534
-0.051575
0.00728452
-0.0290475
0.0461953
0.045283
-0.00830849
-0.0384972
-0.0229261
-0.047541
-0.00655693
-0.00638733
0.0129001
-0.0327088
-0.0225133
-0.0309154
0.0362661
-0.000538599
0.0341159
-0.00767483
0.0471296
-0.0137824
0.116093
-0.0423684
0.0111616
-0.0151885
0.0133344
-0.00494347
0.0449031
-0.0204218
0.0451959
-0.0172889
-0.001371
0.0193357
0.0307
0.0370303
0.0358905
-0.0358019
0.028379
-0.0478178
0.00284743
0.0288069
0.026744
-0.0378995
0.0378729
-0.0183257
-0.0384176
-0.0345689
0.00851021
0.000267853
0.00112793
0.0258794
-0.0493958
-0.0764966
-0.0039239
-0.0467507
0.033209
-0.00637518
0.0167543
-0.022805
-0.100863
-0.0846818
0.00557883
0.0254451
0.0411974
0.040675
-0.00674042
-0.0336606
0.0106594
0.0384455
-0.00351519
-0.0274345
-0.00214118
0.0159092
-0.0428212
-0.00236963
-0.0506326
-0.0197334
0.00706857
0.00798291
0.00353462
-0.0351567
-0.0319711
-0.0195663
0.0175486
0.0479517
0.0243047
0.0216257
0.0190689
-0.0486195
0.0132974
0.0209831
0.0227954
0.0584271
0.0164179
-0.0266907
0.0145102
0.0441718
-0.0423804
-0.00179428
-0.00660775
0.0289194
0.0414597
-0.0263765
0.0306076
0.0107128
-0.0344226
0.00973563
-0.0196449
-0.037218
-0.0359283
0.0600815
-0.00139584
0.0443656
0.0012025
-0.024064
-0.00779268
0.0156445
-0.0217925
-0.0411971
-0.0309495
-0.00297677
-0.0374984
-0.0525275
0.0192125
0.0455941
0.0221582
-0.0248534
-0.0222088
0.0392404
-0.0470686
0.00716601
-0.0156397
-0.0327859
0.0117995
-0.0143621
-0.0237793
0.00442332
-0.0159803
-0.0304482
-0.013689
0.0899943
-0.0478057
-0.0319197
-0.0308769
-0.0375664
0.0249555
0.0428068
-0.0312758
0.028956
-0.00367491
-0.0138173
-0.0190986
0.0170932
-0.0381979
-0.00566699
0.0303965
-0.0122156
-0.000648565
-0.0142989
0.00423799
-0.0278759
-0.0238055
0.0401205
0.00460339
0.0515949
-0.00810269
-0.0412333
0.00151392
-0.0227001
0.00965341
0.0488539
-0.0568452
-0.0510811
0.00898302
0.00644336
0.00654685
-0.00854921
-0.0160299
0.03447
-0.0152489
-0.0485725
-0.0365708
-0.028353
-0.0478675
0.0102689
-0.00866337
0.0196702
0.00634158
-0.00320523
0.026478
-0.0423558
0.0299955
0.00227892
0.0320678
-0.0396781
0.0039058
0.0412859
0.0143498
0.0270977
-0.0270707
-0.0456292
-0.000860486
-0.0597019
-0.00259778
-0.0215761
0.0477549
0.00780456
-0.0195667
0.069732
-0.0394704
0.011058
-0.0535287
-0.0226893
0.0277163
0.0213318
0.0511455
-0.0194399
-0.0167054
0.0124493
0.0600989
0.0359282
0.0188827
0.0453583
0.0159785
0.0201333
-0.0426804
-0.0069157
-0.0765265
-0.0401626
0.0367767
-0.0105092
0.043921
0.00742262
-0.0316523
-0.0128946
-0.0300082
-0.0555821
-0.0059167
0.00947232
-0.0159037
-0.0469036
-0.0213745
0.0231809
0.0277148
-0.0598887
0.0287011
0.0350464
0.0200637
-0.0259132
-0.0652198
-0.0553419
0.00450712
0.0309696
0.0493466
0.0109732
0.0066715
-0.0577513
-0.0157919
-0.0167655
0.0177981
-0.0193659
0.0247293
-0.0418278
0.00215278
-0.0247785
-0.0182971
0.0446338
-0.0338803
0.0439356
-0.0159108
-0.0252983
0.0154402
0.0124323
0.027513
0.0186649
-0.00979459
0.0165025
0.040142
-0.0421757
-0.04586
0.0426978
0.0029278
-0.0384459
-0.00964021
-0.0220415
0.0335381
0.00947842
0.0391103
0.0452946
-0.00482369
0.0108204
-0.0185742
0.00251773
0.0183534
0.0487214
-0.033108
-0.00935908
-0.0311146
0.0438301
0.0345841
-0.00367874
-0.00771827
-0.031733
0.0246248
0.0131284
-0.00555694
-0.0317012
-0.0481862
-0.0447335
0.0479898
0.0335226
-0.0461312
-0.000987557
-0.0377888
0.0451826
0.0390155
-0.0194291
-0.00339782
0.0419766
0.0258189
-0.00155773
0.0373147
0.00455494
0.0359783
0.00130998
-0.030041
-0.048223
0.0250803
0.0175039
0.0150663
-0.029633
-0.0449224
0.00677083
-0.0199444
-0.00813179
-0.0380282
-0.00264851
0.01073
0.0286203
-0.0274673
-0.0263642
0.145332
0.0234822
-0.035622
0.0252195
-0.0151002
-0.0462651
-0.0157518
-0.0304021
0.00867658
0.0307805
-0.0458888
0.00345911
0.0149375
-0.142997
0.00870985
0.0149259
0.0419928
0.0677375
0.0650886
-0.00187003
0.0272725
0.0127598
-0.0744139
-0.00899621
-0.0553901
-0.00210777
-0.0588546
-0.0328357
0.0188451
-0.0295199
-0.0385569
0.0206544
0.00424836
-0.00494422
0.02986
0.188378
0.00958849
0.0855893
-0.0478925
-0.0416233
0.0170208
-0.00394385
0.00187108
0.0521324
-0.0341792
0.00643576
-0.0130691
0.0427822
-0.00651051
0.0264832
0.000873057
-0.0363113
0.0241449
-0.00209206
0.0499886
0.00505502
-0.0296154
0.0266938
0.0193558
-0.0122254
-0.000464777
0.0202829
-0.011025
0.00854553
0.00834251
0.0298406
0.0384002
-0.00300214
0.00768
0.00507614
-0.00489621
0.041654
-0.0382422
-0.0038164
-0.0331008
0.0379356
0.0590807
0.0367205
0.0184083
-0.0340117
-0.0314623
-0.0131802
0.0361587
-0.0455569
-0.0598032
-0.0554503
-0.0149194
-0.0437981
0.019721
0.0598388
-0.0394243
0.00819494
-0.0278007
-0.0203233
0.023946
-0.0175623
-0.031374
0.0418737
0.0340287
0.0165854
-0.0276234
-0.00924143
-0.0549082
-0.0600407
-0.0425497
0.0146265
-0.0224647
0.0200566
0.0304833
-4.36794e-07
-0.00137272
0.00155777
0.00450604
0.0315729
0.0126875
-0.0142305
0.00581584
-0.015043
-0.0247153
0.0328386
0.0147019
-0.00315357
0.00778847
-0.0109588
0.0181312
0.0210803
-0.00450113
-0.00770728
-0.0198805
-0.012978
0.0354512
-0.00300685
0.0168425
-0.0235383
-0.00341608
-0.0191849
-0.0146394
0.00522015
0.0348544
-0.0324827
-0.0268411
0.0273825
-0.0404373
0.0484803
-0.00702294
-0.0313118
-0.00740907
0.00264927
0.00873772
-0.00606864
-0.010756
0.0277195
-0.00250784
-0.0408525
0.0349858
0.0299213
0.0265306
-0.00157885
-0.0252453
-0.0185018
-0.0069359
-0.0324876
-0.00654208
-0.0331191
-0.010907
0.0271985
-0.0260692
0.0171258
0.0225764
0.00565394
0.0244458
-0.0457857
0.037422
0.0168901
0.0290675
-0.0319042
-0.0488851
-0.0257468
0.00487472
-0.0197716
-0.0126831
-0.0177514
0.0152963
-0.0267785
-0.0388776
0.0190471
0.0404168
-0.00971565
-0.0211444
-0.0203449
-0.0076162
-0.0414599
-0.0322549
-0.0334193
-0.0135483
0.0236887
-0.0115462
0.0126362
0.0410967
-0.0390677
0.00431412
0.0393405
0.0354214
-0.0234341
0.0452733
-0.0314351
0.0322322
0.0521868
-0.0427625
0.00908924
-0.0337015
-0.0622828
-0.0117477
-0.0281351
-0.0348904
-0.0173626
0.0289818
-0.0111338
-0.00501335
-0.0499464
-0.00945694
-0.0212108
0.0287424
0.0387117
0.00301687
0.0295881
-0.011565
-0.0196798
0.0375032
0.0194525
0.0315553
0.0103189
-0.0279945
-0.00201195
-0.00199891
-0.0117003
0.0250024
-0.0222303
0.0570252
0.0280429
-0.004457
-0.0122615
0.0514479
0.0401775
-0.0288749
0.0199274
-0.00471319
0.0651144
-0.017404
-0.0118649
-0.0292265
0.0184783
-0.00285779
-0.0351569
-0.0439284
-0.0659553
0.0308813
0.00605461
-0.0273686
0.0160297
0.0364794
0.0060946
-0.0301287
0.0112864
0.0430173
0.0332831
-0.046478
0.00221075
-0.0227028
-0.0520249
0.0886301
0.013635
-0.00884133
-0.0417407
0.0273701
-0.0434382
0.0328123
0.0092735
-0.0398786
0.0411129
-0.00213632
-0.0227093
0.00833918
-0.0115566
0.0196337
-0.0320563
-0.00686662
0.00699999
0.0484046
0.0402737
0.0162222
-0.0717302
-0.0386252
0.0214323
0.0448264
-0.03586
0.0128598
-0.0150764
0.0280037
0.00347517
-0.0537951
0.00773187
0.00967256
-0.0192966
-0.0574988
-0.00835895
-0.0237412
-0.0686228
0.0121761
0.0407524
-0.0448547
-0.0302726
-0.00592273
-0.00428483
-0.0205186
-0.0262897
-0.0341379
0.0502262
0.0136746
-0.00551518
-0.0453795
-0.0345809
-0.0595477
0.0173175
-0.0329071
-0.0198873
0.0561778
0.0220573
-0.0408931
-0.0392202
-0.0419187
0.0746065
-0.0587601
0.030142
-0.0575759
0.0689754
-0.0213788
-0.00307001
-0.0108213
-0.0273778
-0.0527613
-0.0435417
-0.0143388
-0.0292885
-0.0082174
0.0366283
-0.014238
-0.0422853
0.00752515
-0.0123456
-0.0491501
0.0307313
-0.0370133
-0.0363029
-0.00914354
-0.0192216
-0.0308588
0.046954
0.0469736
-0.0164558
0.00693584
-0.000162264
-0.0352387
0.00548679
-0.0235189
-0.0273029
0.0026171
-0.0180458
0.0237045
-0.0378127
0.0212917
0.015149
0.0218852
-0.0400507
-0.0218315
-0.0362439
-0.00980959
0.000947287
-0.00872723
-0.0423632
0.0360632
-0.00660946
0.0507329
-0.0122928
0.0429218
0.0370511
0.0478113
-0.035114
0.0335134
-0.00532127
-0.0337846
0.0438467
0.0437892
-0.0368535
0.00506635
-0.010208
-0.00441481
-0.0348853
0.00783218
0.0176855
0.034904
-0.0244771
-0.0431357
-0.0141747
0.0426279
0.0130096
0.0454394
-0.0306311
-0.0250087
0.0380472
-0.049639
-0.0067941
-0.00747366
-0.00570429
-0.0341944
-0.119337
-0.00818964
-0.012999
0.0112416
-0.0416206
0.0616841
0.0492611
-0.0481238
-0.0603446
-0.035423
0.0465334
0.032102
-0.0306583
0.0333817
0.0475551
0.0555512
-0.00063344
-0.017449
-0.00322758
-0.025205
-0.0400442
0.00517616
0.0644155
0.0199198
-0.0180494
-0.00212304
-0.0060644
0.0357719
0.0380676
0.0101752
-0.0533465
-0.0223941
0.0284063
-0.00453308
0.0132825
-0.0840542
0.041856
-0.0495913
0.0399168
-0.0302917
-0.00857105
0.0130125
0.00355603
0.0192504
-0.0529855
-0.00608795
-0.0503258
-0.0603119
0.00439949
0.00623625
-0.0196879
0.0344361
-0.00500098
-0.021524
-0.122033
-0.0339492
-0.0452288
-0.0171074
-0.0144087
0.0262388
0.0288658
-0.0691691
0.0483343
0.00190483
0.0357573
0.0574371
0.0312576
-0.022773
-0.0600755
0.0441116
0.0163824
0.0191424
0.0470992
-0.0166947
-0.00967091
-0.0104329
0.0241835
0.0379771
-0.0403474
-0.0144408
0.00116231
0.0244325
-0.0523097
-0.0459093
-0.0116896
0.00342793
0.00830365
0.00319747
-0.00528874
0.036804
-0.0258567
0.00777238
0.0026687
-0.0293052
0.00566877
0.00379272
-0.0457256
-0.00110462
0.0450443
0.016987
0.047655
-0.02567
0.00443175
0.0266983
-0.0296265
-0.0336299
-0.0393193
-0.0397542
-0.0297529
-0.0054417
0.0449365
-0.0127461
0.0349591
0.0143036
-0.0153603
-0.0670048
-0.00233638
-0.026824
0.0491447
0.0441656
-0.0480298
0.011118
-0.00301715
0.0183246
0.00424638
-0.0302866
-0.0597434
-0.00959637
0.0339072
-0.00118159
-0.0912139
-0.0329113
-0.0822845
0.0560222
0.0272194
-0.0171812
0.00293179
-0.000966734
0.0139104
-0.0113377
0.0238527
-0.0275383
-0.0272827
-0.0174147
-0.00146804
-0.0347438
-0.0107447
-0.0273663
-0.0231303
0.0106833
0.0119175
0.0200995
0.0286052
-0.0543865
0.0490766
-0.0236432
-0.0241413
0.0425868
0.0252345
-0.0188352
0.0438528
-0.0359908
-0.0299836
0.0453334
0.0217302
0.022791
0.0432933
0.0262284
0.0286407
0.0432863
0.0052418
-0.0460916
-0.022629
0.0417866
-0.0104809
0.0155153
0.0104797
0.030845
-0.0437425
-0.0284251
0.0445966
0.0249944
0.0373978
-0.0363155
-0.0410124
0.0127012
-0.00435501
-0.0341196
0.0319976
-0.0252304
0.0237661
0.0155716
-0.0250942
-0.0117376
-0.0147973
0.00101062
0.00743471
0.0432687
0.0294731
-0.0430246
0.0282351
0.00919813
-0.00742576
-0.0196867
0.0118251
-0.0250676
-0.014189
-0.0434325
0.00935521
-0.018417
-0.0239152
-0.0332276
-0.0140889
0.0118049
-0.0492195
0.013223
-0.0433894
-0.0320256
0.0237037
-0.0252688
-0.0359344
0.0364123
0.00344291
-0.028809
-0.0143802
-0.0025398
-0.0390974
-0.0314292
0.00465163
-0.0181027
-0.0381081
-0.0211685
-0.0159537
-0.0345909
0.0210178
0.0340283
0.0413097
-0.0515388
-0.0255345
-0.0937718
-0.0648332
0.025977
0.0289717
-0.0318415
0.0218079
-0.0339889
0.0255869
-0.0705401
-0.018887
0.0437042
-0.0172092
0.00108914
-0.0419964
-0.0164144
-0.0354189
-0.023692
-0.0362333
-0.0125366
-0.00372383
-0.0155739
-0.00705443
-0.00554935
0.00216778
0.0294554
-0.0388126
-0.049832
-0.0549244
-0.0207844
-0.00236688
0.0265548
-0.0259798
-0.0284716
-0.0374894
0.041387
0.0299007
0.0533866
-0.0401694
0.0315025
0.0227899
0.0240802
0.0208972
0.00278991
0.0595335
-0.0364979
-0.00737759
-0.068303
-0.00987817
0.0329617
-0.0412801
0.0236186
0.0283518
-0.0136562
-0.0411762
-0.0202379
-0.0487039
0.0437301
0.0508454
0.0241012
-0.04805
0.0375855
0.0500878
0.0362633
-0.029065
-0.00631141
-0.0296108
-0.0211491
0.063916
0.0186882
-0.0125145
-0.000227009
0.0236898
0.00114824
0.0271433
-0.0209734
0.030877
-0.020604
0.0283175
-0.0519667
-0.020861
0.00424789
-0.0165513
-0.019869
0.0598624
0.0493731
0.0231521
0.0526771
-0.0236914
0.043501
0.0540878
0.0465007
0.0331185
-0.0632249
0.0729449
0.0254142
-0.0130734
-0.00902321
-0.0145219
-0.0386929
-0.00966237
-0.00291814
0.041888
0.0104274
-0.00345532
-0.0124127
0.0199327
0.00754535
-0.0347349
0.00146024
-0.00473862
0.0293457
0.0374636
-0.0178157
0.0243644
0.0101944
0.0134313
0.0105696
-0.0124121
-0.00991734
-0.0500795
0.0327725
-0.0438584
0.0296719
-0.0405698
0.00840036
0.0379384
-0.0222102
0.0452832
0.0192263
-0.0296067
-0.0384617
0.0138603
-0.049208
-0.0455998
-0.0254046
-0.0155138
0.0108918
0.00333255
-0.0240419
0.030041
0.0112267
-0.0350675
0.00135233
0.0112575
-0.0241566
-0.0154693
0.0320034
0.0396226
-0.0455269
-0.0161596
0.0193625
0.0323658
0.0172743
0.0428763
0.0220838
-0.0266637
-0.0442642
0.00707329
0.000994925
0.00453063
-0.0425914
-0.0487835
0.0428753
-0.0338149
0.000111187
0.0262322
-0.040899
-0.0304106
0.00947221
0.0586705
-0.0623218
0.0345343
-0.0229996
-0.0382406
0.0227242
-0.0193905
-0.0447348
-0.0449343
-0.049394
-0.0205225
-0.0434403
-0.0195717
-0.0399368
-0.0265641
-0.00670441
-0.0438836
-0.0358628
0.00654086
-0.0402003
-0.00797855
-0.028928
-0.049163
0.0444441
0.0128757
-0.0306185
0.00669977
-0.0133857
0.0179578
0.0324247
0.0402471
-0.0396481
-0.0283966
-0.017549
0.012232
-0.0171376
-0.0297437
-0.0646208
0.0123006
-0.0154264
-0.0144422
0.0128261
0.0386931
0.105226
-0.0328045
-0.0025283
-0.0203498
-0.0515778
-0.000590971
0.0441038
-0.010759
-0.0467287
0.0204166
0.0197856
-0.0278264
-0.000880252
-0.00715205
0.0148046
0.0247048
-0.00453206
0.0162552
0.0255645
-0.0158157
-0.00684575
-0.0193324
0.0123895
0.0187653
-0.0331005
-0.00504067
0.0112624
-5.53101e-06
-0.0160864
-0.00297814
-0.0419795
0.0299381
-0.0633104
-0.0425578
0.0261467
0.0112038
-0.0109582
-0.0577264
-0.0217582
0.0206405
0.0358445
0.028058
0.0412934
-0.00426424
0.00250833
-0.0257532
-0.0166628
-0.0508258
0.0512384
-0.000111264
0.0406312
0.0345489
0.0311377
0.0140665
0.000922303
0.0300524
0.0106347
-0.040336
0.0279517
-0.0142785
0.0449084
0.0174111
0.0375202
-0.0295041
-0.00454806
-0.0236275
-0.0335771
-0.0444026
0.0441574
-0.0451475
0.00921612
-0.0339688
-0.0274798
0.0439761
-0.00234388
0.0361686
0.011364
0.047898
0.053474
-0.0182991
-0.0453439
0.0389676
-0.0138234
-0.00497556
-0.0372082
0.01055
-0.0168325
0.0358565
0.00940193
0.0155321
0.00809634
0.0071607
0.0118441
0.0126453
-0.062999
0.032642
-0.029545
0.0901364
0.0495546
0.0441794
0.0305046
-0.000704578
0.00515984
-0.0115571
-0.0398343
0.00560607
0.00806836
-0.0210455
0.0170277
-0.0335198
0.0388132
-0.00786344
-0.0344955
0.0246157
-0.0317692
0.00370862
-0.0417913
0.031583
-0.00259282
0.029324
0.0174699
0.0147219
0.00654165
0.0133001
0.0336042
0.0139236
0.000844055
-0.00353727
-0.0605018
0.0348336
0.0440575
0.0192425
0.0486943
-0.0458602
-0.010296
-0.0214756
-0.0261988
-0.0307668
0.023827
0.0423394
-0.00100668
-0.00849895
-0.000498097
0.0131528
-0.00857783
0.0453562
0.0222132
0.0172879
0.0199659
0.0163483
-0.0129512
-0.00518296
0.0147704
-0.0294399
-0.0268689
-0.0147854
-0.0340214
-0.0176105
0.00527504
0.0575007
0.0105836
0.0130229
0.0249315
0.0453515
-0.00731968
0.0224214
-0.0225784
0.0128899
-0.0375382
0.0126322
0.0174411
-0.0419503
-0.0347544
0.009806
0.0356297
0.0115337
-0.0274976
-0.0345033
-0.0127798
-0.045511
0.02542
-0.0488608
0.00625699
0.0302745
0.00443187
0.0190911
-0.0424873
0.0306548
-0.0070618
0.00846896
0.0487973
0.0220263
-0.0309926
0.0401724
-0.0388104
0.0290422
0.0390638
-0.024308
0.0517704
0.0102327
0.0183929
0.00808273
-0.0142391
-0.00871307
0.0488315
0.0269952
-0.0261365
-0.00212689
0.00712962
-0.0235026
0.053745
-0.0373074
0.0379443
0.0352981
-0.043883
-0.0249774
-0.00469623
-0.048712
-0.00847657
-0.0556162
-0.0420126
0.0221728
0.0158252
-0.0305624
-0.0130485
0.0543887
-0.0120167
0.00389617
-0.0255919
-0.0516452
0.00835145
-0.053684
0.00107883
-0.00585287
0.0480789
0.0683716
0.000751271
-0.0138505
0.0485039
0.0643709
0.0294781
-0.0268336
-0.0271901
0.0513969
0.018708
0.000873278
-0.022813
0.0294107
0.0012139
0.00244424
-0.0300629
0.0200866
-0.00792698
0.0197741
0.00319773
0.0341271
0.00649076
-0.0331013
-0.0516498
-0.0438048
-0.00674803
0.0502126
-0.0295013
0.0576813
-0.0261727
0.0603686
-0.0258154
-0.0298519
-0.0110756
-0.0389689
0.00466921
0.0457344
-0.0556141
-0.010033
-0.0367069
0.0235426
-0.00578376
0.00686198
0.0292146
0.0271894
0.00849433
0.0308008
0.0281356
-0.0201944
-0.0134273
-0.0144478
-0.0261926
0.0182643
-0.0328619
0.0154064
-0.0306704
-0.0086795
-0.0244138
0.00422265
-0.0122556
0.0282306
-0.0251469
-0.0559737
0.036215
-0.0167427
0.00657173
0.0292809
-0.0370286
-0.00955594
-0.0480239
-0.0174173
-0.00948354
0.0304223
0.00370104
0.0102038
-0.0212631
-0.0100873
0.0182777
0.0397782
0.0412384
0.0199066
-0.0447953
0.0215985
0.0412158
-0.0197028
0.0428431
-0.0161853
0.0287862
-0.00511058
0.041208
0.0466618
-0.0160347
-0.0388696
0.0248685
0.010754
-0.0222902
0.00941003
-0.0282976
-0.0307092
0.0273492
-0.0244804
-0.0199086
-0.024923
-0.00851365
-0.00111728
0.00721511
0.00806149
0.0278194
-0.024589
0.0019584
0.0263658
-0.024369
-0.0365317
0.0263329
0.0326627
-0.010681
0.00144554
-0.0144523
0.0435897
0.0404709
-0.0181153
0.0405358
-0.0383268
-0.0108317
0.0459062
0.0463088
0.00561035
-0.0432289
-0.015591
0.0312445
-0.00471131
-0.0439564
0.0480921
-0.0160492
-0.0419254
0.00960196
0.019018
-0.0207814
-0.0408077
-0.0313439
0.0344732
-0.0274504
0.0473969
0.00836034
-0.16406
-0.0113265
0.0193956
-0.0175884
0.0387089
0.0570617
-0.00432337
-0.0691737
-0.0439616
0.0387108
0.0209689
0.00425256
0.145411
0.136031
0.000900721
-0.0143527
-0.0316842
-0.026282
-0.101031
-0.00239631
-0.0399488
-0.0398722
0.0352554
-0.0393281
0.00418593
-0.039908
0.0801091
0.0101598
-0.00743524
0.0155404
0.0165951
-0.0751328
-0.0313694
-0.0491029
0.0586212
-0.222094
-0.00876417
-0.038972
0.0018173
-0.0248236
-0.0653668
-0.011108
-0.0756107
-0.0210423
0.0131853
-0.11548
-0.0994738
-0.0480242
-0.0524058
-0.0488316
0.0346091
0.0178576
-0.0414592
-0.077619
-0.0556945
-0.0108712
-0.0189513
-0.0315821
-0.0005716
-0.0392407
-0.0215352
-0.0469788
0.0527623
0.0263023
-0.026322
0.0304333
-0.0110575
0.0213646
0.0216787
0.0253471
-0.0489075
0.00369337
0.0290563
0.00902053
-0.0496678
0.00680724
0.0106766
0.00902965
0.0238116
0.00876715
-0.0297671
-0.0430997
-0.0308555
0.0411423
0.0622959
0.00398244
-0.000994244
0.0403948
0.0251249
-0.0315784
-0.0647685
0.0194682
0.00234569
-0.00955772
0.0177411
0.0151193
0.0419031
-0.0203117
-0.0302472
-0.0639118
0.0209806
-0.0325103
0.0104487
0.0257568
0.0184481
-0.035491
0.021296
-0.0434199
-0.0209674
0.0314085
0.0269132
0.00983767
-0.0358312
0.0149487
-0.0163285
0.0102232
0.0300275
0.0127789
0.0298594
-0.00960055
-0.0783841
0.0330271
-0.0107021
0.031089
0.0270733
0.00593016
-0.102172
0.0197194
0.016732
0.0170236
-0.0283339
-0.00680707
4.4057e-05
-0.0395606
-0.0194069
0.00839709
-7.21988e-05
-0.0467441
0.0269163
0.0310796
-0.0368295
0.0288633
-0.0417862
0.00835286
-0.0112667
-0.0337857
0.00877092
0.0490312
-0.0145093
-0.0222228
-0.0196002
0.0145772
-0.013101
-0.000908183
0.0207458
-0.0418031
0.0146021
-0.04359
-0.0220185
0.0391149
-0.0128444
-0.0351237
0.0366803
0.0399755
0.0439957
0.0411367
-0.0285103
-0.0482347
-0.0221418
0.0178895
-0.0424373
-0.000725929
-0.0135767
0.0325507
0.0409134
0.0161226
0.0535544
0.00330433
-0.0273885
-0.0647585
-0.0456212
-0.00415436
-0.0162148
-0.01412
-0.0484945
-0.0126346
-0.0398862
0.0030086
-0.0289403
-0.0171343
-0.000116358
0.00207691
-0.0105091
0.0345805
0.00590072
0.0317376
-0.0179629
0.0169359
0.0161338
0.0478062
-0.0167768
0.0465884
-0.016458
0.00325605
0.0159854
-0.0192288
-0.0191458
0.0234916
-0.0428777
-0.00576806
-0.011823
0.00286561
-0.0314108
-0.0367327
-0.00110247
0.0588357
-0.0548174
-0.0262682
-0.0374589
0.0513441
0.0415888
-0.0317732
-0.00367114
-0.0371481
0.00475339
-0.0621696
-0.0626675
-0.0482601
-0.032032
-0.017353
-0.0503118
-0.0490049
-0.0131599
0.0216404
0.0264917
-0.0280104
0.035138
-0.0170209
-0.0959512
-0.00913654
0.0258751
0.031656
0.00828706
-0.0575659
-0.0113477
-0.0723741
-0.00701516
-0.0315881
-0.0316328
0.00905019
0.0535976
-0.0293214
0.0148677
-0.0346809
0.00868845
0.0486617
0.00456596
0.0103165
0.0505095
0.0173162
-0.0148155
-0.0178786
0.00450618
0.0766192
-0.0343156
-0.0502876
0.039743
-0.036821
-0.0284004
0.0859949
0.00286885
-0.0534839
-0.030748
-0.00502497
0.0187438
0.0598462
-0.0328209
0.060254
0.0285482
-0.0477685
0.0115758
0.0112737
0.0217775
-0.0228541
0.003768
-0.00105203
-0.000710144
0.00362763
-0.0406225
-0.0386018
0.03679
0.0409648
-0.0642758
0.0258985
0.0499695
0.00385966
0.0025317
0.0160446
-0.0090444
0.0262782
0.0619499
-0.0637339
-0.0062918
0.0125642
0.0370913
-0.0247814
0.0379569
0.05887
-0.0280139
-0.00702831
0.00395803
-0.0143197
0.0787504
0.0201625
0.0075656
-0.0436585
-0.000769449
0.0250616
0.0770927
0.0592952
0.0653398
0.0176168
0.00813528
0.0020543
-0.0661795
-0.0704839
0.042977
0.00852169
0.0247561
0.0137701
0.0307276
-0.0414833
0.00213848
0.00347292
0.0463443
-0.0158057
-0.0487377
0.0227291
0.0209425
-0.0432267
0.0622709
0.00891938
0.023295
0.0362367
0.0225377
0.0104939
0.0143176
0.0283787
0.0171788
-0.00675002
0.025392
0.00704446
0.0204923
0.0346605
0.0044753
-0.01961
0.00930138
-0.0182346
0.00897539
-0.00939987
-0.0451761
-0.0197297
-0.025188
0.0115872
-0.0124305
-0.047268
-0.0271755
-0.0388405
0.0165124
0.0336837
0.00684944
-0.0075366
0.038899
-0.01366
-0.026541
0.00206309
-0.0373781
-0.0314703
-0.0463488
-0.0358644
-0.0326253
0.0303183
-0.0144577
0.0258142
-0.0322688
-0.00683667
0.0139335
0.0426781
0.00674379
-0.00729393
0.0191733
0.0400612
-0.0282018
0.0102458
0.0244689
-0.0134928
0.0470112
-0.0298752
0.0424875
0.0175618
-0.0230583
-0.00633951
0.012854
-0.0409189
0.0295402
-0.0153149
-0.0126795
0.0161685
0.0746594
-0.0653685
0.0120302
0.048317
-0.00788497
0.0420488
0.0174433
0.0324631
0.0698834
-0.0111079
-0.05103
-0.00386082
0.0329222
-0.00208031
0.00442802
0.0488392
0.00993217
0.0475498
0.00482055
0.217532
0.0640962
0.0537096
-0.0365601
-0.062293
0.00638975
-0.00369672
-0.0218153
-0.0012482
-0.00580201
0.0551608
0.0127038
0.0414302
0.0383546
-0.0093661
0.0500863
-0.045947
0.077726
-0.0169277
0.028739
0.0521716
0.0181751
0.00341082
-0.160088
-0.119413
-0.00677538
-0.00768021
0.0855331
-0.0647871
0.0466084
-0.0336665
-0.0128671
0.0023908
-0.0366523
0.0379891
-0.00533093
0.0715012
-0.0658356
-0.0516569
-0.0240572
-0.0675979
-0.0678243
-0.0733882
-0.020142
0.0114395
0.0489763
0.0134308
0.0266077
0.032243
-0.0475497
-0.0583126
-0.0348304
0.0132858
0.059175
0.0364335
0.0349792
0.00828142
0.0231363
-0.00435111
0.0198597
0.0129504
-0.0206186
-0.000199442
-0.00684392
0.0182253
-0.0259742
-0.00963789
0.0437147
0.0112711
0.0243736
0.0421339
0.0196678
0.0913464
-0.014369
-0.00238669
0.047736
-0.026764
0.0729243
-0.0237573
0.0114101
0.0243339
-0.042141
0.0447947
0.111901
-0.0433665
0.0156835
-0.0109711
0.0737902
0.0536252
-0.00554952
0.0278217
0.0141949
0.0586003
-0.0307371
-6.48456e-05
-0.0412041
0.0182523
0.00627525
0.0156738
0.032592
-0.0121705
0.0106235
-0.03996
0.0263141
0.0076265
-0.0230574
0.025638
-0.0433505
0.0061288
0.0504032
0.048459
-0.041623
0.0181929
-0.0388435
-0.0314883
-0.00937811
-0.00042383
0.0444014
-0.0185332
-0.0365737
-0.0401292
-0.0969279
-0.0530492
-0.000210123
-0.0336777
-0.0310838
-0.00621195
-0.00804816
0.00240783
0.0256577
-0.00409064
-0.0423975
-0.0449717
0.0277103
0.0149348
-0.0139013
0.0580738
-0.0294988
0.0587188
-0.0126959
0.0163489
-0.0387791
-0.0413054
0.00504186
0.0457477
0.00581303
0.0318758
-0.0424579
-0.0172693
-0.0112608
-0.0407505
-0.00620574
0.015101
0.0525052
0.0301641
0.012309
-0.0334199
-0.0447115
0.0153276
-0.0382507
-0.0373567
0.0449731
-0.0428449
0.0488069
0.0258693
-0.042504
-0.0240083
-0.0325205
0.0234644
0.000425507
0.0283516
-0.0335974
0.00401462
-0.0114231
0.01584
-0.0125781
0.0171673
-0.0441043
-0.0221766
0.000606039
0.0327322
-0.0248081
-0.0372014
-0.00805995
-0.0397395
-0.0262382
-0.0254758
-0.0465902
0.0391243
0.0458386
0.0186711
0.0018447
-0.00542158
-0.00306894
-0.00611
0.0223657
0.043086
-0.00316274
0.0187108
-0.0125716
0.0438434
0.00724521
-0.0408692
-0.0162651
-0.0789937
0.0258311
0.0201916
0.0537531
-0.00977791
0.0274455
-0.0381079
-0.0338927
-0.0278655
-0.0192707
-0.040628
-0.0439034
-0.037585
0.0443309
0.0514977
-0.0595593
-0.0227383
0.0419507
-0.00902819
0.0296703
0.0166103
0.0305058
-0.0374524
0.0619922
0.031451
0.0326024
-0.0427322
-0.0492917
0.00163298
0.0101457
-0.013562
0.0577739
-0.00251306
0.0200684
-0.0498255
-0.0284774
0.0453359
-0.0430721
0.0466685
0.0686966
-0.0135059
-0.00864877
-0.0281045
-0.0353819
-0.028863
-0.00145139
-0.0137845
-0.0021056
0.000558923
0.0496175
0.061338
-0.000278153
-0.0204824
0.0301125
-0.010823
0.0196175
-0.0174667
0.0417556
0.0141505
0.0033093
-0.0102224
0.023329
-0.0362537
-0.0454473
0.0378046
-0.0340785
-0.0135688
0.0353114
-0.0307753
-0.0306409
0.0123214
0.0512934
0.0364575
0.0182595
0.00525122
-0.0396835
0.0426603
-0.0098453
0.0324467
-0.0470713
0.021703
0.0113368
-0.00139894
-0.0160906
0.0316429
-0.000661086
0.00544108
0.0202663
0.020628
0.0194118
0.0211562
-0.0587647
0.046245
0.0322961
-0.0122875
0.021941
0.0212311
0.00515426
-0.0412148
-0.013664
-0.0458403
0.0291382
-0.0483342
0.0566728
0.0561078
-0.0407577
0.0426988
-0.0267109
0.0400576
-0.0242752
0.00262736
0.00865645
-0.00516515
-0.04152
-0.0436614
-0.0690521
0.0418484
0.0432669
-0.00922751
-0.0123771
0.0462777
-0.0327514
0.0482165
-0.0206065
0.0182505
-0.0139363
0.0283797
0.00109906
0.0214748
-0.0380897
0.00934115
-0.0291796
0.0536345
0.0469005
-0.0146698
0.0393739
-0.0337496
0.0172429
-0.0384872
-0.0398553
-0.0282155
-0.0232283
-0.0425157
-0.0192812
-0.0026562
-0.0151407
-0.0420336
0.0400081
0.0232984
-0.0406377
-0.0385034
-0.00238236
0.0133301
-0.0395466
-0.0393008
-0.0545466
-0.033468
0.00142468
-0.0233036
0.0128676
-0.0321781
-0.0347007
-0.00875093
0.0093268
0.0461388
-0.0424378
0.0289909
-0.0134832
0.0207054
-0.0362574
0.0230235
-0.00980208
-0.0216761
-0.00112303
-0.00703764
-0.00926544
-0.0365859
-0.0308708
0.0253536
-0.0417475
0.0148005
0.0385213
-0.021426
-0.0348382
-0.00498139
0.011738
0.0151965
0.0549814
0.0399069
-0.0160383
0.0485453
0.0375252
0.0816526
-0.0062641
-0.0110985
-0.0304225
-0.0485034
-0.0129016
0.0120535
0.050602
-0.121922
-0.0278862
-0.00220158
-0.0160643
-0.00789955
-0.0403405
-0.012679
-0.0752457
0.0279769
-0.0417538
-0.011217
-0.472774
-0.294584
-0.19082
0.00309456
0.0317097
-0.00862765
0.0610827
-0.145535
-0.095874
-0.069723
-0.16684
-0.153408
-0.0803861
-0.113847
-0.0438075
0.00480585
0.0680319
-0.0895306
0.0126068
-0.0696612
-0.0148232
0.0130883
-0.0993583
0.3384
0.142776
0.0660964
-0.0621143
-0.104838
-0.0121119
-0.059274
0.0300348
0.00503623
-0.0151524
0.00612359
0.0507383
-0.0350007
-0.0344055
0.0638445
-0.00992088
0.0103035
0.109736
0.0303817
-0.029633
0.0187893
-0.0516107
0.0304703
-0.0681643
0.16803
0.0737663
-0.0766154
0.0144759
-0.119406
0.109471
0.0183893
0.0441114
-0.00142588
0.0162947
-0.0362694
0.0118435
0.0443962
0.0763722
-0.0672127
-0.0963469
-0.0662211
0.0234476
-0.0537521
0.0137524
-0.00465681
-0.0150462
0.0345916
0.0592486
-0.0891928
-0.106934
-0.0442453
-0.0681568
-0.0856102
0.033992
-0.0882262
-0.075263
0.000623294
0.0140716
0.0224039
-0.0846478
0.205122
-0.0271781
-0.0136702
-0.0234126
-0.0702186
-0.0405031
-0.0250588
0.0827944
-0.0411948
-0.0406921
-0.00953935
0.00695145
0.000725395
-0.0653648
0.00274121
-0.00397262
-0.0317618
0.0301881
-0.00620432
-0.0227374
-0.0389876
0.0381059
-0.0210184
0.00246246
-0.0337219
0.0389588
0.00190877
0.00705034
-0.0134445
0.00890417
0.0406708
0.00506865
0.0290084
0.0141055
-0.0370535
-0.0815898
0.0604874
-0.0332118
0.0673031
-0.0262391
0.0235126
0.0455389
6.05814e-05
0.0156373
0.0121678
-0.0780451
-0.0277381
-0.0127373
0.0218416
0.0140615
-0.00586981
0.0114412
-0.0436268
0.0230468
0.0179236
-0.0728096
0.00851874
-0.0213028
0.036535
0.0390402
-0.0309902
-0.0216468
0.0377967
-0.025407
0.0228884
0.0228516
-0.0355796
-0.0109874
0.039887
0.0777719
0.0143174
-0.0857465
-0.0108219
-0.0223406
-0.031771
-0.0257739
-0.0344955
0.00114468
0.00385558
-0.0170799
0.0339474
-0.0463003
0.0111657
-0.0401146
0.0483077
-0.0237757
0.0159758
-0.043257
0.0265617
-0.00133345
0.0248257
-0.0404132
0.0610734
-0.014564
-0.0224811
-0.00738443
0.0265406
0.0420268
0.0154907
0.0455784
0.0377973
-0.0166597
-0.0294566
0.00312269
0.0490249
-0.0270517
-0.0439324
0.00553477
-0.00141023
0.0266523
0.0133999
0.0446205
0.0583077
0.049005
-0.00959161
-0.0623235
-0.0205435
-0.00545642
-0.00873442
0.0196496
-0.00978964
-0.0964064
-0.00840936
-0.0187991
-0.0310325
0.0100638
-0.0215702
-0.0369839
0.0191026
0.0982286
-0.0826569
0.0799611
0.0543843
-0.0161633
0.0761032
0.0274479
0.0258391
0.067927
0.0417793
-0.0431393
0.0737011
-0.0743428
0.0379825
0.119738
0.0228117
-0.00075422
-0.00173414
0.0331455
0.0266615
-0.0488272
-0.0429203
0.0282503
0.0989371
0.0373046
-0.0874098
0.0181316
0.0617709
0.0351104
-0.0200882
-0.0666136
-0.0499963
0.041983
-0.11013
-0.0151846
-0.0459402
-0.00678217
-0.00721917
0.00506681
-0.0576435
0.00286104
-0.00393017
-0.0382433
-0.0165187
0.0119246
-0.142294
-0.0571417
0.0158731
0.00751719
-0.0445418
-0.0161113
-0.0173194
-0.284838
-0.184562
-0.15749
-0.00708071
-0.0297793
0.309519
0.195576
0.0179214
-0.020896
0.038203
-0.00613526
0.0815622
0.178537
-0.239272
0.0458153
-0.0037928
0.0246242
-0.0834991
0.0474396
-0.0192702
-0.0306391
-0.000959211
-0.0096551
0.149461
0.0969212
0.0663966
0.0145154
0.0149308
-0.0408006
-0.133607
-0.172523
0.174707
-0.0460444
-0.0199087
-0.0364604
0.0346557
0.0284409
-0.0579392
-0.0483831
0.0401069
-0.153738
0.000161402
-0.177727
0.0979506
0.112304
0.0936327
-0.0481993
-0.0707865
0.0157787
0.0300811
0.0880258
0.0502863
0.0709164
-0.000644728
0.0760137
0.0750438
-0.111219
-0.0461622
0.0170276
0.0228233
0.0491867
-0.044278
0.0198692
-0.0262074
-0.0630107
0.0397833
0.0339487
0.0137956
-0.0232191
-0.00273765
0.0335349
0.00631433
0.0141528
0.0240007
-0.0170482
-0.0191495
0.0305174
0.0358885
0.0455308
0.0493179
0.0212884
0.0252624
0.0408117
-0.0164784
-0.030098
-0.0106654
-0.00634994
-0.0091562
0.0427312
0.0470027
-0.0227847
0.024431
-0.0431916
-0.0287586
0.0492475
0.0909596
-0.000674946
0.00498082
-0.0196983
0.0437146
7.60542e-05
0.000158595
-0.0390228
-0.00211453
-0.0336083
0.040085
0.0159089
-0.0247682
-0.0375373
0.044425
-0.0301959
0.00114172
-0.0306866
0.00578308
-0.00646535
-0.0134839
0.0356255
-0.0276536
-0.0231361
0.0174102
-0.0208424
-0.00787347
0.0228687
0.0160153
0.0336287
0.0895451
0.0667346
-0.0191868
0.0124417
0.016705
-0.0117267
0.0334169
0.000264803
-0.0226268
-0.0381643
-0.0362567
-0.0328394
-0.0100524
0.0120884
-0.248483
-0.0908354
-0.206679
0.0500701
-0.082634
-0.0528759
-0.0174893
0.0564542
0.0460235
-0.0165817
0.0162769
0.0403567
-0.768387
-0.360423
0.17483
0.0367375
0.0219275
-0.493078
-0.12507
-0.200218
-0.150584
-0.065381
-0.263303
-0.239877
-0.130763
-0.107294
-0.041508
0.0363642
0.0612348
-0.261401
-0.183616
-0.215271
-0.0484398
-0.0877229
-0.0997075
0.640293
0.0820769
0.0617268
-0.0437367
-0.255098
0.155116
-0.101096
0.0700331
-0.0293912
-0.0334148
0.101242
0.0337673
-0.0395833
0.00793599
0.249756
-0.0311936
-0.0187689
0.441342
0.186477
-0.0577262
0.0296631
-0.0620614
-0.0242949
0.0926948
-0.11802
-0.0649794
0.433113
0.0237754
0.108081
-0.00322952
-0.0643977
0.0308568
-0.0213657
-0.0444031
-0.203179
0.127497
0.00538863
0.100414
0.0645571
0.0394229
-0.0733621
0.0161416
-0.102589
-0.0564882
-0.0382945
-0.0822392
0.06388
0.0284632
0.108909
-0.154717
0.0158547
0.0066394
-0.0762808
0.0618327
-0.345536
-0.277785
-0.0924484
0.0054062
-0.00481009
-0.0533635
-0.544534
-0.0466186
-0.0439566
-0.0288346
-0.0202447
-0.0342151
-0.0557914
0.0724139
-0.0396408
-0.0413846
-0.0148303
-0.031301
-0.000208662
-0.0574209
-0.0306448
-0.0421278
-0.0131199
0.0361857
-0.00717941
-0.0527681
-0.0560778
-0.00744625
-0.0859065
-0.0866328
-0.00614359
-0.00498415
-0.119032
0.0253835
-0.0402959
-0.070705
0.0123313
0.330447
-0.0168906
-0.0346149
0.0348204
0.0799604
0.253656
0.0306119
0.118049
-0.052498
-0.0377409
0.0316722
0.000403758
-0.0251203
0.100166
-0.0506604
-0.0284275
-0.039948
0.0327149
-0.00469492
0.0784543
0.198953
-0.00856128
-0.0582376
0.0414547
-0.0491552
-0.00854521
0.0175476
-0.120193
-0.0086199
-0.0352888
-0.000788237
-0.00501923
0.0288777
0.0320208
0.00807765
0.0237783
0.029968
-0.0234633
0.0511033
-0.0707341
0.0167782
-0.0133574
0.00561954
-0.0049225
0.0218566
-0.0394099
-0.00462873
0.0135375
-0.0411054
-0.0206466
-0.0237012
-0.00997244
-0.0241007
-0.0152512
-0.100075
-0.0166195
-0.00945024
-0.0192412
0.0135061
-0.0303597
-0.0771287
0.0663117
0.0240069
0.0286416
0.0137346
0.0182981
0.0256799
0.0100817
-0.0363575
-0.0371312
0.0715762
0.0440204
-0.0115142
0.023454
-0.0105592
-0.0100786
0.028642
0.0430711
-0.0175867
0.0316224
0.0430697
0.0845794
-0.0451994
-0.0455742
-0.0815647
-0.00160704
-0.0626808
-0.0452857
0.187465
0.0848726
-0.473384
0.011809
-0.0094774
-0.0349438
0.0421896
-0.0329295
0.043687
0.275377
0.183502
0.120142
-0.0306962
0.0153489
-0.046535
-0.0779632
-0.0401699
-0.0252622
0.00580186
0.0415785
0.0137736
0.0261047
-0.0660745
0.0397371
0.115023
0.0543049
-0.0735658
0.0427667
0.0998891
0.0577761
-0.0696688
-0.0104229
-0.0873266
0.0723569
0.0250219
-0.0845417
0.114364
-0.0551369
0.0389015
0.00206602
-0.09042
-0.19442
-0.189306
-0.108938
0.0120337
-0.0835302
0.0134322
-0.0867614
-0.051818
-0.0312901
0.0201287
-0.101844
-0.0876301
0.0299407
0.00585779
-0.217167
-0.169551
0.05418
0.0204173
-0.104193
-0.0385547
0.134394
0.110758
0.11391
-0.0087539
-0.0171572
-0.0466785
0.471771
-0.0200793
0.0330511
-0.00763319
0.0894811
0.0244486
0.00440819
-0.0737979
0.0847546
0.0111177
0.0466426
-0.185839
-0.071794
0.0891756
0.101364
0.00821882
0.0912012
0.0124512
-0.141442
-0.155511
-0.171761
-0.139494
0.0033841
-0.0567891
-0.0990831
-0.127673
-0.159536
-0.0769998
0.00721068
0.0246926
-0.109589
-0.114056
0.152664
-0.0153194
0.0301079
-0.0730066
-0.0517373
0.0307334
0.0797937
-0.341905
-0.148188
-0.174526
0.01562
0.0220839
-0.0144352
0.0290252
0.0700656
0.0216007
-0.0840133
0.0943136
0.0892739
0.0296553
-0.0385149
0.0238798
-0.0280186
0.0602306
0.0341686
0.0108503
-0.0264041
-0.137308
-0.00958488
-0.0316816
-0.0413824
-0.0479383
0.0363363
-0.0484577
-0.0448945
-0.0109568
0.0380967
-0.0513452
-0.00317997
0.0362232
0.043951
-0.0248869
-0.0304301
-0.0478703
0.0069928
0.0138905
-0.0518367
0.0167594
-0.0355965
-0.00389068
0.0100824
0.0358739
0.0225549
-0.00574035
0.000918939
0.0109631
0.0253764
0.0462909
0.0913587
0.0189786
0.00795888
-0.0335583
-0.0378904
0.038785
0.0408315
-0.0287127
0.0431171
0.0306269
0.0338934
-0.0211691
-0.0169832
-0.00957675
0.010731
0.0338459
0.0105337
0.0204538
-0.0480411
-0.00407233
-0.0381956
-0.0264638
-0.0263899
-0.00299369
0.00142594
-0.0471354
-0.00893942
-0.0229051
-0.0357425
0.00359962
-0.210469
0.0667929
-0.00916443
-0.022594
0.0396684
-0.0187145
-0.0492986
-0.109736
0.155291
-0.0971883
-0.00549908
-0.0244595
0.00209693
0.00599474
-0.138132
-0.0100512
-0.0233333
-0.0124619
0.0342432
0.000778696
0.0477952
0.00449901
-0.0276597
-0.0311233
-0.046969
0.0512543
-0.220827
-0.0140407
-0.078766
-0.0227673
-0.0168651
0.0285326
0.00284176
-0.0469358
-0.00172485
-0.0245523
0.00622302
-0.0292827
0.0261169
-0.0355049
-0.0254308
-0.0262239
0.0402591
-0.0458382
-0.0229811
0.0138112
-0.0551576
0.017354
-0.119456
0.173081
0.102314
-0.0262337
-0.0261832
-0.114465
0.00263447
-0.0731473
0.0452168
0.00218783
0.0247775
0.0872273
0.0587744
-0.0156822
-0.037857
0.0730407
0.00244917
0.0240896
0.104491
-0.0389227
-0.0420429
0.0103437
0.0124657
-0.0357725
-0.0394176
-0.0118496
-0.0293783
-0.0249347
-0.0251962
0.0100121
0.0350981
-0.0419009
-0.044928
-0.0048107
0.0040141
-0.0398203
0.00389453
0.0213153
0.037367
0.0286721
-0.0146635
-0.00212214
0.0224436
0.00297869
-0.0211676
0.011718
-0.0380166
0.0566401
0.0091947
-0.0330619
-0.0857417
0.0511386
-0.0216544
-0.00135983
0.0204407
-0.0649915
-0.0571998
0.0549434
0.012112
-0.050983
-0.0239677
-0.0636601
0.0154466
-0.0278836
0.0402226
0.0218242
-0.00555681
0.0211097
0.0341342
-0.0450613
-0.0184234
-0.0631916
0.00532347
0.0264761
-0.0134683
-0.0191539
0.0180017
-0.0150481
0.0353351
-0.0389718
0.00351643
-0.0328137
-0.032586
-0.0221923
-0.0441448
0.0633104
-0.0299943
0.0299948
-0.0412708
-0.0169053
0.0269507
0.0280317
0.00263962
0.0279826
0.0347101
-0.0260702
0.0424537
0.0172192
0.0253237
-0.0166479
0.053878
0.0328693
0.0463167
-0.0279177
0.0187955
0.00625259
-0.0260483
-0.00742456
-0.0337477
0.0417505
-0.0277983
-0.0144278
0.0277264
0.0419566
0.0106799
-0.000341115
0.0328841
0.00966136
0.0241204
-0.0396881
0.0355153
0.00326813
0.0244567
0.0387548
-0.0205705
-0.00982435
0.00245654
-0.00128184
0.028516
-0.0219038
-0.0264148
0.0499676
0.0393473
0.0162253
-0.00326754
-0.0147596
0.0150374
-0.0378446
0.014263
0.0259028
-0.0191964
0.045695
0.00834331
0.0166328
0.0258581
-0.0192785
0.013506
0.0469906
-0.0388038
-0.00936799
0.0144561
-0.00215656
0.0393277
-0.00823876
-0.0355686
0.0153035
-0.0232354
-0.0422511
-0.0368411
-0.0269628
0.0220954
-0.0254543
0.00156488
-0.03338
-0.0328276
-0.0141454
0.0207522
0.0125021
0.0161563
0.0356835
0.0171068
0.0243837
0.0190784
-0.0198608
-0.0363656
-0.0209892
-0.00791053
0.0301343
0.029688
0.00756819
0.044306
-0.0165466
-0.079209
-0.0189971
-0.0198071
-0.0201725
-0.017903
0.0260517
0.0258425
-0.0132688
0.0361682
-0.0537863
-0.0385311
0.00750567
-0.0229735
0.0061951
-0.0157041
0.0167836
0.028543
0.00112124
0.0206117
0.0399506
0.0259548
0.0214061
0.00602974
0.00991863
-0.00859713
-0.0267218
-0.00104619
-0.0132862
0.0499223
-0.0665232
-0.0200795
-0.00801533
0.0188198
-0.0273524
0.00652029
0.00238954
-0.04204
-0.0232849
-0.0564765
-0.0338747
0.00499086
-0.0156774
-0.0574162
-0.0462125
-0.065634
-0.0255064
-0.0096699
-0.049256
-0.0140586
-0.000405719
-0.0509001
0.015444
-0.0665536
-0.0871339
0.00150676
-0.00625377
-0.0188245
-0.0213837
0.0438433
0.0210871
-0.0919571
0.0215351
0.0351392
-0.0208584
0.0295306
0.00635787
-0.024426
-0.0443476
-0.0103162
0.0388629
0.00802127
0.0893076
0.0500204
0.0596738
0.0571324
-0.0242783
0.0428802
0.0112199
0.0105038
0.0456422
0.036939
0.066399
-0.0257026
-0.0468962
0.0430488
0.0228537
-0.0144858
-0.0348415
-0.0269182
-0.0152597
0.0347902
0.0574027
-0.0175363
0.0269255
-0.0453219
-0.0162063
0.0138589
-0.0272168
-0.0260418
-0.0178453
-0.0434248
-0.0267855
0.0771957
-0.00017055
-0.00871457
0.0159662
0.0513356
0.0713422
0.013375
-0.0158281
0.0427226
0.0417705
0.0282919
0.0426642
0.0795146
0.0272683
0.0532924
-0.0358563
-0.0363574
-0.00692757
-0.00862734
0.02556
-0.0204576
0.0131064
-0.00797151
0.0439808
0.0362994
-0.0258867
-0.0295161
-0.0440306
-0.0248399
-0.018215
0.0408361
0.0247275
-0.0143192
-0.0344901
-0.0471665
0.0175687
0.00837628
-0.0397264
-0.0415675
-0.025102
-0.0352038
0.010483
-0.0340101
-0.0118792
-0.00203578
-0.0226723
-0.014578
-0.0176781
0.0157203
-0.0017371
-0.0307354
0.00263592
0.020089
0.0354457
-0.0486954
0.0448015
-0.00112955
0.0174029
-0.0101455
0.0180422
0.0328469
0.0244686
-0.00146081
-0.0420347
0.0505182
-0.0441369
0.0370554
0.00291756
-0.0292977
-0.0182973
-0.013857
-0.0412537
0.00708362
-0.00280561
0.0437824
0.0502959
-0.013585
0.0264398
-0.0347022
0.0323323
0.0438312
0.0164685
-0.0110734
-0.0131804
0.0303419
-0.0323595
0.0190329
0.0338824
-0.00140841
0.0378728
0.0207774
-0.0119702
-0.0630688
-0.0106469
-0.0274023
-0.0110359
0.0435417
-0.0948125
-0.0585768
0.0189358
0.0109946
-0.0348545
-0.0499063
-0.0207761
0.0537384
-0.0860874
-0.0591389
-0.0535199
0.0128024
-0.221188
-0.146923
-0.168503
0.0133626
0.0575014
0.00120312
0.00941482
-0.0768552
-0.0246669
-0.039285
-0.116732
-0.111091
-0.0364605
-0.0868359
-0.0194295
0.0166615
0.0416916
1.4584e-05
0.00357725
0.00704243
-0.0324997
-0.0136238
-0.0182186
0.194863
0.132738
-0.00228646
-0.013301
-0.080499
-0.0416475
-0.0631063
0.00854175
-0.0268948
-0.00590791
0.0412906
-0.0345122
-0.0796609
-0.0752067
0.0481918
0.0103464
-0.00132982
0.0550022
0.0419496
-0.0970074
0.0200442
0.0204885
-0.0124259
-0.0561952
0.0444904
-0.0465808
0.0432126
-0.0282971
-0.0902778
0.087217
-0.0173776
0.0304046
-0.017073
0.0136724
-0.0658598
-0.0221149
0.00899827
0.0226352
0.0115005
0.0331563
0.050429
0.0291421
0.0247002
-0.0318681
0.0192669
-0.0501897
0.0354772
-0.0371927
-0.0969072
-0.0764707
-0.00232449
0.0305206
-0.0315884
-0.032336
-0.117035
-0.0402087
-0.0439321
-0.0291205
0.00584584
-0.0400343
-0.065902
0.00844556
-0.0164944
0.00467071
0.0413925
-0.0448513
0.00143923
0.0921354
-0.0478966
-0.00812348
-0.0507591
0.0299965
-0.0262944
0.0107187
-0.0378531
-0.0204956
0.0486978
0.0257436
-0.0392198
-0.00241252
-0.0283581
-0.0404851
-0.00542359
-0.0317034
0.0492083
0.0568084
-0.0353731
-0.014097
0.0299336
0.00396717
0.0485702
0.0352378
-0.0175003
0.0431897
0.011265
-0.102935
0.0231515
-0.0629398
0.0318602
0.0304721
0.0420522
0.0420956
0.0268181
0.0415575
-0.00480417
0.0172349
-0.00111102
-0.0318895
-0.0403942
0.0121391
0.0174509
0.0223592
0.00651761
0.0304774
-0.0466231
0.0140491
-0.0467621
-0.00654582
0.0195195
-0.0139992
0.021649
-0.00895586
0.00186155
-0.0488617
-0.0321561
-0.00849388
-0.0158692
0.011194
-0.0219906
0.0805827
-0.0601361
0.0135951
0.0171656
-0.0118791
-0.0283677
0.0191594
-0.00289721
0.00734416
0.0453487
0.0139446
0.00910498
0.0107678
0.0359101
-0.0351057
0.0487273
-0.00518612
0.0108076
-0.00510997
0.0368622
0.00510286
-0.0356828
-0.0558084
-0.00808052
0.00695634
-0.00639202
0.0407574
-0.0042607
-0.0248198
0.0429291
0.0403385
-0.00512494
-0.0382
0.00247967
0.0417473
0.00136458
-0.0213122
0.0238698
0.0286074
-0.0488213
0.00171551
-0.0432069
0.0177341
-0.0293815
0.0138686
0.0450111
-0.0467629
-0.0422152
0.0159239
-0.0305452
-0.0364145
-0.0242482
0.0116604
-0.0437797
-0.023474
-0.0509363
-0.0307528
-0.0199731
-0.0111201
0.0904606
0.0995681
0.0123089
0.0249294
0.014854
-0.000628863
-0.0150264
-0.0308311
-0.0171399
-0.0136482
-0.0276657
0.026355
0.0431427
-0.0316567
0.0612168
0.0531671
-0.0731651
0.0238143
0.0162286
-0.011336
-0.0252826
0.0227783
-0.0707896
-0.0127563
-0.0169629
-0.0122707
-0.0319261
0.0438969
-0.00834965
0.0226468
0.00792393
-0.0391835
-0.060284
0.0346841
0.0098459
0.0223909
-0.0113903
0.0207534
0.0334215
-0.0638989
-0.0552138
0.000979545
0.0210552
0.00323217
-0.029967
-0.00650864
-0.0596477
0.0718154
0.0120606
0.0465612
-0.00898868
-0.00782141
-0.153026
0.00153841
-0.013244
0.061308
-0.0222473
-0.0177233
0.020204
-0.0490281
0.0296289
0.0403603
0.0176654
0.0482686
0.0560101
-0.0228719
0.0128215
-0.0101221
0.0230514
0.0963718
-0.0854033
-0.0677765
0.0158156
-0.0611464
0.011642
0.00755892
0.0358164
0.0268008
0.205819
0.113332
-0.0488719
-0.0610865
-0.0924046
-0.0521801
0.0329829
-0.0881377
0.0915793
-0.00639267
-0.0414445
-0.0634926
-0.0468542
-0.046812
-0.0242921
-0.0596586
4.8387e-05
-0.0426286
-0.0286332
-0.0539745
-0.0398574
0.026565
0.0530716
-0.0294731
0.0618772
0.00790003
0.0354399
0.0547368
0.0228479
0.0724211
0.0199159
-0.0221078
-0.0649572
-0.0396133
0.0386135
0.0426563
-0.0242544
0.041658
-0.0379939
-0.00907917
0.00810706
-0.00527664
0.0444385
0.00183649
-0.0294294
-0.027011
0.037931
-0.0412221
-0.0115419
0.00387336
0.0082898
-0.0227644
-0.0111585
-0.0429406
0.00417649
-0.0359235
0.0145961
0.0410435
-0.0425767
0.00328673
0.0154534
-0.000742377
0.042908
-0.0074905
0.00939522
-0.0114305
-0.00208882
-0.0250003
-0.0201435
-0.00136949
0.0541974
-0.0440294
0.0186107
0.0158102
0.0172103
-0.0361101
-0.0271612
0.011558
-0.0155112
-0.0314542
-0.032861
0.0315171
-0.0235658
-0.009659
-0.0456672
0.0281282
0.0108668
0.0236099
-0.0204169
0.0353505
-0.00899231
0.00842265
0.0302374
0.00755893
-0.0411891
0.0286162
-0.0472561
-0.0178109
0.00660988
0.0918377
-0.0134309
-0.0246063
0.0473188
-0.0334968
-0.0142962
-0.0174392
-0.0344017
-0.00835108
0.0553327
-0.0724223
-0.0222861
-0.0307224
-0.0233533
0.0312111
-0.0305876
0.0442959
-0.031796
0.0385832
0.0209237
0.0148393
0.0271759
0.0337348
-0.0321274
-0.0260112
0.0295397
-0.0028422
-0.0678753
-0.0904471
-0.0497769
-0.000487522
-0.00520701
-0.0250426
-0.0391547
-0.0271718
0.032292
0.048824
0.0214851
0.0282005
0.0136255
-0.0123652
-0.0360646
-0.0122077
0.039348
0.0228775
-0.0296173
-0.0313363
0.044342
0.0430489
-0.00842518
0.112809
2.57725e-05
0.0191507
-0.0129698
-0.0242667
0.0539751
0.0118259
0.0451151
0.0472606
0.0126885
0.0140677
0.0012243
-0.00847987
0.0140997
0.0100116
0.0140832
0.0126375
0.0514205
-0.00799881
0.0311771
-0.0476223
-0.0445629
0.0181835
0.0217334
0.00711732
-0.0239984
0.0497419
0.0276627
0.0269177
-0.0465954
-0.0274255
-0.0292555
-0.00684678
-0.0701879
0.0341186
-0.00200972
0.0232173
0.033677
4.85026e-05
0.029187
0.0114506
0.00690493
-0.00523001
-0.0430307
-0.0152591
-0.0532905
-0.00504064
-0.00559255
-0.0630951
0.0136083
-0.000602075
-0.0305226
0.0109727
0.0276989
0.000691223
-0.0119596
0.0336405
-0.0446586
0.0111374
0.0318267
-0.0962624
-0.0212774
0.00965349
0.0429466
0.0425818
-0.0479671
0.0113057
0.0374678
-0.0096879
0.0210142
0.00957976
0.0164894
0.0465605
-0.037092
0.038135
0.00722903
0.00948602
-0.00224294
0.0365159
0.0201993
-0.000313051
-0.00592042
0.0283737
-0.039649
0.00822448
-0.0451799
-0.0432213
0.0349936
0.0131999
-0.0356948
-0.0379047
0.0519308
-0.00166969
-0.0253771
0.0355756
0.0222505
-0.0185641
0.0361233
0.0474961
0.0270838
0.0347036
5.39155e-06
-0.031887
-0.0148285
0.00576773
0.0163512
-0.026738
-0.0176294
0.0358209
0.0125725
-0.0247944
-0.0325687
-0.0452527
0.00758417
0.0188626
-0.0389718
-0.0427399
0.00582755
0.055512
0.0319693
-0.0298341
-0.0463753
-0.0411648
-0.00528753
0.00865142
0.0358138
-0.027153
-0.0104641
0.0309107
-0.0440528
0.0545457
-0.0461175
-0.0426622
-0.00269269
-0.0438161
0.00384759
-0.0265389
-0.00141097
0.0301093
0.0266532
-0.00283559
-0.0197011
0.0110893
-0.00352238
-0.032134
-0.0260175
-0.0400729
-0.0159444
-0.023815
-0.0244343
-0.0148432
0.0207389
-0.00535833
-0.0335006
0.0235789
0.038103
-0.0157188
-0.039688
-0.0180818
-0.000250241
0.0501686
-0.0400733
0.0245343
-0.00103379
0.0401063
0.0381122
-0.0378008
-0.00541341
0.0486461
0.0362522
-0.00849683
-0.0474155
0.00495452
0.0242001
0.0130503
0.0169854
-0.0479112
-0.0245709
-0.0235403
0.0190811
0.0456193
0.0578697
-0.007561
0.0254621
-0.0536748
-0.0117365
-0.0191133
-0.0225862
0.0617952
-0.00925405
0.00236992
0.00779707
0.0203696
-0.0293175
-0.0394511
0.0371282
-0.0254964
0.0456219
-0.0232493
0.0055959
0.0443938
0.0106364
0.0680947
0.0341239
0.027562
0.00950134
0.00547702
0.0253076
0.00371126
0.00733025
0.0104322
-0.00950938
-0.00693492
-0.0146048
0.0424262
0.0443104
0.00242238
0.011997
-0.031364
-0.0307937
-0.0385977
-0.0289113
-0.0135036
-0.0345246
-0.0237622
0.0279302
-0.0228219
-0.000234781
-0.0286656
0.0346027
-0.0348704
-0.035431
-0.0342754
-0.00308381
-0.0572497
-0.0104812
0.0468907
-0.044237
-0.0445642
-0.0144395
0.0094393
0.0564064
-0.0371075
-0.031192
0.00986998
-0.00971565
0.0395024
-0.0371878
-0.0265749
0.0230926
0.0340563
-0.0286101
-0.0164102
0.0493348
0.0233746
-0.0301218
0.0136127
0.0230675
-0.0307253
0.0220782
-0.0300332
-0.0657468
0.0211798
-0.0204923
0.0481371
-0.0738811
0.0418407
0.037537
0.0242876
-0.0402515
0.0197831
-0.00699204
0.014102
0.0136109
0.00530916
0.0473865
-0.0331396
-0.0713251
-0.0251468
-0.0313333
-0.0479561
0.00764139
0.00330441
0.0267547
0.00329199
0.0157675
-0.0124097
-0.0610694
0.0150728
-0.0405063
0.0448093
-0.0391728
-0.011132
-0.0427612
-0.0463426
0.0297946
0.030003
0.00350798
-0.0266271
-0.0280747
-0.0474772
-0.0217298
0.0226073
-0.0376506
0.0426462
0.0174265
-0.000847794
0.0205746
0.0435024
0.0166778
-0.0433988
-0.00298272
-0.010433
0.0407188
-0.0376102
-0.0416501
0.0100145
0.00716356
0.0329819
0.0451325
0.00358002
-0.0455438
-0.0453989
0.0199035
0.00948915
0.0115181
0.0350145
-0.00079718
0.0453344
-0.0269626
0.0337663
0.0229062
-0.0306362
-0.0476521
-0.0443378
-0.00269554
-0.0379727
0.0359705
-0.036224
-0.00159442
0.00208585
0.0318432
0.00830348
0.0208053
0.016368
0.00949624
-0.0364173
-0.0132572
-0.00409933
0.038121
0.0198982
0.0128326
-0.0440987
-0.0458592
0.0188344
-0.0331529
-0.0140364
0.0173185
0.0374409
0.0162162
0.0212254
-0.00369794
0.0180666
-0.0323043
-0.0459357
0.0299482
-0.065176
0.0294243
0.00964746
0.00465524
-0.0383203
0.0123012
0.0116893
-0.00141528
0.0560238
0.0200042
-0.0318086
-0.0298421
-0.0481626
0.0176091
0.421791
-0.0628512
0.0516158
-0.00844452
0.0312916
-0.0555626
-0.00562786
0.110732
0.0461892
-5.72055e-05
-0.0111842
0.0298405
-0.406855
-0.211717
0.372547
0.0285511
0.263057
0.0888394
0.00957474
-0.119859
0.0249482
-0.0930194
0.0846307
0.14816
0.175891
0.0963969
-0.095038
0.0383466
0.0144677
-0.0949702
-0.115281
0.0497906
-0.0585773
0.135599
-0.133773
0.919175
0.407702
0.0621505
0.0371358
0.0615187
0.207737
-0.207382
0.204688
0.0263185
-0.0145592
0.154556
0.218604
0.0546747
0.00419416
0.0614311
0.046944
-0.0490752
0.252737
0.153439
0.0192696
0.0109366
0.0999097
0.0321537
0.103831
0.170274
0.0721423
0.0518029
8.43919e-05
0.0516268
0.0893971
0.047028
0.00804414
0.0272996
0.103754
-0.184116
0.0444598
-0.036878
0.067277
-0.00312103
0.0786861
0.00289254
-0.0172739
-0.081853
0.0238157
-0.0150736
-0.00570972
0.114851
0.0649795
0.0135484
-0.229942
0.0226319
-0.0482327
-0.0465861
-0.0307556
0.0940317
0.0686439
-0.0485658
0.0398853
-0.00786095
-0.0530354
-0.0307591
-0.039505
-0.0324262
0.0347696
0.0308471
-0.110632
0.0762854
-0.267643
0.000544788
-0.0400712
0.0523862
-0.0205313
-0.0173303
0.0569669
-0.0106691
-0.000606627
0.0133755
0.0129732
0.0292524
-0.00875455
-0.0753733
0.0154226
0.0318358
0.0347486
0.0711681
0.264775
0.177958
0.0224744
0.035826
0.0427732
-0.0132786
0.294348
0.0110227
0.0459041
0.0219858
-0.0548491
0.208515
0.00956665
0.0828009
0.046425
-0.0250355
0.0421654
0.0192018
0.0276703
0.00661145
0.0207909
-0.021149
-0.0304066
-0.0171687
0.0415348
0.0195278
0.0295502
0.0315769
0.117889
0.0631385
0.02455
0.0394322
-0.00280778
0.0240337
-0.0278883
0.0590419
-0.0428051
0.0111121
0.0120869
0.00560549
0.0291925
-0.0275008
0.0179393
-0.0129174
-0.165384
-0.0297852
0.0519686
-0.0190722
0.0428071
-0.0313204
0.0312152
-0.0437511
0.0476109
-0.025858
-0.0310264
-0.0221312
0.0394562
-0.000429888
-0.028261
0.0466852
0.00190527
0.101786
-0.038414
-0.0168097
0.0557483
-0.0231564
0.0431102
0.0495812
-0.0379819
0.000311411
-0.0467758
0.024253
0.0472601
0.0210566
-0.0143726
-0.0160625
0.00996222
0.00287167
-0.0301697
-0.0215038
-0.0367972
-0.0204394
-0.00457893
0.0200254
-0.00943613
-0.0101629
-0.0485296
-0.0279804
-0.0286102
-0.00786553
-0.0236678
0.00302429
0.0166112
0.0983622
0.024776
0.0385515
0.135772
0.0112694
0.0748603
0.0111601
0.10441
-0.0157441
-0.0314216
0.0362662
0.151704
0.155736
-0.0806053
-0.128269
-0.00212391
-0.0314178
0.0445637
0.0861242
0.0635633
-0.0025152
0.0879551
0.0776697
-0.031656
-0.0830739
0.200033
0.133673
-0.00296016
-0.0334809
0.00790415
-0.0218171
0.0130361
0.0898308
0.0455909
-0.0919595
-0.00249543
-0.00908075
0.0178002
0.0484422
0.00421
0.0259737
-0.142397
-0.250973
-0.0576398
0.0753656
0.105111
0.103504
0.121957
0.165323
-0.0085006
-0.0169957
0.0220187
0.00707498
0.0314895
0.0349576
0.0367878
-0.067951
0.145314
0.181061
0.0136347
-0.0292502
-0.0116658
-0.0640131
-0.134805
-0.0125526
-0.0867491
-0.0158179
0.0468118
-0.0214149
-0.0757461
0.0344119
-0.0272715
0.0642578
0.220512
-0.0904294
0.284505
0.273612
0.203578
-0.014707
-0.123823
-0.066913
-0.0633456
-0.0497666
0.00694684
-0.0489814
-0.0186524
-0.0941489
-0.0350797
0.0746207
-0.0358349
0.101929
0.0665993
0.067178
-0.0164151
0.148046
0.068179
-0.326988
0.067719
-0.012547
0.28096
0.155155
-0.0490659
0.0255786
-0.238715
-0.000739524
-0.136222
0.163576
0.197327
0.172988
0.0987702
-0.18752
0.102528
-0.0348259
-0.0348967
-0.0368309
0.0111769
-0.0155617
0.223151
-0.0340792
-0.285176
-0.173294
-0.0826754
0.026096
0.101275
0.0419342
-0.0376295
0.0421166
-0.178033
-0.0128849
-0.0460474
-0.0159916
0.0298868
-0.0188506
0.0110162
0.0442421
-0.00206448
0.0404376
0.0144535
-0.0161377
-0.00353922
0.0406488
0.0413456
-0.0380027
0.0268036
0.0115497
0.00488013
-0.0244142
0.0463287
-0.0323231
-0.00949308
-0.039904
0.0411086
0.0420341
0.0282141
0.00153086
0.0391357
-0.0272359
0.000305733
0.049733
-0.0253081
-0.0207458
0.0476208
-0.0243842
0.0468353
0.0258205
0.0265017
-0.024894
-0.0274878
-0.0203423
-0.0193949
-0.0356666
0.00487158
-0.0177023
-0.0378143
-0.0231802
0.0218175
0.0411574
0.03746
-0.000791894
-0.0127305
-0.0244991
0.0316418
0.0411193
0.0151544
0.0180154
0.00678658
-0.00339188
0.0254648
-1.8487e-05
0.028392
-0.0474888
-0.000401831
-0.00106749
-0.0356521
0.00513936
-0.226261
0.115201
-0.117327
-0.0128255
-0.0212204
0.00997749
0.0343571
-0.0302244
-0.0441011
0.00972501
0.0272838
-0.0053395
-0.0569715
0.000212799
-0.0465264
-0.0326571
-0.0514679
0.000728165
0.0159336
-0.184995
-0.0779774
-0.0646503
0.0154448
0.0380858
-0.0249081
-0.0186947
-0.0741786
0.0471682
-0.0143
-0.0706385
-0.0649125
-0.027992
-0.0247166
-0.0364419
-0.0041575
0.0301709
-0.0550564
-0.0102525
0.0161294
-0.0357923
0.0252426
-0.11016
0.194621
0.144348
0.0269029
-0.00205338
-0.0773845
0.026018
-0.105937
0.0540934
0.0116694
-0.0158023
0.00516542
0.0716109
0.00224766
0.00646917
0.0325336
0.0213615
0.00533492
0.106726
0.0115105
-0.0366768
0.0400929
-0.0455556
-0.0459608
-0.0530352
0.0435609
0.0292673
-0.059652
-0.0253365
0.0467609
-0.0271913
-0.0128651
-0.0296291
0.0396405
0.0257183
0.00250216
0.0101668
0.0769107
0.026667
-0.0467575
0.0182899
0.00811773
0.0170883
0.0313835
0.0217993
0.0317381
-0.0231022
0.0632383
-0.0372382
-0.0862284
-0.0510399
0.0407665
-0.0132046
0.00947777
-0.0357295
-0.046829
0.00505648
-0.0108493
0.0385924
-0.0413946
0.03459
0.0632087
-0.0244961
0.0427386
-0.015346
0.0451486
-0.00290147
0.017525
-0.00654395
0.00893615
-0.0411924
0.0115629
-0.00229747
-0.0269868
-0.0374367
-0.0158316
0.00862151
-0.0442878
-0.0350013
0.0366822
0.0078349
-0.0382652
0.0188083
0.0303167
-0.00692376
-0.00229625
0.0365378
-0.0458954
-0.0177943
-0.0217616
0.0392144
0.00495072
-0.0653319
-0.0361857
-0.0179122
0.00958327
0.00523245
0.0370832
0.0414811
-0.0320359
-0.0430817
-0.0010795
0.0372545
0.0365716
0.0379834
-0.00905694
0.0259761
-0.0377365
-0.00120087
0.0431839
0.00738785
0.0443583
-0.0239917
-0.0324988
-0.00131362
-0.0618962
-0.0191273
0.0433353
-0.0113201
-0.0222651
-0.0222498
0.0163651
-0.0397594
-0.00626019
0.037985
-0.0106724
0.0270824
0.0327008
-0.0490542
0.0377912
-0.0085558
0.00876397
0.0283909
-0.0478428
0.00781046
-0.0328955
0.00420938
-0.0287791
0.000486433
0.0144234
0.0197378
0.0311488
0.0212535
0.0117386
0.0280651
0.00324719
0.0471568
0.0369128
-0.0365303
0.00665453
-0.0206489
0.0152263
0.00205931
-0.0349542
-0.0451526
-0.0353197
0.00937496
-0.0291735
-0.00641812
0.0268816
0.0456771
-0.0121168
0.0361569
0.0365994
0.040819
0.0413012
0.0102769
0.0346531
0.0172259
-0.0304087
-0.0155822
0.0148135
0.00877814
0.0157398
-0.0369225
-0.0329536
0.0164106
-0.00890585
-0.0162873
0.0378338
0.0374764
0.0265751
0.0303173
-0.0581563
-0.0229709
0.0415131
0.000612169
0.0430908
0.00489704
0.00792946
0.079885
-0.0479378
-0.0264476
0.0431937
-0.0289388
0.0529387
-0.00665319
0.0496184
0.0256635
-0.0407604
0.00679996
-0.011641
-0.0193317
-0.0162172
0.0264529
-0.0581186
-0.00245627
-0.0099328
0.0100807
0.032898
-0.02905
0.0239113
-0.0246329
0.00677109
0.0487654
-0.00922932
-0.030829
0.0231422
-0.0473165
0.0441127
-0.0142867
-0.0639471
-0.00591375
-0.0481525
-0.0362732
-0.0525304
-0.00894187
-0.00272927
0.0168426
0.0128809
-0.0425312
0.0135356
-0.0198917
0.00560282
-0.000353287
-0.0599423
-0.00503586
0.0481307
-0.0507723
-0.0233158
-0.0197543
0.0518003
-0.0181602
-0.0524419
0.0168486
0.0116872
0.0483679
-0.0219701
0.0390877
0.0127404
-0.0232748
-0.0414735
0.0415258
0.053435
0.0078139
-0.00159922
0.0696016
0.00107834
-0.0798186
-0.060476
-0.0295456
0.0371377
0.0411639
-0.0104043
0.000510061
-0.0323165
0.0076524
-0.044257
-0.0361252
-0.00435624
-0.0126993
0.0545749
-0.0195815
0.0314206
0.0237383
0.00049707
-0.029222
0.00404595
0.0585138
-0.00874348
-0.0485441
-0.0207988
-0.0102167
0.0315735
0.0783179
0.0239016
-0.0172124
-0.0010218
-0.0273848
0.064006
-0.0105668
0.0449931
0.0496118
-0.0182477
0.0259846
0.0221303
-0.0108333
-0.00937429
0.0270839
-0.0360014
-0.0226459
0.0737772
0.051854
0.00217408
-0.0211505
0.00561406
-0.0662764
-0.0286325
0.0031627
0.048202
0.0376294
-0.0325176
0.0324005
0.0463215
0.0323976
-0.00677858
0.0171091
0.0374751
-0.0225951
-0.00713322
0.019744
-0.00844188
-0.00541063
-0.0141718
-0.0289118
0.0200537
-0.0355022
-0.00805562
-0.0271601
0.0214883
0.0302361
-0.031872
-0.0266272
-0.0208285
0.0430863
0.0175339
0.0309358
0.0581132
-0.030125
0.0399092
0.00655537
0.000346216
-0.00722615
0.0392899
0.0461013
-0.0222097
0.000297291
-0.0142725
-0.00762087
-0.0466292
0.00780408
0.0457999
0.0426891
0.0117292
0.000999956
0.0446303
0.0015441
-0.0489874
0.0139379
-0.01464
-0.0073064
-0.0286604
-0.0162411
-0.0153985
0.000150498
-0.0120713
0.00835208
-0.00830233
0.0505256
-0.047317
0.0202177
-0.0287501
0.0186679
-0.0471449
-0.0471289
0.0404474
-0.0307985
-0.0205345
0.00124555
0.048007
0.027587
0.0587396
-0.0565474
-0.0143781
0.0196659
-0.0554081
-0.073989
-0.00813022
0.023591
-0.00458272
0.021443
-0.00375149
0.0117941
-0.203032
-0.157807
-0.204634
-0.0389324
0.0563971
0.065053
0.065603
-0.0874976
0.0138422
-0.0652278
-0.041194
-0.00403063
-0.03407
-0.0158791
0.0116637
0.0130277
0.0331852
-0.0207049
-0.0324967
-0.0103646
-0.0179919
0.0584466
-0.0251021
0.177693
0.123058
0.045059
0.00894111
-0.0981764
0.0655404
-0.0327073
0.0403467
-0.0517917
0.00186317
0.0274716
-0.0553271
-0.0473335
0.0197514
0.0845326
-0.0334871
0.0117058
0.131323
0.0133246
0.102077
0.00181175
0.0631246
0.037964
-0.0687566
0.0360343
0.0344113
0.034395
0.00874522
-0.0627858
0.0022007
-0.0761513
0.0291501
0.0360382
-0.0345093
-0.0290056
-0.00190949
0.0726481
-0.0274173
0.0429443
-0.0166428
0.0418867
0.0497854
0.00854737
-0.00283299
-0.0374275
-0.0504295
0.0211566
-0.0304349
-0.162411
0.0028324
0.0252804
-0.0157355
-0.0749064
-0.0643053
0.0498975
0.0403922
-0.00634923
0.0368337
0.00856694
0.0114997
-0.00134693
0.0259515
-0.0385849
-0.00748626
-0.017196
-0.023929
0.0345451
-0.0215656
-0.03859
0.00737712
0.000663583
0.0110806
-0.0391886
-0.0401574
0.0513341
0.0155198
0.0335247
0.0358874
-0.0317903
-0.0456153
0.0288044
0.0355972
0.0121292
-0.00150367
-0.0368275
-0.0359974
0.0511967
0.0241515
0.00874038
-0.0539846
-0.00446655
0.0169214
0.0223159
-0.0176754
0.0485958
0.109899
0.0916559
0.0584033
0.0524617
-0.0598715
-0.00940089
-0.00126075
0.0387047
-0.0455026
0.0410467
-0.0439909
-0.0471778
-0.0318896
-0.0474725
0.0207314
0.0181218
0.0409915
0.00675493
-0.0121833
-0.0116816
0.0149557
0.0259023
0.0274544
0.0469908
-0.0266386
0.00470044
-0.0211355
-0.00550817
-0.0125943
-0.0172054
-0.0454575
0.0403927
0.00551456
0.0240495
0.0106666
-0.0287415
0.00179805
0.00557156
0.0187516
-0.0140681
-0.00327054
-0.0296161
-0.0454203
0.00338107
0.0120014
-0.0157887
-0.012107
-0.0272136
0.0397919
0.0645622
0.0100089
0.00873997
0.0105996
-0.0421557
-0.00750108
0.00925996
-0.00380563
0.0701922
0.0362939
0.0311386
0.034444
0.00330098
0.0181855
-0.0129134
0.000748477
0.0305197
0.0213351
0.00783736
0.0381719
-0.00737917
-0.0109979
0.0405476
0.0481537
-0.0138482
-0.0197598
-0.0133815
0.0340896
0.0463819
-0.0470371
-0.00244245
-0.0272
-0.0206036
-0.0618307
0.0307276
-2.85342e-05
-0.0131386
0.108876
-0.023772
0.0293024
-0.042046
-0.0258732
-0.0362772
-0.00296689
0.0129705
0.0248396
-0.053931
0.0441658
0.053669
0.0313199
0.0528521
0.0156966
-0.030086
0.0152885
-0.00525658
-0.0297777
-0.0287852
-0.0826397
0.0134923
0.0908059
0.103462
0.0258819
-0.022711
0.0735891
0.0673291
-0.0186665
-0.0214636
0.00787318
0.0699749
0.0371535
-0.0219676
0.000160803
0.0256876
-0.0267004
-0.0335966
-0.0801877
-0.0931631
0.00760444
-0.107884
-0.0184437
0.028508
0.0146894
0.04121
-0.0164326
0.0040602
-0.0171828
-0.0299787
-0.0367506
0.0756931
-0.0231389
-0.0988788
0.00718881
0.0235746
-0.0035695
-0.048967
0.0201511
-0.0678091
0.104763
-0.0459804
0.0950881
0.0220171
0.0477823
-0.0415112
0.00111724
0.0224907
-0.0160361
-0.0267939
-0.0243513
-0.00357742
-0.0463882
-0.0490556
-0.0185373
-0.0109589
0.0339495
0.00619681
0.0198223
-0.0636192
-0.0168587
-0.0120856
0.0331157
0.0475079
-0.0368101
0.090926
0.074687
0.0115159
0.00140472
-0.0610833
-0.179396
-0.0295169
-0.0199658
0.135906
0.0119401
-0.0355635
0.0041959
0.0184617
0.0475226
0.0269191
0.184592
0.0317525
0.0805383
-0.0135881
-0.0834195
-0.0660563
-0.0669194
0.013862
-0.0386187
0.0667237
0.0726209
0.0266992
0.0130436
-0.0171626
-0.0617669
0.0659385
-0.0725645
-0.030359
-0.0313135
-0.0495443
-0.028082
-0.0420453
-0.0467656
-0.0041283
-0.0736424
0.0193542
-0.0136607
-0.035828
-0.0220337
0.0272391
0.0064711
0.042841
0.0287653
-0.0070696
-0.0309092
0.028561
4.67013e-05
0.0298226
0.00464381
0.010164
-0.0312376
-0.0032557
0.0467696
0.0169495
0.00373772
0.0273539
-0.0330615
-0.0262834
-0.0298987
-0.0391138
0.0374812
-0.00645266
0.0205778
-0.0459695
0.0129295
0.0373789
0.0124192
0.00105275
-0.0321891
-0.0293527
-0.0309311
0.00746171
-0.0190522
-0.0205185
0.0174867
-0.026077
-0.0250253
0.0376626
0.0402841
0.00448689
0.0116891
-0.0166779
0.019666
-0.0387847
-0.0155551
0.0464139
-0.0175747
0.0329448
0.0259488
-0.0155878
0.0126454
0.00365319
0.0465369
-0.0162073
0.0255286
0.0249225
0.0374548
-0.00472739
-0.0281214
-0.0347374
-0.0384934
-0.046708
-0.0111128
0.0140059
-0.0493752
0.044355
0.00928056
-0.0327791
0.0320109
-0.0151677
0.0608209
-0.0174721
0.0615066
0.0268938
-0.0212845
0.0126029
0.0548552
-0.052288
-0.0179088
-0.00835898
-0.0405884
0.0543905
0.0295338
0.00805773
0.00360484
-0.04564
-0.0494796
-0.0633859
0.0139989
-0.0336229
-0.000141967
0.0379851
0.00629717
-0.0193625
-0.000332376
-0.0349722
-0.0203732
-0.0320852
0.0385442
0.0377741
-0.054942
0.0390113
-0.0224851
-0.015794
-0.0475707
-0.0882293
-0.0113402
-0.0279617
0.0648517
-0.0428894
-0.00303116
0.00144999
-0.00374856
-0.0122468
0.0312826
-0.0316856
0.0308701
0.0167687
-0.061314
-0.0128763
0.000461356
-0.0448023
-0.00567672
-0.0344591
0.032871
0.032636
-0.0430281
0.0621004
0.024412
0.0168978
0.0153242
0.0129743
-0.0307298
-0.0219416
-0.0219511
0.0282851
0.0247228
-0.00582754
0.0401877
0.01035
-0.0571328
-0.0375142
-0.0436264
0.0345555
0.0507387
0.0122613
0.002738
-0.0319872
0.0425248
-0.0444839
-0.0184066
-0.0167944
0.0381739
0.000129302
-0.0296845
-0.0160131
-0.0242408
0.0034197
0.0340225
-0.0160456
0.0114778
0.0402925
-0.0398323
0.0424224
-0.0975734
0.0138237
-0.0225921
-0.0463702
0.0533204
0.0190171
0.0249093
-0.00580695
0.0451381
-0.0454846
0.0195157
-0.00603469
-0.0349404
0.00856046
0.000210917
-0.0133075
0.0165462
0.0320547
-0.00308776
0.0322725
0.0664629
0.0397695
-0.0349637
-0.0303877
0.0367838
-0.0387581
-0.0351426
-0.0294045
-0.0252612
-0.0176594
-0.0359362
0.0492717
0.021209
-0.0297901
-0.0396238
-0.0449061
-0.0634289
-0.0409164
0.0109132
0.0589976
0.0145906
0.0104534
0.0196719
-0.0240962
0.00170009
0.0633061
-0.00255685
-0.021388
0.00977976
-0.0336092
0.018366
0.0224504
0.017049
0.0172406
0.049948
0.00577832
-0.0441817
0.0413766
0.000204097
-0.0457155
0.0379552
-0.0151368
0.0101747
-0.0112323
-0.0160308
0.015969
0.00372416
-0.0236866
-0.0183376
0.00539188
0.000699452
0.0376878
-0.0129022
0.00143538
0.0433121
-0.0397805
-0.0171943
-0.00582231
-0.0370204
-0.0029471
0.0276411
0.0175655
-0.0212375
0.0201051
0.0312057
0.00173723
0.0241441
-0.0435892
0.000451518
0.00541413
-0.0146872
-0.0368306
0.0300298
-0.0453396
0.00619183
-0.0259173
0.00137367
0.0117192
0.0307352
-0.00350932
-0.0378426
0.0499068
0.0102073
0.00398498
-0.0186552
-0.00640164
0.0322752
-0.000882352
0.037712
-0.0139387
0.0267162
0.0280236
0.000782618
0.00982297
0.0192629
-0.0341292
0.0246576
0.0169611
-0.00749652
-0.00508911
-0.00277573
-0.000989058
-0.027374
-0.047611
-0.0156291
0.00136227
-0.0163435
0.0472648
0.0166191
-0.0201746
0.0168253
0.0465596
-0.00888414
0.0325301
-0.0519412
-0.0344291
-0.00925143
0.0243263
0.0340154
-0.0270533
0.0128095
0.0298244
0.00743275
-0.00160717
0.0375245
0.051025
0.0299486
-0.0363056
-0.00949046
0.0124005
0.0599202
-0.0121179
-0.0569248
-0.0473702
0.0457884
-0.00856453
1.56945e-05
-0.0385914
-0.0422868
0.0205372
0.0475527
-0.0287066
0.0458159
-0.00561679
0.0535355
0.0347013
-0.0291556
0.0378423
0.0470675
0.00342946
-0.038413
-0.0441186
-0.0255523
0.00890195
-0.0134201
0.0182429
0.0314693
-0.0234753
0.018031
0.0460825
-0.000236329
0.0524254
-0.0129788
-0.0419821
-0.0556818
0.0300354
0.0109247
0.0242027
0.027856
0.0397931
0.0373928
0.0385594
-0.0305727
0.0615788
0.0354759
-0.00934685
-0.0305796
0.0125883
0.0357775
0.0154617
-0.0148485
-0.00151977
-0.0310143
-0.0479654
0.0453355
-0.0439602
0.0714669
0.00445401
-0.0380779
-0.0191009
-0.023978
-0.042103
-0.0195913
0.0143516
0.0344759
-0.0351644
0.00143941
0.00782068
-0.0339687
0.0128569
-0.038622
-0.044604
-0.0269756
-0.0103347
-0.00587912
-0.039546
-0.000553411
0.0263072
0.0197171
-0.00567873
-0.0132138
-0.00483564
-0.0272925
0.0128722
0.0493472
-0.0153042
-0.0348706
-0.0375988
0.0149947
0.00835464
-0.00235418
0.0327551
-0.0393415
0.00609877
0.0116646
0.0278311
0.0238101
-0.0424632
-0.0159607
0.00868053
-0.00110805
0.0102644
0.0369429
-0.0157307
-0.0365034
0.00219962
0.0284651
-0.0339456
0.0421335
0.0176756
0.0270701
0.0106186
-0.0359699
0.00807335
-0.0113653
0.0287834
0.0456721
-0.0127349
0.0105024
0.0038264
-0.0284215
-0.036054
0.0284501
-0.0287101
-0.0118519
-0.0403363
-0.0329942
-0.0417159
-0.0347802
0.0206443
0.00819139
-0.0465619
0.023555
0.0122653
-0.0134479
0.0338048
-0.0262211
-0.00526304
0.0339778
0.0298307
-0.0112776
-0.0416665
-0.0370076
0.0369026
0.0394793
0.0426566
-0.0365549
0.0290102
-0.00274589
-0.0111067
0.016161
-0.0109949
-0.00182717
-0.0298742
-0.00607048
0.0107342
-0.0230167
-0.0479237
-0.00182335
0.00911963
-0.0383446
0.0374979
0.0259322
-0.0293934
0.0380989
-0.000932837
-0.0302705
0.0195734
0.0405492
-0.0359395
-0.0326742
0.0263147
0.0479553
0.0306174
-0.0531019
-0.0559506
0.0408147
-0.0268143
-0.0325594
-0.00616878
0.0151394
-0.0345709
-0.12074
-0.0501201
-0.058126
-0.0223902
0.0817553
0.0324955
0.0286356
-0.0197737
-0.0186372
0.0453676
-0.035654
0.0446258
0.0503138
0.0513378
-0.0765524
-0.0278341
0.00579332
0.0279128
-0.044311
-0.0132075
0.046378
0.0606484
0.0394301
0.124468
0.0748333
0.0674437
-0.0231038
-0.0764035
0.0380907
-0.0418738
0.027092
-0.017341
0.0380114
0.048869
0.031264
-0.00933312
-0.0396242
0.01198
-0.0314788
-0.0176425
0.0206151
0.0543129
-0.0433908
0.0157178
-0.0192329
-0.045159
0.0277729
0.0456403
-0.00644075
-0.0330324
-0.0311168
-0.0705194
-0.0354338
0.00621286
-0.0384525
-0.0125931
-0.0739008
-0.029171
0.017387
-0.0143856
-0.0322763
0.0309884
0.0429665
0.00125458
0.0618343
-0.0325472
0.0302219
0.049567
-0.0134793
0.0618805
0.0445631
-0.0138311
-0.0680606
-0.0667447
0.00798019
-0.0517758
0.0017738
-0.019409
0.0659145
0.00722841
-0.0124875
0.0336612
0.0125494
-0.0779726
0.0360358
-0.0205645
-0.0151156
0.0148049
-0.0348672
0.00321398
-0.00544931
-0.00385276
0.00455969
0.00439933
0.0352247
0.0132071
-0.0351
-0.042694
-0.0322203
0.00768373
0.0317547
-0.0217163
0.00193926
-0.00693033
-0.048658
-0.0231994
0.0493752
0.0273965
0.0188311
-0.00970159
0.00675013
-0.0033212
0.0240575
-0.014569
0.0644203
0.0165529
0.0336801
-0.0395319
-0.0237992
0.0180604
-0.0487146
-0.0584877
0.00373716
0.0529078
0.019124
0.00274825
-0.00796863
-0.039074
0.0172985
-0.0424606
0.0125334
-0.00208404
0.0348592
0.0441827
0.0554282
0.0415441
0.039924
0.0202261
0.0192691
-0.0478468
0.0299281
-0.0301188
0.0353865
-0.031974
-0.026732
0.0021242
-0.0115798
0.0372742
-0.0249325
0.00882862
-0.031715
0.023737
-0.0216049
0.00263429
0.0490925
0.00135241
-0.0257028
-0.0452405
-0.00253819
-0.0150296
-0.0183093
-0.0298848
-0.0134741
-0.0123842
0.0172078
0.0392084
-0.000283861
0.0507283
-0.0181287
-0.0217027
0.00376171
0.00677793
-0.00678249
-0.0420076
-0.0207364
-0.00433783
-0.00240392
-0.0407143
-0.0103366
0.0453994
-0.0259037
-0.0207362
0.00824693
-0.0276247
-0.0623933
-0.0137138
0.0495894
0.0424262
-0.0419512
0.0270384
0.0366115
0.0436106
0.0170357
0.0129572
-0.000169787
0.00355777
0.000619588
-0.00141955
0.00185942
-0.037477
0.0129709
-0.0438353
0.00113222
0.000241585
0.0188835
0.0321063
-0.00477205
0.0322182
-0.055111
0.0137228
-0.0217624
-0.0123628
-0.00218731
-0.0224721
0.0406788
-0.0437264
0.0516208
0.0380146
0.0203076
-0.00451175
0.0214811
0.0133103
0.0264011
0.0521724
-0.00645327
0.0298024
0.0603198
-0.022971
0.0244304
0.00806326
0.0333467
0.025348
-0.010952
-0.0114815
-0.0126428
-0.0397124
0.0274459
-0.0235919
-0.012637
-0.0281829
0.0107215
-0.0445197
0.00801144
6.90281e-05
-0.0135923
-0.0553132
-0.0376966
-0.0275576
-0.0221558
0.00855286
-0.0412689
-0.0109126
-0.0202292
-0.0149912
0.0289039
-0.0191976
-0.0147174
-0.025062
-0.0286739
0.00834521
-0.0227239
0.0164841
0.035047
-0.017184
0.0178064
0.00738733
0.0363948
0.0283443
0.0486577
0.033518
-0.035681
-0.012263
-0.022667
0.0296811
-0.0324653
0.0515452
0.0163425
-0.036188
0.0273842
-0.0437361
-0.00213791
-0.0381685
-0.00219195
0.0145735
-0.0498692
-0.0550397
-0.00427485
0.0373854
-0.0317628
0.00765535
-0.038566
0.0322255
-0.0219298
-0.0336853
-0.0361315
0.00350118
-0.0153018
-0.0182289
0.0141075
-0.0317399
0.0171762
-0.0307159
0.0366118
-0.0389266
0.054515
0.0497444
0.0205691
-0.0229132
-0.0346463
-0.0148534
-0.00159723
-0.00915345
0.00846189
0.00139472
0.0443406
-0.0357791
-0.0205617
-0.0244996
0.0389735
0.04984
-0.0710228
0.0101836
-0.0409846
0.0626119
-0.00568362
-0.029833
-0.0128325
0.00926015
-0.0634925
0.0084342
0.0328057
0.0390815
-0.0453513
-0.0141413
0.0325228
0.0257312
0.0251228
0.0325282
0.0102976
0.0458255
0.0471067
-0.0371817
-0.00961102
-0.0088148
-0.00308869
-0.0302348
0.00310782
-0.0227043
0.0177898
0.011694
-0.0136293
-0.0102386
0.0118787
0.023963
-0.0328568
-0.0339156
0.0323073
0.0400985
-0.0170958
-0.0195532
-0.0301794
-0.0233336
-0.0432923
0.0247742
0.0252304
0.00553818
-0.0363004
0.009344
-0.0200343
0.0327799
-0.0341424
-0.0336403
-0.00685407
-0.0322369
-0.00851211
-0.0433598
-0.0338601
0.0330526
0.0116197
0.0349046
0.0474878
0.0292535
-0.0230842
0.0309421
-0.0319945
-0.0417035
-0.0470076
0.0145102
0.031066
-0.0471001
-0.03049
-0.00227244
-0.0276271
-0.0315396
0.0123561
0.0442837
-0.0737252
-0.0253655
-0.0238704
-0.0158943
-0.0202517
0.0321123
-0.00736524
-0.0390218
-0.0100826
0.0104592
0.0119102
0.0225378
-0.012563
0.0156282
-0.00873765
0.0354153
-0.0342422
-0.0403155
0.0385269
-0.0438779
-0.0191108
-0.0439804
0.0228662
-0.013157
0.023734
0.0256854
0.0302189
0.018543
0.0322228
0.038855
0.0356401
-0.0327641
-0.0393562
0.0176233
-0.0436147
0.0112937
0.0492252
0.036523
-0.0519627
-0.00934594
-0.0100517
-0.00274082
-0.0626438
0.0249678
0.026163
-0.0229109
-0.0022915
0.0167332
0.0398531
-0.0013742
-0.000774091
-0.0274451
-0.0247244
-0.0282921
-0.0158183
0.000934629
0.0286301
-0.00343432
-0.0251324
-0.0198298
-0.00251449
0.0260585
-0.0338763
0.0263924
-0.0190618
-0.029922
0.0219819
-0.00591944
0.0507654
0.02061
-0.0436406
-0.0443559
-0.0319334
0.0258694
0.0325987
-0.0421604
-0.0333342
-0.00987543
0.0249027
-0.0514711
-0.00517366
0.0015304
-0.00784848
0.0383041
0.0285525
-0.0468547
-0.00971638
0.00426769
0.0471541
-0.00910526
-0.0533091
-0.0314471
0.0321073
-0.0302694
0.00240287
-0.0510884
-0.0287524
-0.0118831
0.00431315
-0.00548529
0.0189487
-0.0249598
0.0496157
-0.0109761
0.0419184
0.0167998
-0.00832813
0.0326294
-0.0487861
0.00558194
-0.0316332
-0.00104369
0.00512406
-0.0329683
-0.0272189
-0.0479114
0.0379408
-0.0127789
0.00245585
-0.0218165
0.00298741
0.024806
0.0166106
-0.0246844
0.00835249
0.0387643
0.016397
0.029457
-0.0242409
0.0532047
0.00389251
-0.0257058
-0.0388474
-0.0355471
0.0450151
0.00753374
0.0383741
-0.0338945
0.0569884
0.00909046
0.0168152
-0.013518
0.0221042
-0.0193603
-0.0187983
-0.0109802
-0.0199288
0.00123901
0.0102544
0.00845081
-0.0325871
0.0344748
-0.0340336
-0.0412551
0.0348454
0.0363156
0.037976
-0.00416888
-0.00270912
0.00662626
-0.0222771
0.0197217
-0.00895268
0.0328443
0.021765
0.00316055
-0.0204071
-0.0373123
0.0457557
-0.0282066
0.00435068
-0.0174378
0.035053
0.0225276
-0.0197425
0.0110679
0.0443942
-0.00946767
-0.0373205
0.009545
0.00931569
0.0186593
-0.029862
0.0140007
0.0331934
0.00969082
-0.0233242
-0.0311823
-0.0223999
0.0142253
-0.0177197
0.0343532
0.0233459
-0.0204779
0.0129667
-0.0170046
0.0310424
-0.0385203
-0.0239233
-0.0123169
-0.0283401
-0.0146835
0.0180119
0.0431014
-0.0524055
-0.0139954
0.0408977
-0.00775997
0.0338905
0.0060293
-0.0483633
0.0330812
-0.0426549
0.0344491
0.0182796
-0.0472929
-0.021837
0.00607644
0.0255738
0.0408981
-0.00539217
0.0553509
0.0169913
-0.00809456
0.0375031
-0.0417699
0.00555744
0.0563085
0.0487274
0.00996117
-0.000392513
0.0418099
0.0208501
0.00650904
0.0248244
0.0171946
-0.037954
0.0134369
-0.0322972
-0.0373921
0.0158606
-0.00340063
-0.0285355
-0.00328441
0.0131693
0.0125993
-0.0463755
-0.044151
-0.0332256
0.0363246
0.0198863
-0.0247087
0.00181686
-0.0143607
0.0124271
0.0201944
-0.0297577
-0.00182833
0.0111207
-0.0230556
-0.0278536
0.0370761
0.0109819
-0.0328672
0.0189652
0.00382214
0.0233258
-0.0156052
0.0316294
0.00382194
0.0240671
0.0130063
-0.0447216
-0.012371
0.0141447
0.0429729
-0.0354037
-0.0295144
-0.00655007
0.0193574
-0.0497378
-0.0308655
0.0409419
-0.0691445
-0.0281509
0.0185615
-0.00896982
-0.0395614
0.0164767
-0.0344548
0.0103011
0.0349124
0.0162213
-0.0622551
-0.00656661
0.00284628
0.0482011
0.0251854
0.00828917
-0.0221432
0.00992214
0.0338444
0.0184053
-0.0221112
0.0362697
-0.0480422
0.0058342
0.0102646
0.00875942
0.0215946
0.0310764
-0.0440666
0.0512857
0.0246436
0.0346186
0.00334303
-0.0203274
-0.00357023
0.0257134
-0.0171345
0.00138743
-0.0108281
-0.00981085
0.0206329
-0.0255596
0.0242993
0.0135572
-0.00562608
0.0362759
0.0412577
0.00363825
-0.0393915
0.0135187
0.0594041
-0.00179868
0.0201405
-0.0366801
0.0168221
0.0306556
-0.0542597
0.0142931
-0.045724
0.0450556
0.0112004
-0.0420222
0.0259789
-0.00573888
0.00484018
0.0441861
-0.045284
-0.00306027
-0.00234218
-0.0332796
-0.0203375
0.00696589
-0.0181234
0.00780208
-0.0414165
-0.037585
0.0451966
-0.0440627
0.0120404
0.0462331
0.0484146
0.0262888
-0.0441258
0.00258625
-0.0288156
-0.0411933
0.0187138
-0.0149601
-0.00735228
0.0282512
0.00842678
-0.00183162
-0.0215597
0.0461195
0.0375754
0.00462826
0.00710597
0.0134891
0.0445964
-0.0373037
-0.0370177
-0.040903
0.0244466
-0.0166495
-0.0289891
-0.0401672
0.0189365
-0.00168143
-0.00356384
-0.026123
-0.0141832
-0.0377073
-0.0109653
-0.0424114
0.0177332
-0.0361505
0.00667692
-0.0237419
-0.0487884
0.0373252
0.0138888
-0.0325971
-0.00763815
0.0444783
-0.0569008
0.0474155
0.0381059
-0.00663715
-0.0144248
-0.0411518
-0.025553
-0.0106307
0.0596735
0.00899456
-0.00850471
0.00706975
0.0247413
0.0307976
-0.00987469
-0.0895065
-0.034755
-0.0206411
-0.0207323
0.0280534
0.0290825
0.0322301
0.0513813
-0.0358588
-0.00355805
0.0447981
0.0121924
-0.0975869
-0.0655406
0.0181344
-0.0207797
0.0167421
-0.0691939
-0.0270597
-0.0622045
0.00412487
-0.0138652
0.0128646
-0.0131913
-0.0141774
-0.0266955
-0.0367639
-0.0013832
-0.0253172
0.0143391
-0.00228912
0.0331596
0.00715632
0.0549234
-0.0491508
0.0763042
0.0505172
0.0240717
0.0250527
-0.060832
0.0274903
-0.0880771
0.042975
0.0196238
-0.0356591
-0.0122827
-0.0278295
-0.0338659
0.0156047
0.0943294
0.0214103
-0.0485104
0.0906821
-0.0052992
-0.0197144
0.00560527
0.0371942
0.0233015
0.0327931
-0.0317733
0.0404953
-0.0553594
-0.0466996
-0.0257767
0.0165162
0.0202122
0.00743585
0.0280685
-0.046198
-0.0121969
-0.00298186
-0.0380594
0.0424702
0.0221832
0.00808026
0.0346584
0.0169659
-0.00323817
0.025685
-0.000968327
0.00141205
0.0345223
0.0190521
-0.0209894
-0.0573671
0.0350841
0.0386943
-0.059015
-0.0484923
0.0245107
-0.0347181
0.0375297
-0.0481768
-0.0462658
-0.0456033
-0.0202689
0.0304493
0.0487192
0.00808303
0.0581177
0.00769689
0.0233323
0.0405883
-0.0504179
-0.00821271
-0.0319239
0.0446268
-0.0295299
-0.0358167
0.00421996
-0.0360325
0.0018066
0.00229281
-0.0223719
-0.0457228
0.0318873
0.00311638
0.0054893
-0.0247822
0.0336828
-0.032304
-0.0434149
0.019135
0.0191527
-0.0422806
-0.0306304
-0.0364775
-0.028813
-0.0319781
-0.0220705
-0.0119947
-0.0111106
-0.0477635
0.0251434
-0.016401
0.0293041
0.00897714
-0.0436741
0.000838161
-0.0224207
0.0223407
-0.0289803
0.0287177
0.00220555
-0.0279501
0.0329239
0.0119776
-0.0460557
-0.0411049
-0.0134771
-0.00397021
0.0102053
-0.0473114
0.0517204
-0.00425992
0.0393023
0.0114597
0.0102108
0.0265104
0.0335904
0.0100319
0.0429358
-0.0103913
-0.0266728
-0.0202494
-0.0398534
-0.0380271
-0.00840881
0.00632539
-0.020883
-0.0434497
-0.0122251
-0.0117739
-0.0423199
-0.00123031
-0.0310578
-0.01707
-0.00505013
0.00902452
-0.0215684
-0.0304581
0.0122695
0.040472
0.0387112
-0.0475855
0.00772569
0.0232127
0.00715125
0.0252645
0.00159314
-0.025967
-0.00293425
-0.0235378
0.0134175
-0.0343934
0.0307908
-0.0238444
-0.00139317
0.00486656
0.0350429
-0.0355581
-0.00641338
0.0488602
0.0283558
-0.0391489
0.0450812
-0.0232486
0.0194602
-0.0018331
0.0463927
-0.0351753
0.00900761
0.0371375
-0.0316278
-0.0361634
0.0373977
0.00257456
-0.0142458
0.0162777
-0.033618
-0.0462865
-0.0012638
0.041081
0.0207587
0.00100881
0.0365645
0.00212714
-0.00376312
0.0393374
-0.0541385
-0.0417156
0.00487311
-0.0121341
-0.0503042
0.0410271
-0.0229837
-0.0108527
-0.046589
-0.0172871
0.00882486
0.0162729
-0.0471574
0.0518982
-0.0363201
0.00116433
0.0146913
0.0207139
-0.0167865
0.0319208
0.00848454
0.0332353
-0.0647934
-0.0478646
-0.0303222
0.0284597
-0.0433021
-0.0592724
-0.0220635
-0.0413451
-0.00535875
-0.0405189
-0.0370523
-0.00144168
-0.0190754
-0.019761
-0.0339479
-0.0249706
0.0346311
-0.0464374
-0.0176554
-0.0595314
0.0127582
-0.00668909
-0.0521017
0.0439797
-0.0312697
-0.0202881
0.0277267
0.0322328
-0.0116874
-0.0201571
-0.03251
-0.0348452
0.011647
-0.030645
0.045851
0.0366415
-0.0207998
0.00328523
0.0196344
0.0555297
-0.0173694
0.00345768
-0.0560096
0.0320073
-0.00334324
-0.00380213
0.0445696
0.0252366
-0.0287089
0.0169078
0.0112851
-0.00941116
0.00623746
-0.0072354
0.00256218
-0.0231135
-0.0161173
-0.00900235
0.0482197
0.0390066
-0.018625
0.0144552
0.013063
0.010807
0.00165089
-0.0131421
-0.0465827
-0.0042538
-0.0588975
-0.0369891
-0.0207978
-0.0338847
0.00370894
-0.0254077
-0.0407983
-0.0361586
0.00373989
0.0449371
-0.0101235
0.0308797
0.0378726
0.0528156
0.0528865
0.0383462
0.00626101
0.00899439
-0.0475371
-0.020861
-0.044856
0.0164444
-0.003362
-0.0422276
0.0436458
0.00338317
-0.0258104
-0.00877243
-0.00319667
-5.54343e-05
-0.0254873
-0.0152387
-0.00463555
0.0149513
0.0475911
-0.00971665
0.0358716
-0.0461366
0.0347416
0.0140766
-0.0088444
0.0263111
0.0222359
-0.0381367
-0.0370609
0.0251222
0.00868979
-0.0436599
-0.0150103
-0.0421512
0.0444658
-0.00876536
0.0565936
0.0323461
-0.00202473
-0.0441385
-0.00290962
-0.0215137
0.0215703
-0.0391184
-0.039389
0.0346279
-0.00699832
0.0439193
0.033171
-0.0315533
-0.0023909
-0.0314734
-0.0418648
0.0448593
-0.00219926
-0.0344429
0.0210721
-0.0398168
-0.0186322
0.036279
0.026234
-0.00877028
0.0396091
0.0345242
0.0262545
0.065595
-0.0556265
0.0172173
0.0275811
0.0183284
0.00996226
0.0338307
0.0358835
-0.0624076
-0.0304376
-0.00525975
-0.029592
0.0196664
0.0368543
-0.0214134
-0.0787034
0.00496932
-0.00906338
0.0201097
0.00879241
0.0199566
0.0458324
-0.0372203
0.0150299
-0.0224497
0.0379862
-0.0221338
-0.0905801
0.00395846
-0.081096
0.0209878
-0.0373079
0.0225389
-0.0209862
0.0369331
-0.00514333
-0.000357751
-0.0204858
-0.00265283
-0.0256073
0.0359411
0.00380485
0.0122847
0.0312437
0.026207
-0.0499214
0.0125371
0.0142436
-0.0109902
0.0154601
-0.00476664
0.0884268
0.00139609
-0.0140712
-0.0398606
-0.0055152
-0.0141167
0.0358509
-0.0355949
0.0218011
-0.01716
-0.0102659
-0.0481812
0.00386123
-0.0332681
0.0196358
0.048535
0.0189127
-0.0255218
-0.0342326
0.0296737
0.0230317
-0.023584
-0.00457141
0.0520672
0.010691
0.0328718
0.0370737
-0.0325885
-0.0365341
0.0380061
0.0406024
0.0376446
-0.047669
-0.0371459
-0.0473632
0.0556862
0.0500899
-0.0555712
0.00225311
0.0200994
-0.0150055
-0.0367966
0.00541038
0.0152074
-0.0181182
-0.00358933
-0.0462588
0.0086095
-0.00728233
0.00139296
0.0469772
-0.0166049
-0.0174042
-0.030825
-0.00448935
-0.00034323
-0.0481437
0.0356256
-0.0347081
-0.0220884
0.0350696
0.00595043
-0.0204041
-0.0121256
0.0124368
-0.0205244
-0.00578485
0.0236944
0.0238391
-0.0408344
-0.0136763
-0.0343771
0.0125084
0.0419347
-0.00406245
0.00160741
-0.0464845
-0.0438661
0.0230965
-0.0228312
0.0124035
-0.00680073
0.0245735
-0.0478311
0.0260587
-0.0335815
-0.00216795
0.0411639
-0.0258152
0.0387835
-0.0180507
0.0304674
0.0469823
-0.0139304
0.0152733
0.045442
-0.0291786
0.0216889
-0.0258855
0.00234472
-0.0116459
-0.0171413
0.041486
0.00364173
-0.0604355
-0.0159993
-0.00582032
0.043621
-0.0460466
0.0337862
-0.0286738
-0.0387351
-0.0422529
-0.0389403
-0.0183274
-0.0301239
-0.0420835
0.0284862
0.0254833
-0.0365917
-0.0156468
0.00288855
0.0119443
-0.0436459
0.0452844
-0.0102936
-0.0284949
0.0211734
-0.0435954
-0.0151153
0.0334506
0.0411538
0.0199091
-0.000689269
-0.0338782
0.00995965
-0.01178
0.0413963
0.0301851
-0.0433507
-0.0091789
0.0187424
0.00307159
-0.023432
-0.00930331
-0.0333494
0.00465973
0.0473472
0.0195697
0.00460257
0.022337
-0.0253377
-0.0361771
0.0472694
-0.0175913
-0.0215372
-0.0331537
-0.0336325
0.0312793
-0.0442186
0.012223
0.0242796
0.0401894
-0.039323
-0.0332945
0.0240219
0.0415409
0.00999332
-0.0110052
0.025671
-0.0358602
-0.0235851
-0.00559953
0.02754
0.00593355
-0.00628845
0.0295684
-0.0210685
-0.0241861
-0.0430711
0.00200946
-0.0301519
-0.0169452
-0.00609613
0.0159983
-0.0013512
-0.00875866
-0.00416069
0.0392816
-0.0638515
0.0131159
-0.0528178
-0.0179908
0.0192935
-0.00302074
0.0348845
0.055674
-0.000937448
-0.0241369
0.014609
-0.0392181
-0.0149941
0.0057856
-0.0556729
-0.0133859
-0.0298404
-0.00181567
0.0127667
-0.050432
0.0207929
0.0316363
-0.0110638
-0.0145192
0.0266532
0.00627318
-0.00034304
0.00234176
-0.00511776
-0.0508579
-0.0615742
-0.0332667
0.00894754
0.00855524
0.0442271
-0.0189426
0.0160502
0.0444523
-0.0120352
0.0321073
0.0403462
0.00875477
0.0258932
0.0147865
-0.0653828
-0.040492
-0.0174703
-0.000523953
-0.0231481
-0.0271069
0.0413682
-0.0126485
-0.0241985
0.00737259
-0.026934
0.0164567
-0.00624818
0.000743821
0.0363682
-0.013726
-0.0184051
-0.0435009
0.0247652
-0.0255158
0.0504169
-0.0139835
0.0250998
-0.0286919
-0.0032789
-0.0162457
-0.0451377
-0.0236458
0.0607069
0.0413398
0.0217048
0.0104894
0.0330621
-0.0483909
-0.0217777
-0.012859
0.00764934
0.0413882
0.0237196
-0.0520892
-0.00900673
-0.0100087
0.000347295
0.0176252
-0.0421202
0.0433108
0.026787
-0.00913657
-0.0518068
0.0179684
-0.0347826
-0.0285952
0.0408191
-0.00338217
-0.0360825
-0.0453848
-0.0275649
0.0164326
-0.0450171
-0.00154237
-0.0159992
-0.00550565
0.0380236
0.031273
-0.00512067
0.0089502
0.0392499
0.00547264
0.0484399
-0.0106797
-0.0390084
0.00605138
-0.0477786
0.0280497
-0.0406334
-0.0416666
0.0448651
-0.00230807
0.00870567
0.0463002
0.0285356
0.0361644
-0.0256028
-0.000901571
-0.0269402
0.0220392
-0.0182939
0.0232068
-0.0202335
-0.0299565
-0.0158732
0.0422515
0.0229324
-0.0272902
-0.0175465
0.0343925
0.0353149
0.00110971
0.0436781
0.00813065
0.0457833
-0.0148533
-0.0391712
-0.0191498
0.0136332
0.00361707
0.000729274
-0.0411547
-0.0465052
-0.00940713
0.0483199
-0.0230976
0.0351282
-0.00621491
-0.0458795
0.0345168
-0.0233058
-0.0166285
0.0144488
0.0445713
-0.0476694
-0.0212429
-0.0317036
0.0236469
0.0474367
0.0188117
-0.00818544
-0.000239747
0.0283867
-0.00385104
0.0155184
-0.0289467
-0.0375602
-0.0266429
-0.0216157
-0.0356822
-0.0236062
-0.0217713
-0.0417871
-0.011409
0.00978676
0.0181282
-0.0215852
-0.0117406
-0.00644729
0.0369692
-0.0277574
-0.0389623
0.00917122
0.0203337
0.00302452
0.0058255
-0.00576159
-0.00977647
0.0242553
0.00921055
-0.0340699
-0.0219863
-0.0247319
0.0375565
-0.0103609
0.0561542
0.0253338
-0.00458203
0.0133659
0.00717283
-0.0346474
0.00399785
-0.00687079
0.0251347
0.0373935
-0.00516382
0.0223259
-0.0358654
0.0127762
-0.00733028
-0.010693
-0.0462515
-0.0474254
0.0408714
-0.0214652
0.00345962
-0.0396448
-0.000848414
-0.0252916
0.010178
-0.00653614
-0.0515242
-0.0108904
-0.0393373
-0.0218134
0.0364599
-0.0496878
-0.0247199
-0.0223267
0.00837915
-0.0354581
0.0324512
0.0105397
-0.0285857
-0.0556652
-0.0101876
0.0425152
0.00968838
0.0370056
0.0185731
0.0318782
-0.0343609
0.0125218
0.0175651
0.0342371
-0.0420632
-0.0481769
0.0360981
-0.0437823
0.04141
-0.0421278
-0.0213705
0.0144737
-0.00584735
0.0496612
0.0374236
-0.00813541
0.0263207
0.0283216
-0.0471871
0.0473148
0.0152612
0.0417849
-0.0103742
-0.020952
-0.00314276
-0.0361223
0.034703
-0.0175258
-0.0582337
-0.00442336
-0.0470512
0.0296573
-0.0243178
0.0512709
-0.0560898
-0.000671816
0.0115596
-0.011845
-0.00275338
0.0320964
0.0151395
0.01992
-0.0246302
0.0164479
-0.00853293
-0.022212
0.0217108
0.041726
-0.000633112
-0.0345495
0.0401543
-0.0298885
0.0156742
-0.0166288
-0.0262984
-0.0112261
0.0394511
0.0153901
-0.0195837
-0.0258568
-0.0839287
0.0383704
0.029584
-0.00322416
0.0252467
-0.0355816
-0.0305759
0.00730793
-0.0419193
-0.00415315
0.0560023
-0.00302758
0.0621831
0.0356798
-0.0272725
-0.0213177
-0.016547
-0.0247363
0.00868993
0.0400381
-0.0469959
-0.00722119
-0.0148971
-0.0450741
-0.0433809
-0.0347573
0.0335399
0.0352194
-0.0242214
0.0158752
0.033963
-0.0062923
0.0432413
0.0252212
0.0417936
0.0523363
0.0259216
0.0281792
0.00923555
-0.0406651
0.0454371
-0.0322855
-0.02389
-0.0151951
0.0403129
0.0273668
-0.0356921
-0.0354762
-0.00838642
-0.038355
-0.0314108
-0.00403109
-0.0128537
0.0350631
0.0185464
-0.0162673
-0.0170412
0.0394033
0.0300588
-0.00693191
-0.0185983
-0.0209944
0.0287777
-0.0345799
0.0353168
0.00780171
0.00634729
-0.00727892
-0.0271914
-0.00224616
0.0132124
-0.0298903
0.0389796
-0.0211077
0.0126255
0.0373641
-0.0249864
-0.0065471
0.0289583
0.0246832
-0.0209656
-0.00491507
0.0285054
-0.0157086
0.0164682
-0.0228307
0.0357138
0.0458445
0.0301765
0.021598
-0.0195746
0.0438473
0.0305531
0.0104878
-0.0328614
0.0214672
-0.0503258
-0.0436469
0.0215475
-0.0138673
-0.0172982
0.0220594
0.00809553
-0.0264363
0.0496314
-0.0557325
-0.0121457
-0.0139637
-0.0352659
-0.00760054
0.0341376
-0.00451977
0.0339216
0.0403211
-0.00947385
0.0150377
0.0100384
-0.0115418
0.00321713
-0.00979261
-0.0287313
0.0288978
-0.0219593
0.0428483
0.0241796
0.0242342
-0.0219229
-0.0143017
-0.0378255
-0.0091537
-0.0150873
0.0401692
0.0309906
-0.0231876
-0.0459885
-0.0362995
0.0068986
-0.0356324
-0.040838
0.0145703
0.0212033
0.0109988
0.048465
0.019662
0.00849055
0.0360047
-0.0251082
0.0117044
-0.00478891
-0.0631635
0.0298847
-0.0290336
0.00694541
-0.0138805
-0.00525596
0.0194324
0.0559929
0.0212149
0.00410249
-0.0278842
-0.0150127
0.0262877
0.0152984
0.00513722
0.0188609
0.0366692
0.00745039
0.0113235
0.000166006
0.0414882
-0.00866052
-0.0344119
-0.0135785
-0.0383071
0.0345583
-0.0211896
-0.0312628
0.031432
0.032459
-0.0264053
-0.0378221
0.0201519
-0.0015177
0.0412256
-0.0276075
-0.036123
-0.0133524
-0.040898
0.00553268
-0.0361175
0.000561547
0.0242377
0.0164691
-0.0284068
0.0020824
7.16831e-05
0.0118088
-0.0313157
-0.0537612
-0.0657203
0.0153502
-0.0567834
-0.0265225
0.0234937
-0.00771123
-0.0471694
-0.0422859
-0.00610287
-0.0285849
0.0543966
-0.0177747
0.0270737
-0.00728898
-0.0140498
0.00701735
0.0228461
-0.025276
-0.0483496
0.0416145
0.0348908
-0.0072582
-0.00905533
-0.0187791
-0.0049054
0.020025
0.0289781
-0.0428117
-0.0308332
0.0229029
-0.0376311
0.00605111
-0.00810126
0.0150481
0.0431784
0.0337401
0.00705967
0.0370737
0.020794
0.0375273
0.00967275
0.0110099
0.0381531
0.00126325
0.0434142
-0.029668
0.0396926
-0.0420463
0.0192926
-0.0162878
-0.0167365
0.00249655
-0.0089852
-0.0361635
-0.0474601
0.0409556
0.0274666
0.0141274
0.00240439
0.0433089
0.0265257
-0.0412741
-0.0438441
0.00450961
-0.0223531
-0.0117793
-0.0408731
0.0447108
0.0486197
0.0143259
0.00992203
0.00138968
0.0364707
-0.0363653
0.0270811
-0.00991163
0.0441706
0.00269864
0.0294923
0.0277635
0.0511906
0.0110539
-0.0211963
0.00686199
-0.0245803
-0.0356567
0.0448326
0.00454357
0.0197615
-0.0175
-0.00348061
-0.00571919
-0.0310832
0.0450725
-0.0420577
0.140898
-0.00404088
0.0181627
-0.0381052
-0.00212604
-0.0293942
-0.0345277
0.0571686
0.027964
0.0351496
0.0145797
-0.0290403
-0.149417
-0.0931282
-0.00773485
-0.00685413
0.0894316
-0.0571677
0.0216239
-0.0653722
0.0486627
-0.0448588
-0.0789257
0.000488763
-0.00671077
-0.0389584
-0.0921456
-0.0177459
-0.0143585
-0.0535557
-0.0353011
0.068735
0.0107593
0.035926
-0.11987
0.201962
0.0554932
0.0680973
-0.0542638
-0.0372863
0.0620666
-0.0545415
0.106743
0.0147122
0.0431454
0.0948838
0.0623656
0.0810445
0.0338842
-0.0167436
-0.00410841
-0.0528973
0.0559553
0.0743526
-0.0132049
0.00176276
0.0561484
-0.00454661
0.0301264
0.0814431
0.00598621
0.0549399
0.0018973
-0.02113
0.0242657
-0.027456
0.0389576
0.0474479
0.0658387
-0.062329
0.00653106
0.066115
0.0524515
0.00668816
-0.0332485
-0.00870424
0.0427887
0.00932531
0.0117397
0.00911892
-0.00323705
0.0445962
-0.0400951
-0.0110697
-0.0811627
-0.0235772
0.0411721
-0.00510767
-0.0210131
-0.0256644
0.0216805
0.0202755
-0.0222145
0.0278302
-0.0588409
-0.0709717
-0.0143485
-0.0480923
-0.0148175
-0.0508355
-0.0436782
0.0291946
-0.0156262
-0.00666114
-0.0188388
-0.0410021
-0.013498
-0.0204986
-0.0106376
-0.0133682
0.0094206
0.00856213
0.0408619
0.0481977
-0.049049
0.0005213
0.0234532
-0.0215698
-0.0434863
0.0127916
0.0849833
0.0522141
0.0330812
0.0221513
-0.0465827
0.0169622
0.0876012
0.0185243
0.0394907
0.0312828
0.0786508
-0.00285026
-0.0240332
-0.0294811
0.0341032
0.0189476
-0.0294153
0.00236494
0.0286018
-0.00393843
-0.00411396
0.0167196
-0.00438523
-0.0311081
0.0144617
0.0226135
-0.00176981
-0.0190203
-0.0128562
0.0548661
0.0177908
0.00399072
0.0419256
-0.0141475
0.00520878
-0.00857955
0.0275796
-0.0174402
-0.0320193
-0.0320861
-0.0134043
-0.0364821
0.043591
-0.030139
0.0135831
-0.0287959
-0.0209525
-0.0283422
0.0345767
-0.0282179
0.0384405
-0.0261972
-0.0146348
-0.0466581
-0.0278584
0.0481964
0.0199664
-0.0113013
-0.00808814
0.0650402
0.0372095
0.00256216
0.0434539
-0.0247957
-0.00617716
-0.0298343
0.0491174
-0.0265023
-0.0388234
0.0464473
0.0015931
-0.0292497
0.0400165
0.00322095
0.0241263
-0.0192307
-0.016825
-0.0174762
-0.00197814
0.0172858
0.0352399
0.0287767
0.012531
-0.0132844
0.00985732
-0.0085715
-0.0350357
0.0193315
0.0368176
-0.00569302
-0.0529276
0.0398572
-0.017834
-0.0409611
0.0209743
0.0259316
0.0659464
-0.0378416
0.0294899
-0.0570754
-0.0494328
0.0147334
-0.0133252
0.0186065
0.0321774
0.0519759
0.0419285
0.0652572
0.0527763
0.0354735
0.0220024
-0.0346029
0.061276
0.0339047
0.0188292
0.0159874
-0.0656496
-0.00688212
0.0797344
0.0756165
-0.0480142
-0.0103112
-0.0333961
-0.0153807
-0.00814784
0.0335288
-0.00856804
0.0418954
0.00923046
-0.0396319
0.00985978
-0.0262648
0.0232691
0.0441576
-0.0544557
-0.0630251
0.0288682
-0.0334816
0.0347295
0.0365467
0.0232183
0.0135557
-0.0560042
-0.0545385
0.0221694
0.028026
0.003431
0.0650346
-0.0425556
-0.0486932
-0.0093785
0.0126507
0.00633945
-0.057573
0.0226813
-0.0323507
-0.0572551
-0.00542933
0.0252712
0.0177911
-0.0155916
0.00554049
-0.0368788
0.0261984
-0.0131101
0.0689957
-0.00566559
0.0202244
0.044542
-0.0503236
-0.02793
0.0175926
-0.00623791
-0.0406758
-0.0330735
0.00588893
-0.0374603
0.0169447
0.0209193
0.0172214
-0.0214048
0.00520463
-0.0184497
-0.0445849
0.0489892
-0.00690528
-0.0461981
-0.0406356
0.0119963
0.0114207
0.00148226
0.0540988
-0.049044
0.00285341
-0.019081
-0.0479127
-0.0246634
-0.030235
-0.0248479
-0.017606
0.0315585
-0.0309
-0.0491277
-0.00377195
-0.0298189
-0.00663027
0.00198687
-0.0341577
0.0442657
-0.0587955
-0.0549596
0.0472101
-0.0655821
0.0169985
-0.0353773
0.0433765
0.0218204
0.0213759
0.0422537
0.0467415
-0.0428078
0.0155857
0.0381932
-0.0323448
0.0148275
-0.00235686
0.0321523
0.0248998
0.006303
0.00524009
-0.00378202
-0.0475897
-0.00123084
-0.000689749
-0.0312063
-0.0206067
-0.0185199
-0.0420261
0.0489578
0.0306579
0.0385782
-0.0342379
0.0466591
0.0355163
0.0478198
-0.00597779
-0.0228419
-0.0252815
-0.027266
0.0097385
0.0479658
0.0536071
-0.0429557
-0.0244606
-0.0225269
0.0468522
0.0209851
0.00391662
-0.0241205
-0.00176067
0.0412278
0.0328025
0.0263482
-0.042187
0.0204537
0.0144397
0.0510862
0.044629
0.0439759
-0.0190543
-0.0302609
-0.0389319
0.0255968
0.0293914
0.00439706
0.0144625
0.014843
0.0426334
-0.0187468
-0.00334984
0.019844
0.0198767
0.061
-0.0302358
-0.0130671
-0.0314625
-0.0205966
-0.00712206
-0.0843192
0.0415253
-0.0147359
0.0343495
0.0299641
-0.0377981
0.0413797
0.141319
-0.0303817
0.0198921
0.0260194
0.0269141
-1.8894e-05
0.0384661
0.0204875
0.0316208
0.000334822
-0.00452979
-0.0127744
0.168573
0.0137581
0.02905
-0.0155497
-0.0610938
0.0461095
0.0213543
0.00216654
-0.0362303
-0.017879
0.0243406
0.00294736
-0.015511
0.0477143
0.0021228
-0.0236325
0.00834275
0.0109106
0.0297377
0.00169694
-0.00583167
-0.0078308
0.0410223
-0.085122
-0.119004
0.0736148
-0.0533651
0.0915712
-0.0297414
0.0557788
-0.0296314
-0.0198708
0.002878
0.0569735
0.0077518
0.0811124
0.0450712
0.0130357
0.00233465
0.0352306
0.0194074
0.0141558
0.0303697
0.0454509
0.000251523
0.00857466
0.059003
-0.0177964
0.037344
0.069516
0.0014958
0.0277582
0.0599205
0.0405725
-0.0404641
0.0362408
0.014131
0.0618063
0.0592913
-0.0377724
-0.0570464
-0.0195302
-0.0590626
0.00101387
0.0194261
-0.0385303
-0.000910895
-0.00615135
-0.00639899
0.0239775
0.00248251
0.00833186
0.00919219
0.0241468
-0.0281779
-0.0292954
0.0103418
0.0231969
0.0672283
-0.0395818
0.00459625
0.0219535
0.0478548
0.0253955
0.0282148
-0.00409679
-0.0489575
-0.0209769
0.0110925
0.0263601
0.0651868
0.00127459
0.0271245
0.0154608
-0.00785557
0.00565102
0.016125
-0.028221
0.0175991
-0.000227554
-0.000285245
0.00812319
0.0301574
0.0762277
-0.0113255
-0.0169745
-0.00967477
-0.0213775
0.0365061
-0.047281
-0.0117764
-0.00819058
0.0160936
0.0199295
0.0694729
-0.0272176
-0.00799384
-0.000164276
-0.0306426
-0.00703224
-0.0313422
-0.10199
0.036668
-0.0231837
0.00918547
0.0146377
-0.039804
0.0259532
0.0265737
-0.00583122
0.00744547
-0.026489
-0.00480595
0.0385794
-0.0262575
0.00875176
-0.00295245
-0.026516
0.0321461
0.0200489
0.04796
0.0265371
0.0278971
-0.00809368
0.0390914
-0.0411237
-0.0171584
-0.036858
-0.0125955
-0.00243404
0.0486062
-0.0131851
-0.0211282
-0.0105954
0.0325111
-0.0308912
0.0386735
-0.0100371
-0.0119334
-0.00159857
0.0464168
0.00630553
0.0060565
-0.0437383
0.0162812
-0.0377465
0.0328792
-0.0151694
-0.0232096
-0.0345219
0.01058
0.0179322
0.00378347
0.0231523
0.0410134
-0.0325433
0.00449797
0.0346143
-0.0251629
-0.0186932
0.0300494
0.0330355
-0.0171304
-0.0320856
-0.039285
0.00348621
0.0198468
0.0201008
0.00530492
0.0339206
0.0206511
0.00204997
0.0133822
0.0219914
-0.00670585
-0.0117993
-0.0187037
-0.0316427
0.0302889
-0.00381308
0.0177231
-0.00044734
-0.0453591
0.0457372
-0.00735349
0.0321685
-0.0211328
-0.0683501
0.0230697
0.0231169
0.0240685
0.00638042
-0.108469
0.0332896
0.0274132
0.0108464
0.0466845
0.0372051
0.0332514
-0.0544556
0.0291305
-0.00238968
-0.0117425
0.0523148
0.00321645
-0.0021406
-0.0175667
0.0148537
0.0261308
0.00176889
0.00878457
-0.0201812
0.043005
0.00964775
-0.0451556
0.00576794
-0.00342962
0.0274417
0.0186335
0.0171188
-0.0397565
-0.0258395
0.0486651
-0.000204424
-0.0108147
-0.00387769
-0.0201379
-0.0108872
0.0372544
0.00927492
0.0148085
-0.0253584
0.0432129
0.00478506
-0.00410048
-0.0236331
0.0237736
-0.00661216
0.00554781
-0.0249566
-0.0154374
0.0339789
-0.0120579
-0.0572372
-0.0117662
-0.00834736
-0.0262578
-0.0440433
0.0183438
0.0740587
-0.006372
0.0460121
-0.0257509
-0.0195222
0.0714484
-0.0491668
0.0295503
-0.0155612
-0.0542982
0.0410797
0.0188503
-0.0172162
-0.00139456
0.00112638
0.013067
0.0322476
-0.0190206
-0.00635246
0.0295295
0.000685998
0.0076364
0.0121341
-0.0266584
0.0511795
0.0410577
-0.0245063
0.0647407
0.0540467
0.0347098
0.0166385
-0.0530214
0.0810954
-0.00563664
-0.0236227
0.0110345
0.0351579
-0.0582555
0.0483642
-0.0101666
-0.0411904
0.00598383
-0.0023339
0.0247053
0.0307163
-0.0260895
0.0212511
0.00311862
0.0420724
0.00539062
0.0266269
0.0090201
0.0615123
0.0321592
-0.049495
0.0136547
0.0088997
-0.0401541
0.0224105
-0.00567885
-0.0138919
0.00451588
-0.0184978
-0.030841
-0.0293674
0.0427563
0.0127818
0.040229
0.0467074
-0.0261952
-0.0153006
-0.0231251
-0.0439272
-0.000555133
0.0458719
0.0268425
-0.00671076
-0.028834
-0.0480898
-0.00414482
-0.00877027
0.00322824
0.0380759
-0.0437236
0.0227121
-0.00304187
-0.0373853
-0.0308477
0.0225128
0.0193286
0.0248714
-0.0251876
0.0285117
0.0356134
-0.00404826
-0.0261203
-0.0213693
0.0429772
0.045578
-0.00444149
0.0204921
-0.00174885
0.0364104
0.0175706
0.0200853
-0.0214045
0.00982792
-0.042079
-0.0449627
-0.0170881
-0.0390575
0.0348041
0.0273227
0.00793
-0.00877974
-0.0127125
-0.0376408
-0.00622975
0.0306926
0.0431439
0.0245638
0.0310692
-0.0392604
0.0227803
0.014315
0.0196998
-0.0152255
-0.0615755
-0.0272751
0.0232942
0.0103781
-0.0379422
0.0179907
0.0364069
0.105068
0.0433033
0.00257595
-0.0377144
0.0278469
-0.0328701
0.0394876
0.0704906
-0.00331832
0.0232168
0.0419956
-0.00466595
-0.107968
-0.0539298
0.0171154
-0.0475588
0.0592023
-0.00552298
0.00141484
0.0166225
-0.00633823
-0.00292037
-0.0225748
-0.035709
0.00697848
0.015304
-0.0475352
0.0219509
0.0429583
-0.0286967
0.00765658
-0.0269067
-0.0261629
0.0460977
-0.0241181
0.149287
-0.0446174
0.111272
-0.00770371
0.0193795
0.0880473
0.030709
0.0225687
0.046957
-0.0320123
0.0453788
0.0682812
-0.0114092
0.04729
-0.0232814
0.0451533
-0.0527172
0.0353651
0.000258764
0.0667261
0.0194376
0.0378864
0.0450474
-0.0106002
0.0403915
-0.0168244
0.0671847
0.0525536
-0.0413705
0.00385373
0.0399488
0.017958
0.0232434
-0.0261252
-0.0523895
-0.0420933
0.0527499
0.00609245
0.0213656
0.0506103
-0.0438451
0.0385604
-0.0150585
-0.0299977
0.0303217
-0.0126357
0.0276096
0.0186515
-0.000644468
-0.0381356
-0.0722799
0.0123407
-0.0549546
0.0239292
0.0423777
0.0496865
0.0244802
-0.0478149
-0.0322654
0.00768303
-0.0268878
-0.042596
0.0125282
0.0406772
-0.0154039
-0.0531626
-0.0182051
0.0326287
-0.0389125
-0.0390668
0.00631078
-0.0128369
-0.00241047
0.0229831
-0.039564
0.0209423
0.0122567
0.047385
0.00751408
-0.0174269
-0.055308
-0.00438211
0.0102506
9.53684e-05
-0.00258567
0.0890759
-0.00365647
-0.0241412
-0.0172337
0.0135386
0.0386623
0.0900409
0.0478383
0.00820045
-0.0115773
0.0364556
0.0407342
0.0129492
0.0652155
0.0209702
-0.00388999
0.00278976
0.000185119
-0.00032899
-0.00632415
-0.000724871
-0.0241129
-0.036698
0.000559458
0.0182799
-0.047965
0.0625168
0.0182456
0.0366118
0.0444181
0.00889186
0.0291746
0.0317365
0.0276996
0.0139933
-0.0266016
0.0221124
0.0454495
-0.0451794
-0.0188602
0.0442761
0.0186486
0.00369076
-0.00802877
-0.0106448
-0.0481995
-0.0424318
0.0125361
-0.0125324
0.0391509
-0.000161462
0.0183969
0.034158
0.0470246
-0.0231525
-0.0474335
-0.0520832
-0.035256
0.000638806
0.035867
0.0138845
0.0291289
-0.014256
0.0343567
-0.0143305
0.0486382
0.0354442
0.0232602
-0.0435084
0.0150121
0.040322
0.0267607
0.0428807
-0.0415901
0.0116217
0.0106105
0.016821
0.0226242
-0.0273787
0.0209307
-0.0330824
-0.00925243
-0.0289084
0.000553883
0.0121024
-0.0163519
-0.0348878
0.0120935
-0.003959
-0.00711442
-0.0049648
-0.0343287
-0.012864
-0.00690805
0.0157079
0.0162653
0.0749827
0.0355531
0.027292
-0.040671
-0.0470736
-0.0211999
-0.00340414
0.0647099
0.0532509
0.0824975
-0.027814
-0.00320833
0.00176255
0.0133069
0.0031195
0.0308636
0.0246465
-0.00699456
-0.0186898
-0.0138365
0.0056692
0.0401978
-0.00266115
0.0120248
-0.0223656
-0.0420589
0.0236416
0.0443857
0.0606057
0.0213893
-0.0147153
-0.0079772
-0.0238778
0.0197504
-0.0558054
0.0555517
0.0403199
0.0352975
-0.0359156
-0.0710196
0.0408985
-0.0102313
0.0411704
-0.0402635
-0.0142303
-0.000140192
-0.0181739
0.0113388
-0.0365872
0.0263158
0.0172019
0.0382632
-0.0415611
-0.0388993
-0.0549948
0.0120897
0.0396029
0.021809
0.0373586
-0.0577913
-0.0467266
-0.018076
-0.0216814
0.0306953
-0.000810396
-0.00679091
-0.0295054
-0.00137346
-0.0313815
-0.006921
0.000159205
0.0218019
-0.0410888
-0.000842014
-0.00240746
-0.0393428
-0.048044
-0.0054855
-0.0613981
-0.039019
0.00863492
0.0345806
-0.0089609
-0.0388118
-0.0532619
0.0394639
0.00441234
0.056753
0.00174117
-0.00448879
-0.0441277
-0.00933798
0.0107187
-0.0144307
-0.00423279
-0.0448583
-0.0434901
-0.0259912
0.0340045
-0.00736318
-0.00221837
-0.0197501
-0.0313532
0.0324594
0.0112368
-0.0376066
-0.00478429
0.0282214
-0.028562
0.00351501
-0.0300743
-0.0391048
-0.0120761
0.00864173
-0.0497524
-0.016881
-0.0731516
-0.0242289
0.012173
-0.0434799
-0.00384256
-0.0477688
-0.0325805
-0.0311828
-0.00245167
-0.039506
0.0213581
0.0238491
-0.0208384
0.0302809
0.0247119
-0.0415482
0.0242574
0.0117106
-0.0030178
0.0459805
-0.000184738
0.0122346
0.0264717
0.02617
0.0298071
-0.016885
-0.0240821
0.0210996
-0.0404394
-0.0328682
0.0419721
0.0224195
-0.0112163
-0.0307224
-0.00873562
-0.0361877
-0.0104916
0.00590669
-0.0296964
0.00115151
0.0173874
-0.04189
0.0458049
-0.0130465
0.00978659
-0.0065195
-0.0349855
0.01502
0.0271137
-0.0269138
0.0405452
-0.00902816
0.0172846
0.0397928
0.0368892
0.0320938
-0.0270973
0.0327319
-0.0206172
0.0343535
0.0228859
-0.012449
-0.0437025
-0.0469558
-0.0125428
-0.0157138
0.0481345
0.0327196
0.0309629
-0.0600332
0.040836
0.00853492
0.00885727
0.024661
0.0353573
-0.0291917
-0.0352715
0.0548285
0.0121985
0.0192647
0.0444533
0.0391149
0.0251405
-0.0240893
0.0145824
-0.000841803
-0.0541173
-0.00405198
-0.00240398
0.0270228
0.0170384
-0.00655905
0.0303761
-0.00462887
-0.00748252
-0.127243
-0.0885192
0.0147537
-0.00185471
0.0201423
-0.0614116
0.0123534
0.000443256
-0.0642844
-0.0558172
-0.0217346
-0.0613412
-0.0671228
-0.0132081
-0.0423547
-0.00249936
0.0446778
-0.0599369
-0.054908
-0.0354912
-0.0385439
0.0433354
-0.0607059
0.0971608
0.072896
0.0477367
0.0210504
-0.0223779
-0.0550154
-0.071987
0.00568324
-0.000494022
-0.0321571
0.0179682
-0.0324261
0.0198218
-0.0253142
0.0807339
0.0491177
-0.0293301
0.0950814
0.0321654
0.0150529
-0.0152596
0.0210043
0.00698179
-0.0264925
-0.0219636
-0.01397
-0.0529659
0.0397337
-0.00798875
-0.0174246
0.0600258
0.0224438
0.00191696
0.0192682
-0.0387614
-0.058933
0.0536855
0.050135
-0.0409038
-0.00696172
0.00222294
0.0216421
0.0291086
-0.00863209
-0.031114
0.0282562
-0.0337673
0.0171393
0.00455919
-0.0141426
0.0317229
0.012289
0.00496901
-0.0474326
-0.0401564
-0.0162522
0.0406759
-0.012481
-0.0396633
0.000584812
0.00845972
0.00809225
-0.0324853
-0.0221081
-0.00710585
-0.00352021
0.0293824
-0.0595457
-0.0321862
-0.0472597
-0.058958
-0.0369969
-0.0198797
-0.0414661
-0.0223538
0.00283771
-0.00434145
-0.0161035
0.000762612
0.0329965
-0.0327742
-0.021703
-0.0372775
0.0262976
-0.00113817
-0.02212
-0.0691476
0.0235242
-0.00387387
0.0342136
-0.00786578
0.0232754
-0.0440723
0.0271689
0.0400299
-0.0509596
0.0549564
-0.0110461
0.0338768
-0.0244526
0.0169145
0.0369388
0.0216357
0.0443798
0.0319837
-0.0480302
-0.033921
-0.012016
0.0174922
0.0088823
-0.0184109
0.0109163
-0.00651464
0.0098171
-0.0279998
-0.0180944
-0.00528453
-0.0442645
-0.0258806
0.00880955
-0.0219645
0.000426953
-0.00566212
0.00998315
-0.0428074
-0.00115589
-0.0461551
-0.0307355
-0.00301196
0.00952146
0.0340759
0.0235412
0.00999891
-0.0279392
0.00289213
-0.0197554
-0.0118442
-0.0111471
0.0248862
-0.0283741
-0.0418248
0.0372048
-0.0421913
0.0227894
0.0309043
-0.0255798
0.0369957
0.000691874
0.00621828
-0.0397132
-0.00829669
0.0438696
0.0358252
0.0220094
0.00370048
0.0138598
0.0104711
0.016019
-0.0287069
0.0381742
0.0547134
-0.0361787
0.0422953
0.0116123
-0.010605
-0.0103697
0.000666201
0.0298932
-0.0300668
-0.0396329
-0.0297398
0.0239904
0.0277057
-0.0236326
-0.0165696
-0.00174766
0.0384254
0.0340483
0.0178462
0.0481975
-0.0213548
-0.0066633
-0.00230767
0.0217383
0.0562814
0.0415273
-0.0373782
0.0435015
0.0356113
0.02547
-0.024937
-0.0167135
0.0369406
-0.00167226
-0.0296705
-0.0357621
0.0541116
-0.024209
-0.0308462
0.0336468
-0.031012
-0.0439198
0.026635
0.0509336
0.00738389
-0.0356955
-0.00265495
-0.0287069
-0.0347914
0.0125129
0.0310601
0.000806343
0.0546906
-0.0279276
0.00859781
-0.0353841
-0.035299
0.0338781
0.0133182
-0.0246902
-0.0814802
0.0160389
-0.0767635
-0.0287957
0.0144307
-0.0304704
-0.0540706
0.0224118
-0.0010088
-0.0283872
-0.0255181
-0.043594
-0.0111651
0.0489874
0.00879938
-0.0161839
-0.000218728
0.051479
-0.0568609
-0.0601041
0.00371519
-0.0276457
-0.0463935
0.0519879
0.0111118
-0.0136706
0.0203513
0.0365829
-0.0434141
-0.00381132
0.00650846
0.00372131
0.0126571
-0.00912101
0.0123479
0.051946
-0.0252867
-0.0801838
-0.0198555
0.047562
-0.0175001
-0.0239572
-0.0303105
0.0250148
0.0150109
-0.0100688
-0.024541
-0.0103799
0.00339265
-0.0282431
0.037942
-0.0342294
-0.0158307
0.0535826
-0.00931559
-0.0236183
-0.00835114
0.0141331
-0.0431132
-0.0477424
0.0488454
0.000329322
-0.038377
-0.0447263
-0.0161231
0.00418617
-0.0214261
-0.00459865
-0.0217961
-0.0201974
0.0275204
0.011785
0.019113
0.0503186
-0.0331535
0.0281656
0.0638243
-0.0224833
0.0160468
0.0446514
0.0360512
-0.0347419
0.029272
0.0175513
-0.0259634
-0.0635785
0.0284039
-0.0404901
0.0312041
0.0357677
-0.0467303
0.041178
-0.0224404
0.00819951
0.0329146
-0.0163536
0.0154197
0.0258566
-0.0378829
-0.0442275
0.00717355
-0.00826685
0.0453352
0.00746933
0.0230193
0.0217938
-0.0245145
-0.0451739
-0.0400352
0.032326
-0.0299856
0.0287371
0.0171988
0.0467846
-0.0290959
0.0341882
-0.0328383
0.0270905
-0.0179955
-0.0404867
-0.0378016
0.00225662
0.0453959
0.0333468
0.0221513
-0.0111573
0.00146518
-0.038742
0.0237117
-0.0303449
0.0398522
0.0498139
0.0111238
-0.0277905
-0.0405161
0.0355338
0.046191
0.033885
-0.0169613
-0.0107271
-0.00171125
-0.0103971
-0.0171212
-0.0165621
0.00635014
-0.00169419
0.0111814
3.75585e-05
0.0259483
0.0363595
0.0472765
0.027264
-0.0202775
0.0270621
-0.0431992
0.010806
0.0360792
-0.0282147
-0.00164643
-0.0487155
-0.15296
0.017202
-0.0449009
0.0333716
0.0266082
-0.00484953
-0.0245902
-0.0433015
-0.0326747
-0.00683493
0.0436668
-0.0290227
-0.10321
-0.0178744
0.0216127
0.0349616
-0.0487282
-0.0388734
-0.00508813
-0.0047185
0.0266503
-0.0120413
0.0341957
0.00905444
0.0386505
0.0372399
0.0820196
0.0269178
-0.0108691
0.000312908
-0.0571667
-0.0166972
0.0431724
-0.080604
0.039245
-0.0388802
-0.0121879
-0.0931592
0.0653632
-0.0335242
-0.0249721
0.0403925
0.0042323
-0.0381569
-0.0248925
-0.00583449
-0.000602463
-0.00198593
0.0108328
-0.033327
0.0199986
0.0141407
-0.071442
-0.030007
-0.0666793
0.0227414
-0.029423
0.00687394
0.0176834
0.0315246
-0.0169851
0.0229281
0.0014286
-0.00795092
0.0176812
0.040132
-0.0400176
-0.0180781
-0.0274751
0.0247875
-0.0622852
-0.000783717
-0.054302
-0.0503874
0.0329024
0.0685462
0.0236898
0.00695907
-0.0443956
0.0094905
0.0488069
0.00945468
-0.0290779
0.0365033
0.0191677
0.0132893
0.0460954
0.0502667
0.0205054
0.00524306
-0.0201787
-0.0397061
-0.0392089
-0.0423638
-0.0110474
-0.0805255
-0.0409697
0.00928171
-0.0427284
-0.00666335
0.0751201
0.0337369
0.0610363
0.036749
-0.00411147
-0.0313607
-0.00406852
0.0458593
-0.0168049
-0.00745317
0.0270845
-0.00610491
0.0255522
0.0486411
0.0208044
-0.0482844
0.0342146
-0.0110283
0.00116737
-0.0322395
0.0273396
0.0477083
0.00471849
0.0303247
0.0143876
-0.00119366
-0.0455858
0.015764
0.0368513
-0.0429821
0.0280537
-0.00669973
0.00956598
0.0430362
0.0292705
-0.0358059
-0.0278373
0.0275877
-0.00911177
0.0154121
-0.0397415
-0.0041363
0.0366235
-0.0443866
-0.0299158
-0.0106384
-0.0495345
-0.00668138
-0.00456221
-0.00769243
-0.0302304
-0.0419899
0.00493631
0.0152117
0.00666831
-0.00783021
-0.0160254
0.0441949
-0.045863
0.0446785
0.0193583
-0.00840107
-0.000261922
-0.0229656
0.0531093
0.0285133
-0.0202614
-0.041227
0.0209311
-0.0304452
-0.0453921
-0.019189
0.00519298
-0.0241742
-0.03292
0.0258317
0.0505633
0.0256063
-0.0489269
-0.0443297
0.0223814
-0.0413673
0.00482978
0.0114106
0.0463422
-0.0222858
-0.0480022
-0.0379762
0.00670502
-0.00649819
-0.0306932
-0.0223007
0.0407729
-0.0139972
0.0395402
0.0512804
0.017609
0.0463215
-0.00316683
0.0481141
-0.0183708
0.0149512
-0.0397039
-0.047768
-0.00986456
-0.0414044
0.00218161
-0.0467829
-0.00270863
-0.0431617
0.00937652
-0.00180389
0.0435779
0.0526816
-0.0537353
-0.010199
0.00990937
0.0121825
-0.0242354
0.0444021
-0.0197911
-0.047057
0.0257217
0.0637607
0.042182
0.0199368
-0.0260142
-0.0181315
-0.037306
-0.0209657
-0.0238155
-0.0149499
-0.0250407
-0.0496021
-0.0336778
0.0259759
0.0129573
-0.00712758
0.00841894
0.00814517
-0.0456283
-0.0177663
-0.0352281
-0.0139229
-0.00588777
0.0267258
0.0413015
-0.0418811
-0.00964901
-0.0459716
0.00968228
0.0291825
-0.0212861
-0.0448687
-0.0280614
-0.0297759
0.0160119
-0.0459059
0.0406322
-0.0347686
-0.0332237
-0.0137952
-0.0175425
0.0246215
0.0321133
-0.00974023
-0.0299475
-0.00402286
0.0156361
0.0405299
-0.0318792
0.0114644
-0.00882434
-0.0026442
-0.0305518
0.0167691
0.0136961
-0.000846045
0.0203653
-0.0346215
0.0147293
0.0337801
-0.0684697
-0.019507
0.0180399
-0.0212248
-0.0450168
0.0580619
-0.0014372
-0.0116145
0.0565343
0.000495456
-0.0256298
0.0250231
-0.0189932
0.0591842
0.0221598
0.0154593
-0.023508
-0.00141542
0.00721696
0.0274374
0.00550469
0.00269311
-0.031243
-0.0391821
0.0389717
0.0187958
0.00315038
-0.0328559
-0.0245337
0.0290158
-0.00540468
-0.013395
0.0332126
-0.0294807
-0.0515003
-0.0478971
0.0631336
-0.00260268
0.0400651
0.0591435
0.0562208
0.0122837
-0.0433209
-0.0165971
-0.0206833
-0.0243614
0.0364944
0.0479702
0.051724
0.0368158
0.0544743
-0.00632471
0.000709311
0.0165696
0.0378687
-0.0479169
-0.0114467
-0.0343289
0.000628647
0.0411301
0.0359085
0.0178195
-0.0323434
0.0041985
0.0456565
0.0444815
0.0373969
-0.033589
-0.0397893
-0.00358482
0.0332623
0.0269616
0.0347058
0.0185529
0.0239581
-0.0372975
0.0442602
-0.00741026
-0.0343632
0.000755789
0.0119658
-0.0165827
0.0447714
-0.0457577
0.0398633
0.00926329
0.0137421
0.0355938
0.0443476
-0.0137158
-0.00978151
0.0449297
0.000118004
0.00872059
0.018523
-0.0176188
-0.0471221
0.00817497
0.0340029
0.00913898
-0.0378085
0.0112828
0.0233841
0.0347374
0.033081
-0.011653
-0.042467
-0.0329613
-0.0082953
0.0113207
-0.0339596
0.018909
-0.0296135
-0.0413553
0.0176543
-0.0323348
-0.0365853
-0.00195921
0.0124174
-0.0274232
-0.00740407
0.0490634
0.0355184
-0.0387761
0.0347963
-0.0331705
-0.0246808
0.0196878
0.0470473
0.0356039
0.0462816
0.00300903
-0.013369
0.00450365
0.00488577
0.0313908
-0.0462514
-0.0229962
-0.0244874
0.0432682
-0.0495937
0.0194705
-0.0326104
0.040582
0.00536776
0.0311206
0.00544896
-0.0141998
-0.00589123
0.00101687
0.0227211
0.0439748
-0.0426687
0.0437201
-0.0164566
0.00703606
0.0503569
-0.00304994
0.0412178
-0.0145381
-0.0400556
-0.000165801
-0.0280722
-0.0303697
0.0439544
-0.0115864
0.0258892
0.0339503
-0.00664127
0.0458866
-0.0604702
0.0449512
-0.0158786
-0.0290135
0.0124998
-0.0649179
-0.038996
0.0465014
0.032609
0.00069413
0.00345862
0.0303373
0.026358
-0.0429142
-0.00556706
-0.0250268
-0.0447646
0.0135301
-0.0246864
-0.00360897
0.0060921
0.0380532
-0.0416718
0.0540851
-0.0595454
0.0397037
-0.00984575
-0.0337886
-0.0194006
-0.0298282
-0.044483
-0.00287592
-0.0249581
0.0145532
0.00100815
0.0467181
0.00166476
-0.0367617
-0.0564581
0.00204114
-0.0404155
0.0536583
0.00817062
0.0144771
-0.0217819
-0.00317637
0.013242
0.0368836
0.0244182
0.0208393
-0.0479518
-0.0422635
0.0195273
-0.0427211
-0.0152982
0.0327325
0.0297951
0.0245124
0.0644809
-0.0182994
-0.0446298
0.0394714
0.000592411
0.0315557
0.0243282
0.0281998
0.000563248
-0.00501455
0.0149808
-0.0179406
-0.0449657
0.0384761
0.0269643
0.00236232
0.00311846
-0.0240979
0.01876
0.00536558
-0.0501325
-0.0223099
-0.0370132
0.0322066
-0.0319258
-0.0292473
-0.00502902
-0.0353545
0.00664519
0.0133411
-0.0311252
-0.00596414
-0.0408332
-0.0137423
0.0161555
-0.00405254
-0.00366825
-0.00502399
-0.0417706
-0.0437204
0.00347568
0.00353596
0.0432991
-0.0388234
-0.0100052
0.0260256
-0.0326697
-0.00206804
-0.0374457
-0.0473916
0.0342761
0.031138
0.0372146
0.0597953
0.00898071
-0.030038
-0.0355897
0.0398314
-0.0444781
-0.0191238
-0.0196474
0.0380318
-0.0117154
0.0237523
0.0197668
0.0188072
0.0401178
-0.0294651
-0.0271322
-0.00505746
-0.0384777
0.0245359
0.0446593
0.0465925
-0.0359011
0.0129471
0.0372917
-0.0326842
-0.019474
-0.00298899
-0.025035
-0.0321817
-0.0480636
0.0116448
0.0127323
-0.0102433
-0.0491653
-0.0167586
0.0319461
-0.0407216
0.0105529
0.0213369
-0.019249
0.00811182
0.0313989
0.00192278
0.0455393
-0.0022559
0.0259466
-0.0421033
-0.0116971
-0.0415133
0.0294663
0.0251701
0.0144137
-0.00888785
0.0381128
-0.0463622
-0.034339
-0.0332428
-0.0407631
0.035219
-0.0377019
0.005
-0.0450551
0.0485076
-0.0279485
-0.0139019
0.0292067
-0.00699905
0.019123
-0.0561763
-0.0310118
-0.0273069
0.00721078
-0.00628162
-0.0489095
-0.00100332
-0.0677411
0.0150888
-0.0799141
0.0344026
-0.00481462
-0.021983
0.0530212
0.0500192
-0.0172458
0.0527452
0.0178066
-0.000636391
-0.00634531
0.0151457
0.046258
-0.00448365
-0.000959531
0.00812849
0.0490684
0.00340392
0.041116
0.00213521
0.020562
-0.0112109
-0.032131
0.0183563
-0.022015
-0.0488417
-0.0524842
-0.0111849
-0.0195317
0.0256118
-0.0394928
0.0415594
0.0247557
0.0164107
-0.0317297
-0.00870635
-0.0209598
0.0259633
0.0279483
0.00725724
0.0031854
0.0386483
0.0148309
0.0164233
-0.00254405
0.0693919
0.0210404
0.038433
-0.0514903
-0.0273432
-0.0435631
-0.0284321
0.0301475
-0.012882
0.000471438
0.0117873
-0.0381827
-0.00230044
0.031265
0.0107993
-0.0252703
0.0269869
-0.0162264
-0.0366081
-0.0461201
-0.0399437
-0.0101733
-0.00192618
0.0114617
-0.014369
-0.0155975
-0.0431592
0.0185932
0.0341731
0.0231739
-0.00704868
-0.0174802
-0.0349263
0.0319958
0.0191969
0.0148561
0.0253636
0.0140467
-0.00553508
0.0124396
-0.00741708
-0.0475096
0.059813
-0.0171134
-0.0192539
-0.0480097
0.00441423
-0.0110931
0.0334517
0.0305955
0.0195323
-0.014142
-0.00999368
0.0263274
0.0228909
-0.0257778
0.0311241
0.0263123
0.0322399
0.00936313
0.0230445
0.0281481
-0.00370369
0.0227046
-0.0316945
0.0255756
0.0114832
-0.0194159
-0.0109018
0.00144318
-0.000547382
0.0429132
0.0211801
0.0319406
0.0220714
0.0215017
0.0489594
0.00634626
-0.00635265
-0.0166706
-0.00240281
-0.0408815
-0.0157234
-0.00368401
0.00518879
-0.0443929
0.024244
0.0248408
0.038131
0.0288414
-0.0136368
0.047972
-0.0114191
-0.00424594
-0.00920081
-0.0378745
0.0195245
-0.0385412
-0.0445874
-0.040263
0.0217329
-0.0044345
-0.0458449
0.0252572
-0.018872
0.0282595
0.0350569
-0.0153436
-0.0149738
0.0282965
0.0464429
0.0420487
-0.0197966
0.022277
-0.00831257
-0.0383724
-0.0171231
0.00238515
-0.0155393
0.0187498
-0.0090588
-0.0440223
0.0128292
0.0467719
-0.0300811
-0.0372203
-0.00771037
0.0346084
0.0396019
-0.0184363
0.0242147
0.00906245
-0.0356514
-0.0055547
-0.0167323
-0.0233217
0.0470003
0.0416235
0.0213093
0.0121047
0.0230898
0.0215904
-0.0310757
0.0205819
-0.00966002
0.0321062
0.212564
0.0524872
-0.0721127
0.0346532
0.134569
-0.0238085
-0.0992008
-0.00753137
0.0574014
-0.00557617
-0.0363246
0.603559
0.35658
-0.107723
0.0894897
-0.101754
0.0100424
0.0177766
0.10427
0.050803
0.0840004
0.00637679
0.0382116
0.00754317
0.0341005
0.0240998
-0.0231274
-0.075812
0.252153
0.187708
-0.256421
0.0112276
0.0268126
0.0463313
-0.371966
-0.250173
0.121355
0.043447
0.0849116
-0.0425618
0.101081
0.00919359
0.0654089
0.0454242
0.057647
0.0203357
0.0475526
0.0561777
-0.100863
-0.0045537
0.0168688
-0.197085
-0.0670854
-0.102725
-0.0350232
0.0680946
0.0229471
0.0664258
-0.277696
0.0074176
-0.0729677
0.0201472
0.0864476
-0.0573199
0.105675
-0.0365211
-0.0211433
-0.10913
0.163415
0.0983227
0.0439187
-0.110204
-0.0878089
-0.10799
-0.021395
-0.0669959
-0.0311457
-0.0137465
-0.00357503
-0.00739939
-0.0515581
0.0386479
0.0138434
0.0421849
-0.0277433
0.0773035
0.0634469
-0.0366209
-0.0220973
-0.0649949
-0.0160715
0.0458156
-0.0567251
0.089038
0.270218
-0.0091074
-0.0320994
0.0478354
-0.0668743
0.199218
-0.119285
0.198055
-0.02203
-0.0865659
0.0270874
0.0337761
-0.0430856
-0.0394205
-0.00355407
-0.0334395
-0.0158933
-0.0211177
0.0221405
0.023683
0.119132
-0.0143791
-0.00414342
0.0130905
-0.0212075
0.0775991
-0.24368
0.0361948
-0.0230138
0.0423276
-0.00727248
0.0734372
0.0244653
0.0298422
0.00168503
-0.148295
-0.216007
0.012374
-0.096116
0.00129387
0.0524141
-0.0583723
0.0176589
0.0433894
-0.0105278
0.116343
0.0441602
-0.0253563
-0.026055
0.013778
-0.00391523
-0.0752119
0.0479415
0.0439113
-0.0152124
0.0683381
0.0134301
-0.0215878
-0.00245519
-0.0343757
-0.0513184
0.0640591
-0.0128075
-0.0169703
-0.047984
-0.0316258
-0.0335546
-0.0413655
-0.0364663
0.0995554
0.0224009
-0.0089545
-0.00767389
0.0239026
0.0284326
0.042236
0.00824717
-0.021999
-0.0342617
0.00391661
0.0461679
0.0231426
0.00100949
-0.0181065
-0.0719306
0.0389772
-0.0395236
0.004266
-0.0442642
0.0601901
0.0438955
0.0364856
-0.0526671
0.0179553
0.033453
-0.0457945
0.047427
0.00201749
-0.013556
-0.0140389
0.00649985
0.000905697
0.00451095
0.0549358
0.0441397
-0.0390156
0.0362398
-0.0248849
-0.047211
0.0307448
-0.000771096
-0.0245523
-0.0154444
0.0218446
-0.0356281
0.122263
0.0471122
0.00190371
-0.0312848
-0.00589154
0.0332466
-0.203455
-0.0311605
-0.0975609
-0.00975434
0.034553
-0.0131172
0.012036
0.0329882
-0.169447
0.111659
0.0404924
-0.0258766
0.0680685
0.0124967
0.0505846
-0.0978667
-0.03373
0.0495156
0.00167883
0.0101511
0.039383
-0.0114591
-0.0195888
-0.00518109
0.0833117
-0.0188661
-0.0842945
-0.0158385
0.0914968
0.059373
0.0648411
-0.109763
-0.00767735
0.0730696
0.0655877
0.00605265
0.0452034
0.0216112
0.0802237
0.141569
0.175787
-0.0688805
-0.0294006
-0.0288008
0.068186
-0.114981
0.118556
0.0144139
-0.0230163
-0.0121774
-0.0143486
0.0167245
0.00561418
0.156212
-0.0587704
-0.0872849
-0.0245834
0.0481948
0.0371338
-0.0805917
-0.00391387
0.0796592
-0.223118
0.0411534
-0.0916663
0.231182
0.113449
0.0427842
0.0104687
0.18119
-0.200344
-0.0915604
-0.135881
0.0482038
0.103484
0.118197
0.120149
0.101811
0.0264882
0.100742
0.0560963
0.027483
0.0371142
0.0838029
0.106529
0.138406
0.100225
-0.0944137
-0.0771145
0.0576891
0.290457
-0.0154496
0.0561558
-0.379071
-0.027185
0.0636502
0.177592
0.158572
-0.0486699
-0.00477272
-0.0720772
0.0205319
-0.284861
0.243458
0.158799
0.0540544
0.0144967
0.0367173
-0.00749223
-0.0746686
-0.0201971
0.0335891
-0.0429364
0.00428542
0.0691293
-0.0250461
-0.0448603
-0.0181203
0.0405934
0.0866774
0.0247956
0.0207652
-0.0447809
-0.0358481
0.120059
-0.0126355
0.0206567
0.014859
-0.00311007
0.0282339
-0.0342209
0.0288145
0.0632158
0.0304707
-0.0146911
-0.0394723
-0.00622597
0.0436275
0.0405039
0.0192191
0.0416517
-0.0196232
-0.00396348
0.00542407
0.02342
0.0370854
0.0122194
-0.0158239
0.0277113
0.0106764
0.0397073
0.0273359
-0.0327331
-0.0298191
0.0020904
-0.0838194
0.00182806
0.00058404
-0.0409227
-0.0180921
-0.034985
-0.0378965
-0.0149743
-0.00951888
0.0401354
-0.00785199
-0.0149774
0.0132905
0.0437258
-0.0154478
-0.0109943
0.0224935
0.0114718
0.0305646
0.0329336
-0.022694
0.0321313
-0.0139063
-0.0485762
0.0304901
-0.00646595
-0.00714908
0.0202498
0.00139836
-0.0440422
0.0960402
-0.0137512
0.0597825
0.045678
-0.0454681
0.0103734
0.0380991
-0.0964701
0.0992173
0.0138435
0.0345071
0.0313981
0.043876
-0.0150238
-0.0676701
0.0577348
0.0193401
0.0182024
0.0447822
0.0372764
-0.0198272
-0.0665033
0.0453976
0.0392523
0.0496813
0.0134125
0.141653
0.0615099
0.0331902
0.00381658
-0.0678732
0.00772331
-0.0182526
0.0785657
-0.00437801
0.0517598
0.00340541
-0.00295759
-0.0346914
-0.0301485
0.000792992
0.00943055
0.0247942
-0.0063495
0.0593877
0.0244605
0.0146488
-0.0366825
0.0859425
-0.190132
-0.0828561
-0.026667
0.0138952
0.0684346
0.00669834
0.0448507
-0.0390867
0.0061244
0.0240279
-0.0467392
0.00951799
-0.0322675
0.0478493
-0.0946434
-0.0361069
0.0442943
-0.0914887
0.0203521
0.00365015
0.00776726
-0.058567
0.0399003
0.0288962
0.0431888
-0.0335502
0.0401352
0.00999985
0.036293
-0.0506076
-0.0314727
-0.0299334
0.0419337
0.0341063
-0.00404809
-0.0415754
-0.00277557
-0.0164346
0.035943
0.0371417
0.0188443
0.00419855
0.0517799
0.0134434
0.0398698
0.0382638
-0.00353785
0.0391929
0.0521519
0.0134482
0.0269769
-0.0215072
0.00987362
0.0408698
0.0264856
0.00779147
-0.0357129
0.0452253
-0.0128977
-0.013699
0.0559133
0.0128626
0.0201194
0.0201692
-0.0179448
0.031463
-0.00353036
0.0687831
0.0119057
-0.0342001
-0.00492114
-0.0286175
0.0246738
-0.0347016
-0.0513314
-0.0169917
0.0335814
0.0251046
-0.00690023
0.0362529
-0.0117653
-0.0365927
0.045503
-0.0496866
0.0191769
-0.00578294
0.0266841
-0.022517
-0.00961562
-0.0388653
0.00279479
0.0121426
-0.0430488
0.0184101
0.00268456
0.00321043
-0.0380601
0.0405891
-0.0628776
-0.00995263
0.0339213
0.00513127
0.0446032
-0.0349086
-0.0332924
-0.0133549
-0.0450378
-0.0286314
-0.0369957
-0.035094
0.00901434
-0.0434678
0.0324974
-0.0163569
0.00664312
0.00690658
0.0431819
-0.0490287
0.000845618
-0.0468848
0.0535083
-0.00140363
0.00403567
-0.0390908
-0.0160992
0.0248025
-0.0415572
-0.0337565
-0.0261964
-1.95359e-05
-0.00754157
0.0334675
-0.0203528
-0.0133367
0.00125674
-0.0402168
0.0207397
0.0448292
-0.0252379
0.0108329
0.0123911
-0.0135252
0.00793258
-0.0229437
-0.00289105
0.0299295
-0.0563978
0.048091
0.0490049
0.055107
0.0387753
0.0152254
-0.0332328
0.0334176
-0.0465768
0.0386973
-0.0255455
0.0303099
0.0130422
0.017813
-0.00424048
0.0104248
-0.0393291
0.0288879
0.035032
-0.00777785
-0.0297799
0.0129438
0.0267461
-0.0352169
-0.00363782
0.00694381
-0.00218092
-0.048515
0.00267091
-0.00551767
0.0409977
-0.0133429
0.0140079
-0.0570731
0.0339583
-0.0447379
-0.0134285
0.022758
0.00798791
0.0405427
0.0414726
-0.012508
0.0312934
-0.0695707
0.015039
0.00862539
0.0119764
0.0413201
-0.0462978
-0.000483129
0.0153924
-0.00367374
-0.0185389
-0.0214148
0.0376083
0.0661254
0.0258204
-0.0552215
-0.0124242
0.0446052
-0.0288104
-0.0612377
0.0340123
-0.00807868
0.0172728
0.0130846
-0.066231
0.0236447
-0.0341664
-0.011635
-0.00913948
0.0353954
-0.0237515
-0.018644
0.0570465
0.0135009
-0.0251752
-0.024338
-0.0327178
0.0445661
-0.0339933
-0.0250757
0.0125187
0.0334768
0.0348633
0.00933603
-0.00128384
0.0210955
-0.00535313
-0.044712
0.0353168
0.0496573
-0.0239504
-0.00584995
0.00366274
-0.0335082
-0.00975104
0.0284434
-0.00567247
-0.0316493
0.0124041
0.0332578
0.0488999
-0.0170662
0.000437214
-0.02931
0.0411711
0.0109874
0.0185029
0.0225445
0.0456838
0.015778
0.0164611
0.0250379
-0.0070373
0.0388016
0.0340437
-0.0511169
0.0439721
-0.0431206
-0.0036322
0.0046804
-0.00870704
-0.0148099
0.0401364
0.00741353
-0.0128014
0.0256032
-0.0174771
-0.0312165
0.0127841
-0.000860867
-0.0162733
-0.0452684
-0.033452
-0.0287982
0.0202848
0.0259308
-0.00136208
0.0914618
0.0200437
0.0714585
-0.0581908
0.0247581
-0.00580946
0.0212122
-0.0514144
-0.0035037
-0.0128551
0.0215859
-0.00406827
-0.0269318
-0.0386449
0.012264
0.0296008
0.0187033
0.0405775
0.04722
0.0424624
0.0758603
-0.0136142
0.0158754
-0.0490728
-0.0294203
0.0453466
-0.0210815
0.0308105
0.0121268
-0.00215344
0.0265948
-0.00368498
-0.0268621
0.0297564
0.0149945
0.0169792
-0.0370363
0.03383
-0.0377251
-0.0438735
-0.0404614
-0.0222869
0.0182002
0.0144915
-0.00124456
-0.047897
-0.016844
0.0318279
0.0149388
0.00680537
-0.0197851
0.0260612
0.0228156
0.00254057
-0.0473356
-0.0060451
0.0284304
-0.0214331
-0.00341125
-0.0221544
-0.0340282
0.0375943
0.0337025
0.0186514
0.00534199
-0.00299399
-0.0323527
-0.0487565
-0.0326133
0.0196928
0.0408944
-0.0142033
0.028293
-0.0161093
-0.0444322
0.0214813
-0.0367042
0.0120188
0.0275763
0.0251146
-0.0370522
0.0650235
-0.0480419
0.0145863
0.0306811
0.034442
0.0282955
0.0268059
0.0633609
-0.0370059
-0.0108803
0.0487718
0.0437629
-0.0427288
0.0161071
0.0707327
-0.0222159
0.0103314
-0.0250677
0.0198902
-0.00710203
0.0378239
-0.0164896
0.0587734
0.0233848
-0.0358616
-0.00651595
0.0395687
-0.0126344
0.0308133
-0.0189294
-0.00459141
0.0206016
-0.0314036
-0.0269654
-0.0440101
-0.0202213
-0.0605887
-0.0116
-0.021081
-0.00288795
-0.0305416
-0.0431101
0.0371545
-4.60408e-06
-0.0524734
0.0444878
0.00936283
-0.0298808
-0.0526302
-0.0786052
-0.0202812
0.00121358
-0.0358668
0.00245452
0.00180334
-0.020279
-0.0471038
0.00673143
0.0268795
-0.0431798
0.0336433
0.0139502
-0.0265462
0.0276675
0.00328969
0.00504395
-0.0410446
0.00441483
-0.0292303
-0.0407845
0.0256344
-0.00106451
-0.0298439
0.0352232
0.026469
0.0198527
-0.0038055
0.0455385
0.0027012
0.0644935
-0.0485317
-0.00659235
0.0567304
0.00926569
-0.0489978
0.0391615
-0.00494922
-0.0440679
0.0177552
-0.0192325
0.0100493
-0.0315695
-0.0218306
-0.0327611
0.0454952
-0.00569119
-0.0215663
0.00544443
-0.0402001
-0.0174464
0.0386443
0.0523144
-0.00102037
-0.0374119
-0.0424575
0.017097
-0.0370194
-0.0287289
0.0295693
0.0359456
-0.0293177
-0.0313325
-0.0197748
-0.0215482
0.00519385
-0.0298311
0.00830196
0.00320399
0.0043597
0.0183719
0.0421156
0.0110117
0.0320573
-0.034372
0.0114062
0.00822989
-0.0217283
-0.0369854
-0.0461716
0.00166098
-0.0226626
0.0237763
-0.0305116
0.0212938
0.0298467
-0.0513461
-0.00642331
-0.00428709
0.0091867
0.0313415
0.0185403
0.0260346
0.0463109
0.000170138
-0.0256768
-0.0425394
0.022872
0.0220152
0.0213354
0.0191841
0.0104054
0.00354717
-0.0145166
-0.0157009
-0.0393866
-0.00646396
0.0157961
0.0412401
0.0137678
0.0333251
0.0200246
-0.0295659
-0.0360403
-0.024968
-0.0317171
-0.00214488
-0.0139479
-0.0247081
-0.0313177
0.0244123
-0.0431538
0.0101088
0.00388438
0.0166759
0.0224576
0.0140184
-0.0150384
-0.0106858
0.0311811
-0.0121213
0.0371272
0.0200385
-0.0270785
0.0448172
0.000946942
0.0406486
-0.0406656
-0.0287637
-0.017156
0.0135361
-0.0477118
-0.0490839
-0.0354691
0.0135896
-0.0026297
-0.0312818
0.0448739
0.010449
0.0480907
0.0154805
0.0389575
-0.0479312
0.0323445
0.0150104
0.0204466
0.0214334
0.0163279
-0.0215509
-0.0223476
-0.00916152
-0.0621494
-0.0525913
0.00994052
0.0129265
0.0110908
-0.0423656
0.0300344
-0.0443967
-0.00867657
-0.0161784
0.0131728
-0.0010075
-0.00965995
0.0487372
0.0498058
0.0322567
-0.0433875
-0.0399808
0.0229941
0.00107724
0.0417669
0.043427
-0.0142343
0.0234495
0.0343021
-0.0365517
-0.0184163
-0.0557028
0.0257464
0.00634393
-0.0432305
0.0366105
-0.0499355
-0.0343739
0.0505349
-0.0294377
-0.0119856
0.0504289
0.0259847
0.0108086
-0.00690227
-0.0372581
-0.0459212
0.054938
-0.0101263
-0.0375784
-0.0320175
0.0289601
0.00679252
0.0426071
-0.0588545
0.0583404
-0.0307413
0.0326998
-0.0271863
0.0201256
0.0106811
-0.0153006
0.0238095
0.0140499
0.033255
-0.0251137
-0.00525977
-0.0356667
-0.00669991
0.0230873
0.00756255
0.0573667
-0.0179438
-0.0454522
-0.0212113
-0.00362052
0.02788
-0.00160246
-0.00832931
-0.0543111
0.0318761
-0.0495257
0.00100254
0.0012021
-0.00141806
0.021198
0.0142026
-0.00190337
0.00064722
-0.00469006
0.0161613
-0.019984
-0.0151374
0.0308476
0.00243179
-0.0191552
-0.0495459
0.0373928
0.0374518
-0.0432153
-0.046761
0.00567167
-0.00660034
-0.0040385
0.0238776
0.0466789
-0.0331586
-0.0147127
0.0705723
-0.0871966
0.00990382
-0.0160987
0.00691998
0.0645145
0.0196735
-0.00962116
0.0328999
-0.0243924
-0.0224254
0.0699068
-0.0146859
0.0246512
0.0235185
0.0154561
0.0171989
-0.0353588
-0.00553181
0.00777114
0.0590076
-0.0143251
0.00540312
-0.0439054
-0.0207258
-0.0427597
-0.0492881
0.0541743
0.036716
0.0293618
0.0110437
-0.045937
-0.0390552
-0.018443
-0.0412493
0.0382448
-0.0395273
-0.011223
-0.000436679
0.00393064
0.0245572
-0.00295618
0.00919667
-0.0144525
-0.0236539
-0.00981965
-0.00459842
-0.00530981
0.0348073
0.0166873
0.0100192
-0.0247101
0.0164127
0.00190982
0.00121088
0.00260581
0.0206268
0.0152083
-0.00980111
-0.0410978
-0.021997
-0.000569121
0.0116915
0.0202062
-0.0226911
-0.0361624
-0.0387555
-0.00813683
0.0267719
-0.0425072
-0.0468007
0.00725662
0.0486868
-0.0430233
0.0212422
0.0330181
0.0477969
0.0153281
-0.0195637
0.0088838
-0.00400183
-0.0472946
0.0339152
0.00890467
0.0222884
-0.0469122
0.0122617
-0.013089
-0.00618715
0.000654147
0.0351081
-0.00676506
0.0491547
-0.0375059
0.00842647
0.0329946
-0.0159676
-0.00571097
-0.0484273
-0.0388267
-0.0120897
-0.0164741
0.000808322
-0.0420337
0.0518578
-0.0241412
0.0459344
0.0520385
-0.0131635
-0.0462949
-0.00882038
0.0159996
-0.0466801
-0.0212141
0.0345613
-0.0536513
-0.0414625
-0.0128486
-0.0205313
0.00636478
-0.01983
-0.0124649
0.0152023
0.00789326
0.023045
-0.0296922
0.0165123
-0.0946413
-0.0571359
-0.0824611
0.0413956
-0.00165071
0.0317453
-0.0204269
-0.0182834
-0.0461704
0.0447733
0.0224931
-0.0282859
0.018541
0.0504997
-0.0204356
-8.26592e-05
0.0425515
0.0327304
-0.0287907
-0.0168402
-0.0297726
0.0153216
0.0697999
0.00336829
0.0881159
0.016087
0.0286364
0.00615361
-0.00733916
-0.0443378
0.0634514
0.0373808
-0.0471833
-0.0380874
-0.0123509
-0.0286602
-0.0592066
-0.0169416
0.0403029
-0.0364492
0.00500049
-0.0402269
-0.0442648
0.0335359
-0.0343943
-0.0190408
0.04341
0.00745055
0.0384963
-0.0508116
-0.0114523
-0.0275156
0.0129159
-0.0231629
0.0152362
0.0326395
-0.0508874
0.0190528
-0.0024987
-0.0028447
-0.01289
-0.0524463
0.0437088
0.0325785
0.0596287
-0.0149945
0.0354679
-0.0172922
-0.0503667
-0.00861936
0.00639478
-0.045577
0.03462
-0.0335195
-0.00817444
-0.0256929
0.00995507
-0.00466754
-0.0322931
0.025498
0.0447895
-0.0426726
-0.0207943
0.00683719
-0.0412323
-0.0283211
-0.0249312
0.0506107
-0.00388101
-0.0280026
-0.0287171
0.0415996
-0.0108096
-0.00615031
-0.0392337
-0.0335157
0.026235
-0.0466115
-0.00495075
-0.0162526
-0.0440476
0.0209929
-0.0332191
-0.0419901
0.0386872
-0.0490953
-0.0177474
-8.18562e-07
-0.0164706
0.0181331
-0.0479503
0.0428451
0.0237699
-0.024897
-0.0150243
0.0291151
-0.0231917
0.0469811
-0.00264913
-0.0254475
0.0198506
0.0604234
-0.0177176
0.022677
-0.0122626
0.0333345
0.0270158
0.0213364
0.00777126
0.036084
-0.00598814
-0.0406944
-0.00626996
-0.0250793
-0.0124361
0.0433929
0.0184736
0.00734426
0.0113095
0.0259897
-0.0100391
0.0488116
0.0480472
-0.0450622
-0.0188109
-0.0265845
2.87076e-05
-0.0108139
0.048356
-0.00634364
0.00912693
0.0358442
0.0374864
-0.0381691
0.000134046
-0.0364356
0.0324966
-0.0145901
0.0184837
0.0376839
-0.0466337
-0.0278527
-0.0268858
-0.0442941
-0.0323751
0.00290727
0.0438495
-0.00241372
-0.0237489
0.0389626
0.0252077
-0.0209149
-0.0558024
0.0382778
0.023055
-0.0385912
0.0147656
0.0472359
0.0130719
-0.0103995
-0.0360584
0.036582
-0.0488799
-0.0101901
0.0253626
-0.0231556
0.0211978
-0.0434258
0.0489598
-0.0251854
0.0304468
0.0380006
-0.00348035
0.037966
0.0445974
0.0129476
0.0169472
-0.0158579
0.00667733
0.00262841
-0.0522948
-0.0248385
-0.0177344
-0.018914
-0.019713
-0.0310505
0.0156385
-0.0181518
-0.0325778
-0.0380254
0.0432042
0.0178855
0.0247583
-0.0184196
-0.0280753
-0.0672344
-0.00382167
0.00450213
-0.0441514
-0.00341914
-0.0370456
0.0347163
0.0419583
0.0046485
-0.034879
-0.000553949
0.0246653
-0.0271047
0.000973699
-0.0387232
0.0336868
-0.0367681
0.00460924
0.0166432
0.0113592
-0.00739994
-0.0331484
-0.014157
0.0275538
-0.0444456
-0.0032879
-0.0261647
0.0198266
-0.0520927
-0.0259987
0.0388737
-0.0259406
-0.0320292
-0.0353128
-0.0129005
0.0351352
-0.0160212
-0.0404716
-0.0449541
-0.0370269
-0.0514208
-0.0385512
0.00133341
-0.0249004
0.0785065
-0.0123586
0.0423277
-0.00802086
0.0136926
0.0219441
0.0342836
-0.00484666
0.0524312
-0.0462416
0.0295991
-0.0447665
-0.00761664
0.0453226
0.0211796
-0.0240162
0.025
-0.0130412
0.0423043
-0.00998227
0.0346232
0.028662
-0.00911999
-0.0494924
0.00831036
-0.042439
0.0504689
-0.0243179
-0.0420711
-0.0600465
0.0155382
0.00765069
-0.000689261
0.0352235
-0.0135005
0.0568339
0.055761
0.0212494
-0.0362694
-0.0033708
-0.00181661
-0.0102221
-0.00390854
-0.00828957
0.0181035
-0.0358362
-0.0083204
0.0471636
-0.0499626
-0.0187735
0.0468155
-0.00404662
0.0574338
0.00972755
0.0315204
-0.0249961
-0.0300993
-0.0306337
0.0410823
-0.00461487
0.0405506
-0.0427356
-0.0341492
-0.0532559
0.0152936
-0.0445569
0.0120117
0.00723748
-0.0314252
-0.0183519
0.0168323
-0.0489725
0.0145308
-0.0295867
-0.040889
0.0287052
0.0177635
0.0280331
-0.0219425
-0.028795
-0.0308914
-0.0300507
0.043059
-0.00417936
-0.0367823
0.0470177
0.0462405
-0.0477482
-0.0181996
0.0208861
0.0018098
-0.0132122
0.0456654
-0.0423121
-0.0450035
0.0320331
-0.0161413
-0.042753
-0.00205645
0.0097124
0.0220338
0.0450431
-0.011459
-0.0177545
-0.0331889
-0.00698284
0.0315601
0.0019103
0.0467222
-0.0313127
-0.0220618
-0.0073902
-0.00981563
-0.0294973
0.0279949
0.032685
0.036856
-0.0424002
-0.0157374
0.0182122
0.0223599
-0.0227718
-0.0359335
-0.0351058
0.0234358
-0.00977214
0.0103499
-0.0254894
-0.0409403
-0.0272694
0.0279214
-0.0281982
0.0412778
0.0040413
0.00490734
0.0113953
-0.0185446
-0.00767744
-0.0167966
0.0346758
0.0204443
0.0370099
-0.0339878
-0.0318534
0.114126
-0.0370768
0.0240153
0.0288859
-0.00171546
-0.0145507
-0.00368804
-0.027139
-0.0251256
0.0154339
-0.0382514
-0.0159524
-0.0663588
-0.0824422
-0.0663844
0.00109285
0.0662228
0.00233161
0.0127993
-0.074645
0.0059465
-0.00217489
-0.0593412
0.00410054
-0.00170343
0.016033
-0.0669321
0.0195859
0.0397683
-0.0687157
-0.00395035
0.0318234
0.0347865
0.05814
-0.0843708
0.181709
0.0177133
0.120997
-0.0398105
0.0172711
0.0358233
0.00833754
0.00849379
0.0267434
-0.00332797
-0.0089623
0.0448635
0.0316217
0.0168416
0.0438776
-0.0416064
-0.00268263
0.0245885
-0.000757026
0.0416493
0.0497472
-0.0307169
0.0273459
-0.0308087
0.0170136
0.0829646
-0.0704976
0.023079
-0.0517049
0.0186835
0.0104035
-0.0422054
-0.0121706
0.00581299
0.00316175
0.038721
0.0194211
-0.0140532
-0.0128977
-0.017967
-0.0101894
0.0459889
-0.028423
0.0016291
0.0104593
-0.0475355
0.0291941
-0.0264451
-0.00166442
-0.0817238
0.0172762
0.0101879
0.0112908
-0.0216421
0.0112943
0.0371273
0.0330025
0.0246599
0.0202031
-0.0275758
-0.0284113
0.0113887
-0.030765
-0.00457762
0.0244477
-0.0822118
0.0304398
0.0472295
-0.0351192
-0.000749769
0.00521311
0.0112803
-0.0302637
-0.0183759
0.0183987
0.028042
0.0465486
-7.80055e-05
-0.0214426
-0.0495384
-0.00726953
0.00132414
-0.0381728
0.0472944
-0.0217303
0.0667249
0.0390198
-0.0455894
-0.0221311
0.0262864
-0.012452
0.0536256
-0.025657
0.0118088
-0.0345793
0.0720111
0.0468009
0.0289633
-0.0293828
-0.00178233
-0.0127343
-0.0294693
-0.0473008
0.000515058
0.0511364
-0.0314297
0.0111038
-0.0426207
-0.0152888
-0.0490712
-0.013445
-0.0336524
-0.019183
-0.0173536
-0.0359236
0.0366568
0.0215399
0.0406271
0.00586968
0.0176038
-0.0071422
0.000785404
0.0248603
0.0154418
-0.0303349
0.0353086
-0.0135683
0.0464161
0.00423948
-0.0333783
0.0209585
-0.0242581
0.0460489
-0.00123612
0.030944
-0.0239848
0.0435817
-0.0252764
-0.0341159
-0.00224443
-0.0396912
0.0102776
-0.0131001
-0.0483835
0.0511003
0.022367
-0.0299941
-0.0385029
0.0352329
0.0344256
-0.014457
0.0027874
0.0176316
0.00228385
-0.0234735
0.0283776
-0.0164606
-0.0279998
0.0237393
-0.0424634
0.0300299
0.0190461
0.0132796
-0.0398187
-0.00983612
-0.0410895
0.0428211
0.0272154
0.0231955
0.0411364
-0.0251966
-0.0207061
-0.0176597
-0.0291756
-0.041024
0.0205556
-0.020417
0.0122012
-0.0313852
-0.0181789
-0.0162228
0.00957205
-0.0282618
0.0114997
0.017707
0.029556
-0.0242433
-0.0325876
-0.0416732
0.0563115
-0.0225968
0.0259648
0.0469485
-0.0262622
0.028669
0.0196659
-0.0108458
0.0290311
0.0343527
0.0292318
0.0110128
0.00201422
0.0405759
0.00120196
0.00470721
-0.00233143
-0.031695
-0.0228731
0.0565945
0.00543638
0.060904
0.0107168
0.0277559
0.0236923
-0.0462718
0.0332681
-0.0386555
0.0265444
-0.0127475
-0.0291565
-0.0533364
-0.0138617
-0.0304125
0.00196142
-0.0367892
0.016096
-0.049691
-0.055669
-0.0572428
-0.0350001
0.0289098
0.0233279
-0.026768
-0.0228375
0.0210846
-0.0353563
0.021304
0.00553796
-0.0387899
-0.0259569
-0.00634799
-0.00866237
-0.085654
-0.00349714
0.0419038
-0.0111432
0.00500847
0.00756162
-0.0215672
0.0410117
0.0079201
-0.00889491
-0.0329484
-0.0333234
0.000193196
-0.0250788
-0.0164214
-0.0352806
0.017925
-0.0280743
0.0179476
-0.0191212
-0.0110866
0.0242604
-0.0422734
-0.0279297
-0.0545526
-0.0276763
-0.0339834
-0.0258869
0.0267524
-0.0435418
0.0246121
-0.0362171
-0.00797511
-0.0419924
0.0142391
-0.0221048
0.058095
0.0490512
0.0143396
0.0579431
0.0372241
-0.0118337
0.044685
-0.036013
-0.0398734
-0.0416063
0.0154898
0.0448932
-0.0216826
0.00563708
-0.0220919
0.00431639
0.0207084
0.000814285
0.0038419
0.00329755
0.0609702
-0.0218877
-0.0337878
-0.0115886
-0.00117283
-0.0248317
-0.0237593
-0.0372679
0.0160598
0.0215389
0.0224034
-0.0193563
0.0387813
-0.0446549
0.00371754
0.002957
-0.0358713
0.0171405
-0.0364366
0.0425096
0.0210647
-0.039601
-0.00695523
0.0450171
0.0407848
0.0156035
0.00262529
-0.0451007
0.013217
-0.0399695
0.000916954
-0.0194861
0.0176318
-0.0435996
-0.011641
0.0192559
-0.0349476
0.038953
-0.0237595
0.0337917
0.0437749
0.00179063
-0.0309899
0.0285631
-0.0443041
-0.0324555
0.0373383
0.0297313
-0.00178695
-0.027845
0.0448297
0.0160877
-0.0136356
-0.0119505
-0.00133755
0.0074098
0.047161
-0.0119085
0.0487365
0.0417892
0.0376009
0.0138649
-0.0101736
0.0111636
-0.0466796
0.000670714
-0.0375204
0.022279
0.0251897
-0.0319079
0.00928485
-0.00834468
-0.0341146
0.0130943
0.0217948
-0.0250168
0.00563689
-0.0349149
-0.00277896
-0.0421787
0.0149869
-0.0331895
0.367973
0.287365
0.169278
-0.152
0.0755494
0.182569
-0.0124798
-0.221147
0.0914071
0.0400669
0.067206
0.0202929
0.255959
0.128515
0.526666
-0.0864699
0.0315859
-0.000365325
-0.14892
0.0602006
-0.0142155
0.0635566
0.186012
0.195825
0.11366
0.108052
0.098206
0.0127934
-0.0783983
0.0287569
-0.0141487
0.270049
0.0313782
-0.0439475
0.163555
-0.394975
-0.155695
-0.119014
0.0979709
0.233329
-0.00735622
0.152334
-0.16758
-0.062175
0.113747
-0.226392
-0.128016
-0.0835016
0.0508565
-0.0500912
-0.0561341
0.0578097
-0.0344115
-0.0129629
0.0169611
-0.0160867
-0.0348924
-0.0180803
0.00100038
0.0688269
-0.036372
-0.131033
0.00316474
0.163852
0.0165363
0.12996
0.00278397
0.0415985
0.0872152
-0.0460417
0.0237995
0.00887216
0.0333865
0.0868771
0.0828535
0.0688044
0.0246152
0.0544018
0.0515564
0.0423831
0.0158874
-0.0832396
-0.0394247
0.284532
0.177086
-0.0199914
0.00958099
0.0785748
0.0376116
-0.0129271
-0.240903
0.0336793
0.0208829
-0.0311928
0.107905
-0.023525
-0.00631655
0.0210494
-0.0313674
0.261165
-0.0164183
0.0739557
-0.0600525
0.0877101
-0.00873391
0.0520607
-0.0343094
-0.0398378
0.102532
-0.0332581
0.0142158
-0.0142424
0.0328324
-0.0484669
0.0682038
0.0360704
0.0225214
0.0266892
-0.0269311
-0.0330994
-0.0234906
-0.091411
-0.0157888
0.0368421
0.0372602
-0.0640811
0.0835764
0.0114405
-0.0152903
0.0120201
-0.0248517
0.0254741
0.0652084
0.133665
-0.0779722
-0.0455697
-0.0587041
-0.00645203
-0.0204747
-0.0342905
0.0719009
-0.041573
0.0296065
-0.0159163
-0.00976723
-0.0904747
-0.0393185
0.0257378
-0.0521537
-0.0355757
0.094406
0.00969859
0.0037741
-0.0472682
-0.0246098
-0.0223425
0.0510569
0.0140142
0.0423306
0.0298349
0.0463598
-0.0374873
0.044309
-0.0345623
-0.114467
0.0263616
-0.0333016
0.038219
0.0431788
-0.0483917
-0.0302789
-0.0256944
-0.0324068
-0.00789304
0.0373903
-0.0267933
0.0554034
0.03198
0.0137421
-0.0259214
0.011517
-0.0408209
-0.0201789
-0.00687594
0.0166385
-0.0214811
-0.0291909
-0.104003
-0.0283345
-0.016907
0.0281132
-0.0279018
0.0490281
-0.0426049
-0.0235529
0.0849597
-0.101047
-0.0187563
-0.048158
-0.0202888
-0.00363013
-0.000581898
-0.0267454
0.0298924
0.0360687
0.0402223
-0.036923
-0.00192582
0.019096
0.0425091
0.0459137
0.0190324
0.0333822
-0.0192242
0.113136
0.0187653
0.157068
0.0402007
-0.0423633
0.0501345
0.137536
0.0267139
-0.0348131
-0.0551424
-0.0483407
-0.0419331
-0.116401
0.0528019
-0.00492198
0.0315433
0.0249792
-0.0276244
-0.018431
0.0408094
0.0967849
-0.00270302
0.089845
-0.0487718
-0.0935323
-0.00613618
0.0952515
-0.0754964
-0.0361321
-0.0452088
0.0472233
-0.0553878
0.0649282
0.246071
-0.00838989
0.0487547
-0.0428304
-0.0528141
0.0250691
0.0162421
0.0181553
0.0323569
0.0487896
-0.0375719
0.0380042
-0.00956146
0.03313
0.107899
0.0589091
0.0448775
0.0514142
-0.0345243
0.0399259
-0.0867879
0.166297
0.157499
0.100556
0.000259493
0.0597694
0.00976261
0.0396169
0.21942
-0.211734
0.172858
0.185125
0.0260447
-0.0344627
-0.154095
0.0896856
0.0174915
-0.0352794
0.144459
0.100618
0.150387
-0.260379
-0.192128
-0.174432
-0.207305
-0.064911
0.144474
0.0546045
0.0810323
0.0361888
0.0484004
0.0247409
-0.314646
-0.0324176
-0.308996
-0.0665534
0.0569977
0.0924531
0.0889058
-0.0560988
0.157146
-0.0092983
0.137896
-0.014275
-0.112136
0.0650256
0.0228477
0.0418235
-0.000444478
0.136512
0.000101372
0.0953899
0.171793
-0.105895
-0.111446
-0.0938
0.0213948
-0.0342828
0.0332663
-0.096021
0.0454345
-0.0665873
0.0413472
0.0565774
-0.113818
0.246308
0.0367392
-0.0732678
-0.0453047
-0.137066
-0.0321046
-0.0465323
0.039862
0.0953277
0.034525
0.0417495
-0.00682899
-0.0177726
-0.0294011
0.0111381
0.0141169
-0.00737214
-0.0473554
-0.0288675
0.00360962
0.000711859
-0.0442887
0.0186145
0.0105583
0.0468449
0.0352314
0.0326759
0.0316707
-0.0395913
0.0410107
0.00725973
-0.0477293
0.0196505
-0.0520145
-0.00861721
0.00532695
-0.0333755
0.0366235
0.0116363
-0.101778
-0.0187094
0.00148538
-0.0248379
-0.0256363
-0.00948537
-0.0301754
-0.0170418
-0.0292011
-0.00402651
0.0206732
0.0259384
-0.02245
0.0179361
0.00974256
-0.0380806
-0.00811042
0.00421437
0.0205429
0.0446248
0.0317587
0.0269748
0.0189395
-0.0193527
0.0305694
0.0250446
-0.0405855
0.0278046
-0.0313356
-0.174135
0.0294872
0.00259552
0.0134281
-0.00951966
0.0348421
0.0396696
0.0506215
0.166359
0.00267244
-0.0182132
-0.0425775
0.00978674
0.00522242
0.0158361
0.155351
-0.0267941
0.0310882
0.00586544
-0.0137158
-0.0117341
0.034156
-0.00219982
0.0439547
0.0224983
-0.0629835
0.0605147
-0.197382
-0.155788
-0.027013
-0.0982308
0.107631
0.0205927
0.0429481
-0.0350812
0.0346619
-0.0360656
-0.119645
-0.0732628
-0.0271453
-0.0153462
-0.0796566
0.0305481
0.00316352
-0.0822699
-0.00760859
0.0227212
0.0135758
0.0975189
-0.0852497
0.212757
0.0616873
0.091859
-0.0346628
-0.0382435
0.0213159
-0.067475
0.0863145
0.0193426
-0.0348718
0.148832
0.127574
0.0866508
0.061226
0.146889
-0.00058454
0.0135319
0.152718
0.0604921
-0.0151073
0.0458012
-0.0633495
-0.0215008
0.0105994
0.00648529
0.069932
-0.098478
0.0195248
-0.0613881
-0.0072784
-0.0114281
-0.0318497
-0.0334615
0.014268
-0.0887298
0.0186068
-0.0153808
0.0456284
0.00695185
-0.0297871
-0.0265011
-0.00232563
-0.00530227
-0.0165576
2.46237e-05
-0.0285633
0.0610623
-0.00332325
-0.0735631
-0.0441545
0.000146961
-0.0544647
-0.0287926
-0.00838806
-0.00295743
0.0898813
-0.00286811
0.0374283
-0.0407802
-0.0369701
0.0192339
-0.0218868
-0.00494044
0.0277727
-0.0350356
-0.0335296
0.0187457
-0.0292507
-0.000181406
-0.0139649
-0.032742
-0.0284339
-0.0244975
0.0187776
0.0208669
-0.0102692
0.0488773
0.0185071
-0.028582
-0.00892502
-0.0374176
-0.0376598
-0.0451001
-0.0265567
-0.029306
-0.0212555
0.0016076
0.00914014
-0.0278344
-0.0103629
0.027692
0.117897
-0.00191771
0.00940448
0.00175022
-0.0168571
0.0951477
-0.0671996
0.0261978
0.0391725
-0.0201996
-0.00316218
0.0300544
0.015158
0.00641092
0.0311322
-0.00408502
0.0157526
-0.045847
0.00172992
0.0771198
0.0214998
-0.0151594
0.0237981
0.00770909
0.0342674
0.0109625
-0.033371
-0.047785
0.0357975
-0.0308059
0.00426933
0.0194562
-0.0316674
0.0385039
0.0357903
0.00891289
0.0478863
0.00228706
-0.00236782
-0.0200495
0.0631103
-0.027841
-0.0119423
0.0193071
0.0428658
0.0215662
-0.0046312
-0.000538863
0.0250983
-0.0236715
-0.03821
-0.0385029
0.0299883
0.0288095
0.0447873
-0.00828123
-0.00764996
-0.0470844
-0.0415092
-0.0436372
0.0356732
0.0157689
-0.000382606
0.0149953
-0.00717251
-0.0179985
0.0305496
0.037948
-0.0468003
0.0195786
0.0418416
-0.0186269
-0.00197596
-0.0333112
0.00570237
0.0164611
-0.0152368
0.0249083
-0.0310893
-0.0176704
-0.00187068
0.0560436
-0.0049796
-0.0405607
-0.0324814
-0.0292621
0.00372494
-0.0377653
-0.0168541
-0.0166305
0.0373795
0.00629843
0.0573687
0.0341958
-0.0279736
0.023033
0.0303842
0.0102267
0.0847983
0.0405164
0.050319
0.0645285
0.0142093
0.0664712
0.0417789
-0.0350158
0.0106334
0.0317391
0.024743
0.0163907
-0.0342835
-0.0282005
0.0639516
0.0467179
0.00999173
-0.0272844
0.0905402
0.00895278
0.0574822
-0.0369668
0.025557
0.0744666
0.04296
-0.0519479
-0.0082596
0.0384752
0.0314948
-0.0235983
-0.0113399
-0.0447902
0.0119869
-0.0492315
-0.0159858
0.0187422
-0.00409962
-0.0320452
0.00754864
-0.0549257
0.0280577
-0.0343681
-0.0103716
-0.00295425
-0.0510898
-0.0971224
-0.00476182
0.03994
-0.0594689
0.0253568
-0.0232404
-0.215641
-0.0325964
-0.0667276
-0.0810322
-0.00294083
0.0334426
-0.0689383
0.0245409
0.00269851
0.0389576
0.0601282
0.014205
-0.0170916
-0.0283156
0.0329084
0.0441375
-0.0141778
0.00069716
-0.0193595
-0.0211291
-0.0427983
-0.0202725
-0.0567239
0.0430575
-0.0172745
-0.000440958
0.0912894
-0.0349309
-0.00555548
-0.0499871
-0.0905426
-0.111639
-0.0467294
-0.0211452
0.0838089
-0.0472207
-0.0014589
-0.0248361
0.0833377
0.0328452
-0.0482622
-0.0844195
0.000672517
-0.0745676
0.0125081
-0.100998
-0.0576828
-0.0890359
0.00301925
0.0109037
0.0307885
0.00246164
0.0193482
-0.0242323
-0.020606
-0.0504362
0.0611389
0.0708299
0.018345
0.0120072
-0.0258729
0.0193894
-0.0246887
0.00208805
-0.0144844
-0.0472526
-0.0309962
-0.0291226
-0.0162168
0.0113758
0.000630985
-0.0470479
-0.027005
-0.0297471
-0.00265156
0.0202119
0.0367064
0.0354996
0.0483623
-0.0480117
-0.0362201
-0.0459955
0.0428637
-0.0404233
-0.0311956
0.0464794
0.0128915
0.00911051
-0.0473527
0.0294951
0.00068706
0.0365573
0.026169
-0.0263399
0.0487851
0.0174624
0.0307678
0.0306301
-0.0305656
-0.0483772
-0.0217213
-0.0275108
-0.0454093
0.0396415
-0.0302199
-0.00251135
0.0441185
-0.00462593
0.0326866
0.0275494
0.0192709
0.0203361
0.0148238
0.0365765
-0.0293442
0.0039339
-0.0113216
0.0390894
-0.0158854
0.00165233
-0.042089
-0.0128542
-0.0100698
0.00618927
0.00982255
6.45643e-05
0.0372882
0.0549007
-0.0182506
-0.0227
0.0253822
0.0303775
-0.0395409
-0.0730454
0.0724417
-0.0499456
0.0189759
-0.0168615
-0.0147592
-0.0419544
0.0285081
-0.021093
0.0207343
-0.027283
-0.0251278
0.00950515
0.0458136
-0.0331911
0.0361639
0.0156964
0.019099
-0.032181
-0.0576688
-0.0454509
-0.0740118
-0.0333696
0.0887134
0.0852329
0.0159357
-0.079279
-0.00246666
-0.00656101
-0.0238815
-0.0324235
0.0254631
0.0211363
-0.0052467
0.0160937
-0.00495921
-0.0437622
0.0271132
-0.0430429
0.0350375
0.0621364
0.02688
0.158791
0.109094
0.0320749
0.0637645
-0.0304351
-0.0401441
-0.0434624
0.0316276
-0.0121616
-0.032118
0.0171732
0.0531329
-0.0230956
-0.0633073
-0.0162041
-0.00315249
-0.0113637
0.0120443
-0.0172302
0.0597289
0.0416493
0.0255048
0.037754
0.032704
0.0266022
0.0551815
-0.0532282
0.0303926
-0.0161181
-0.00531508
-0.0227932
-0.0378359
-0.0407578
-0.0431141
-0.0119265
0.0186658
0.0278614
0.0639785
-0.0288552
0.0355373
-0.0592836
0.0442917
-0.0549558
-0.0179763
0.03915
0.00256028
-0.0237076
0.0402561
0.0034347
-0.0213883
-0.0411409
0.00485903
0.000512855
-0.0502854
0.0763343
-0.001698
0.0234449
0.0331688
0.0138567
0.00125983
0.0683692
0.000917249
0.0342517
0.028948
0.0222266
-0.00791653
-0.0361073
-0.0542136
-0.0379123
-0.022585
-0.0428714
-0.0161569
0.00698362
-0.0251161
-0.0015861
0.0409856
-0.0218229
0.0475751
-0.0451732
-0.0297251
-0.0134996
0.0175202
0.0237419
-0.0057933
-0.0168444
0.00351009
0.0701887
0.00699416
-0.00704439
-0.0310858
0.00216846
-0.0786129
0.0224001
-0.0271216
0.00335205
0.0336984
0.0685121
0.0163779
0.0184816
-0.0267275
-0.0193443
-0.0264982
-0.0142206
-0.0287771
0.0646001
-0.021997
0.0405431
-0.0418113
-0.011633
0.0449777
0.0376061
0.0275545
0.0135754
0.0341952
-0.0696657
0.00972166
-0.0194736
0.00185684
0.034505
0.0348419
-0.0564067
-0.0362571
0.0413751
0.0247145
0.0267166
-0.00229144
0.0195943
-0.0312051
-0.0397089
-0.0109575
-0.0435768
0.0255217
0.00686017
-0.0298588
0.00480997
0.0248481
0.0350205
0.0418343
0.00968525
-0.0317765
0.0162894
-0.0342271
0.0323687
-0.00486528
-0.00201277
2.83706e-05
0.0532106
0.0334996
-0.0216353
-0.062939
-0.0459627
0.0221968
0.0241047
0.010229
-0.0436676
0.0124051
-0.0146076
-0.0284089
-0.0388651
-0.0287274
-0.0410939
0.0153276
0.0313432
-0.00653184
-0.0215148
-0.0468807
-0.0252788
0.0293554
0.00653667
-0.0450724
-0.00983253
-0.0208278
0.0013319
-0.0394515
-0.0303702
-0.0231534
-0.0329144
-0.0413205
0.0618899
0.031804
-0.0207322
-0.0242141
-0.0312021
0.0683397
-0.015255
0.0552053
-0.0288129
0.0394728
0.00203478
-0.00422179
-0.0250657
0.0876678
-0.0282486
-0.0336901
0.00633842
0.058045
-0.039644
0.0550775
-0.00702751
-0.00670888
-0.00716134
-0.0335044
0.0314894
0.0380067
0.0326892
0.0349547
0.0433244
0.0445157
-0.00491976
0.0209017
-0.0511535
0.0256151
0.0141203
0.0115787
-0.0036605
-0.000160619
-0.0507697
-0.0334811
0.00801263
-0.055374
-0.0785272
-0.0332164
0.0346128
0.000781113
-0.0133636
-0.0110107
0.0693723
-0.0336857
-0.0021503
-0.038042
0.0359461
0.0430758
0.00141979
0.0330673
-0.0264866
0.0822629
0.00133259
0.0233387
0.0288171
-0.0563805
0.0115467
-0.0769583
-0.0253707
-0.0483125
0.0183587
-0.0351895
0.0250154
-0.00347399
0.0332505
0.0374419
-0.0680054
0.040085
-0.00531933
0.0372916
0.0368901
0.000949268
-0.075135
0.0333013
-0.0329306
-0.0325069
-0.000948945
0.0318711
-0.00268137
-0.00110753
0.00805145
-0.041649
0.0271381
-0.0500823
-0.0456319
-0.0452279
0.00986355
-0.0303921
0.00965595
0.0169864
0.0760991
-0.0485316
0.000109723
0.0696163
0.0538143
-0.033295
-0.0144274
0.00792756
0.0135368
-0.0209048
0.0329016
-0.0131996
-0.00556512
-0.0128696
0.00511858
-0.0397506
0.0484815
0.0547775
0.0311443
0.0391168
-0.000222146
-0.0536354
0.0253116
0.0621622
0.036444
0.046889
0.0428804
-0.027385
0.0250621
0.0423449
0.0207341
-0.00331104
0.0387141
0.00583398
-0.0295868
4.85964e-06
-0.0438953
-0.0301537
-0.041995
-0.00204728
-0.0420142
0.0389896
-0.0316101
-0.01156
-0.00562552
-0.0243065
-0.032394
0.0363992
-0.0451278
-0.000430426
-0.0449995
-0.0166794
0.00969008
-0.0183764
0.0031449
-0.00585833
0.0229652
-0.0192088
-0.0016671
0.0249405
-0.021511
-0.0283891
0.0110382
0.032236
-0.0290422
0.00530105
-0.0207818
-0.0336264
0.0170083
0.0467605
-0.0247898
-0.03915
0.0328631
-0.0110368
0.0481465
0.0465773
-0.0353731
-0.0257891
-0.0417589
0.0257429
-0.0272918
-0.0124504
0.0105448
0.00882359
0.00688403
-0.0331135
0.0355743
-0.0319589
-0.0203245
-0.0265549
0.00652362
-0.0356345
0.0376363
-0.00620766
0.0343146
-0.0233898
-0.0203623
-0.0244254
-0.00504157
-0.0374205
0.0360058
-0.0381555
-0.0393597
0.0472593
-0.0146624
0.0201877
0.0524728
0.0158261
0.0199601
0.0225677
-0.0111756
-0.0144312
0.034585
-0.0698059
0.0740039
0.0119208
0.0491605
0.00789017
0.166638
0.052427
0.115654
-0.00654858
-0.035718
-0.0104732
-0.0695736
0.0423518
0.0134958
0.0254685
0.0346786
0.0152284
-0.0164716
-0.0171009
-0.0124758
0.040815
0.0417241
0.030739
-0.0435899
0.0396817
-0.039938
0.00879615
-0.0511549
-0.125888
-0.0542013
0.0343409
-0.00614441
0.0603785
0.00509954
0.0355304
-0.06045
0.0331182
0.0638964
0.0106503
-0.0467036
0.0293503
0.0767512
0.00948476
-0.0412691
-0.0366571
-0.013421
0.00466095
0.0665868
-0.0470237
0.0423375
-0.0329212
-0.0273242
-0.0405365
0.0231299
-0.0258704
0.00490739
0.0188903
-0.0397537
0.00384068
-0.0342562
-0.018713
0.0494864
0.0675835
-0.038901
-0.0554191
0.045275
0.00353208
-0.0631119
0.0356156
0.0220308
0.0174523
0.0243962
0.0334847
0.0458584
-0.01721
-0.040322
0.0402672
0.00772062
0.00111783
0.0436693
-0.0174563
-0.000418245
0.0414696
-0.0340176
-0.0417302
0.0296123
-0.0330956
0.0229954
0.127767
-0.00197854
0.0106375
0.0461724
-0.0151593
0.0338479
-0.0300316
0.0370765
0.0104123
0.034779
0.0374198
0.0419327
0.0169169
-0.0354324
-0.00607003
-0.015317
-0.0472296
-0.0153501
0.0482944
-0.0483736
-0.0528415
0.0455853
-0.0303442
-0.0109431
0.0360094
-0.0286315
0.0233691
-0.0347542
-0.00482051
0.0464474
-0.0082366
-0.0412427
-0.0296485
0.0314671
0.0228282
0.0120658
-0.0402373
-0.0113242
-0.080822
-0.0558582
0.0147297
-0.0458661
-0.0458485
0.0150786
-0.0308522
0.0237215
0.0422727
-0.0297946
-0.0377241
-0.0423534
0.00603528
0.0224872
0.0447189
0.0330479
0.0464733
0.0483352
0.0289568
0.00908894
-0.0237589
0.0344618
-0.0174738
-0.0130303
-0.0414578
0.0134735
0.0245704
-0.000892793
-0.0269031
-0.010258
-0.0177093
-0.000917548
-0.0414234
0.00846388
-0.0099813
0.0347285
0.0340937
0.0266209
0.0375506
0.0124613
0.0365662
-0.00556475
0.0315106
0.0294488
-0.0129242
0.0469527
-0.00498047
-0.02258
0.0310398
0.0420322
-0.00761945
0.0438425
0.0236231
0.0274259
-0.0368706
-0.0364645
0.0290688
0.0320849
0.0171453
0.0486465
0.0302621
-0.00877464
-0.0493247
-0.0375554
-0.00165046
-0.0499592
-0.0292315
0.00982372
-0.0150156
0.0323719
-0.0198368
-0.00289576
0.00809061
-0.0395373
-0.0159551
0.0262892
0.00925106
-0.0274115
0.00568778
0.0253335
-0.0136014
0.0213937
-0.0498622
0.033428
0.00503037
0.0201469
-0.0184825
0.0301496
-0.00889107
-0.0200005
-0.0799505
-0.0247213
-0.0355762
0.0047136
-0.00395034
0.00142349
0.0556367
0.00714024
-0.0420508
-0.0405368
0.0107859
0.037482
0.0392005
-0.0220442
-0.0682882
-0.0565858
0.0776259
-0.0232166
0.0276345
0.00328997
0.0139482
0.030563
-0.0599513
0.0134763
0.109339
0.0190672
-0.0200896
-0.0256195
0.0538558
-0.00695068
0.0450728
0.0301248
-0.00431219
0.0574244
0.0295507
0.0467839
-0.0135034
-0.0173418
-0.0479445
-0.0259022
-0.00186714
0.0365713
-0.022847
0.0438017
0.0152375
-0.0283175
0.116306
-0.0413736
-0.0756115
-0.0148952
0.0444853
0.0134724
-0.0175909
-0.0388468
0.0399349
0.000742868
0.0272054
-0.0126151
-0.0285898
0.074703
0.0249444
-0.0218367
-0.0235855
0.0140774
0.0228778
-0.0367543
-0.0268433
-0.0112643
-0.0174386
-0.0188373
-0.00122159
-0.00893717
0.0220353
0.0304212
0.0306557
0.0161817
0.0148691
0.0090394
-0.132692
-0.0503835
0.0076832
0.0250785
0.00833097
0.0207101
-0.0222199
0.0505159
-0.0609642
0.0167995
0.0670271
0.0314471
0.058434
0.0437376
0.0193205
0.0288191
-0.00951124
-0.00422142
-0.00903657
0.0823718
-0.0422879
-0.0144045
-0.0361246
-0.0410968
-0.0218039
-0.0467198
-0.000988526
-0.0264314
0.00409532
-0.0594701
-0.0535151
0.0298948
0.0155961
0.0214151
-0.0179139
0.0355943
-0.0113763
0.0226942
-0.045111
0.0219928
-0.00490433
-0.0169305
-0.0434793
0.0362335
0.0304524
0.0269534
-0.0117434
-0.00633217
0.00791963
0.0174507
-0.0130638
0.0398764
0.045326
0.0268659
0.02286
-0.00738374
0.00817392
0.0215737
-0.0250927
-0.0386813
0.0132038
-0.0161868
0.0358268
0.0456535
8.1473e-05
-0.0362664
-0.00806146
0.0468596
0.034337
-0.0171776
-0.0561637
-0.0188836
0.0159892
0.022582
-0.00327807
-0.03195
0.0462609
-0.00873464
0.0414412
-0.0069492
0.0274525
-0.00412945
-0.027088
0.00923089
0.0180104
-0.0407944
0.0148108
-0.01836
-0.0171067
0.0389196
-0.0389361
-0.0411445
-0.00816897
0.0282651
-0.00864448
0.00108937
0.0181247
-0.0279312
-0.00382309
-0.0604314
0.0182135
0.0181345
-0.0534293
0.0259997
-0.039969
0.0270587
0.0153674
0.0320639
-0.0507236
-0.0035037
0.0403894
0.0151951
-0.00399699
-0.0424314
-0.0247059
-0.0136037
0.0285895
-0.0145285
0.0454078
-0.00437213
0.0352837
0.0247353
-0.0216637
-0.0078968
-0.0460578
-0.0134215
-0.2153
-0.0735938
-0.0853595
0.0288167
0.0948708
-0.0424174
0.0141315
-0.0256065
-0.0252667
0.0129207
0.0254791
-0.0155927
-0.0197155
0.0291297
-0.0318871
0.0299522
0.00958357
-0.0825759
0.0100025
-0.0708649
-0.0353822
0.032393
0.00221086
0.167221
0.0895969
0.0201273
0.0159047
-0.0598756
0.0213999
-0.0707567
0.045708
0.0130939
-0.0447942
0.0486348
0.0281342
0.0165066
-0.0804173
0.0961233
0.0235543
0.0219452
0.0289549
-0.00837379
0.102685
-0.00713282
0.0182383
-0.0428502
0.0565535
0.0332424
-0.0312444
-0.0314493
-0.000946704
-0.0398749
0.0371383
-0.0654006
-0.0202342
-0.0445282
-0.0620159
0.0164098
0.0266399
0.0470088
0.00389056
0.00419926
-0.000238608
0.0182801
0.0396329
-0.0441703
0.0299425
-0.00289357
-0.0378473
0.0377653
0.0124003
-0.0546277
-0.0272684
-0.0620779
-0.0508444
-0.0111731
0.0180917
0.0277419
-0.0038391
-0.0220217
-0.00345081
-0.0221347
0.0113934
-0.144952
-0.0197178
0.00300416
0.0477242
-0.0486757
0.0147069
-0.0625821
-0.06213
0.00837991
-0.0372573
-0.0169248
-0.0249498
0.00862444
-0.0129347
0.0397842
0.0392634
-0.00179649
-0.00121732
0.00920087
-0.0545315
-0.0140271
-0.0116213
-0.0118893
0.0207058
0.0226916
0.000647187
0.0232128
0.00377987
-0.045499
0.0249259
0.040891
0.0461489
-0.0385623
0.0121542
0.0331232
0.0250179
0.0329791
0.0421341
0.00727186
0.00018806
0.00655683
-0.0184791
0.0174633
0.0453334
0.0363004
-0.0430789
0.0269491
-0.0464749
0.0384173
0.047749
0.0586904
-0.004044
-0.0207104
-0.00208526
0.024411
-0.0036434
0.00257112
0.00618331
0.0291123
-0.0451859
0.0413089
0.018618
-0.0477392
0.0487112
0.00642182
-0.00991575
-0.0127098
0.0257212
0.0044871
-0.0280214
0.0060246
-0.056459
-0.00501089
0.0453051
0.0485686
0.0364126
0.0125018
0.0423902
-0.00558986
-0.0366759
-0.0269035
0.0273573
-0.0393268
-0.0383141
-0.0157842
0.0266265
0.0201107
-0.0446815
-0.00707421
-0.0295704
-0.0131521
-0.0174948
0.0532033
0.011541
0.0267922
0.0336161
-0.0461561
-0.0263533
-0.028322
0.0204226
0.000280021
0.0551306
-0.00134868
0.0506248
-0.0183461
0.0190985
-0.0207927
-0.0340948
0.00913939
-0.0055511
-0.036046
-0.0381096
0.0149388
0.0106808
-0.00632716
0.015927
0.0121738
-0.0195028
0.0499831
-0.0823471
0.00666701
-0.00623785
-0.0128006
0.0511745
-0.0542811
-0.0559625
0.0409424
0.0392943
0.0634291
0.0329861
0.00763464
0.0340148
0.0432447
0.0311764
0.0314565
0.027696
0.0281491
0.0180587
-0.000711412
-0.0145247
-0.0397514
-0.00793134
0.0744842
0.0764341
-0.0388533
-0.0143307
0.0183416
0.00813968
-0.016322
0.0118399
-0.0107149
0.0283214
-0.0258767
0.0145708
0.0294838
0.00596466
-0.0160739
-0.0474616
0.0239805
-0.0189404
-0.0214359
-0.0719213
-0.0227223
0.0232307
0.0282451
0.0015277
-0.000918293
-0.0387644
-0.0397257
0.0459169
0.0140494
-0.0297836
0.0326412
-0.0181422
-0.0452156
-0.0266723
-0.0069045
0.00192027
0.0281602
0.0175089
-0.0150212
0.0226514
0.0247062
0.00867269
-0.0417713
0.00122991
-0.0416751
0.0182852
0.00362141
-0.00449966
0.0430802
-0.0182265
0.0130985
0.000502573
0.00871469
0.0419966
0.0165473
0.0455555
-0.037352
0.00529828
-0.0155051
0.0120776
-0.00850918
-0.0412874
0.0338601
-0.0453468
0.0761057
0.0489751
-0.0220037
0.0218497
-0.0324703
0.0305825
-0.0250482
-0.0159988
0.0419829
0.0300057
0.0337664
-0.0333827
-0.00988174
-0.0407827
-0.0357986
0.0350453
-0.0300161
-0.00279472
0.00993425
-0.0462037
0.00393445
-0.0189741
0.00838063
-0.0130879
-0.00506781
-0.013932
0.0352306
0.0404275
0.0222522
0.00671071
0.0101603
-0.0317882
0.0288254
0.0305141
0.0582321
-0.0108027
-0.0220931
-0.0347089
0.00365727
0.008466
-0.0398542
0.0337331
-0.0231392
-0.0213864
-0.0368365
-0.0252286
0.0138226
-0.0120364
0.0403211
0.04553
-0.0334709
0.019802
-0.0173839
-0.0147985
0.0476729
-0.0261281
0.0159903
-0.0419262
0.0328647
-0.0322315
-0.0371447
-0.0382109
0.0265417
0.0302048
0.0101436
-0.0446029
-0.0078231
-0.0160028
-0.0202672
-0.0153775
0.0564169
0.0159408
-0.0378469
-0.0356431
0.000102591
-0.0414138
0.0401125
0.0380428
0.0409573
0.00907804
-0.0254601
-0.0190443
-0.0141531
0.0356397
0.0122582
0.0142974
0.0458869
-0.0226394
0.0467413
0.0404689
-0.0404914
0.00129197
0.0108888
-0.0441801
0.00350802
-0.0247807
0.0185559
-0.00817253
-0.0411549
0.0771411
-0.0421704
-0.0391275
-0.00279949
-0.0517491
0.0248259
0.0183614
-0.0170348
-0.0466762
0.0387318
-0.0105646
0.0226633
0.0396074
0.0168774
0.0334043
0.193842
0.0843096
0.0756593
0.00561004
0.0135752
0.0442861
0.00161054
-0.0122133
0.0121547
0.00733537
0.0393765
-0.0516516
-0.181903
0.0861324
0.20915
0.154423
-0.185999
0.137653
0.142904
0.0041139
-0.0469717
0.0886975
0.0162563
0.0941128
0.0731928
0.0104196
0.262111
0.0371812
-0.153902
0.23446
0.145026
0.00834125
-0.00272831
0.209066
0.00831805
0.00808839
-0.0785138
-0.0236974
0.03586
0.226642
0.0260761
0.0777226
-0.120348
-0.0775014
0.0650718
-0.195312
-0.113808
-0.0807963
-0.00473641
0.0128682
0.0150456
0.0325666
-0.190729
-0.0992571
-0.137096
-0.0074645
-0.144587
0.013924
-0.178792
0.084556
-0.0996107
-0.19612
0.0605423
0.0576741
-0.0157322
-0.152072
-9.2379e-05
0.039997
-0.0603029
0.16565
-0.0869288
-0.0254751
0.0123089
0.095591
0.0156559
0.0604405
-0.16454
0.0422633
0.00773797
0.0145216
-0.0450277
-0.0875084
-0.141897
0.311155
0.0630037
0.138557
0.0187705
0.0585677
0.223465
0.00544609
0.162456
-0.0902829
-0.00356657
-0.0046905
0.0186478
-0.065134
-0.0183354
-0.0218816
0.00192857
0.0423989
0.176502
0.0303395
0.0926122
-0.136396
-0.0222047
0.0452275
0.0476975
-0.0212982
0.0504429
-0.0629658
-0.039449
0.0370787
-0.041221
0.0317003
0.133302
0.0807146
0.0429541
0.0366004
-0.0664482
0.0495961
-0.0875954
-0.340442
-0.0304045
-0.0138066
-0.0164035
-0.099241
0.272676
0.0079996
-0.0470071
-0.0248011
0.221993
-0.178047
-0.0747835
0.0518021
-0.0263001
0.0352073
0.0222901
0.0392903
0.0323277
0.0384169
0.0178669
-0.035146
-0.0121838
-0.0411575
-0.0263878
0.0475238
0.0276631
-0.0285941
-0.0776924
0.00272191
0.00462262
-0.0388441
-0.0202257
-0.0458643
0.00623993
0.0022955
0.0316812
-0.0251031
0.0475457
0.0451457
-0.00648367
-0.0235824
0.00362758
-0.0422034
0.108771
-0.152704
-0.0786965
-0.0206828
0.0117921
0.00560733
0.0039006
0.0347151
-0.0296349
-0.0208433
0.0468545
-0.029866
0.0877702
-0.0168583
-0.0169574
-0.0302345
-0.0511738
0.00911155
0.0328736
0.0184339
-0.00245832
4.94166e-05
-0.0786986
-0.0855266
-0.030469
0.00473685
-0.0247869
0.0125291
0.0119829
-0.0421324
-0.039597
0.073133
-0.0162631
-0.00394839
-0.0191083
-0.025965
0.0108376
0.0128533
-0.0268507
-0.00873748
0.0267761
0.025165
-0.00715281
-0.0297218
-0.0355155
0.0186309
-0.00715827
0.00357649
0.0206689
-0.0642236
-0.239131
-0.111618
0.149538
0.000314613
-0.112022
0.0183258
0.162293
0.016551
0.0307723
-0.141542
-0.193166
-0.1156
-0.109653
-0.0189785
-0.0218746
-0.0673722
0.0127185
-0.0658178
-0.00654878
0.0175548
0.0345233
-0.073649
0.0516037
-0.0265873
-0.167809
0.182372
0.132174
-0.123725
-0.0652659
-0.0529772
0.0398183
0.139236
0.0452172
0.152508
-0.0313663
-0.0320801
-0.0382619
0.0633095
0.00139115
-0.0153256
-0.0294615
0.208496
-0.12669
0.131561
-0.0348114
-0.00374514
0.0477483
0.104389
0.014272
-0.0074425
-0.0137888
0.0251281
-0.039895
0.0142531
0.0891867
-0.0153674
0.0462248
0.0250227
0.0927936
0.0783205
0.108707
0.143875
-0.191353
0.242304
0.695874
-0.120579
-0.0514028
0.0782871
0.135921
-0.0267456
-0.0119258
0.28411
-0.184511
0.242216
0.0375775
-0.19128
-0.219937
-0.124311
0.243522
0.102024
-0.0157457
0.125183
0.0065214
0.0545925
0.071773
0.115738
-0.120486
0.263225
0.0237663
0.0872521
0.033464
-0.252607
0.0825254
0.0665712
-0.0854896
0.150777
0.0773586
-0.0518619
0.347757
0.207935
-0.00708574
0.0421001
-0.360851
0.0264689
0.0266098
0.185466
-0.166022
-0.155768
-0.110715
0.0484829
-0.0286507
0.0305151
-0.0192422
-0.0337437
-0.0180468
-0.0280476
0.276987
0.034156
0.224194
0.134907
0.000975152
-0.0692356
-0.0848581
-0.00666347
0.00772743
-0.0445995
0.0401346
0.0246074
0.0298378
-0.036362
-0.0339544
-0.0274675
0.0380038
-0.0410599
0.0150745
-0.0159397
-0.0299
0.0235976
0.0446918
-0.000228017
-0.0388989
-0.0503871
-0.0260451
0.0261161
-0.00136276
0.000889387
0.00128011
-0.0561021
-0.0290172
-0.0167355
0.0443164
-0.0377219
-0.0258764
-0.0334888
-0.044103
0.0215007
-0.0548634
-0.0599545
-0.0380434
0.0363815
0.0114594
0.031479
-0.0356459
-0.0418313
-0.0458637
0.0441074
0.0178296
0.0132273
0.014433
-0.0100106
0.00235721
0.0209644
-0.0528896
-0.00619217
0.0249518
-0.0187025
0.0485832
0.0482528
0.0468211
-0.0402978
-0.0130883
-0.0146854
-0.051311
0.0146517
0.00123892
-0.0717479
0.193486
-0.0758853
0.0328439
0.0506812
-0.0203567
-0.0114191
0.0323953
-0.000699363
-0.108673
0.0520513
0.137067
0.0112783
0.00963548
-0.0140091
0.0075199
0.0657825
0.0114886
-0.0467312
0.0601087
-0.0300242
-0.0240032
-0.022135
0.0577328
0.0151978
0.0184833
-0.00393391
-0.0332455
-0.119175
-0.00338432
-0.0218891
-0.00763113
-0.02279
-0.0489572
0.00263298
-0.0721553
0.0361632
0.027424
0.0349008
-0.0129376
0.0453457
-0.00591044
-0.0252507
-0.0446934
-0.0291059
-0.0131249
-0.0212633
0.0117818
-0.0645583
0.0591662
-0.0781548
0.211269
-0.00639333
0.0517876
0.0109317
-0.0107782
-0.0138978
-0.0727774
0.0852008
0.0262322
-0.0221872
-0.00777353
0.0150407
-0.0502369
-0.026376
0.0445442
-0.0448954
-0.0104374
-0.0076228
-0.00658842
0.0644837
0.0371593
0.0300048
-0.033989
0.0230955
0.0208583
0.0179759
0.0163856
0.0366206
-0.00336576
-0.00593711
-0.0181013
-0.00727877
0.029841
-0.0152165
0.0153644
0.0257467
-0.0127687
0.0410664
0.017511
0.0355592
-0.0601994
0.078739
0.0361464
-0.0447686
0.0386214
0.0407095
0.0404408
-0.00806058
-0.0491915
-0.0573603
-0.0238319
0.0424488
-0.0511273
-0.0177034
-0.0614846
0.0560198
0.0411264
0.0400946
-0.0432974
0.0416043
-0.0221902
-0.0185809
-0.0158366
-0.0108875
0.0154398
-0.024643
0.00985067
-0.00192058
-0.0348904
-0.0247381
-0.0476395
-0.0303318
-0.0340374
-0.0248201
0.0231405
0.0170426
0.0459941
0.0224621
-0.0369795
0.0180673
0.054255
-0.0323131
0.0227697
-0.021532
0.0274968
0.071925
-0.00110798
-0.000324346
-0.0457612
0.00239392
0.0066579
0.0565833
-0.0201907
0.0185623
-0.0213791
-0.0166518
0.0234349
0.0184127
0.00597647
0.00642923
0.065353
-0.000728029
0.0279181
-0.0130771
0.0563237
-0.00370905
-0.0173341
-0.00200158
-0.0149455
-0.0194303
0.0187027
0.00569303
0.0424625
0.0402255
-0.0188579
-0.0231315
-0.0385935
0.041998
0.0102169
0.00684592
0.0438911
-0.0351099
0.0488504
0.0422385
-0.0241121
-0.0246849
0.0346169
-0.0341043
0.0161141
0.0374917
-0.0473431
0.0228359
-0.0453366
0.00916908
-0.0490522
-0.0146373
-0.026348
-0.0129805
0.0176439
0.0342768
-0.00693944
0.0308845
-0.0140282
0.0472168
0.0100472
-0.0439742
0.0421438
-0.0454591
0.00708217
-0.00590756
-0.00938749
0.0298497
0.0112423
-0.0206794
0.045219
0.0294838
-0.0153553
-0.00857432
-0.0383359
-0.0188742
-0.0394085
0.0418839
0.049734
0.0260858
0.0214886
-0.0369588
-0.0467267
-0.0454008
-0.024216
0.0180301
-0.0256254
-0.0408576
0.0212491
0.00710536
-0.0269887
0.0191341
-0.0165132
-0.0521371
0.0309907
0.0199462
0.0339498
0.000480695
0.0329282
0.0142823
-0.0244422
-0.0613872
-0.0381952
0.0264182
0.00996356
-0.0134352
-0.0370935
0.00706765
0.0476653
0.0271298
0.0237771
0.00946793
0.0539308
-0.0258651
0.0196639
-0.034894
-0.0199251
0.0184467
0.0508987
0.0364639
-0.0252475
-0.0210397
-0.0124559
-0.0212482
-0.0154367
0.00203459
0.0160426
-0.0351892
-0.0228607
-0.0176356
-0.0603722
0.023188
-0.0342076
-0.0384507
0.00548416
0.0414815
-0.00930529
0.0391354
-0.0253739
0.00634871
0.0287594
0.0414595
0.00333136
-0.0455616
-0.0069068
-0.0230916
0.0422758
0.00753301
-0.0508415
0.0380978
-0.0193939
0.0580942
0.0107103
0.0474101
-0.0411377
0.00880839
0.0217559
-0.0330514
-0.0402318
0.0051685
0.049855
-0.000184249
0.0401325
-0.0687895
0.0452474
-0.023327
0.108007
-0.0230418
-0.0129731
0.035262
-0.0306616
-0.00188159
0.0225921
0.0547182
-0.0741086
0.0527441
0.0476638
-0.0122139
0.0126975
-0.00430862
0.0144584
-0.0522481
0.0130716
-0.00382163
0.0320253
-0.0136192
0.0310916
-0.0947954
-0.00837098
0.0177564
-0.0199714
0.0231551
0.0385192
-0.0430772
-0.0425774
0.0346726
-0.0440345
0.0137627
-0.00871306
-0.0683162
-0.0580696
-0.0525346
0.0327099
0.0281029
0.0311045
0.00331591
-0.00765233
-0.0504714
-0.0378129
-0.0385997
-0.0159277
-0.0238037
-0.0143383
0.0371963
-0.0189949
-0.0143048
-0.0571218
-0.0125093
0.0037114
0.0153468
-0.047577
-0.0344082
-0.0479308
-0.00639045
-0.0234646
0.0173343
0.0445222
0.037862
-0.0451957
0.00253958
-0.0100974
0.0300911
0.041442
-0.0026287
-0.0479007
0.0232468
0.00846629
0.0362263
0.036879
0.0312371
0.0444611
-0.00750868
-0.0414094
0.0114051
-0.0384626
0.0300128
0.035821
-0.0140888
-0.0101856
0.00881189
0.0451976
0.0274513
0.0316635
-0.0330654
-0.00973689
-0.0286781
-0.0100807
-0.0258146
0.00959409
-0.0136116
-0.0473106
0.020964
0.0479084
0.0398438
0.0272864
0.0471843
-0.00704535
0.0202875
0.0460675
0.0266633
-0.0181611
-0.0463032
-0.016249
-0.0445366
0.0228467
-0.0184561
-0.0259339
0.0143961
-0.00101925
-0.0235458
0.0347988
0.0403778
-0.0169426
0.0505679
-0.0178777
-0.011822
0.0359213
-0.00473655
0.0388152
-0.00452383
0.0353751
-0.0648159
-0.0363541
-0.040097
-0.0024707
0.0408197
-0.179936
-0.258459
-0.00384292
0.0654506
-0.0465302
0.0277353
-0.0255421
0.0877967
-0.080983
0.0877457
0.0876369
-0.0574859
0.372658
0.300463
0.0288071
-0.119727
-0.0962578
0.245804
0.177456
0.138774
0.0426242
0.0395461
0.186404
0.0813672
0.057277
0.0404087
0.277016
-0.0386498
-0.0661352
0.0705378
-0.0256031
-0.0859084
0.000318211
0.0321544
0.186689
-0.595467
-0.227101
-0.777059
0.148673
0.164272
-0.128953
0.244737
-0.0390595
-0.0771922
-0.12439
-0.385751
-0.314928
-0.353033
-0.193608
-0.0366568
-0.0294229
0.0178062
0.0310616
0.0766504
-0.64295
0.0369135
-0.0206755
0.00490134
0.0303572
-0.0325186
-0.0747896
0.20619
-0.123165
0.0613887
-0.0338394
0.149614
-0.00421907
0.0149615
-0.0645874
-0.0106657
-0.119414
-0.0110582
-0.257497
-0.0965283
-0.023659
0.0669393
0.0906901
0.0513568
-0.0869951
0.00405835
0.153064
-0.0551359
0.03036
-0.0400235
0.0934878
0.0109592
0.00247837
0.153082
-0.115172
-0.0812659
0.166167
0.0616292
-0.0186199
-0.0656256
0.0626384
0.471955
0.00929447
-0.0478859
0.0281442
-0.123399
0.0590957
-0.0805572
0.124839
0.0854535
-0.0396099
-0.00649388
-0.0203919
0.0339091
0.0198286
0.0193641
0.0184259
-0.0104654
0.0291067
-0.00137681
0.0748057
-0.00702894
0.0163392
-0.0588047
0.0161569
-0.064163
-0.00192406
0.207564
0.0121434
-0.0285593
0.0196195
-0.0781826
-0.212796
0.00278536
0.00311921
0.00842353
-0.294713
0.0409239
-0.308625
0.309307
-0.00622457
-0.0857933
-0.104683
-0.0229405
0.031793
-0.0551981
0.0909462
-0.0216649
0.00910541
-0.0188596
-0.00693194
-0.109699
-0.0377372
-0.0083964
-0.0350677
-0.0676474
-0.0264968
-0.0144083
0.0373074
0.0504107
-0.0263067
-0.0283382
0.100346
0.0404204
-0.040722
-0.0399809
0.0196528
0.0131725
-0.0102795
-0.0155
0.0306749
-0.0241126
0.00960752
-0.0573051
-0.0109963
-0.0185038
0.0464888
0.021711
-0.0121562
0.00426
0.0376513
0.0368909
0.0349044
-0.018205
-0.027611
-0.0965876
0.0275911
-0.0617484
0.010209
-0.0377478
0.00683069
-0.038941
-0.0206137
-0.102191
0.0400113
-0.00748932
-0.0121017
-0.012223
-0.015689
0.0159189
0.0417892
0.179627
-0.088564
-0.0273983
0.00237185
-0.00519187
-0.0424295
-0.031763
0.0100464
0.0294879
0.0109279
-0.0218348
0.0321372
-0.139913
-0.000620718
0.0134863
0.0237735
0.0234425
-0.0436076
-0.0143248
0.0169558
-0.0068
-0.131263
0.0134339
0.0184726
0.0846958
0.0795423
0.0397845
-0.0406516
0.00178568
-0.0626104
-0.0829302
0.222687
0.0705086
0.121134
0.0116749
-0.0927142
-0.0937728
-0.05006
0.0302153
-0.00633363
-0.00813406
0.225343
0.111877
-0.182185
-0.18813
-0.0932109
-0.00754033
-0.0638282
-0.111497
0.0397343
-0.0453318
0.041074
-0.0591933
-0.00441557
-0.0230046
-0.10263
-0.100355
0.0217779
-0.0266095
0.185831
0.106776
0.10981
-0.139346
0.218105
0.0742903
0.105786
0.0719879
0.0453616
0.0734921
-0.0165281
-0.0477206
-0.0668413
-0.165576
0.0726854
0.170063
0.2019
-0.0416601
0.00261346
0.000692704
0.0598986
-0.151356
-0.129311
-0.0416176
0.0136113
0.177846
-0.0202545
0.13638
0.0598576
0.0150243
-0.0307329
-0.42433
-0.0936259
-0.268028
-0.20933
0.0702955
0.0574088
-0.0614141
-0.0930146
0.0357534
0.0790948
0.0181059
0.0327536
0.00824373
-0.0717623
-0.0658352
0.31288
-0.223884
-0.0120518
-0.0537775
-0.110468
0.250366
-0.25542
0.30178
-0.0662509
-0.0462713
-0.0423618
0.0669578
0.180682
-0.107051
0.0468941
0.0417628
0.0689076
-0.104028
0.124503
-0.0141052
0.0756267
0.279012
0.14615
0.121855
-0.0645065
0.00265766
-0.0681726
0.0601292
0.0141724
0.0401606
0.0474108
-0.127825
0.0844531
0.169191
-0.0403146
-0.0400987
-0.131709
0.0393078
-0.014061
0.0521654
0.129058
-0.0281589
-0.043745
0.0390136
0.0479472
-0.0465496
-0.0353347
-0.0453537
0.0527335
0.00176467
-0.0101046
0.0519262
0.0431133
-0.0379958
0.0188946
0.00203863
0.0452371
0.0413887
-0.0145461
0.027695
-0.0400438
0.0220596
0.0648581
-0.000341459
-0.000863719
-0.0110106
-0.0418157
0.0239735
-0.0244341
-0.00673741
0.00197789
-0.0783376
0.00545978
0.0310993
-0.0103163
-0.0146977
-0.0367583
0.0196626
0.0137236
-0.0310171
0.0129339
-0.0253594
-0.016351
-0.0236099
-0.0181438
0.0363885
-0.044056
-0.0460687
0.00534065
0.0173157
-0.0327325
-0.0449469
-0.00255835
-0.0578212
0.00471306
0.00687976
-0.0260097
-0.00315175
-0.00121174
-0.0339219
0.0655746
0.135612
-0.0794737
0.0835633
-0.0373689
-0.0166459
0.033328
0.0302461
0.305748
-0.0688851
-0.00755764
-0.0230439
0.0117374
-0.0315809
-0.00769392
-0.0673373
-0.0560485
0.0104687
-0.0467932
-0.00748544
-0.014682
-0.0144838
-0.00723892
-0.0155468
-0.00458664
0.0188998
-0.0258263
-0.142562
-0.0363867
0.0131622
0.0269523
-0.0110645
-0.0562826
-0.0397068
0.0366342
0.0152697
-0.0102221
0.0133591
-0.031607
0.0548492
0.0381619
-0.0346576
0.00900292
-0.0271563
-0.0549559
0.00983746
-0.045564
-0.0120306
-0.0187246
0.0522983
0.0682678
0.0968403
-0.00951275
0.0564913
-0.0488872
0.0506315
-0.00462441
0.0509322
-0.0221694
-0.034827
-0.014725
0.0223768
-0.0549282
-0.027205
0.059436
-0.0174038
0.00399679
0.0116506
0.0525976
-0.0273635
0.0168311
-0.0396846
0.0114902
-0.026223
0.0318196
-0.0275512
0.0232435
0.0286289
0.00569022
-0.000304857
0.0187536
0.0469632
0.0459399
-0.0433403
-0.0598637
-0.0254814
-0.0210703
-0.0313503
-0.0387087
0.023784
0.0497145
-0.000899494
-0.000583707
-0.010328
-0.0016474
-0.00621563
0.0228957
-0.00747311
-0.0253312
0.0279174
0.0303404
0.0241194
0.0502613
0.0247592
-0.0337349
0.0163761
-0.00272733
0.031652
-0.0187323
0.0282872
-0.0396681
-0.0129229
-0.013213
0.0475021
0.029804
-0.00402832
-0.0540029
0.0107269
-0.0231156
-0.00941132
0.00422686
-0.0292135
0.0198074
-0.0288464
-0.0087852
0.0194323
0.0151957
-0.00455903
0.0185285
0.00573278
0.00354798
0.00395929
0.0152653
-0.0399312
-0.033254
0.00311093
0.034624
-0.0235367
0.0125174
-0.00296039
0.0480781
-0.0133752
0.00287631
0.010735
0.000462793
-0.016516
0.0887187
-0.0472526
0.0147685
-0.0385935
0.0453763
-0.00354374
0.00595493
-0.0443183
-0.0113214
-0.0566337
0.0352132
-0.0488139
-0.00127182
-0.029554
-0.00775831
-0.0110912
-0.048707
0.0172142
-0.0201672
-0.02664
-0.0120639
0.0470235
-0.0329986
-0.0246989
-0.0256108
-0.00979279
-0.0359113
-0.0173047
-0.00512717
0.0254451
-0.001048
0.0101515
0.031812
-0.0271517
-0.0109847
0.0279112
0.0198448
0.020397
0.0138025
-0.0378426
0.00467545
0.0483719
0.030234
0.00533589
0.00975328
0.0313718
0.0239443
0.0463695
-0.0051549
0.0206939
-0.00542313
-0.0305733
0.0360151
0.00184011
0.0379357
0.0257194
-0.0200653
-0.0364244
0.0362869
0.0308086
0.0180089
0.0177579
0.0102948
-0.0419778
0.0247204
0.0329383
-0.00135573
-0.0405715
0.0250702
-0.0273465
0.0456517
0.000392063
-0.0196967
-0.00460071
-0.0368877
-0.0415938
0.0119689
-0.0332336
0.0347686
-0.0517957
-0.0377358
-0.0266722
-0.0264924
-0.0174847
-0.0199406
-0.0426598
0.00369098
0.0199362
-0.0122256
-0.0166587
-0.0427516
-0.0467729
0.00866301
0.0717997
-0.0171533
-0.012027
0.0180118
0.0219771
-0.0131378
-0.010754
0.0139114
-0.0172632
0.0112771
-0.0285144
-0.00888335
-0.0272637
0.00958674
0.00927472
-0.0726039
-0.0355229
0.0213908
-0.0226234
0.0486118
0.00132202
0.0651086
0.0152702
-0.0420767
0.0339817
-0.0348523
-0.00992662
0.0140122
0.0367189
0.00754909
-0.027308
-0.0099032
-0.0581293
-0.00744487
-0.013658
0.00702002
-0.026359
-0.0471901
0.0285714
-0.0466763
0.0371593
-0.015604
0.0117029
-0.0494188
-0.0222954
-0.0591174
0.00863362
-0.000766297
-0.00618617
-0.00767173
0.0235424
0.00824832
0.00306015
0.0488094
0.043933
-0.0176284
-0.0475707
-0.0158611
-0.0583424
-0.0128503
0.0364019
-0.0268612
0.0183989
0.0541318
-0.0271262
0.0356162
0.00674721
-0.0185224
0.00806891
-0.0232254
-0.0427629
0.0364555
0.0145772
0.0534027
0.00857959
0.0107919
0.0481982
0.0281408
0.00128819
-0.0254141
0.0388987
0.0232173
-0.012045
0.0197326
-0.0131833
-0.0336245
0.0140723
-0.0625638
-0.0328695
0.00412988
-0.0388355
0.0304303
0.020356
0.0117352
0.0410658
0.00935357
-0.0438467
0.0497227
-0.00118032
-0.0268469
0.0346176
0.0495227
0.0214409
-0.00838283
-0.037857
-0.0325304
-0.00222297
0.061026
-0.0678678
-0.0577974
-0.00499528
-0.0148598
-0.0108164
-0.0217744
0.0405581
0.0378333
-0.0138411
0.0167297
0.0128892
0.0457818
0.0389369
0.0123967
0.047522
-0.0210426
-0.0203577
0.0341935
0.000456348
-0.0273958
-0.0421413
0.0279616
0.0129474
0.0297215
0.00302974
0.024005
-0.0484316
-0.0286502
0.0483847
0.0335201
0.00738123
0.0444687
-0.0271646
-0.015359
-0.0181787
-0.0254316
0.0356266
-0.026272
0.0331658
0.024807
-0.0244301
0.00788202
-0.0263933
0.0279119
-0.0178231
-0.00463715
0.00274542
0.0320023
0.0154286
0.0326733
0.0201827
-0.0188385
0.0167185
0.0412674
-0.00299016
-0.0016589
-0.0376766
-0.0259324
-0.0364429
0.0269843
-0.0301699
-0.0318916
0.00369891
-0.0207563
0.00433851
0.00373101
0.0157627
0.0121343
-0.0261669
0.0226259
-0.0125749
-0.00879497
-0.0339346
-0.0347014
0.0101249
-0.041115
-0.0504043
0.000670072
0.00442211
-0.0340589
-0.0274979
0.0484051
-0.0135677
-0.125539
-0.0151698
0.00187754
0.000120165
-0.0108761
0.0082193
-0.0372655
-0.0179594
-0.0658738
-0.0565523
0.0142026
-0.0269313
-0.0165861
-0.0275144
-0.0194264
0.0105012
0.0493488
0.0312397
0.0319938
0.0198171
0.0414346
-0.0388414
0.0189218
0.0290614
-0.0148957
0.0318924
-0.0165911
-0.0143543
0.0213946
-0.0409346
-0.00536928
-0.00857971
0.0215469
0.0120058
0.0181454
-0.0295086
0.02745
-0.0504932
0.0347643
-0.0544103
-0.0129702
-0.0698008
0.0015811
-0.00112447
0.0186506
0.0148186
-0.0521362
-0.0021489
0.00364544
0.0274761
-0.0294383
0.0172995
0.00794074
0.00336483
0.0142675
-0.0410309
0.0445803
0.0369489
-0.0158163
0.0211012
-0.0504148
-0.0205327
0.0354051
-0.054983
0.00577515
-0.0154968
0.0483258
-0.00323779
-0.0356449
-0.0561781
-0.00282405
-0.00436071
0.0126753
0.0012676
-0.0248997
0.0742662
0.0156562
0.023929
0.0182332
-0.0422833
0.0185224
-0.0366196
-0.0399681
0.0256031
-0.0466251
0.0200155
-0.0464658
0.0370523
-0.000852245
-0.00553795
0.0172063
-0.0205429
-0.0108085
-0.030571
0.0273137
-0.0655043
-0.0110127
-0.033086
-0.0142566
0.0425365
0.0534984
-0.0566854
-0.052645
0.0164884
-9.0114e-05
0.0202821
0.00951356
-0.0170304
0.0301909
-0.041105
-0.0248452
-0.00251896
0.0136797
0.038651
-0.00720736
-0.0165971
0.0141581
0.0220008
-0.0246252
-0.00619433
-0.0388264
0.0169718
-0.043414
0.035441
0.0145117
0.00487376
0.038063
-0.00390316
0.0283167
-0.010631
-0.000219611
0.0406061
0.0143758
0.0733055
0.0504417
0.0269915
-0.0175942
0.0221502
-0.00488931
0.0221232
-0.0340794
-0.0276286
-0.0328088
-0.0181104
0.045293
0.012236
0.00629637
0.0324205
0.0377561
0.00663929
-0.0431654
0.0347317
0.0237702
-0.00267812
0.0411212
-0.00828286
-0.051215
-0.0241291
0.00635513
0.0476022
0.045146
-0.00147189
0.000387822
0.0186448
0.037614
0.0196044
0.0152448
-0.046907
0.0403762
-0.0301969
0.0070477
0.0249772
-0.0221609
-0.0197645
0.00427271
0.00068519
-0.0185892
0.0440399
0.0192538
-0.0440492
0.0275168
-0.0215884
0.0102405
0.00435098
-0.0428066
0.0173766
0.0374086
0.0262644
0.00294277
0.00118611
0.00108934
-0.017755
0.0269701
-0.0014205
0.0465743
0.0190843
-0.0176166
0.0102069
0.0203489
-0.0156802
0.0340859
-0.0293856
-0.0448652
0.0132627
0.0325841
0.0487809
-0.0409282
0.0254133
-0.0462949
0.0217576
-0.0121026
0.0405824
-0.051197
-0.0437033
-0.0420719
0.0464482
-0.0202009
0.0485395
0.0460259
-0.0283857
-0.0356632
0.0166709
0.0437825
0.0517267
0.0505345
0.0205945
0.0218897
0.017011
-0.0425759
0.0197643
-0.0265506
-0.00220548
-0.0312345
0.0342505
0.0531859
0.013327
-0.0472039
0.00630379
-0.0261107
0.0161309
-0.0128713
0.0110874
0.0419596
0.00461949
-0.0367364
0.00619997
-0.000799772
-0.0672567
-0.0455013
-0.0194074
0.0303745
-0.01056
-0.028107
0.0426029
0.0240834
-0.000427534
-0.0685258
-0.0193454
-0.0114367
-0.00748029
-0.0582575
0.00655896
-0.0310817
0.0348248
-0.0335304
-0.0171866
-0.0555983
-0.0198054
-0.0355876
-0.0284459
0.0147094
-0.0329287
0.0328602
-0.032454
-0.046707
0.0275702
0.000814773
0.00678548
0.0301067
0.0227136
0.0332706
-0.025806
0.0315535
0.0115246
0.0032644
-0.0281131
0.0292048
-0.0208301
-0.0314702
0.0362916
0.0592266
0.00269787
-0.0706797
-0.0377548
-0.0478007
0.0208253
-0.0141971
-0.00617883
-0.0231755
-0.0206013
-0.0157013
0.0589508
-0.0230582
-0.0240374
-0.0282251
-0.0295636
0.00711575
0.00336645
-0.0349909
0.0251764
-0.0135607
-0.0550573
0.0620281
0.00304433
-0.0219005
-0.0390648
0.0513572
-0.0481542
0.0206685
-0.0333688
-0.0145062
-0.0334282
0.0470487
0.0412939
0.0241243
0.0221732
-0.0190051
-0.0431418
-0.00855285
0.0298626
0.0629779
0.0567866
-0.0231988
0.0038718
-0.0273478
0.0166727
-0.0170848
0.0352826
-0.0341574
0.0381896
-0.0038119
0.0142868
-0.0415647
-0.0134513
0.02665
0.0112415
0.0247397
0.0304073
-0.0229836
-0.0177268
0.0011073
0.0129942
0.0258556
-0.037413
0.0195938
0.0300455
0.0274077
-0.0371205
0.0360949
0.0332772
-0.0171876
-0.00967621
0.0345391
-0.0159426
-0.0348096
-0.0480096
-0.00954591
0.0116178
-0.0323826
0.0289205
-0.0415934
-0.0293772
0.0320139
0.0235965
-0.0431475
0.0145112
-0.0400812
0.0226882
-0.00829084
0.00178377
-0.0109474
-0.0370687
0.0234935
0.00620419
0.0453336
-0.00101935
-0.0399435
0.0324876
0.0281893
0.0300022
-0.040357
-0.0370327
0.00624868
0.00549801
0.0417848
0.00966614
-0.0195759
-0.0200332
0.037291
-0.0530833
0.0492988
-0.0335358
0.0388166
-0.0381932
0.0247335
-0.0390699
0.0415592
-0.0104823
-0.0514721
-0.039803
0.00810686
0.0416944
-0.0117762
-0.028331
0.000169208
0.0769364
-0.0119873
-0.0339777
0.0250346
0.0458113
-0.000219385
0.0261104
0.0125379
-0.0351117
-0.0453458
-0.0347766
-0.0137392
-0.0263985
-0.111995
-0.061112
-0.031749
-0.00112957
-0.0139588
-0.0478335
-0.0354914
0.0159345
0.0268986
-0.0722434
-0.0647239
-7.8033e-05
0.0302399
-0.0629973
-0.00217389
0.00747148
0.0221019
0.0442914
0.00347677
-0.0098627
0.0545314
-0.0991393
0.120209
0.0369547
0.126547
-0.0107045
0.00517032
0.0786864
-0.0063928
0.0672782
0.0296781
0.028481
0.0133795
-0.000525219
0.0346231
-0.0272608
0.00785406
0.0196028
0.0123394
0.0417154
0.0564322
0.050493
-0.00957583
-0.0374399
-0.00368533
-0.0357226
0.042084
0.0428214
0.00797019
-0.0253306
-0.0118193
0.0371665
0.0196104
0.0106666
0.01346
-0.0312857
-0.0581345
0.0104106
-0.0612295
-0.0238264
-0.0140444
0.00679931
0.00853891
-0.00472395
0.012347
0.0267919
-0.023859
-0.016844
0.0248218
-0.0374673
-0.0538663
-0.016534
-0.0188223
-0.0200282
-0.0257144
-0.00703424
-0.0236119
0.0380493
0.0346824
0.0456627
-0.0323936
-0.0132616
-0.0457442
-0.0261072
-0.00760124
-0.00868906
-0.0169195
-0.0635515
-0.0156267
0.0211638
0.00581254
-0.0553059
-0.032511
-0.0289202
0.0374976
-0.0110096
-0.0030408
0.0462305
0.0366845
0.0372247
-0.0170563
-0.00810016
0.0651799
0.0364288
-0.0471905
0.0358363
0.044517
0.00831855
-0.0227974
-0.0488522
-0.018045
-0.0032543
0.0398255
0.0484742
-0.0420626
0.00876749
-0.0128091
0.0782684
0.0190414
0.0278684
0.0122225
0.0012841
-0.034632
-0.00152605
-0.00105854
0.00673175
0.00150165
2.25167e-05
0.0134005
-0.0163337
0.0220899
0.0204458
0.0357176
-0.0361331
0.0322989
-0.0114747
-0.0231095
-0.0468067
-0.010744
0.0333908
0.0273881
-0.0138905
-0.0400102
-0.0166822
0.0292269
-0.0191775
-0.0307825
0.0288115
0.0051463
-0.0349008
-0.0130149
0.0283035
0.035827
0.0141714
0.0389825
-0.0247713
-0.00428704
-0.00496964
-0.00400272
-0.0421716
0.0223631
0.0476399
-0.0247523
0.00928682
0.0129665
0.0150462
-0.0320893
-0.041196
0.0161385
0.0399497
0.0133139
0.0356524
0.048789
-0.0039058
-0.00600143
-0.0482172
-0.0333763
-0.0127553
-0.0417984
-0.0241649
-0.0391604
-0.0131621
-0.038081
0.0290116
-0.0416249
0.0194179
-0.00106462
-0.0281574
-0.0196675
0.0438017
-0.0157188
-0.00552255
0.0125879
-0.0479032
0.0310083
-0.00831505
-0.0146556
-0.0532382
-0.0356633
0.0211842
-0.0521228
0.0268816
0.00232656
-0.0111154
0.00230107
-0.0133139
-0.0320948
-0.0414778
0.0317798
-0.0185741
-0.0395879
0.0422607
-0.0275462
-0.0294149
0.00616031
0.0292741
0.00746763
0.039542
0.0272835
-0.0106457
-0.00588923
-0.00304228
0.0197577
-0.0325136
0.0308601
0.0359469
0.092782
0.0429082
0.00452589
0.0417049
-0.0197603
0.0344446
-0.0310202
-0.0609743
0.0430807
-0.00315354
-0.0402205
0.0287885
0.0447874
0.0337695
-0.00387679
-0.0333233
0.0205262
-0.0306729
0.0244592
-0.0365061
0.0235802
-0.0307862
-0.0540065
0.0283954
0.0289525
0.000892764
-0.00633114
0.0501099
0.0365735
-0.0281498
-0.00687821
-0.0998318
-0.00415517
-0.0321511
0.0456723
0.000203249
0.0239274
0.00216368
-0.0217282
-0.00708217
0.0172307
0.0450345
0.0612503
-0.0220883
0.0132941
0.0332012
0.0442125
0.0625596
0.0103309
-0.000512554
0.0286095
0.0094644
0.0132114
-0.00471374
-0.0241959
0.0455543
0.0473895
-0.0207024
0.00321181
-0.0410091
-0.0428124
0.0489472
-0.0153898
0.0554802
0.0471207
0.00161814
-0.0128146
-0.0815883
-0.0143158
0.0382468
-0.00997603
0.0374625
-0.0329966
-0.0680385
0.00859851
0.0228298
0.00553118
-0.0167871
0.0118725
-0.0460841
0.0189083
0.0266497
-0.0487398
-0.038171
-0.0319987
0.0525916
0.0206728
0.017558
-0.0204613
0.0302673
0.0169802
0.00937051
-0.0164221
0.0379476
0.00298291
-0.0259884
0.0365824
-0.00564739
0.0276892
-0.0332163
-0.040641
-0.0510447
-0.0432693
0.0259389
-0.0256264
0.0150466
-0.0154671
0.00758771
-0.0337784
-0.0328548
-0.0186926
-0.0219517
0.0186518
0.0367601
-0.00956408
0.0351511
-0.00889742
0.0308895
-0.0482917
0.0301313
-0.0274636
-0.0343301
0.00688166
0.020767
-0.0063134
-0.0149232
0.0159331
0.000833378
0.0129812
0.0312765
0.0474497
0.00900116
0.0592154
-0.00156186
-0.0193262
-0.00753589
-0.0428027
0.0419615
0.0150131
-0.0251223
0.0345386
0.0321082
-0.037434
-0.00994585
0.0398025
-0.00914194
-0.0273234
-0.0146295
-0.0176558
0.0137438
-0.0272193
-0.046412
-0.000383264
-0.0116082
0.0265973
0.0152514
0.0141072
-0.0369319
-0.0409906
-0.0342406
-0.0146618
-0.0372489
-0.0324471
-0.0343915
-0.0433315
0.0355145
0.0178135
-0.0259006
-0.017798
-0.0611481
0.049727
-0.0128028
0.00654767
-0.0340466
-0.00150588
-0.0274047
-0.240004
0.156926
0.0252995
0.0219815
-0.0615155
0.0450384
-0.0567224
-0.0466749
-0.0998851
0.150809
0.0325926
0.0218133
0.00638875
0.102426
-0.0493469
-0.0814113
-0.0454733
0.00132449
-0.161782
0.0258342
-0.0577626
-0.0251206
-0.0322277
-0.0475091
-0.0437374
-0.0346378
0.0913645
0.0459372
-0.0104751
0.114878
0.128513
0.140768
0.000654056
-0.134205
-0.0272134
-0.934574
-0.385314
0.0295951
-0.158991
0.0727572
-0.0795889
-0.158013
-0.119291
0.016993
0.0619968
0.0780669
0.071706
0.127637
0.0471095
-0.107809
-0.00377656
0.0118866
-0.0970492
-0.0817493
-0.0119449
0.016848
0.0220838
0.047394
-0.0742337
-0.214821
-0.00760465
0.550094
-0.0292166
0.0383669
-0.015756
-0.0888718
-0.022112
0.0355949
-0.0635985
0.088093
-0.123347
0.00329654
-0.132906
-0.143183
-0.0557212
0.0258875
-0.00474127
-0.03312
0.00920318
-0.0336996
-0.052642
0.0244069
0.00462211
0.0875303
0.00222656
0.0119817
-0.0276161
-0.0183064
0.0628558
-0.0687205
0.0552879
0.040867
-0.0106837
0.00729733
0.0547899
-0.168439
-0.0374613
0.0310822
-0.0271742
0.105487
0.182962
0.128729
0.0545101
-0.10878
-0.0375231
-0.0666777
0.0311346
-0.0063445
-0.00828264
0.0245232
-0.0188356
0.0277308
0.0321379
0.029735
-0.0157727
-0.064774
0.0171638
0.0698039
-0.000841599
-0.0143494
0.0386086
0.00953726
-0.0639287
-0.0260973
0.057501
-0.0362709
-0.163872
0.0447842
-0.00499117
0.00214286
-0.00425079
-0.0385973
-0.0268466
-0.327855
0.105813
0.113227
-0.00890779
0.0185765
-0.0466388
-0.0213061
0.00666053
-0.026049
-0.00877378
-0.0242193
-0.0453758
0.00721478
-0.011775
-0.037696
-0.117418
-0.0135015
0.0404175
0.0144773
0.0258206
-0.0303613
-0.0447527
0.0547124
0.0213385
-0.0253919
-0.019828
-0.0351633
0.0106194
-0.0474625
0.0400939
0.00944953
0.0437464
-0.0681705
-0.0395072
-0.0169871
-0.00387183
0.0313562
0.0359934
0.0374246
0.0478059
-0.0430282
-0.0368651
-0.023167
0.021746
0.00115649
0.0299395
0.0215647
-0.0248826
-0.00216686
-0.00992618
0.0193832
0.00876239
-0.0300123
-0.00348328
-0.075041
-0.0432982
0.0121994
-0.0215503
0.0294637
-0.00853693
-0.0188592
0.0343056
-0.0881328
0.0157566
0.0382987
0.0329248
0.0137851
-0.0197972
0.0334531
0.034488
0.017148
-0.0106507
-0.029897
0.0205758
0.00829566
0.0306044
0.0340588
0.00520073
-0.00530195
-0.00869639
-0.00631764
-0.053516
-0.0390153
0.346984
0.0521773
-0.0941588
-0.00712019
-0.0736405
-0.00395332
0.00101685
0.0053421
-0.201162
0.00140176
-0.0570894
-0.0347714
-0.0440151
-0.0131242
-0.0497973
-0.0208858
-0.0306794
-0.000891727
-0.0496861
0.0107807
0.0055615
-0.055139
0.00130126
0.0477237
0.0126457
-0.142637
-0.0296849
-0.0259284
0.00378647
-0.148794
-0.0329604
0.148224
0.0135464
0.066503
0.00280819
-0.0698067
0.02282
-0.0219236
0.160412
0.0976324
0.102961
-0.0725973
-0.13575
-0.0835517
-0.0192106
0.11796
0.0780423
0.0741944
0.049621
0.0305904
0.042371
0.0440962
-0.0998084
0.14995
0.076521
-0.0262077
0.034595
-0.00305914
0.0140645
-0.0691189
0.0721205
-0.00178283
0.0523171
-0.0750674
-0.123082
-0.0285058
0.0415975
0.0387279
-0.0030705
0.304505
-0.0375701
0.350398
-0.133007
-0.364596
-0.108146
-0.0686969
-0.0727115
-0.0699778
0.0254823
-0.0279601
0.00996005
-0.00383569
-0.0473799
-0.131172
-0.0677622
-0.0840451
-0.0854009
-0.0117845
-0.0163973
-0.0544046
-0.131205
-0.160439
0.0192103
-0.431066
-0.042284
0.0148645
-0.235281
-0.0926663
0.0316118
0.0430468
0.00788513
-0.0502089
-0.0103715
0.0926007
0.0706153
0.0530451
0.0251613
0.0346344
-0.0846725
-0.0366284
-0.0166213
-0.102824
-0.0525748
-0.0172353
-0.196133
-0.15035
0.117915
0.196715
-0.0327781
-0.00528993
-0.0790921
0.00128434
0.0263019
0.0280159
0.185749
0.0416617
0.00185366
0.0100385
-0.00353555
0.0389785
0.0488434
-0.0376872
0.0788284
0.0407051
-0.0121292
-0.0319049
0.01262
-0.00470007
0.0317754
0.0452055
0.0250376
-0.0332831
0.0388608
0.0270953
0.0415608
-0.0156465
0.0107611
0.0201839
0.0250445
0.0411321
0.0257048
0.045374
0.0436999
0.0422378
0.00690252
-0.00933329
-0.0149115
-0.0141615
-0.0399008
-0.00421146
-0.0415393
-0.00206871
-0.0247423
-0.002473
0.00864154
0.0345724
0.0162458
-0.0184468
-0.00940161
-0.00212368
0.0249123
-0.0383589
0.0154917
0.0354558
0.0488643
0.0456185
0.0186187
-0.0201177
0.00884632
0.0119668
0.0286544
0.0344784
0.016293
-0.0415012
0.0204108
-0.0052737
-0.0538983
0.0216144
0.000645923
0.0402711
-0.0427412
0.0839364
-0.15556
-0.0527726
0.0303079
0.0192208
0.0139046
-0.0265023
-0.00901003
0.0821723
0.0436949
0.0285098
0.00119958
-0.0401757
-0.00395894
-0.0438297
0.00447885
-0.0417941
0.0479817
-0.0506369
0.0189452
-0.0925346
-0.154868
-0.0468227
-0.017947
0.0931769
0.0688266
0.0113929
-0.0867466
0.0260837
-0.0295474
-0.0194078
-0.0448794
0.0372893
0.055656
0.00946088
-0.0479332
-0.0146221
-0.106535
-0.0787279
0.0377957
0.0400614
0.0543538
0.0302119
0.173412
0.0916467
0.0243586
-0.00660521
-0.0858153
0.0189234
-0.00933444
0.0256658
0.0149472
-0.0424908
0.0109329
0.042639
-0.0364251
-0.0123019
0.0424556
0.025742
-0.0474114
0.0536876
0.077157
-0.0439169
0.0380538
0.0470628
-0.0437485
8.77947e-05
-0.0167822
0.0390859
-0.0294612
-0.0362907
-0.0067904
0.0255435
-0.0162797
-0.0152343
-0.0340265
-0.0225231
0.000567803
-0.0508258
0.0214833
0.0408656
0.0460282
0.0495363
-0.0364822
0.0249025
-0.0372
0.0298831
0.0175954
-0.0284685
-0.0259741
0.0656157
-0.112562
-0.0601544
0.00599875
-0.0302808
-0.0691884
-0.00604499
0.00733274
0.0372747
0.0368505
-0.0385779
-0.0444594
-0.0467241
0.080329
0.0131742
-0.00979848
0.0373079
0.0193745
-0.0369758
-0.00215857
-0.0790467
-0.0683688
-0.0254658
-0.0465047
0.0430609
-0.0412655
-0.0545337
0.040047
-0.0326189
0.0255277
-0.0242785
0.040001
0.0264023
-0.0176312
-0.00479421
0.0271756
-0.00466227
0.0438115
-0.0327512
-0.0316486
0.0368778
0.0100315
-0.00564119
0.0398852
-0.0363548
0.0139628
0.0168042
-0.0236243
0.0283974
0.0615291
-0.00670088
0.0288163
-0.0184822
0.00402303
0.0146868
0.0343469
-0.00588581
0.0612397
-0.0147642
-0.00499771
-0.0291184
0.039646
0.0199698
0.0505336
0.0269517
0.0286579
0.0661444
-0.0309349
-0.0114547
0.00193594
-0.0210178
0.0452221
-0.0190676
-0.0511488
-0.0429691
-0.0481273
0.0488575
0.0230909
-0.000733605
0.00369593
-0.0233369
-0.0313621
-0.0510672
-0.0467535
0.00647789
0.0217441
0.0423187
-0.0452765
0.0147075
-0.0198848
0.0262829
0.012982
0.035379
0.040562
0.0426805
0.0427751
-0.0418225
0.0480468
0.0287818
-0.000881025
-0.0429193
-0.0133915
0.00587934
0.0018809
0.00452538
0.0352961
-0.0437741
0.00991673
-0.00935064
0.0190512
-0.0311247
-0.0294049
0.0361021
0.0263089
-0.022154
0.0393232
0.0531035
-0.00488134
0.0144716
-0.00371522
-0.0454253
0.0115412
0.0204573
-0.00665243
-0.0437322
0.0391703
-0.0176289
0.0250595
-0.000593404
-0.0363431
0.0373754
0.027836
0.0128031
-0.0468658
-0.0505726
0.00447514
0.0354615
-0.041003
0.0026054
-0.0369954
0.00127354
0.0586638
0.0479222
-0.0668098
0.0822403
0.0255284
-0.0262353
-0.0115325
0.0568151
-0.0222499
0.0616912
-0.0548656
0.0408983
0.0530229
0.032227
0.0560002
0.100579
0.0141013
-0.0105289
-0.0205559
0.018023
-0.00789351
-0.039647
0.0241656
0.0236643
0.0115584
0.0465485
-0.043503
-0.067142
-0.0434793
0.0108638
0.0179765
-0.0569119
-0.0546398
-0.0482689
-0.0680604
-0.00148207
-0.053078
0.0403914
-0.0127506
-0.0266608
-0.039122
0.0386951
0.0415806
0.00427075
-0.0218465
-0.0373542
-0.0432346
0.102871
0.0463504
-0.0283866
-0.0476481
0.00449995
0.00178035
-0.0261958
-0.0308442
-0.00501774
0.0591313
0.0213613
-0.0355621
-0.0314329
0.0129789
0.00468413
-0.0288771
-0.0309891
0.0243606
0.0101382
0.0213631
-0.029285
-0.0540275
-0.0808841
-0.00995793
0.0265661
-0.0168545
0.0067428
-0.0229811
-0.0219106
-0.0205042
-0.0551834
-0.051939
0.0362652
-0.0245101
0.0111954
-0.0145401
-0.0084255
-0.0218482
0.0513877
0.0662405
-0.0247319
0.0297547
0.0150613
0.0333314
-0.00863287
0.0206785
-0.0250107
0.0222901
0.0494859
-0.00103552
-0.0262006
-0.0598668
-0.00684071
-0.0124979
0.039281
-0.0250137
0.0292535
-0.0346412
-0.0325488
0.00389119
-0.0452223
0.0365225
-0.0210302
-0.0414462
-0.0408873
0.0418001
0.0362072
-0.0133632
0.00410423
0.0109686
-0.0164188
0.0143289
0.00945783
0.0343794
0.0460812
0.0246315
-0.043792
-0.0425464
0.00841328
0.0312962
0.0221436
0.0217477
0.0156293
0.0161931
0.024629
0.00132212
0.0263795
-0.0177778
-0.0179478
-0.0239817
0.0397916
0.0330983
0.00399544
0.0486163
0.00647415
-0.0384945
0.0194321
0.0174728
0.0410812
0.0263524
-1.00782e-05
-0.0139821
-0.0342317
-0.0265615
0.0248333
-0.0301344
-0.0304049
0.0128883
0.0310502
0.0111385
-0.0101487
0.0343445
-0.0308447
-0.00207029
0.047762
-0.0295489
-0.0242915
0.0444759
-0.0472212
-0.0351097
0.022969
-0.0141616
-0.0343203
0.0482943
-0.00623343
0.0288078
-0.0388236
0.0370513
0.0198138
-0.00244341
0.00826264
0.0263876
0.00528723
0.0195901
-0.0186999
0.00342643
0.0318567
-0.0341904
0.0313603
-0.0258482
0.0241855
-0.0207593
0.0357852
0.00954634
0.00127202
0.0199122
0.0171915
0.0604086
-0.0296427
-0.0480011
-0.0415993
-0.0132676
-0.0453404
-0.00417916
0.0221217
0.00211356
0.00360057
-0.0173982
-0.0410035
-0.0073443
-0.00838296
0.00491751
0.0245105
0.00332302
-0.0562814
0.0423173
-0.0497426
0.0507847
0.054839
-0.0151476
0.00838698
-0.0276822
-0.00440776
-0.0262885
-0.0497151
0.0235252
-0.0270788
0.0230908
0.00450243
0.103493
0.037484
0.00463417
0.0515542
-0.0111686
-0.060926
-0.0236346
-0.0598574
0.0274856
0.0116914
0.0281463
-0.00680112
-0.00193104
0.0450032
-0.0569688
-0.0317395
-0.00112752
0.0224671
0.0395243
-0.0218343
-0.0370755
0.0141899
-0.00483138
-0.0179178
0.048924
-0.0246836
-0.00731414
-0.00121018
0.00937854
0.0178644
0.0245351
0.0117536
0.0324024
-0.0457852
-0.0507864
-0.0145576
-0.0315784
0.0157298
0.0151418
0.0157981
-0.0215319
-0.0135679
0.0105576
0.0241091
-0.00914674
-0.0330231
-0.010178
-0.00568671
-0.00885995
-0.052625
0.00154356
-0.0514562
-0.0442002
0.0114081
-0.0471156
0.0121918
-0.0323558
0.0428734
0.03312
-0.0411714
-0.0143651
0.0522779
-0.015742
-0.0349737
0.0401842
-0.00301205
0.0251739
-0.0448132
0.0116426
-0.0132615
-0.0251352
0.0157559
-0.00407603
-0.0331805
0.00303982
0.0166399
-0.030773
0.0388438
-0.0140872
-0.023864
0.042737
-0.0287787
-0.0150025
0.00352539
-0.00850123
0.00282949
-0.037856
-0.0378111
-0.01378
0.0348546
0.00224201
-0.0220355
0.0140695
0.0260617
0.0106352
-0.000772767
-0.0146784
0.0158587
0.00291751
-0.0310631
0.025922
-0.0411437
0.0230359
-0.00507684
-0.0101735
-0.042045
-0.0422166
-0.00712617
-0.0434931
-0.0369077
-0.016843
-0.0316206
0.0363629
0.0246653
0.0486723
-0.0306822
0.0214631
-0.00376297
0.00674908
-0.0450078
-0.0383038
-0.0491862
-0.0203622
-0.0279973
-0.0360384
-0.0366746
0.0388177
0.0177109
0.0360212
-0.0270174
-0.0585765
0.0170823
0.0284997
-0.00674306
0.0228575
-0.00417239
-0.039441
0.0156391
0.0365829
-0.00712597
0.0435542
-0.00980935
-0.0266946
0.0405322
0.0293868
0.0459827
-0.0086435
0.0180182
-0.0353981
-0.0118601
0.0491647
-0.0390747
-0.0260466
0.00390978
-0.0203645
-0.0168349
0.0191433
0.0346899
0.0116955
0.0352287
-0.0268686
-0.0381543
0.0187859
0.042669
-0.0317003
-0.00133854
-0.037893
0.0293394
0.0395228
0.0467048
0.00926515
0.0191774
-0.0213616
0.0309648
0.00306201
-0.0272429
-0.00351746
0.00780335
-0.00805274
0.047103
0.0070678
0.0297957
-0.0501749
-0.0221558
0.0321743
-0.0426947
-0.0331836
0.00698279
0.0448892
-0.0360009
0.0446718
-0.0240121
0.0700355
0.0227479
0.0157272
-0.00147158
0.0102318
0.0265713
0.0481499
-0.0389769
0.0212874
0.0603607
0.0326131
-0.0127622
0.0507138
0.0171571
0.0494376
-0.0178776
-0.00463688
0.0329187
0.00705126
-0.033169
0.0278531
-0.0481938
-0.00265067
0.0147362
-0.00706054
0.00682661
-0.0146562
0.0119194
-0.0269794
0.025594
-0.0114937
0.00694088
-0.0234971
-0.0326801
0.0303675
0.0509364
-0.0174011
-0.0089561
0.0381104
-0.00175503
-0.0415795
0.00131043
-0.0296011
-0.0242124
0.0757372
0.0506632
-0.0140321
-0.00679157
0.00808226
0.0233619
-0.00959275
0.0385885
0.00790746
0.0309004
-0.0384009
0.00800732
-0.0141179
0.0409978
-0.0271698
-0.0412601
0.0215903
-0.00787861
0.00407419
0.0165004
0.00816983
-0.0393355
-0.0325857
-0.0440595
0.00742696
-0.0366757
-0.03591
-0.00223538
0.0082823
0.0419132
-0.025177
0.0220364
0.0390802
0.00572041
-0.0052717
0.0261507
-0.00772164
-0.0367908
-0.0421837
0.0293889
-0.0211634
-0.03382
0.00708576
0.0356906
0.0118282
-0.00783624
0.0455519
-0.0229445
-0.0144504
0.0611079
0.0326617
0.0235346
0.00246068
-0.0116707
0.0240999
0.025931
0.00942006
-0.0162635
0.0307603
-0.0420757
0.00748355
0.00742353
-0.0584102
-0.0490575
0.00719452
0.0330981
-0.0111813
0.028727
-0.0290524
0.0394019
0.0380211
0.00415492
0.0366548
0.0256732
-0.0136898
0.0383144
-0.0407037
0.00698025
0.0406008
0.0316973
0.031214
0.0313266
-0.0327157
-0.035959
0.0426555
-0.026683
-0.0384793
-0.0154564
0.0449218
0.0283704
0.0465596
0.0166787
-0.0176463
0.0133939
0.0147587
0.0156522
-0.00559429
0.0267426
-0.00172976
-0.0145703
0.0065148
-0.0432076
0.0248072
-0.00304528
-0.0342839
-0.00616338
-0.00748688
0.031253
0.000311991
0.0366178
0.00240423
-0.00856897
0.0256943
0.0393576
-0.0243666
0.0365742
0.0289123
0.0167479
0.0114727
0.0378544
-0.00793451
-0.0480957
-0.0229971
-0.00550058
-0.0382902
-0.00157646
-0.0205305
-0.00497156
0.0466033
0.0153474
0.0334805
-0.0250712
0.0433572
-0.0127348
-0.0155043
0.0119893
0.0207162
-0.0441872
-0.0429858
0.0142535
-0.0384404
0.0115417
-0.0315025
-0.00750237
0.00174591
0.132372
-0.0435172
0.0153189
-0.00958089
0.0158771
-0.0528547
-0.0278055
0.0406227
-0.0445416
-0.00216744
-0.0285752
-0.00142437
-0.0622652
-0.0205184
0.0349886
0.0272558
0.00521454
-0.0755614
-0.0447422
0.0232618
0.0161165
0.00406657
-0.0113204
0.030452
0.0339909
0.0528489
-0.018331
0.0141108
-0.0229768
0.0411451
0.0205593
-0.0188866
-0.0395036
0.00367099
-0.0973967
0.128104
-0.0246867
0.0326051
-0.0408832
0.0164599
0.0646005
0.019751
0.0592165
-0.027606
-0.0362367
-0.0281197
0.0511077
-0.0116026
-0.0298819
-0.0243139
0.0275467
-0.00286285
0.0130223
0.0385101
0.105799
0.0344254
0.0230322
-0.0143933
-0.0317141
0.0292988
0.0325125
0.00677787
-0.0169029
0.00646273
0.0401453
-0.00239946
-0.00776453
-0.0176595
0.0260426
-0.0295798
-0.00770657
-0.06137
0.0219791
0.0288706
-0.0276093
-0.0206622
0.0583297
0.0169287
0.0177377
0.0458385
0.0336831
-0.000846559
0.0623609
-0.027557
-0.0354285
-0.0212372
-0.0440109
-0.0199066
-0.0522765
0.0267337
-0.0365238
-0.0206583
0.0248422
-0.024729
-0.0320408
-0.0410017
-4.74203e-05
0.00251812
-0.00775265
-0.0694373
-0.0463113
-0.00376949
-0.0257079
0.0152064
-0.0471191
0.00803361
0.00509481
-0.0269961
-0.0362614
-0.00514873
-0.000832874
0.0421999
-0.033753
-0.0418483
-0.0175886
0.0302182
0.0430107
0.0111185
0.00883885
-0.0151092
0.0787917
-0.0102142
-0.00479138
0.0177552
0.0385063
0.00903678
0.0758271
-0.00133612
0.00242955
0.0373509
0.0708753
-0.0364475
0.0598372
-0.0134923
0.0284558
0.0283763
0.0103421
0.0203664
-0.0158573
-0.0102528
0.0430938
-0.0364196
0.0360466
0.00329243
-0.00732945
-0.0150254
-0.0043727
0.0221167
-0.0161147
0.0353045
-0.0184846
0.0268765
-0.0391028
-0.0281475
-0.025508
-0.0286521
0.0536227
-0.000321547
0.0178779
0.0176863
0.0234397
-0.0381912
-0.0277631
-0.0381778
-0.0214143
0.0214132
0.023988
-0.000388658
0.0228718
0.0216048
0.00744547
0.0175778
-0.0237876
0.0354274
0.0402026
-0.00801073
0.0377661
0.0174196
0.0489051
0.0509418
-0.0201179
-0.0311764
-0.0346292
-0.0410253
0.00608047
-0.0349117
0.0128613
-0.020562
0.00992892
-0.0331756
-0.0127866
-0.0137721
0.0034391
-0.0342582
0.0163655
0.0174831
-0.00240213
-0.0139852
0.0261946
0.0413982
-0.0171821
0.0476339
-0.0152809
-0.027716
-0.0242821
0.0328754
0.0188212
-0.0217045
-0.0233194
0.000789791
0.023088
0.0617677
0.0105834
-0.0248563
0.0280219
0.0316958
0.048952
0.0336671
0.0288102
-0.010778
0.00802397
-0.0203897
-0.000382554
-0.0242658
-0.0475415
0.0614765
-0.00642252
0.0561784
0.0173503
-0.0422744
0.0280588
0.0591791
0.00119946
0.00361167
-0.00145538
0.0339721
0.0331847
-0.0347806
-0.0341057
0.0764404
-0.00900339
-0.00505748
-0.0432868
-0.0209051
-0.0222395
0.0782891
-0.037039
0.0702432
0.042258
0.0287396
0.0359773
-0.0192772
-0.00214276
-0.0258144
-0.033619
0.0410905
0.0330872
-0.00170759
-0.00356307
0.0472708
0.0104449
0.00303821
-0.0169234
0.021435
-0.00114412
0.04321
0.00741955
0.0385747
0.0637714
0.0385454
-0.0125481
-0.0265893
0.0157001
-0.0340326
0.0472118
-0.022625
-0.0498561
-0.0431866
-0.0245181
0.0444991
0.0121526
-0.00502052
-0.0496284
-0.0487326
0.0204237
0.027911
-0.0290115
0.0287701
0.0585614
-0.0621614
-0.0367959
0.0132712
0.024529
-0.0665058
-0.00980786
-0.00588605
-0.00298858
-0.0269143
-0.0114945
0.00664792
0.0347349
0.0337756
0.0264527
-0.0419763
-0.0269006
0.00711881
-0.0260707
0.025052
0.0337671
-0.0103326
0.0107981
0.0589239
-0.0830844
-0.0219977
-0.0167804
0.0351028
-0.00600995
-0.03002
-0.0671168
-0.0196148
-0.00657719
0.0176665
-0.050085
0.030682
0.032166
0.0439301
-0.0560339
0.00445563
0.00193815
-0.0256961
-0.00853945
-0.00670261
0.0524223
-0.00726699
0.0290209
-0.0446969
-0.00210104
-0.0215632
-0.0385577
0.0154546
-0.0524291
0.0424733
0.0143819
-0.0181265
0.00653408
0.00298024
-0.0384388
-0.017001
-0.0156019
0.0038485
-0.0411739
0.0293678
-0.0193923
0.0441346
-0.0300375
0.0053923
0.0149453
0.0415142
0.000630955
0.0171197
0.0117494
0.0293243
-0.0227196
0.033598
0.0402448
0.00231919
0.0041408
-0.0245749
-0.0204714
0.0427537
0.0200306
-0.0324704
0.0467786
0.0475985
0.0404899
-0.0163111
0.0367085
0.0393907
0.0405464
-0.0102193
-0.0409529
0.0205033
-0.038082
-0.0165446
-0.0172765
-0.0328123
0.0156386
0.0207948
-0.0114958
0.00483789
0.0259242
-0.0139678
-0.0113727
-0.0255544
-0.0145158
0.0253302
0.0349372
-0.00348769
0.007759
0.0195903
0.0102398
-0.0207404
0.0219
-0.00155396
0.0213509
0.0158428
-0.0489069
-0.0230737
0.00447568
0.0601
0.0305649
-0.0283869
0.0375505
0.0185465
0.00326512
-0.153978
-0.0697866
0.0203123
0.0365307
0.00139842
0.0549596
-0.0228618
-0.0346596
0.0193365
0.00861493
0.0386247
-0.0246816
-0.165485
-0.089213
-0.0161817
-0.0124604
-0.00425166
-0.0302002
-0.00998024
-0.0174229
-0.00313917
0.0316651
0.0529427
-0.00777536
-0.0154591
-0.0318687
0.00844692
0.0344455
0.00559531
-0.0703505
-0.0245558
0.0259986
0.00041134
-0.0254407
-0.00830867
0.0495732
0.11424
-0.0469342
0.017881
-0.0248644
0.0197672
-0.0513114
-0.0050431
-0.0313951
0.0245839
-0.0386268
-0.0403021
0.0040582
-0.0543263
0.00607316
-0.0162903
0.0372068
0.0316384
0.0106258
-0.0654371
0.000459762
0.0119508
0.00489442
0.0324883
0.0373195
-0.00961375
0.0176682
0.0356393
0.0203432
0.0120705
-0.0487619
-0.0452768
-0.0373036
0.0119599
-0.00835053
0.0290399
-0.0279132
-0.00430748
-0.0492219
0.00963539
0.0381843
-0.0338931
0.0275701
-0.0371238
0.0152039
-0.00753177
0.0294905
-0.00356683
-0.00589455
-0.0169945
0.00803077
-0.0491124
0.0495413
0.0125125
0.0422895
0.0249219
0.035665
-0.0377777
0.0193135
-0.00349285
-0.0768834
-0.00775732
-0.0234476
-0.0338985
-0.00366658
-0.0288027
-0.0169916
0.0245676
-0.0101429
-0.0360702
0.0347808
0.00423887
-0.0426034
-0.00061998
0.0503564
0.00746952
0.0263495
-0.0402302
-0.00997469
0.00763417
0.011623
-0.0354834
-0.0191676
0.010204
-0.0122626
-0.0646801
0.0279974
-0.0508625
-0.0462387
0.0170291
0.0465806
-0.0388599
-0.0332278
0.0270996
0.00694933
-0.0248115
0.0354117
-0.0178674
0.0414616
0.0714814
0.0506004
-0.0411642
-0.000396302
-0.0218389
-0.00259579
-0.0110218
-0.0114961
0.0361868
0.0235203
-0.00347272
-0.0229743
0.0521065
-0.000402863
-0.0294573
-0.0228267
-0.0481427
-0.00586668
0.019012
-0.0150248
-0.021398
0.00292939
-0.0155863
-0.0334018
-0.0207905
0.0177309
-0.0244227
0.0387215
-0.0294758
-0.0264568
-0.0418856
-0.0267616
-0.0147389
-0.0402357
-0.0267914
0.019988
0.0451755
0.0225449
0.00183348
0.00399151
-0.0295263
0.0182177
-0.0136343
0.0451273
0.0112532
-0.0115007
0.0114505
-0.00414827
0.0484856
-0.0467382
-0.00506018
0.0236199
0.0306717
0.0416639
0.0247691
0.0411566
-0.00308567
-0.0440912
-0.0285666
-0.0259333
0.0193539
0.035929
-0.0264631
-0.0139086
0.00904283
0.0392705
-0.0209886
-0.0477825
0.00906008
-0.00833534
0.0310312
-0.0272631
-0.0154041
0.00821881
0.00484588
-0.0357259
-0.0398251
-0.0519525
-0.00965503
0.0543933
0.0497602
-0.0204892
-0.0201905
-0.0298749
-0.0344465
-0.0353839
0.0280911
-0.0431731
-0.0226016
-0.00526881
0.0811354
0.0356465
-0.0465917
-0.0144421
0.0142968
-0.00772173
-0.0702394
-0.0178396
0.0119398
0.025388
-0.0226321
-0.0386682
-0.00851281
0.0561161
-0.0213826
-0.0239944
-0.0130168
-0.02271
-0.0371767
-0.0159346
-0.0644642
0.0154439
-0.0115759
-0.0149188
0.0292105
-0.00956053
0.0459031
-0.00937207
0.00765458
-0.0317865
0.0023526
0.0115155
-0.054826
0.0272929
-0.0654084
-0.00296251
-0.0239986
-0.0173791
-0.0397227
-0.00240544
-0.0211475
-0.0361839
0.00359321
-0.0125437
0.0221944
0.00645919
0.0349231
0.0205126
0.0534771
0.0364954
-0.00777523
-0.00517471
-0.0563316
0.0487201
0.059256
0.0204572
0.0293661
-0.000728903
-0.0178967
-0.038719
0.0374229
-0.0080761
-0.0361016
0.0552231
0.0330796
-0.0106363
0.0319399
-0.0258876
0.00323476
-0.000584356
-0.010691
-0.0033231
-0.0214108
-0.0192659
0.00349341
-0.0196288
0.00935072
0.0200281
-0.036407
0.0290514
-0.00429711
0.0349256
0.0534617
0.0373387
0.0184312
-0.0116119
-0.026413
-0.0523016
0.0538286
-0.0385582
-0.0333791
0.0163722
-0.0227804
-0.0178756
0.0244231
-0.0492149
-0.0185817
-0.0218577
0.0247996
-0.0374788
0.03153
0.0594064
-0.0238995
0.0194803
0.00191966
0.0348511
0.00432036
0.0181747
0.0179012
-0.0108272
-0.0497222
0.0282378
0.0193428
-0.0325898
0.0180018
0.0444848
-0.0407319
-0.0481786
-0.0442486
0.0450727
-0.0433163
-0.0293917
-0.0313208
0.0155667
-0.0375734
-0.0378547
0.0333348
0.0405142
-0.00401546
-0.0400662
-0.0330447
-0.0278877
0.0299674
-0.0342239
0.0479376
-0.0468209
0.0289832
0.00290615
0.010731
-0.0421093
-0.0152154
0.00379507
0.0140692
-0.0303361
0.0230675
-0.0186325
-0.0163258
-0.0290838
0.0117561
0.00561734
-0.0356885
-0.039051
-0.0292539
0.0341267
0.0379524
-0.0477199
-0.0309877
0.0237781
-0.0223687
0.0043109
0.0161749
0.00401043
-0.00923574
0.0352297
0.0483388
-0.0360317
-0.0488489
0.0148408
-0.0178722
0.0308671
0.0157814
-0.0254214
0.0236088
0.0292307
0.0494027
-0.00516966
0.0450348
0.0253778
-0.0301868
-0.0238964
0.0219055
-0.0369777
-0.0169298
0.00848773
0.0110492
0.0202475
-0.00213535
-0.0225204
-0.0478809
-0.0323152
0.0367328
0.0902979
0.0667749
0.0245376
0.0335257
0.0174577
-0.0163246
0.0123904
0.0485474
-0.0596248
0.0527857
-0.0198765
-0.0234966
0.0694378
0.045269
0.0965096
-0.0148582
-0.0664081
-0.010573
-0.0226728
0.0440177
-0.0200382
0.0598591
0.0836166
0.0309778
0.00128182
0.0756236
0.0202468
0.0401519
-0.00461946
0.142827
0.0779382
-0.0169542
0.0403944
-0.0523268
0.047541
-0.129741
-0.174393
-0.160047
-0.0595185
0.0979752
0.109335
0.0636649
-0.0503728
0.0424421
0.00979669
0.0178039
0.0358287
0.0678447
0.0412242
-0.0460735
-0.0231011
-0.0180411
-0.0843906
-0.0495938
0.132963
-0.0137329
0.15388
0.0287816
-0.0458401
-0.0363194
-0.0675323
0.0608204
-0.0509659
-0.00704362
0.000262181
0.0158652
-0.0014515
0.0345023
0.0139704
0.0344471
0.0378261
-0.0933225
0.0178598
-0.0227964
0.0162501
-0.0259812
-0.0574298
0.0648526
0.0283835
0.0330396
0.0112469
-0.0660318
0.048455
0.0848215
-0.00149025
0.00677498
0.0211319
0.0134289
0.0211285
-0.00619669
0.0349346
0.00116652
-0.0136446
0.0619936
-0.00744055
-0.00642023
-0.0325773
0.0449217
0.0373349
0.0796655
0.0847739
-0.0425213
0.0290103
0.0123601
-0.00256315
0.0199019
0.0137926
-0.0423734
0.00578462
-0.0271705
-0.0305045
0.0265132
-0.0257655
0.0404167
0.0146047
0.0653737
-0.0357575
-0.0277445
0.00338448
0.012179
0.111095
0.115159
-0.00531751
0.04703
-0.017855
-0.0530609
-0.0119228
-0.00218206
-0.0150546
0.0462069
0.0315544
-0.123949
0.0607396
-0.0307228
-0.026395
0.00192529
0.0341868
0.0118762
-0.0311212
-0.0163591
-0.021858
0.0274393
0.0192909
0.0320636
-0.00462549
-0.0321876
0.00154095
0.0238463
0.0161056
0.0420888
0.0139799
0.013346
0.0100985
-0.0365427
0.00833525
-0.0101946
-0.019679
0.0179464
-0.00123365
0.0022342
0.0293433
-0.0131969
-0.0411468
-0.00168918
0.0470187
-0.00477014
0.0120518
0.0430487
0.0389068
-0.0218795
0.0383616
0.000217974
-0.00103497
-0.00573098
-0.0195227
-0.00564149
0.0563251
-0.00508395
-0.0340371
-0.0502041
-0.0291389
0.0394164
0.0355378
-0.0333697
0.00814021
-0.000977604
0.0383221
-7.08314e-05
-0.0191246
-0.0313335
-0.0222424
0.0423579
-0.0238894
0.0397476
-0.046284
0.0218242
0.0134284
-0.0303204
0.012002
0.0267046
0.00689451
-0.0450516
0.0136336
-0.0181566
0.0063602
-0.0391738
-0.0252424
0.00217488
0.0132697
-0.0388128
0.0381305
0.0242722
0.019923
0.0274734
-0.0426511
0.0244434
-0.00447458
-0.0300872
-0.00961771
-0.00671932
-0.0131954
0.0195172
0.0102075
-0.0115622
-0.0425543
-0.0241745
0.0324455
0.00537943
0.0228506
0.00420617
-0.0055597
0.0314411
-0.0757416
-0.0315237
0.00848163
0.00293596
0.0592693
-0.0471263
-0.0893693
0.0669607
0.0634337
0.0131316
-0.0606211
0.00593987
0.00461577
0.0430597
-0.0232253
0.000766665
-0.0248196
0.0196145
0.0549795
0.0322323
-0.0260225
0.0151177
0.0441506
0.0763455
-0.00663674
0.0686564
-0.0337114
-0.0114787
0.031382
-0.0371166
0.0270178
0.0578877
0.0442728
0.0383299
0.00603428
0.0140378
-0.0031694
0.0630086
-0.0238176
-0.0757744
0.0254083
0.000329656
0.0307629
-0.0377865
0.000153443
0.0484332
-0.0581996
-0.00662022
-0.0478683
0.00455719
0.0435151
0.0275871
-0.0115304
0.0618914
0.0193497
0.0424705
0.0167095
-0.0656535
-0.0348553
-0.0636197
0.017391
0.0123638
0.038105
0.0702259
-0.0354269
0.0367631
0.0522632
-0.0735304
-0.0276208
-0.0448833
0.00492218
-0.00461152
-0.00652932
0.0313352
-0.0683737
-0.0413085
-0.0392397
0.0412168
-0.00481664
-0.00331318
-0.000207472
-0.0292581
-0.0071792
0.00832464
-0.10689
-0.0422276
-0.0840366
0.0411961
0.00676089
-0.0244697
0.00682355
-0.0731185
0.020915
-0.0548829
0.0193633
0.0196594
0.0153605
0.0230812
0.0167992
-0.0455612
-0.0863746
0.0453602
-0.0469055
-0.0278411
-0.028181
0.0167541
0.00928957
0.0359194
0.084021
-0.0397557
0.0328949
-0.00568252
0.0297951
0.045937
-0.0369452
-0.0221351
-0.0282685
0.0125329
-0.00362193
0.0308227
0.0504769
-0.024405
0.0385573
0.0347989
-0.00279096
-0.0259458
-0.0107092
0.0275535
0.0154878
-0.0303211
-0.0215463
-0.0125598
0.0210524
-0.00781036
0.0437743
-0.0441075
-0.00698185
0.046681
-0.042722
-0.0511424
-0.0233421
0.0241043
0.0227644
-0.04508
0.0351384
0.0205737
-0.00184688
-0.0437283
-0.0174659
-0.00836666
-0.0561572
0.0376962
0.00995955
0.0426809
0.0262691
-0.0415034
-0.0322753
-0.00119087
0.0167465
-0.0260282
-0.0423674
-0.0230544
0.0198074
0.039881
-0.0206081
-0.0456697
0.0195933
-0.0164555
-0.00670289
-0.0362381
-0.0591969
0.0163027
-0.0299693
0.00216067
-0.00169216
0.0709067
0.0375157
0.0152167
0.00346545
-0.0192854
0.0449029
-0.0125561
-0.0154825
-0.087472
-0.008844
0.0467509
-0.0180162
-0.0276286
0.0209963
-0.021052
-0.0544171
0.0197841
0.0552939
-0.00216179
0.0112048
0.156659
0.213942
0.0298864
0.0266754
-0.0733096
0.0792753
0.0499041
0.0983314
-0.00975296
0.0572002
0.011442
-0.0249465
-0.0373731
0.042062
0.038769
-0.0157076
-0.0751217
0.0840281
0.0319968
0.0449422
0.0235936
-0.0728073
0.0103443
-0.233292
-0.0413344
-0.0800568
0.0613694
0.0453808
-0.00192075
0.0728554
-0.0575936
0.042523
0.0309271
-0.0379334
0.025541
-0.0120273
0.0254692
-0.0848703
0.0330227
0.0471959
-0.144834
-0.0750154
-0.0113416
0.0354278
0.0355653
-0.00542563
0.0252628
-0.0613947
-0.0210108
-0.00319199
0.0401269
0.0441864
0.0505473
0.0710404
0.038327
0.0473222
-0.000786604
0.0318844
0.0440981
-0.076937
-0.0034051
-0.0169999
-0.0696414
-0.0387741
-0.0514156
-0.024218
-0.0446243
-0.0185856
0.0381651
-0.0411087
-0.0115153
0.0219053
0.0353449
-0.0119537
0.00651225
0.0490768
0.00958717
0.0212479
-0.0222531
-0.0672994
0.0325613
-0.00367744
0.0289666
0.100299
-0.0115755
-0.0167852
0.00351279
0.0346423
0.0837402
0.00622365
0.04541
0.0432806
-0.00970894
0.00148497
0.014762
0.0372249
-0.0134994
-0.0231889
0.0376308
-6.78835e-05
0.0367097
0.0415086
-0.0171928
0.0535335
-0.00669547
0.0331267
-0.00503045
0.00667707
0.00305546
0.0449095
0.022661
-0.00684576
0.0326481
0.0318686
-0.0644611
0.0136922
-0.0457511
-0.0206777
0.00787083
-0.0776703
-0.0645618
-0.0399663
0.00693535
0.0121084
0.00144703
0.0176502
-0.0469683
-0.0467627
-0.00586492
0.0351586
-0.0288111
0.011833
0.0365702
-0.0530182
-0.0451689
0.0257909
-0.00821979
0.0321922
0.00685285
0.0372917
0.0308885
-0.0468647
-0.040216
0.0563152
-0.0101788
0.0447045
-0.00268133
0.023949
0.0366413
0.0135912
0.0342385
0.0486556
0.0429114
0.0463171
0.0115939
0.0146156
0.00247456
0.0211783
0.040274
0.0359515
0.0428443
0.0214909
0.0365212
0.0188656
-0.00734379
-0.00385642
0.0260704
-0.030672
-0.0078277
0.0141694
-0.00661195
0.0302365
0.0522953
0.00994537
-0.0513541
0.000422668
-0.0488995
0.0241403
-0.0400314
-0.0289524
-0.0209572
-0.014414
-0.000961782
-0.055362
-0.00269966
-0.00230402
0.0208129
0.013567
0.0469074
-0.0275297
-0.0121727
-0.0318436
-0.0237465
-0.00348316
0.0226174
-0.0605295
-0.0249498
-0.029838
0.053274
0.0520806
-0.0439773
-0.0269534
-0.00320913
0.0333281
-0.0256933
-0.0319856
-0.0527488
0.0093346
0.0181761
0.0449136
0.00264595
-0.0618707
-0.0877133
-0.0445847
-0.0615222
0.0303422
0.0267431
-0.0318512
-0.0551856
-0.0313207
-0.0536439
0.0299059
-0.043898
-0.0207606
0.0334099
-0.0288198
-0.0648682
-0.0569074
-0.0085729
0.013999
-0.060851
-0.0566576
0.0571224
0.00953727
0.0353612
-0.057668
0.0304545
0.0165491
0.000393477
0.0116484
0.0119191
0.00809132
0.0480095
0.116804
0.020464
0.0851226
0.0234506
0.0424916
0.0167637
0.0617454
-0.000388034
-0.00113609
0.0124581
0.00403851
0.0427147
-0.0561163
-0.035821
0.0947876
0.00808804
0.0213825
-0.0183664
0.0389079
-0.0278292
-0.0199181
-0.00135395
0.0584366
0.0028407
-0.0113062
0.0506784
0.040242
0.017631
0.0462273
0.0192196
-2.04564e-05
-0.0478092
0.0417941
-0.0381945
-0.0361189
-0.0696161
0.00687857
0.0665993
0.0348556
0.0302833
-0.00324563
0.000432949
-0.0319917
0.00463116
0.0155864
0.0253907
-0.0312156
-0.0341553
-0.00729132
-0.0154405
-0.032027
0.0430963
0.0386065
0.0222125
-0.0319052
0.028059
-0.0521129
-0.0348257
-0.0631934
0.0403347
0.00841474
-0.0242103
0.0282111
-0.0366988
0.0171299
-0.0121212
0.0479579
-0.0100119
-0.0179457
0.0298715
-0.027999
0.0357505
-0.0174067
-0.0454058
-0.0366396
0.0188476
-0.0205843
0.0480416
0.098195
0.0408591
-0.00861809
-0.0046442
-0.0407458
0.0364843
-0.0151552
0.0605188
-0.0344769
-0.0186647
0.0334945
-0.0420976
0.0347889
-0.0257355
-0.0258252
0.0424616
0.0458698
-0.0208735
0.00604958
-0.00813163
0.0322826
-0.0467037
-0.0493551
0.0316199
-0.000828135
-0.00164717
-0.0108648
0.0253323
-0.0352485
0.01662
0.00861607
0.00052341
0.0355356
0.0176496
0.00626871
-0.0477622
0.029138
0.00912864
-0.0217652
-0.038555
-0.0166535
0.0468221
0.0179175
0.0450003
-0.011387
-0.0180731
0.00965732
-0.0194463
-0.0163909
-0.0290625
-0.001826
0.0367267
-0.0369225
-0.0349271
-0.021153
-0.0355318
0.0101978
-0.0124084
-0.00713364
0.00442368
-0.0237469
-0.00554696
0.0158779
-0.0474938
0.0236892
-0.00705495
0.0133889
-0.0206807
-0.00848481
-0.050623
0.038925
-0.0184429
-0.0200469
-0.0244409
0.0513778
0.0715759
-0.0775112
0.0561582
-0.0149067
0.0420321
0.0490653
0.0296956
-0.172955
0.0452057
-0.0316503
-0.0245208
0.0357314
-0.0208033
-0.0389712
-0.0340537
-0.0411578
-0.0375852
-0.0192816
0.024161
0.0657197
0.0453468
0.0388462
0.0591858
-0.0547513
-0.0289608
-0.0455542
-0.00195971
0.0105857
0.0597627
0.0289875
0.0576096
0.0374885
-0.00885099
0.0768219
0.0159805
-0.0243957
0.0843935
0.044119
-0.0324085
-0.00645479
-0.0213493
0.0407674
-0.098992
-0.018734
-0.0839734
0.032513
-0.00322336
-0.0173938
0.0374281
-0.0491911
-0.0449201
0.0090834
0.00823543
0.0104407
-0.0105773
-0.0109072
-0.0354494
-0.0453646
-0.0228392
-0.0593129
0.000962306
-0.0404533
-0.045322
0.0180667
-0.0262594
0.0367681
0.0159809
-0.0073809
0.0153888
-0.00458403
-0.00692854
0.0144304
0.0315295
0.00758019
0.00511985
0.0181665
-0.0278485
-0.00863585
0.0178274
-0.0386417
-0.0559653
-0.00601128
-0.0194117
0.0373308
0.018686
0.0142803
0.0258368
0.0127233
0.0146793
-0.0457345
0.0592712
0.0509834
-0.0266943
-0.0344014
-0.00553288
0.0758031
0.0260065
0.0422611
-0.026232
-0.00437115
-0.015474
0.00378829
0.00651783
-0.0213849
-0.033891
0.0343042
0.00736425
0.0871919
-0.00687892
0.0407309
0.00144283
-0.0149074
0.0456889
0.0477104
0.0416739
-0.0249423
0.0125555
-0.0332925
-0.00638008
0.0247228
-0.0374876
0.0528757
0.0617284
0.0445769
-0.0152961
-0.040308
-0.0311646
-0.0727866
-0.0341347
-0.00166334
0.0471781
-0.0328659
-0.0524616
-0.0338366
0.0298103
0.0122487
-0.0127199
-0.0184733
-0.065834
-0.0509823
-0.0286676
-0.00560932
0.028091
-0.0542584
0.00107237
-0.0212583
-0.0560611
-0.0135167
0.0324003
-0.0317055
0.0284231
0.00346859
-0.0480626
-0.0620766
-0.020959
-0.0461215
0.00149201
0.027155
-0.00869438
-0.0224838
-0.0482221
0.0291657
0.00787758
0.0460936
0.0212982
-0.00521779
0.00594536
0.0315641
-0.0406376
-0.0350585
0.0433648
0.0571008
0.0130365
-0.0120236
-0.00440028
0.0232779
0.0259719
0.00801994
-0.030356
0.0356492
0.0454953
0.0426625
0.00813891
0.0251434
0.0191598
-0.00347302
0.0119217
0.0312161
-0.0274921
-0.0455884
0.0212679
0.0444249
0.0236332
0.037061
0.00173956
0.0174349
-0.00426857
0.00624034
-0.00219849
0.0401591
0.0431642
-0.0138654
0.021863
0.0244031
0.0440017
0.0432836
-0.00549562
0.0206679
0.0246973
0.0221647
-0.038317
0.0416709
-0.0418005
-0.0016463
-0.0413753
-0.0325118
0.0461485
-0.0132723
-0.0408302
-0.00854885
0.0231254
0.0176125
0.0388129
0.0135459
0.0102405
-0.0378087
0.049803
0.0468035
0.0318477
-0.0311889
0.0164447
-0.0486702
-0.0125439
0.00768349
-0.0703615
0.0351596
-0.0671382
0.00790096
-0.0284623
0.0198164
-0.0482638
0.0215433
-0.0684248
0.00426787
-0.0260992
-0.0789689
-0.0430757
0.0412135
-0.00292335
-0.0302557
-0.041221
-0.0417281
0.0190686
0.0432796
-0.0706232
0.0161481
-0.0274165
0.0431332
-0.0204036
-0.0243478
0.0356673
0.021042
0.0150149
-0.00524541
0.009461
0.0372944
-0.00756218
-0.00576279
0.0056913
0.0161257
-0.0388125
-0.0515908
-0.00285917
-0.0319759
0.0182462
-0.000387579
0.0141157
0.01391
-0.024189
0.000891912
0.0270409
-0.032812
0.00684093
0.037155
0.0149807
0.031108
0.0208687
-0.0330869
-0.00418541
0.00845923
0.0325481
-0.035513
-0.022466
-0.0603052
-0.0155272
0.0329292
-0.0424347
-0.0508873
-0.0243788
0.0449182
0.0138336
-0.0282781
0.0564355
-0.020085
0.0209206
-0.00540248
0.0524237
-0.0322131
0.071583
0.0109531
-0.0318941
0.0224545
-0.0132402
0.0582154
0.00132259
-0.0543139
0.00332509
0.0677021
0.0104111
0.0159299
-0.0328221
0.043778
0.0367567
-0.0152758
-0.0496805
-0.0108706
-0.00273075
0.0177376
-0.00848829
0.0601871
-0.00950016
-0.0427662
0.00316425
-0.0273004
-0.0347793
-0.00442621
-0.0273191
0.0249066
-0.0272682
0.0290966
-0.0124022
-0.0354652
0.0342746
-0.0277139
-0.040247
0.0486486
-0.0292379
0.0398177
-0.0248735
0.0324344
-0.0173637
-0.0302791
-0.00832973
0.0111265
-0.0177935
-0.03186
-0.00226248
0.0280439
-0.0356755
0.0104389
-0.0073071
-0.0461014
-0.0230048
-0.0420632
-0.0399226
-0.0228697
-0.0447656
0.0109163
-0.0332461
0.0304597
-0.0249487
0.0350745
0.0306348
-0.0449753
0.0109101
-0.0192209
-0.0362049
0.0373322
-0.0236458
-0.0459427
0.0191762
-0.014587
-0.00249934
-0.0432765
-0.0400859
0.0375953
-0.0224951
0.0213609
0.0182868
-0.0504207
0.0215003
0.022465
0.021665
0.0274784
-0.0157704
-0.0290624
-0.021698
0.02919
-0.0100599
-0.0466343
-0.0236664
0.0297522
-0.0105462
-0.00802005
0.0148598
-0.0425466
0.0121421
-0.0241434
0.0163387
-0.0286841
0.0251918
-0.0165797
-0.0376155
-0.035649
-0.0444735
0.0129233
-0.0433469
0.0208094
-0.000208348
-0.0152728
0.00756937
0.0320116
0.0334113
-0.187952
-0.056274
0.104057
-0.0555352
-0.0190416
0.0135649
0.0598184
-0.101679
0.0747647
0.0265229
-0.0188973
0.0869444
0.153444
0.338469
-0.0526327
-0.129393
0.089005
0.0400658
-0.0116209
-0.117385
-0.000702084
-0.0363184
-0.0596011
0.00339263
0.00936198
0.0407635
0.0145218
-0.13174
0.0642934
0.0361901
-0.0208721
0.0559595
-0.126578
0.150391
-0.456084
-0.174119
-0.201322
0.0316012
0.163454
-0.194894
0.167652
-0.204921
-0.122018
-0.0931115
-0.34169
-0.337885
-0.260003
-0.113338
-0.0242526
-0.0605796
0.0614109
-0.093076
-0.0312386
-0.0613494
0.0410241
-0.0283993
0.0355336
-0.154921
-0.273137
-0.0175309
0.296363
-0.10243
0.206412
-0.0584255
-0.159852
0.000474797
-0.0382062
0.0475795
0.0205408
-0.0947597
-0.09732
0.0727645
0.0942724
0.155736
-0.0229311
0.00362691
0.077502
0.00679306
0.0408228
0.0696464
-0.0937664
0.025162
0.283924
0.047597
0.0278983
0.00938493
0.0758952
0.0131669
-0.0025301
-0.0157944
0.0577978
0.0013656
-0.0423105
0.0801281
0.212608
0.0275352
0.0143675
-0.0340859
-0.0446527
0.159022
0.0330127
-0.0425008
-0.121746
-0.0206333
0.0198311
0.0196224
-0.043652
0.0590962
-0.0275137
0.0232433
-0.0221527
0.0130036
-0.0429373
0.0596551
-0.0274126
0.0136648
-0.0633479
0.0198368
-0.0598935
-0.421667
-0.217602
-0.0445199
-0.00478675
0.00940092
-0.0758596
0.152876
-0.0304061
0.032553
-0.020941
0.027713
-0.0829354
-0.0614738
0.0438081
-0.0702852
-0.0948155
0.00347116
0.0356979
0.0157028
-0.0632144
0.0973156
0.0121521
0.037305
0.0292647
0.00476888
0.0113135
-0.0464816
0.0129524
-0.0428156
-0.120058
0.0149773
-0.0302616
0.0273099
-0.0141823
0.00501278
0.0229842
0.0762262
0.0361763
-0.0104223
-0.0291556
0.00896955
-0.028163
0.0338322
0.00839678
-0.0242259
-0.0656685
-0.0421235
0.0411178
0.0227025
-0.0481668
0.0362425
-0.0121836
-0.0288944
0.0418214
-0.0151478
0.00733824
-0.019526
-0.0468863
0.00963011
-0.0786811
0.00863494
-0.0516697
-0.00304675
-0.0280809
-0.0800139
0.0324586
-0.00119267
-0.0653221
0.0252327
0.00808812
0.00454601
0.0311945
0.00805272
-0.0189583
-0.0262494
0.0286153
-0.00400556
-0.0170639
-0.0498408
-0.0354198
-0.0435868
0.0221112
-0.0224274
-0.0451815
0.0368544
0.0343596
0.0457565
-0.0429896
0.0441832
-0.036054
0.0352473
-0.0939158
-0.0249571
-0.0430529
-0.106461
-0.0300872
0.139686
-0.0245166
-0.0691463
-0.0273246
0.0632604
-0.019706
0.0276562
-0.0454495
-0.129458
0.15952
-0.0879572
-0.0543159
0.0345776
0.0207755
0.00253293
-0.0739107
-0.0546766
-0.0434774
0.0471228
-0.0934736
0.0786709
-0.0456065
-0.137604
-0.0270758
0.0969068
-0.0171702
-0.037382
-0.0919735
-0.00021557
0.214822
0.010149
0.0580657
0.00427065
-0.027106
0.0275246
0.0757729
-0.0279887
0.0303044
-0.0295675
0.175759
-0.0845685
0.003421
-0.00481226
-0.0854575
0.0452312
0.0583621
0.0597247
0.044013
0.056541
0.0144653
0.0114874
-0.0579241
0.0762977
0.087534
0.144326
-0.0549509
0.0293883
-0.031131
0.0669934
-0.169496
0.876141
-0.0741336
-0.300294
0.036226
-0.111273
-0.079594
0.194023
-0.0312087
-0.0204762
-0.259261
-0.0918075
-0.284688
0.194268
0.306539
-0.0255744
0.0072614
-0.057576
0.0536066
-0.0693714
0.0828114
-0.0672192
0.0289136
-0.0280427
0.0487287
-0.0581506
-0.232038
-0.15724
-0.0795615
-0.133498
0.00366948
-0.00886728
-0.157174
-0.133226
0.122815
-0.0917005
-0.0194625
0.23153
0.0936973
0.0321137
-0.0329414
0.0119999
-0.0323858
0.142016
0.172376
-0.101572
0.0729933
-0.10304
0.00441395
-0.0816884
0.00815417
-0.0389117
0.0522613
-0.0642538
0.0412086
0.11985
0.0745823
0.0380988
0.0448176
-0.0796177
-0.0564916
-0.128438
-0.0338576
-0.0202445
-0.00563953
0.108576
-0.0414963
0.0427236
-0.0152141
0.00525222
-0.0215924
-0.037355
-0.0206483
0.0146487
0.00204034
0.0277743
0.0401661
0.0204919
-0.0378212
0.00516018
0.00985448
-0.025099
-0.00709637
0.0188115
0.0114107
0.0263784
0.0310401
0.0438001
-0.0148368
0.00508407
0.0207176
-0.0239914
0.0445778
-0.000675495
-0.00625421
0.0191776
-0.0544476
0.00529513
-0.0226495
0.000770326
0.0197788
0.00706546
0.0356352
-0.0218846
-0.0128607
-0.0381889
-0.00838013
0.0295381
0.0321285
0.042984
-0.0502491
-0.0352013
-0.0329658
0.0150253
0.0251399
0.0230829
0.0252466
-0.000460362
-0.0130441
-0.0246476
0.00974473
0.0439948
0.0292836
0.050709
0.0152021
-0.0238497
0.0739206
-0.0583412
0.0683231
0.0143088
-0.00498025
-0.0162967
-0.0308431
0.0659347
0.0176143
0.0744848
0.00707172
0.0336488
0.00578419
-0.023088
0.0193384
-0.0365537
-0.0181622
-0.00925621
-0.0436913
-0.0221995
0.0457781
0.0350987
-0.0333933
0.0060402
-0.0255555
0.0323595
-0.0496324
-0.0499212
0.050731
0.0164289
0.014806
-0.0714489
0.0398685
0.0206286
0.0444525
-0.00618264
0.0150743
0.0307879
-0.0438673
-0.000204052
-0.0608014
-0.0217931
0.0335861
0.0400734
-0.00342035
-0.0238677
0.014152
-0.00359271
-0.0794276
0.0780973
-0.00752738
-0.021398
-0.025544
0.0433163
-0.0346977
-0.0805776
-0.00907004
0.00111118
-0.00144233
-0.00965911
0.00999764
0.00684711
0.0224496
0.0319712
0.0365167
0.0123951
0.047377
-0.00759176
0.00980594
-0.0409826
-0.001151
-0.01198
-0.00927863
0.022293
0.00900098
0.0468979
0.0132205
0.0268987
-0.0280931
0.00147073
-0.0308377
0.0283021
0.048246
-0.0372728
0.0436881
0.0378039
0.00857882
0.0343418
-0.0213392
-0.0614326
-0.0378111
-0.0240794
0.0411653
0.00203588
0.00374802
0.00181445
0.0586248
0.0133048
-0.0482555
-0.0293188
0.0321795
0.00384602
0.0454451
-0.0504305
0.0216383
0.0448366
0.00147793
0.0415818
0.026046
-0.0842944
0.0253372
-0.0012523
0.0198095
0.0408085
-0.0265022
-0.00948444
-0.0148572
-0.0374363
-0.0407366
-0.0501742
0.0376828
0.00803147
0.0257772
0.0209618
-0.0242418
0.036715
0.0110987
-0.0368649
-0.00545644
0.00103917
0.0296435
0.0330461
-0.0360609
0.0517211
-0.0168911
0.0157227
0.0429533
-0.0294624
-0.0400126
-0.0408845
0.0742044
-0.0289616
-0.00661665
0.0171033
-0.0407675
-0.0309265
-0.000106545
0.0347201
0.0312654
0.0410896
0.0346603
-0.00469873
-0.00566118
0.00264875
0.0583861
-0.0184947
0.0296525
0.0265331
-0.026238
0.0160835
0.0132418
-0.0011064
0.0397146
0.0419656
-0.021995
0.00250424
0.0475618
-0.00763162
-0.0456067
0.0368566
-0.0138741
0.0436229
-0.021607
0.0234551
-0.0424861
0.0339775
0.0349555
-0.00965236
0.0371759
-0.00355061
0.0302098
-0.0238124
0.0148688
-0.0161617
0.0409409
0.0474541
0.00981236
0.018582
0.0131008
0.0379158
0.0298878
0.0342674
0.000218058
0.049921
0.0206779
-0.0375306
-0.00311465
0.00393207
-0.0150722
-0.0193519
0.0271661
0.0194443
-0.0211907
-0.0408832
-0.0418226
-0.0443918
-0.0324356
-0.037567
-0.0146183
-0.0215322
0.00527111
0.0166437
-0.0132703
-0.0260466
-0.0226615
0.0247959
-0.0280087
-0.016288
-0.0407881
0.0204741
0.00898567
-0.0301183
0.0285347
0.00661783
0.0215758
-0.0428483
0.0117475
-0.0345181
-0.0640665
-0.0329592
0.019252
-0.0324623
-0.0394565
-0.0303999
-0.00689227
-0.0367658
-0.0315923
0.0107588
0.0424212
0.0261704
-0.0439721
0.0381044
0.0480089
0.0274773
0.0137377
0.00708168
0.0376373
-0.0181859
-0.0228429
0.0180294
0.0120651
-0.00587042
-0.0102397
-0.0119277
0.0472104
0.0248217
-0.0389576
0.00488588
0.0114015
0.0608777
0.0457946
-0.0279558
0.0426353
-0.0325346
-0.0264039
-0.0276156
-0.00357574
-0.0151682
-0.00235058
0.0297191
-0.0438843
0.0521944
0.0254473
-0.0460671
0.0362029
0.0341386
1.19881e-05
3.17854e-05
0.0129834
0.0388151
-0.0376988
-0.045257
0.00443607
0.0073883
-0.0189525
-0.038945
-0.00898744
0.0470976
0.052455
-0.0106797
0.0326471
0.0188857
-0.0205191
0.0403834
-0.0109376
0.0377661
-0.0183161
-0.0201284
0.0198933
0.0143245
-0.0104437
0.00769686
0.0421535
-0.0389932
0.0160107
-0.00838241
0.0227488
-0.0371725
0.00279698
-0.0241024
0.0353486
-0.01805
-0.0193978
-0.0523166
0.0369141
-0.0158795
-0.0172522
0.00301265
0.0111823
-0.0269109
-0.027039
0.00100496
-0.0353078
0.0152016
0.012392
0.0357484
-0.0637587
-0.0326005
0.00619591
0.00148109
-0.000115511
-0.0428374
-0.0301703
-0.0435167
-0.0255972
-0.0248574
-0.0522639
0.0209096
0.0152609
0.0396755
-0.0654737
-0.0160614
-0.0105458
0.01469
0.0441618
0.032696
0.036968
0.0409672
-0.0157828
0.0111516
-0.00780018
0.00185172
-0.0349698
0.00703402
-0.0485233
0.0454695
0.014929
0.0430028
-0.0499185
0.0332533
-0.0315574
-0.0336922
-0.016752
-0.0260105
0.0410162
-0.0299087
0.0155501
-0.0175516
-0.0374455
-0.0407254
0.0185568
-0.0146306
-0.0184298
0.00825791
0.000173156
0.0245031
-0.0315874
0.0355111
0.0232836
0.00497264
0.0208805
-0.0177479
0.0318714
0.00190989
-0.00372357
0.00744712
0.0217606
-0.0216142
-0.00907799
0.0339122
0.0427292
-0.0268674
-0.00311984
-0.0449557
0.0381892
-0.0348898
0.0210871
-0.029393
-0.00679385
0.0172692
-0.00424056
0.0477711
0.0156821
0.0368852
0.00528479
-0.0451088
0.0248681
0.0356539
0.0119163
0.0167536
-0.0130619
-0.00785196
-0.0125206
0.0155903
-0.0155639
-0.0188679
0.00178233
-0.0343588
0.00521008
-0.00357456
-0.0483871
0.000638293
-0.0482359
0.00747508
-0.0371952
-0.0467524
-0.0234451
-0.0438157
-0.0275852
0.0602645
-0.0182311
0.00746934
-0.0283001
0.00125887
-0.0136253
0.0487254
0.038973
0.030698
-0.0246827
0.00139377
-0.0339522
0.0905861
-0.0307583
-0.0140924
-0.0112686
0.0519391
0.0236142
-0.00404595
-0.00536468
0.0112582
0.003472
0.00455961
-0.0086641
-0.0177808
-0.0416251
0.0220267
0.0460758
-0.013493
0.0245545
-0.0195266
-0.0311334
0.0119167
0.0139843
0.0903416
-0.0234154
0.0219283
0.0620481
-0.053413
0.0231063
0.0104396
0.0523134
-0.0208291
-0.0164806
0.0609753
0.00252518
-0.0217281
-0.0365581
-0.0256131
0.00405415
-0.0436704
-0.0427515
-0.00121179
-0.0314437
0.0392726
0.0182264
0.0062912
-0.0344667
-0.00718241
-0.0314155
0.0201712
-0.00114843
0.0296174
0.032191
-0.00572639
-0.0167049
-0.0203012
0.00710568
-0.0445627
-0.0136641
0.00686547
-0.0566373
-0.0587729
-0.0389058
-0.0234239
-0.0103942
0.0259596
-0.020229
-0.0346903
-0.0437344
-0.00954497
0.00437412
0.0561454
-0.00536524
-0.00384357
0.0235827
-0.0207134
0.0181233
-0.0451456
0.0703936
0.00678224
0.0550925
-0.0272082
-0.0290326
-0.00272248
-0.0110928
-0.0201102
-0.0079184
0.0391149
-0.0272043
0.0233158
-0.0301528
-0.0195634
-0.0261282
0.0467724
-0.0248421
-0.0313974
0.00105325
0.00234658
0.0159476
-0.0226869
0.0334351
0.0387145
0.011284
-0.0401533
0.0251529
-0.0455525
-0.0353618
-0.0271318
-0.0392689
-0.0118021
-0.00261012
-0.0038939
-0.020384
3.37205e-05
-0.0382727
0.0518967
0.0289623
-0.0278013
0.0230006
-0.0155855
-0.0249199
0.0197045
-0.039863
-0.0471468
0.018512
0.0543992
0.0214231
-0.00722394
0.00741658
0.0286014
0.0411781
-0.00597913
0.0347213
0.00197279
-0.00376959
0.00388711
0.00701664
0.0076279
0.0158063
0.0241161
0.0449056
0.0440024
0.0555474
-0.0307571
-0.0278504
-0.0311466
0.0153126
-0.00946877
-0.0264677
0.048599
0.00954051
-0.0160329
0.0338044
0.0417543
-0.00639659
-0.0282443
0.0401036
0.00961363
0.0372467
0.0268096
0.0240972
0.000834652
-0.00215418
-0.00148582
0.0342178
-0.0136408
0.0422296
-0.0355065
0.028136
-0.0185401
-0.050864
-0.0394021
-0.025125
-0.0206185
-0.0104587
0.00506565
-0.0380809
0.0329149
0.0391005
0.0299248
-0.0370166
-0.000224567
-0.0434503
-0.0256886
-0.0109021
0.0426825
0.0399599
-0.0307717
-0.0422988
-0.00699312
-0.0430943
0.0364322
0.043124
-0.0195891
0.0204672
-0.00956775
0.0380073
0.0135412
0.0390382
0.00466953
-0.0522414
-0.0452737
0.0125117
-0.0381094
-0.00471726
-0.0348234
0.00204464
-0.0364299
-0.0232016
0.00244579
0.0398128
0.0059327
-0.0348579
-0.0314858
0.0189246
0.0235304
0.0222419
0.0312806
0.0193426
0.0530122
-0.0169084
0.0323895
-0.0152656
-0.016116
-0.0140014
-0.0137817
-0.0298252
0.0340844
0.0165409
0.0347444
-0.047618
0.0333218
-0.0203404
-0.0119561
-0.018655
0.0306832
0.027544
0.0375481
0.00470114
0.0315114
0.0209868
0.0374249
0.0253712
-0.0206898
0.0508553
-0.00415967
-0.0517426
-0.0195942
0.0140733
-0.0131206
0.0690884
0.00484161
-0.0388848
-0.0132241
0.0471655
-0.0360627
0.0118203
0.0458545
0.0073562
0.0181391
0.0588872
0.00713204
-0.029216
0.0278569
-0.0519401
-0.00674991
0.0296489
0.000962517
0.037022
0.0388532
0.00395903
0.0381658
-0.0422325
-0.025585
-0.0308837
-0.0197259
0.0328961
-0.0195701
0.00807773
0.0289966
-0.0363936
0.00755685
-0.0171105
0.0217083
-0.0516684
-0.00406681
-0.00018096
-0.0381901
0.0196237
0.00729438
0.0450496
0.0299977
-0.00770171
0.0166786
0.0501197
-0.0145208
-0.0359983
0.0477418
0.0387187
0.0465887
-0.0454647
-0.001131
0.0495354
-0.0160103
-0.026431
0.00587827
-0.0288994
-0.0218503
0.0442123
-0.0257472
-0.0392092
0.0276118
-0.0144788
-0.01731
-0.00856469
-0.00160007
-0.0180224
0.0395106
-0.0529257
-0.0710582
-0.0259602
-0.0591955
-0.024738
-0.0354146
-0.0164225
0.0218318
0.0296159
0.0423656
-0.0109252
0.023728
-0.00114065
0.022393
0.0448262
-0.0447243
0.0365782
-0.0126578
-0.0146167
-0.0131769
0.0266905
-0.0284374
0.0344214
0.0184129
0.0311165
-0.000367613
0.022061
0.003615
-0.0445512
0.0195438
0.000133386
-0.00122288
0.0254111
0.00105099
0.0127888
0.0126619
-0.0487429
0.00346038
-0.0484991
-0.0101364
0.0144692
-0.00876216
0.0424963
0.0251943
-0.0225295
-0.0463501
-0.044101
-0.0100092
0.0020387
-0.0317121
-8.59414e-05
-0.0467612
-0.0467054
-0.0164761
0.0217727
0.0134523
0.0253332
0.0224565
0.0343281
-0.036648
0.0174381
0.0473647
0.0384818
0.0477305
0.00273963
-0.00810622
0.000685006
-0.0397513
-0.0230533
-0.0294939
0.0290717
-0.0100987
-0.0108143
0.00490849
0.0276148
-0.0323779
-0.0269807
-0.0408633
-0.00487017
-0.0336231
0.0179887
0.0343737
-0.0352457
-0.0439172
-0.0450935
0.0135892
-0.0955147
0.0234105
0.0213019
-0.00551689
0.037968
0.073225
-0.0347527
-0.0323129
0.0246751
0.00608743
0.0376112
-0.0298331
-0.00740886
0.0770499
-0.0118012
-0.00267023
0.0103969
0.0272459
0.017963
0.0429824
0.00384285
0.0413322
0.0305394
0.0791358
-0.0223119
0.0467135
0.00652287
-0.0260473
-0.0336549
0.073055
0.0103163
-0.0662648
0.054054
-0.0572955
0.0649781
-0.139755
0.0212277
-0.0968262
0.0536865
0.0588555
-0.0317263
0.0159284
0.0412001
-0.000981167
0.0315674
-0.00437325
0.012084
-0.0529349
0.0197278
-0.0684185
0.00790945
0.0222462
-0.0386233
-0.00598278
-0.0532042
0.0268601
-0.00174158
-0.0484004
0.0272764
0.0508454
-0.0480132
0.0861304
0.0446701
-0.0339725
0.0206551
0.00795195
0.00601913
-0.00279103
0.00598301
0.0664171
-0.0426027
-0.00657148
-0.0640062
-0.0342644
-0.031768
0.00633324
-0.0234726
-0.000440914
-0.040791
-0.00608179
-0.0343184
-0.0302413
-0.0167459
-0.0409425
0.0201408
-0.0431474
-0.00224633
0.0515208
0.0152044
-0.0153283
0.0279112
0.0461322
-0.0129765
0.0468259
-0.000354279
-0.0315297
-0.0227141
-0.0453335
-0.032975
0.0541125
0.0733297
-0.0148761
0.0155098
0.0259563
-0.0337004
0.0503446
-0.0213099
0.00298957
0.0563356
-0.0331542
0.0308997
-0.0257772
0.0115466
0.0275495
0.0629255
-0.0311864
0.0412442
0.0412091
0.00812504
0.0125968
-0.0176641
0.0483294
-0.0183957
0.0306372
-0.0223706
-0.0332587
0.0182751
-0.00331974
0.0461785
0.0169029
-0.0513424
-0.0152569
-0.0355125
0.0341704
0.00314442
0.0114149
-0.0282578
0.0165919
0.00548414
-0.0374487
0.0420796
-0.0123803
0.0168413
-0.0233213
-0.0407577
-0.00539654
0.0106055
0.0392744
-0.0493968
0.00514404
0.0154421
0.025394
0.0127463
0.0334134
0.000303054
0.0444146
-0.0417514
-0.0485282
0.0472737
0.0092931
0.0368335
0.0362476
-0.0343641
0.0434961
-0.0382504
-0.0177849
-0.0256571
0.0319097
0.0394289
-0.0112849
0.0158761
-0.0169962
-0.0260535
0.038822
-0.0179546
0.00507726
0.0332469
0.0149559
0.0339985
-0.0398893
-0.0377962
0.0439177
0.0275212
0.0448657
0.0224885
-0.0411213
-0.0526963
-0.0454999
0.0122806
-0.0306
0.0412065
-0.0132421
0.0244468
-0.0167752
0.0307592
0.0470692
0.0551299
0.0405504
-0.0412592
-0.013438
0.0362852
-0.0202881
-0.0259587
-0.0408557
0.0238336
0.0297968
0.0142862
-0.047428
0.0419863
0.0372058
-0.039296
0.0193005
-0.020462
-0.0205671
-0.00070625
-0.00323573
-0.00966361
-0.0279589
0.029121
-0.0375351
0.0749586
-0.0256547
-0.00848202
0.0161636
-0.053328
0.00588667
0.0181756
-0.0629034
-0.042542
0.0275521
-0.0104197
-0.000635894
-0.0428644
0.028581
-0.0128481
-0.0057021
0.0652197
0.0411866
0.0129192
-0.0547101
0.0549804
-0.0230988
-0.0626508
0.0323725
0.0053627
0.0579833
0.0540084
-0.0134896
-0.0428556
0.0615759
0.0293995
-0.0112728
-0.00145725
-0.0263758
0.0256137
-0.0174403
-0.0636436
0.0225465
0.0162545
0.0409108
-0.0284078
0.0334332
-0.0114704
0.0362036
0.02664
-0.0400718
0.00858705
-0.0041002
0.0156394
0.0533581
0.0622329
-0.0160594
-0.00799732
0.0457694
0.0456136
0.050886
0.0217869
-0.0242158
-0.00595295
-0.0426505
0.00760714
0.00204913
-0.0614461
0.0169111
-0.0314224
0.0129366
-0.0345124
-0.0105084
-0.00716586
-0.0443543
-0.0110682
-0.0396713
0.00184199
0.0386527
-0.0115904
-0.0259955
0.0369706
-0.0281876
-0.0199711
-0.00277959
-0.00391768
0.0713115
0.0335066
0.0444964
-0.0564815
-0.0583339
0.0307421
0.0255762
0.0247752
-0.0151785
-0.0274605
-0.0507661
-0.00802986
-0.0619763
-0.0181093
-0.0345371
-0.020803
-0.0340877
0.0306461
-0.039328
0.0241415
0.0475572
0.0723957
0.0225458
0.00727904
0.0351133
0.0432432
-0.0225181
-0.00283628
0.0289105
0.0296239
0.0292231
-0.0387865
-0.0249365
0.0143457
-0.000428935
-0.0350899
-0.039499
0.000749432
-0.0104479
-0.0177584
-0.0474259
-0.019431
-0.0171317
0.0243362
-0.0292736
0.0413316
0.0397332
-0.0280194
0.0405578
-0.0385157
0.0310461
-0.0208997
-0.0147426
0.0168761
0.0436535
0.0292827
-0.0297082
-0.0319274
0.0159483
0.0110939
0.00868534
0.0213465
0.0387445
-0.0246962
-0.0310743
0.0463132
0.0456021
0.0365909
-0.00743153
0.0112973
0.00964647
-0.0427234
-0.00261198
-0.0152522
0.0129278
0.000195077
0.0422024
-0.00384287
-0.0283459
-0.0306187
-0.0319325
-0.0368869
0.0183686
0.0134665
-0.0475694
0.0199174
0.0262267
0.044563
-0.0344327
-0.0231934
-0.00580258
-0.0270884
-0.0100961
0.00247614
-0.0450615
-0.0183072
-0.0445946
-0.0390248
-0.0486483
0.0561663
0.0327299
0.0391714
0.0454531
-0.0100082
-0.00547616
-0.0229379
0.00349506
0.0673828
-0.0513038
0.0409378
0.00363574
0.0229379
0.00480214
0.0239784
0.135314
0.00868579
0.0402278
0.0195052
0.00336805
-0.042873
0.019858
-0.0249327
0.0188682
-0.00838556
0.0282557
-0.0350725
-0.144796
-0.11059
-0.062622
0.0105044
0.125257
-0.0181407
-0.0107071
-0.0776923
0.0290384
0.0387118
-0.0451448
-0.0564276
-0.0319976
-0.0319063
-0.0639014
0.0177316
-0.022395
-0.075376
-0.0404678
0.00178883
-0.0425896
0.0109517
-0.0591151
0.163662
0.0877195
0.0496803
-0.0163524
-0.0614418
0.0379453
-0.0312164
0.0482574
0.036319
-0.0176103
0.0749682
0.00155956
0.0241141
-0.0183592
0.0827763
0.0388814
-0.0105275
0.0616624
0.0717788
0.119592
0.027012
0.038752
0.0395501
0.00265416
-0.0294068
0.0803667
0.00273386
-0.0227894
-0.0482176
-0.0222579
0.0374354
-0.0382292
-0.0329836
-0.0110242
0.00752673
0.015667
-0.0201202
-0.00494779
0.0191452
-0.0192932
-0.0118889
0.0551792
0.00227997
0.0350005
-0.0287868
-0.0278544
0.0627583
-0.00497573
-0.028815
-0.108154
-0.0126427
-0.00150396
-0.00567193
-0.0839994
0.0145668
0.0151415
-0.0368625
0.0162088
-0.0440901
0.0154329
0.0113121
-0.0172234
-0.0193824
0.013175
-0.0696396
-0.0297751
0.0389027
0.00334632
-0.000267181
-0.0243692
-0.0343085
0.00796724
-0.025532
0.0142186
-0.0244374
0.025242
-0.037493
0.0300713
-0.0476467
-0.0522028
0.0262814
-0.0303433
-0.0123881
0.0254511
-0.0323402
0.0381745
0.0265989
-0.0205486
0.00711952
-0.00661875
0.0292252
0.042737
0.0451837
0.0317874
-0.0307241
0.0629241
0.0396806
0.0855723
-0.022768
-0.0437935
0.038153
-0.030595
0.0474988
0.0140357
0.0325607
0.0478039
-0.0267704
0.0179567
0.0426118
0.0211482
0.0536647
-0.0125918
0.0263362
0.0464203
-0.0484911
-0.0387812
-0.00347584
0.0255117
0.042221
-0.0382581
0.00508337
0.00729807
0.0416969
-0.0410038
-0.0231275
0.0088112
0.0177376
0.0479554
-0.0155738
0.0327331
0.00538152
-0.0147498
-0.00819759
0.0470154
0.0298306
0.0236155
0.0470638
0.0047201
-0.00349193
-0.0240971
0.0480413
-0.00880103
0.00609354
-0.0458328
0.0144776
0.00851929
0.0166834
-0.0219259
0.0391904
-0.0272643
-0.0235954
-0.00535844
0.0446161
-0.0264261
0.0409933
-0.000653074
-0.0251026
0.00185695
-0.0273924
0.0106005
-0.0148903
-0.0159904
-0.00480008
-0.00420197
0.0250543
-0.0122347
-0.0297503
-0.021345
-0.0419129
-0.0410472
0.0245239
0.0115896
0.0583458
-0.000227188
0.00582995
-0.055574
0.0211651
-0.0149546
-0.00390178
-0.00493665
-0.0145164
-0.00305795
-0.0155441
0.0153614
-0.0331808
0.0221093
-0.018146
0.0474117
0.0467142
0.00621047
-0.00014059
0.0381879
-0.00871136
0.0486919
0.0360348
0.0896412
0.0158854
0.00964847
0.0501998
-0.0487506
-0.0204463
0.00972585
0.0363904
0.0485837
0.0479269
-0.00121608
0.025319
0.0532033
-0.00128992
-0.0242667
0.0115694
-0.0765922
0.0877797
0.0246227
0.035587
-0.0469452
0.0588132
-0.0417184
-0.0429129
-0.0713103
-0.0423221
-0.0311215
-0.000563814
0.0254639
0.0500489
0.0440265
-0.0344611
-0.00150099
-0.0170407
-0.0162166
-0.00636543
0.0120966
0.0430762
0.0051982
-0.0379803
0.0409811
0.00733665
-0.013839
0.00816985
0.00198509
0.0285717
0.0276526
-0.0822522
-0.0144779
0.0135729
-0.0464679
0.0402048
0.0100978
-0.0198859
0.0328823
0.0142687
0.079428
-0.0446134
0.0562507
0.0251993
-0.0404434
0.0243645
-0.0546368
0.0261608
0.00722132
-0.0526579
0.00168505
0.0178626
0.00593374
0.0259739
-0.0160841
-0.0241485
-0.0209718
0.0392167
-0.00211414
0.0471191
-0.0837718
0.00853344
0.0567482
0.00518985
-0.0198925
0.0180797
-0.0475216
-0.0278311
0.0343872
0.008529
-0.030821
0.0434247
0.0365453
-0.0307635
-0.032515
-0.0557514
0.0139544
-0.018993
-0.0391795
-0.0286562
-0.00178871
0.0424466
-0.027416
-0.00599241
0.0274329
0.0515832
0.0527468
0.00627666
-0.0426448
-0.0271089
0.0041583
0.0391008
-0.0114593
0.0228894
-0.0612625
-0.035918
0.00226658
-0.00064976
-0.0334541
0.00936776
-0.0276364
0.039635
0.0257087
0.00957383
0.00166497
-0.0249831
-0.000466483
0.0354288
-0.037075
-0.0166264
0.0309605
0.0371752
0.0355399
-0.0224085
0.0388833
0.0206702
-0.0227758
-0.0359171
-0.036447
-0.00975066
-0.00654012
0.00819535
-0.0119511
-0.0274881
0.0426437
0.0200084
0.00905736
0.0164945
-0.00782985
-0.0251827
0.0444293
0.00644931
-0.0373072
-0.0104199
-0.0454926
-0.0362706
0.0430068
-0.0033975
-0.0225486
0.00689349
-0.00170945
0.036829
-0.0298818
-0.0178148
-0.0113981
0.036418
-0.0494064
-0.00639658
0.0111823
-0.0259509
0.0279628
-0.00268988
0.00866066
0.0528706
-0.0111363
-0.0113734
0.0133805
-0.0161695
0.0454837
0.0140888
0.00483953
-0.0400929
-0.0495671
0.066131
0.00658551
-0.0305865
-0.0379743
0.000929174
-0.0306872
-0.0865235
-0.0632508
-0.0154601
0.0168101
0.0356133
-0.0471071
0.0484017
0.0396553
-0.0228583
0.0203394
-0.0095312
0.0362855
-0.267221
-0.109261
-0.0561486
-0.0267906
0.0187254
-0.0888988
-0.0521772
7.65631e-06
0.0384269
0.0180775
-0.0414836
-0.064039
0.00913224
-0.00638949
0.000306458
0.0136588
0.00362316
-0.0721706
0.00211174
0.0312653
0.014273
-0.00939413
-0.0430337
0.2129
0.129062
0.000935414
-0.0340681
-0.114912
0.0400996
-0.0417158
0.0659115
-0.0421811
-0.0265672
0.0580277
0.0324027
-0.0371614
-0.0451629
0.103263
0.0444744
0.0335276
0.03665
0.022997
-0.00719571
-0.0454373
0.0212948
-0.04692
0.0170623
0.00907118
-0.0192792
-0.0256955
0.000338347
0.0128904
0.0404217
-0.0270979
-0.0284175
-0.0176901
0.0190262
-0.0295686
0.0439395
0.0184757
0.0016045
-0.0293905
0.00786399
0.0153918
0.048328
-0.0276011
0.0438898
-0.0309317
0.0163506
-0.0077251
-0.00877265
-0.0448934
-0.0244259
0.0110355
-0.0148875
-0.0513507
0.0312
-0.0927816
-0.038565
0.0197239
-0.00586627
-0.0173137
-0.052248
-0.120141
-0.0148857
0.0245161
0.0198624
0.0335597
-0.0466078
0.0347996
0.0499653
-0.00288561
-0.0289464
-0.0190351
0.0322882
0.0215505
-0.0073482
0.00450366
0.0209804
0.032482
0.0424398
0.041476
0.0324622
-0.0107202
0.00242966
0.000128329
-0.00823712
0.0289758
0.0331065
-0.0529935
-0.00575767
-0.0173163
-0.00932264
0.0262486
-0.00558786
-0.00424219
-0.00160262
-0.0252097
-0.00902811
0.107138
-0.00252862
0.0351222
0.00124591
0.00189282
0.0341688
-0.0257678
-0.0202622
0.0433799
-0.0408848
-0.0462932
-0.0101419
0.00778424
0.0136134
0.0536306
-0.0161315
0.0489454
-0.036379
-0.0210287
-0.0326492
-0.00373803
-0.043725
0.031539
0.0368739
0.0400581
-0.0276911
0.00068368
0.00878692
-0.0252536
0.00722949
-0.00851854
-0.0110164
0.00197853
-0.0049424
0.0559591
0.025537
0.02603
-0.00518793
-0.0406637
0.0119794
-0.00847285
0.0432966
-0.0456778
-0.0243051
0.000962521
-0.0363487
-0.0350412
0.00268283
0.0446526
-0.0315922
-0.0206941
0.0299322
0.0414485
-0.0425786
-0.0409468
0.0157502
0.0336945
0.0134066
0.00214577
-0.0155158
-0.0209112
-0.0268356
0.00921704
0.0272407
-0.0437242
-0.0314584
-0.029497
0.00410659
0.022796
0.00178952
-0.0439875
0.0255228
-0.00362933
-0.0402985
-0.0479556
-0.0121291
-0.0247997
-0.040905
0.00862227
-0.0247175
-0.0245082
-0.0606393
-0.00483306
0.0608851
0.0353931
0.015632
-0.00974781
0.0038053
0.0379241
-0.0398657
0.00577964
-0.0285363
0.0801632
0.102761
1.32863e-05
0.0328531
-0.0343963
0.010882
-0.0432239
-0.0707558
0.0159083
-0.0123575
0.023502
0.0270759
0.0383525
-0.0644009
0.014715
0.0493369
-0.0648151
-0.0363365
0.018024
-0.0324523
0.0335383
0.0236706
-0.0310275
-0.0154583
-0.0372585
0.00637388
-0.0530559
0.0239688
0.00792275
-0.0207573
-0.0290668
0.0131236
-0.0811567
-0.0606488
-0.0358792
0.0274194
-0.036269
-0.0460114
-0.0304274
0.022171
0.00275288
0.0301839
-0.0108703
-0.0162548
-0.0221891
0.0214467
-0.121332
-0.0241312
0.036786
0.0508434
-0.0296029
-0.00314476
0.043103
-0.015427
0.0321819
0.0657831
0.0290571
0.0386347
0.00220477
-0.0162439
-0.0306142
-0.039062
0.0114238
0.00349677
0.0386336
0.00268782
-0.0177679
0.0547507
-0.00431757
0.0183969
-0.0608311
-0.0205297
0.0361982
-0.012795
0.0613831
-0.0133875
0.0447664
-0.0201727
-0.0137599
-0.0337513
0.022468
-0.00145839
0.0180382
-0.0562232
0.00569037
0.0178452
0.0191228
-0.0372157
-0.0562869
0.0152518
-0.0273145
-0.0118907
-0.021968
-0.0205271
-0.0083506
0.0606076
-0.0373344
-0.0067168
0.0116907
-0.00616687
0.046327
0.0325998
-0.0317835
-0.0243267
0.00380015
-0.0114896
-0.011745
0.0961935
0.0107472
0.0853336
-3.39122e-05
0.0342052
0.0459941
-0.00759583
-0.0459134
-0.0422691
-0.0240457
-0.0327187
0.00858499
-0.0487653
-0.0361022
-0.0287433
0.0396329
0.00114048
-0.0442492
-0.039737
-0.0413332
0.0161033
-0.00502105
-0.0415933
-0.00685103
-0.0228674
0.0112525
0.0363824
-0.0421433
0.0499208
0.0307277
-0.0183426
-0.0170303
0.0406985
0.0467637
0.00233395
-0.00479586
-0.0138509
0.0369391
-0.0300016
0.00363982
0.0408218
0.0194438
0.00582492
-0.00756204
-0.0488679
0.00771489
-0.0117026
0.0214124
-0.0415292
-0.0211874
0.043008
0.0292504
0.0369652
-0.0206094
0.035152
-0.0103741
-0.0114332
-0.0267936
-0.00227446
-0.00846918
-0.0234445
-0.0348585
0.0182881
0.0485684
-0.0186178
0.0226297
0.0217944
-0.0141144
-0.0321458
-0.0208515
0.0583286
-0.0140303
0.0281975
-0.0272107
-0.0358472
0.041085
-0.0311667
-0.00665535
-0.0397013
-0.00688507
-0.0695759
-0.0359653
-0.0234332
0.00946542
9.30349e-05
0.0865878
-0.00133025
-0.0285444
-0.0291843
-0.00950851
0.0111809
-0.0449855
0.0144901
0.0566911
-0.0309618
-0.022046
0.0220881
0.00191365
-0.0353167
0.0103084
0.0195077
-0.0282017
-0.0754934
0.0329808
-0.0385068
-0.00425154
0.060064
-0.0468884
-0.0322243
-0.0304698
-0.0128245
0.00448216
-0.0348084
0.0277825
-0.0594196
0.0400727
-0.00522955
-0.0292075
-0.0093042
-0.109555
0.0879177
-0.0533611
0.109615
0.024955
-0.0100731
0.0803641
0.0175826
0.0682353
0.0282783
-0.0479947
-0.0121146
0.0678647
0.0231147
0.00378717
0.00721413
-0.0192995
-0.0393431
0.0492214
0.00973596
-0.00487814
0.00918858
0.0733436
0.0123496
-0.00273726
0.00360397
-0.0262592
-0.0299044
-0.0483228
0.0359574
-0.0122903
0.0415707
-0.0330244
0.0375486
0.0277526
0.0159862
-0.0406479
-0.0104531
0.0544691
-0.0184713
0.0380391
-0.0321359
0.030368
0.0116295
-0.0260867
-0.0246417
0.0455015
0.0520078
-0.0150153
-0.0340693
-0.0226877
0.0361758
0.0444946
0.0160983
0.0175287
-0.0656259
0.0260989
0.0111413
-0.00292174
-0.00331469
-0.00688598
-0.0967377
-0.0319507
-0.0159345
0.0191892
-0.0275146
0.0122896
-0.00126432
-0.035052
0.0172656
0.039956
-0.0380044
-0.0374963
-0.0208371
-0.0371409
0.0102204
-0.0131642
0.0334548
-0.0282721
-0.00636587
-0.056568
0.0484191
-0.0308381
-0.0312275
-0.057157
0.0517293
0.0966915
-0.0362107
0.012989
-0.0100639
0.00762355
0.0011533
0.100326
0.0018979
-0.0218946
-0.0119225
0.00199982
0.00695117
0.00865261
-0.0224912
-0.00532764
-0.0363105
0.0423179
0.0328916
0.0137006
-0.0311699
0.063647
-0.0271081
0.010795
0.0189821
-0.0366125
-0.0271949
0.00942171
0.0132348
0.0340122
-0.0137383
0.043546
0.0261125
-0.0154456
0.0405366
-0.0174403
-0.0243079
0.0516729
0.011105
-0.0223727
0.0407359
-0.0149479
0.0311932
-0.0088305
0.0368711
0.0402441
-0.0402966
0.0281053
-0.0248968
-0.0172146
0.0478746
-0.0125421
-0.0437603
-0.0275332
-0.0278013
0.018985
-0.0304602
-0.010802
0.047687
0.0214642
-0.0343947
-0.0443127
-0.0387125
0.0199369
-0.0454265
0.0175514
-0.0379494
-0.0201388
-0.0507475
0.011748
0.049024
-0.0291614
0.0363236
-0.0174468
0.00601584
-0.019818
-0.0262684
-0.0664271
0.0190673
0.0499788
-0.0368464
0.0192138
0.0186332
0.0101787
0.020803
0.00910294
-0.0286159
-0.00542256
-0.0326912
0.0319619
-0.0258005
-0.00255104
0.0322449
-0.0358853
0.012955
0.0260929
0.00552712
0.0413991
-0.0538515
0.0295139
-0.0113515
-0.0650616
0.001312
-0.0120759
-0.000533869
-0.0499811
0.0438392
-0.0709026
0.0223926
0.00756071
-0.00344224
-0.00114663
0.0516279
0.0461286
-0.0220893
-0.017769
-0.00278752
0.0184357
-0.0117972
-0.0365723
0.0427085
0.00843291
0.0223218
-0.0250399
0.0252658
0.0125043
-0.00411002
-0.0348236
0.0195461
-0.0127772
0.00545727
-0.0301716
0.026993
0.00768233
-0.0213123
-0.0379726
0.0216852
0.0289449
-0.0327533
0.0359316
-0.0359544
0.0634639
-0.0402189
-0.00502763
0.0272008
0.0428775
0.0433803
0.0486641
-0.0333869
-0.0180811
-0.0267309
-0.0236025
-0.0585175
0.0290781
-0.0299303
-0.00224605
0.00796636
0.0281468
0.0118671
0.00483396
0.00175701
-0.0295842
0.0291472
-0.0221153
-0.0241139
-0.0444692
0.0510025
0.0632875
0.0135053
0.0416894
-0.0463727
-0.0271708
0.024852
-0.0253218
0.0179091
-0.0481248
-0.00815894
-0.0296461
-0.000305391
-0.017582
0.00887856
-0.00216909
-0.0835613
-0.0320942
-0.0237258
-0.0112765
-0.0250435
-0.104536
-0.0159669
-0.0189003
-0.0337387
0.0376486
0.034139
-0.0829302
-0.0308463
-0.0361337
-0.036158
0.00340817
-0.0482704
0.00270515
-0.0380762
-0.0317316
-0.0348016
0.0100373
0.0469942
0.000215089
-0.0211052
-0.0328599
0.0463653
-0.0613893
0.0365968
-0.0304467
-0.0425083
0.0805796
0.0147126
0.0425681
-0.00761789
-0.0294426
0.0459947
0.0464404
-0.0344934
-0.00558356
0.0375851
0.0220966
-0.0397679
-0.0278474
0.0247993
-0.0417157
-0.0177982
-0.00206657
-0.04221
0.0265889
-0.00900154
0.0113238
0.0358258
0.0358474
0.0293667
0.0246976
0.0162761
-0.0291676
-0.0210604
-0.0047774
-0.0280303
0.0310065
-0.0318421
-0.0196406
0.00982063
0.0408945
0.0293149
-0.0285613
0.0320806
0.0265283
0.0524958
-0.00702859
-0.029489
0.00624919
-0.00223523
-0.0459989
0.0312847
-0.0433655
-0.0100347
-0.0198355
0.0228943
-0.0328693
-0.0478597
-0.0460986
-0.0278071
0.0355074
-0.0285023
0.0127896
-0.0136887
0.0441906
0.028471
0.0466399
-0.0457145
-0.00543427
0.00367756
0.0424074
-0.0397523
0.0344161
-0.0509292
-0.0247414
-0.0586487
0.0307959
-0.0151904
0.0253125
-0.0455983
0.00591418
0.0388213
-0.0618342
0.0253684
-0.000703586
-0.00586863
0.00646492
-0.0420328
0.00326191
0.0507384
0.181464
0.0332687
-0.000297632
0.055696
-0.188785
0.00219255
0.0617137
-0.0674744
-0.00241841
0.000561369
-0.0282826
-0.186211
-0.135806
-0.220908
0.0213559
0.157408
-0.128302
-0.0927018
-0.113259
-0.00448449
-0.0698831
-0.215434
-0.277681
-0.204001
-0.158025
-0.0701466
0.0230117
0.0779463
-0.0671429
-0.00829268
0.0762985
-0.0283873
-0.068418
-0.166936
0.236117
0.158069
0.185361
-0.0155111
-0.175621
0.109959
-0.169015
0.1891
0.131736
0.0445093
0.269494
0.277052
0.236989
0.0990577
0.0680626
0.024171
-0.037349
0.167082
-3.41253e-05
-0.162424
-0.0307995
0.0487339
-0.00792183
0.0532115
0.217915
0.0457607
0.0557365
-0.0171965
-0.0711069
0.0662607
-0.101503
0.0458154
0.0122773
0.0219523
-0.0884812
0.0935334
-0.0329193
-0.0832198
-0.016696
-0.0224111
0.00651491
0.0642144
-0.0676206
-0.01792
-0.035371
-0.0750169
0.0401472
-0.0533282
-0.261654
-0.0607012
-0.0260295
0.0149166
-0.046453
-0.147153
-0.204744
-0.175288
0.0348708
0.0380374
-0.0169638
-0.072982
-0.0590513
0.021375
-0.0464883
0.0452281
0.0460538
-0.151346
0.0550923
0.117627
-0.116248
-0.00924477
-0.0291531
0.0126745
0.0326064
-0.0154027
0.0127392
-0.0326927
-0.00212148
0.0297029
-0.00887732
-0.0736141
0.0511696
-0.037857
-0.0440534
-0.0408509
-0.0667113
0.261453
-0.0968571
0.0252847
0.00691903
0.0559567
0.0260259
0.178793
-0.0182251
0.0242872
0.0264175
-0.191845
0.103952
-0.0846681
-0.0818574
0.0201996
0.0570083
0.098998
-0.000791375
-0.0255606
0.0526296
-0.0357365
0.0367366
-0.0193725
0.0456482
0.0448527
0.0646692
0.0113505
0.0103723
0.120279
0.0104739
0.0541452
-0.0221296
-0.044362
-0.0206968
-0.0110057
-0.0535413
-0.0308816
-0.0126412
-0.0082957
0.0289742
0.0185821
0.0180168
0.0471942
-0.00373711
0.143651
-0.0173894
0.00073565
-0.056863
0.0105459
0.00960657
0.0096893
-0.0189333
-0.0138886
-0.0351058
-0.00450984
0.0163657
-0.00439766
0.0336316
-0.0474115
0.0257934
-0.0235253
-0.0723096
-0.0476841
-0.000639244
0.0357273
0.0269764
0.0550128
0.0409236
0.0231048
-0.0221595
-0.0205991
-0.0275491
-0.00326846
-0.0440788
0.00614518
-0.0523509
-0.025669
0.0448821
0.0488039
-0.0189806
0.00282364
0.0302231
-0.0212004
0.0409345
0.0308405
-0.0454507
0.0472527
0.0670451
-0.039931
0.0353852
-0.00281431
0.0327468
-0.00198429
-0.0344507
0.0544597
-0.0108735
0.0388586
-0.0304254
0.0104179
-0.062446
0.0271526
0.0184344
0.0469873
0.0576556
0.121089
-0.00469091
0.0313802
0.0514744
-0.0212156
0.0676616
0.0360273
0.0163458
0.00666414
0.0162476
-0.0304759
0.0468093
-0.103449
0.0780299
0.0841533
0.0675106
0.0286922
0.0858431
0.0672013
0.0651768
-0.0190734
-0.164746
-0.0612051
-0.0202842
0.00557863
-0.0302812
-0.0178681
0.0742896
-0.0352595
0.029012
-0.111107
-0.0592357
-0.038977
0.0130889
-0.0860843
-0.0414559
-0.0840263
-0.0205412
0.0641396
-0.0486486
0.0138837
0.054695
-0.0620607
0.0448279
-0.0363393
-0.157377
0.00424077
0.0904562
-0.0214881
0.00638582
0.0231375
-0.0444958
0.0730783
-0.148887
0.156343
-0.0104275
-0.00914694
-0.124609
-0.138534
-0.0192721
-0.00194192
0.214119
0.153842
0.102419
0.00474615
0.0401286
0.0340184
0.00696573
0.0908396
-0.17576
-0.058516
-0.0105814
0.0133139
-0.0240806
-0.0170123
0.0905721
0.0154364
0.0724809
0.120745
0.00878069
-0.0446403
0.0916597
0.208867
0.106682
0.17597
-0.182064
0.0621475
0.0243896
-0.168263
-0.00807922
0.0144076
-0.032431
-0.238451
-0.0919923
-0.201391
-0.00225873
0.0936419
-0.00540262
-0.0334044
-0.0558965
0.0327375
0.0213007
0.0756279
-0.0364734
0.0771296
-0.00527894
-0.019241
0.0343186
-0.0300664
-0.059316
0.0496905
0.15672
0.113531
-0.037724
-0.0385153
-0.0514853
-0.103466
-0.0480354
0.0367727
-0.0431894
-0.0318244
-0.0364747
-0.0251011
-0.042599
0.00401407
0.0169076
-0.058795
0.0207282
-0.00887251
-0.0169079
-0.0179336
0.0420623
-0.0531888
0.00679013
0.0241638
-0.0458762
-0.045407
0.0479084
-0.019146
0.0306399
0.00696697
-0.0108252
0.0387067
-0.0290844
0.0355801
-0.0152819
-0.00921725
0.0793885
0.0159208
0.0336637
0.0471675
-0.0266165
-0.0332238
-0.0244422
-0.0102966
0.0224564
-0.00608424
0.0570423
-0.00228391
0.0491965
-0.00590757
0.0458003
0.0237125
-0.00421029
-0.0328891
-0.0242398
0.0016123
0.0347311
-0.00255096
0.00271922
0.0334161
-0.0310334
-0.0378208
-0.00156919
-0.00409488
-0.0154885
-0.040957
0.0165113
0.0759788
-0.0335533
-0.0354978
0.0101933
-0.0130935
0.047327
-0.169897
0.0159961
-0.0734039
-0.035738
-0.000816639
0.0202344
0.049035
0.057296
-0.0535161
-0.0251598
0.0540423
-0.0103135
-0.0360486
0.0418583
-0.0158842
-0.038748
-0.00754651
0.00150128
0.0129904
-0.0567467
-0.0343245
-0.03853
0.00796051
0.0668231
-0.0451025
-0.00898443
-0.058946
-0.0365762
-0.0118643
0.00495463
-0.0246869
0.0267805
-0.0114536
-0.0756477
0.000814868
0.0554653
0.00453656
0.0260039
0.0424858
-0.0283725
-0.0227727
-0.0716014
0.1205
0.0443382
0.121074
-0.030965
0.00947902
0.0116071
0.00446433
0.0281922
0.0326979
-0.00550745
0.0267338
0.0298724
0.000435074
-0.0375989
0.0146421
0.0352001
0.0380279
0.0632203
5.21231e-06
0.0617653
-0.0300978
0.039166
-0.0485332
0.0431214
0.0330435
0.0220965
-0.0300342
-0.0248447
-0.0499037
-0.0225651
-0.0398909
0.0475824
-0.00830584
-0.0227203
-0.00808229
0.00795842
-0.043116
0.00748148
-0.028387
0.0138711
-0.0141109
-0.0312763
0.00837507
-0.0122317
-0.0446305
0.0105776
0.0473174
0.0192158
-0.0114368
0.0164285
0.0193936
0.0379181
0.00662775
-0.0446326
-0.0151071
-0.0297353
-0.034932
-0.044962
0.0441074
-0.01173
-0.0549252
0.0152293
-0.0435588
0.0466599
0.00565857
-0.0492887
-0.0177
0.0409283
-0.0485485
0.00438905
0.0211227
-0.0298209
-0.0474341
0.0211379
-0.0514727
0.00712374
-0.00672951
-0.034384
-0.0435397
-0.0631368
-0.0157077
0.0203392
-0.00878952
-0.0359187
-0.0200419
0.0205857
0.0213962
0.00529659
0.046447
0.00708755
0.0290827
0.070007
-0.0396562
-0.0253355
0.0122628
0.038607
0.00921915
0.00791903
0.000761237
0.0236664
0.0433672
0.0444225
-0.0152012
0.0481874
-0.0383997
0.0297062
0.0329224
-0.0379239
0.00512639
-0.0174597
-0.0382869
-0.0438321
0.0101893
0.0313414
-0.037299
-0.0305567
0.0157765
0.00435213
0.0331683
-0.0419826
-0.0470001
0.0153749
-0.0134873
-0.0375546
-7.92071e-05
-0.0303863
0.00620017
-0.0374859
0.0381952
-0.0290551
-0.043667
-0.0388613
0.0241707
-0.0392467
-0.0266496
0.0436294
-0.0348135
0.00553568
-0.00144195
0.0362884
-0.0427065
0.0368122
-0.0433057
-0.00150855
0.0320266
-0.0152637
0.0165816
0.0171111
0.0244336
0.0472876
-0.00281881
0.0419484
0.0229819
0.0141482
-0.00526481
0.0204891
0.0394589
0.0190816
-0.0443875
0.0480784
-0.0357395
-0.00677357
0.0215783
-0.00925515
-0.0224061
-0.00342
0.0452346
-0.0358768
0.00799196
0.0257168
0.0237
-0.00398767
-0.0116331
0.0404229
0.029007
0.00242646
0.00602384
-0.0469322
-0.0453801
0.0401481
0.0239292
-0.0114659
0.00929577
-0.0160842
0.0148158
-0.0484041
-0.02598
-0.0157814
0.0432887
-0.0334191
0.015974
0.00635929
0.0472559
0.020524
0.0283838
-0.00720275
-0.0025477
-0.0118672
0.00590392
-0.0476508
-0.0426662
-0.0287212
0.00641989
0.0298752
-0.00117847
-0.0169963
0.0165885
-0.00682645
-0.0271673
-0.0224075
0.0357529
-0.0470569
0.0421808
-0.0243994
0.0232977
-0.0220673
0.0208777
-0.0135097
-0.0244319
-0.0185533
0.00562565
0.0340051
-0.048193
0.0122806
0.0346088
0.0280171
0.0136433
0.0288374
0.0182367
-0.0401206
0.0433179
-0.00441702
-0.0137277
-0.0257468
0.00731174
-0.0624459
-0.0522906
-0.0164956
-0.0313533
-0.0334267
-0.00165705
0.046175
0.0243544
-0.0111037
-0.0221242
0.0354545
0.0363773
-0.00197928
0.00672704
0.0407395
0.0238741
0.00255919
0.0280493
0.00814398
0.00421038
-0.020762
-0.025414
0.0370845
-0.0109522
-0.0399295
0.0341841
0.0345904
0.0331509
-0.0506608
-0.0197123
0.0476135
0.00422444
0.0420741
-0.0359102
-0.0191942
-0.0348518
-0.0720331
-0.0102286
0.010704
-0.0157981
-0.0447086
-0.0206504
-0.0518712
-0.0320555
0.000701813
-0.013878
-0.0393051
0.0277838
0.0272143
-0.0282986
0.00339786
0.0175301
-0.0383568
-0.034888
-0.0235622
0.0290033
-0.00868051
0.0119692
0.00182365
0.0222203
0.0129336
-0.0190496
0.0108469
-0.0226174
0.0224869
0.00299679
0.00204998
0.0113807
-0.0464962
0.000902672
-0.0423043
-0.0302359
-0.0438591
-0.0104602
-0.0137761
0.0448866
-0.032843
-0.0354652
-0.0114571
0.0241259
0.0332289
-0.00283083
0.00133666
0.00789951
0.0310274
0.0317524
-0.0242989
-0.0220616
-0.0170372
-0.0290054
0.00644228
-0.0334903
0.0336087
-0.000773462
-0.0350042
0.00380492
4.60312e-05
-0.0348165
0.0401429
-0.0250532
-0.0427194
0.026918
0.0162819
-0.0272196
-0.00776478
-0.0303313
-0.0404501
0.0102043
-0.0122076
0.0401444
-0.0284692
-0.008303
0.00680381
-0.0293577
0.0302877
0.0146002
0.039028
0.022843
-0.0473731
-0.0143727
0.0105883
-0.00611854
-0.00880189
0.023234
0.0110448
0.0236771
0.0152996
-0.0159035
-0.025782
0.010535
-0.00124714
0.0237643
-0.0187647
-0.0392785
-0.0404486
-0.0259355
0.034711
-0.0234959
-0.0679809
0.00382542
-0.0354802
0.00237874
0.00424547
-0.0134039
0.0373262
-0.117517
0.0259167
-0.0308282
-0.0292645
-0.0104619
0.0156732
-0.0238987
-0.0434182
-0.00536515
-0.00386982
0.0195955
0.0026298
0.215045
0.190775
0.0765923
0.038402
-0.118592
0.00335135
-0.00689997
0.0731403
-0.0413473
-0.0080029
0.098278
0.0954209
-0.00595919
0.0603877
0.0351164
0.0256188
-0.00626198
0.0602497
0.0845695
-0.0202363
0.0539197
-0.00907248
0.0618492
-0.298205
-0.117849
-0.180729
0.0805814
0.057421
-0.0433375
0.0450354
-0.0204364
-0.0410771
0.00689023
-0.0924121
4.45683e-05
0.00413627
-0.0385755
-0.0909612
-0.0524305
0.0347744
-0.170381
-0.0687906
-0.0445214
0.00926187
0.0569705
-0.0249978
-0.0505415
-0.00152889
-0.101333
0.0634916
-0.0180652
0.0461301
-0.0755202
0.0416638
-0.0264975
0.015323
0.018653
0.0774821
-0.0108345
-0.0740322
-0.0565822
0.00269981
-0.0619975
0.0729843
-0.0535494
0.0155313
0.00197182
-0.00329266
0.0580757
0.0117967
-0.0408587
0.0745332
0.084214
0.0213196
0.0138394
0.0428804
0.0828632
-0.0211303
0.0026131
-0.027302
-0.0383252
0.012288
0.0511718
0.0114507
0.0407735
-0.0409035
-0.035634
0.0975423
0.113022
0.010513
0.0598978
0.0221624
0.00214071
0.032334
-0.0302777
0.0261828
0.0367409
0.0302438
2.59717e-05
0.0340089
-0.0392303
-0.0258301
0.0291971
0.0631121
-0.0389079
-1.68318e-05
-0.0567366
-0.0397838
-0.0690626
0.0250785
0.0176828
-0.018694
-0.0167557
0.0213336
-0.0150291
-0.0266059
-0.0396276
-0.0318815
0.0115272
-0.0524435
-0.0675423
0.0288294
0.0466945
-0.0408076
-0.0688563
0.00477651
0.00149835
-0.0137557
-0.0287233
0.0232226
-0.00861738
0.0347901
-0.0240375
-0.022053
-0.0453231
-0.00878009
-0.0125662
-0.0143789
0.031913
-0.0383871
-0.0310155
0.0102617
0.0450299
0.0135966
0.00636475
-0.0355366
-0.0371754
0.022489
0.0242208
0.00715348
-0.039648
0.0206155
0.0214469
-0.0119796
0.0226926
0.0206361
-0.0210412
0.00464113
-0.0155321
-0.00852587
-0.0470083
-0.0211818
0.0436838
0.0348466
0.00756067
-0.0209839
-0.0227955
-0.0207867
0.0063961
0.0308864
0.022457
-0.00545353
0.0277479
0.0118984
0.00942988
-0.0506998
0.0335674
-0.0388273
0.0153694
0.0201809
-0.0212786
0.0372209
-0.00848433
0.00742623
0.0253798
0.0185392
-0.0447478
0.0357102
-0.0271648
-0.0183759
-0.0376448
-0.0348498
-0.0233277
0.0487755
0.041475
-0.0584869
0.0288928
-0.0122928
0.0461405
0.0255108
0.0518327
0.017353
-0.0241254
-0.0216593
-0.0213604
0.0285258
0.0136662
0.0480604
0.0711936
-0.0315398
0.0330445
-0.0401458
-0.117196
-0.00962453
-0.0156586
0.00971429
-0.0424743
-0.0507362
-0.00931971
0.0346527
-0.000874418
0.022627
-0.0310974
0.0142024
0.0443233
0.0151966
-0.086541
-0.0175827
0.032745
0.029765
-0.0161047
-0.0526656
0.0102551
-0.044272
0.0117734
-0.106874
-0.0249423
-0.000542172
-0.0180574
-0.0533308
0.0253591
-0.0449072
0.0536047
0.121321
-6.00585e-05
0.0268691
0.0309483
-0.0218785
0.0396668
0.0164053
0.0666614
0.0421512
-0.0224756
0.0166743
-0.0380402
0.0212113
0.0541808
0.0614095
0.0268713
-0.0406736
0.0165378
0.0343849
0.0299897
0.0524901
-0.032973
0.0821121
0.0567034
-0.0600658
-0.00351965
0.0542731
-0.0244207
0.0241363
0.0141251
0.0337263
-0.0646238
-0.0319774
0.0139158
-0.0348632
-0.0497775
0.0450584
0.0526613
0.0174579
0.033223
0.0559642
-0.00498155
0.00917643
0.0074838
0.0730296
-0.00618616
0.030526
0.0541382
0.0293978
0.0324793
-0.0275208
0.152365
0.0432257
-0.0164624
0.0373146
-0.0051745
-0.0121006
0.00608695
-0.0405473
-0.0109659
-0.0419651
-0.000406691
0.020746
0.0112706
0.0101135
0.0550904
0.08133
0.00670045
0.0144267
0.0238691
-0.0508196
0.0192928
-0.0235894
-0.0286002
0.0212096
-0.0152648
-0.0975447
0.0288248
0.0282219
-0.030854
0.0202513
-0.0287421
0.0139954
0.0210195
0.0106463
0.0714689
-0.0207396
0.0209494
-0.0133497
0.00956769
0.028041
0.0358449
-0.0150714
0.0241655
-0.023184
0.0206881
-0.0285324
-0.0308296
-0.00695771
0.0388118
0.0311554
-0.00949791
-0.0105035
-0.0198193
-0.0196313
-0.0499787
-0.0431163
0.00491204
-0.0417713
0.0120367
-0.0430474
0.0435779
0.0242571
0.0285501
0.0482742
0.0156299
-0.0665338
-0.00395868
-0.0431625
0.00103598
0.00360492
0.0259125
-0.0151264
0.043194
-0.0119581
-0.00698101
-0.0457847
0.0210991
0.0136399
0.0380904
0.0075921
-0.019024
-0.018632
0.00843787
0.047524
-0.0284327
0.0352951
-0.0472257
0.00577873
0.0457577
-0.0389567
0.0405675
0.00624949
-0.0460673
-0.0476526
-0.0148625
0.0344757
-0.0110461
0.0145691
-0.013209
-0.0026748
0.00755631
0.0122699
0.0760918
-0.0684174
-0.00287226
0.0192501
0.0149409
0.0258672
0.0447663
0.0177307
-0.0188858
0.00838677
-0.00926078
0.0206589
0.0133984
-0.00536571
-0.0190797
-0.0108371
-0.0249851
0.00217704
0.0365336
-0.0733805
-0.089207
-0.0588217
0.00111859
0.0490611
-0.0504457
-0.0124734
0.0247908
-0.0174572
0.0196592
0.00148989
-0.0315737
-0.057626
-0.059973
-0.0522129
0.0407501
-0.0389652
-0.0704986
-0.00993152
0.0389838
0.00384292
-0.021825
-0.0727569
0.080723
0.0830414
-0.0250164
-0.00653716
-0.017304
0.0387547
-0.028074
0.0352165
0.0287311
-0.0539622
-0.027114
0.0519825
-0.0166728
-0.00215342
0.0360894
-0.0258847
0.00739291
-0.0146042
0.0135105
-0.00102064
0.0412068
-0.00708052
0.0385371
0.0137501
0.0489105
-0.0280627
-0.00790407
-0.029386
0.0399581
0.0298652
0.0471897
0.0313852
-0.0241875
0.0396894
-0.0325097
0.0327492
-0.0191626
0.0163993
-0.000922265
0.0457294
0.00961354
0.0418053
-0.0278968
-0.0180321
-0.0181445
0.0236988
0.0253645
-0.0350922
-0.00954946
-0.0351925
0.019139
0.00395973
-0.0160035
0.0372472
0.0216601
-0.0153249
0.0152459
-0.0208047
0.0161575
0.00452117
-0.0170348
0.0156439
-0.044329
0.0103019
-0.016605
-0.0484008
-0.00414188
0.00317414
-0.0199029
-0.0219197
-0.0289051
0.0474592
0.0476738
0.0196833
-0.0345944
0.0301832
0.0270611
-0.0210083
-0.0441504
0.033007
-0.0457411
0.00196052
0.0313438
-0.00513362
0.0133849
0.0148477
-0.0531267
-0.00791948
0.0112871
-0.00903953
0.0368369
-0.053704
-0.0220162
0.0359551
0.0284708
-0.0387309
0.0625841
-0.0256608
0.0651041
0.043705
0.00147682
0.01845
0.0348441
-0.00505422
-0.000895165
-0.0349749
-0.0157676
-0.0475543
-0.0123056
0.015688
0.016597
-0.0453333
0.0011248
-0.042655
0.0258441
0.0406088
-0.0248436
-0.0439757
-0.0213713
-0.0166884
-0.0069015
0.0145562
0.0116498
0.0342641
-0.0181883
0.0205088
0.0161726
0.00388789
0.00266036
0.0220781
0.028639
-0.00163452
-0.0320711
-0.0175223
-0.00693076
-0.0115093
-0.0307835
-0.0328437
0.0403944
-0.00285205
-0.0388618
-0.0125298
-0.0391336
-0.0470716
-0.0237554
0.0303024
0.0453832
-0.0105461
0.0197118
-0.0378291
0.0449756
0.0236009
0.0461586
0.0266417
0.016904
0.0459753
0.0324248
0.0402262
0.0232281
0.0249352
0.00993538
-0.0453159
-0.000170078
0.0423668
-0.0277758
0.000909148
0.0342718
-0.0193725
0.0149233
0.0165513
-0.0110819
0.0446413
0.0308989
0.0435197
0.0257643
-0.0464454
0.0194153
0.0073717
0.0182481
0.0565647
-0.0220617
-0.0304699
0.0267424
0.0217297
-0.0397212
0.0368343
0.029576
0.0210695
-0.0231165
0.0787432
0.0317664
-0.0129355
0.0268039
0.00639427
-0.0203357
-0.0182079
0.0022446
-0.00692547
0.0440105
0.037702
0.0132473
-0.00423627
0.0445932
0.0659495
0.0414347
-0.0450682
-0.000502027
-0.00266968
0.041785
-0.0512785
-0.0248432
0.00963755
0.0318509
0.0217108
-0.0422615
-0.0445268
-0.00173306
0.0101277
0.0311271
0.00918597
-0.0323519
0.0184797
-0.0192729
0.0029815
-0.0103708
-0.0241752
-0.045817
0.0378145
-0.0478973
-0.00628702
0.00892637
0.0413539
-0.0340795
0.0435355
-0.00552329
0.0111565
0.0210207
-0.00612465
0.0219674
-0.0111073
-0.0207864
-0.056254
0.010867
0.00551668
-0.0166272
-0.00894432
0.0174586
-0.0289274
-0.0119092
0.0460869
0.0226235
-0.0128626
-0.0714749
0.0248574
0.0494838
0.0554518
-0.0111652
-0.0533506
-0.00373772
0.0120424
-0.0172567
-0.0113901
0.0367697
-0.0231189
0.00439244
-0.00953533
-0.0214519
0.0106579
0.0198322
-0.0190765
0.0504166
0.00420247
0.049154
0.0228474
-0.0174231
-0.0442589
0.0175687
0.00331451
0.0432487
-0.0191272
0.0226404
-0.00244503
0.00429703
0.0374816
-0.0406338
-0.016083
0.0123251
-0.0421997
0.0684593
0.0432103
0.0416345
0.00634589
0.0550655
0.0295489
-0.0117014
-0.0116609
0.0288688
0.00803771
0.0396545
-0.00227742
0.0175407
0.0196119
-0.0445307
0.0438174
0.0208131
0.000416272
0.0146144
-0.0128264
0.0108463
0.0302397
-0.0240119
0.0325111
0.00924528
-0.0488306
-0.0346647
0.0207188
-0.0422269
0.0285079
-0.0495116
0.00994609
-0.029433
0.0415294
0.00878992
0.0133961
-0.0252607
0.0492683
0.0019272
0.02964
0.0448765
0.0380102
-0.0201308
0.0463199
-0.0411546
-0.0137421
0.0440276
0.0341539
0.00243618
0.0321812
0.0132923
-0.0275626
0.0273378
0.0393039
0.0367104
-0.0477635
0.0343135
0.00795198
-0.0277169
-0.0399909
0.0239593
-0.0241426
-0.0229985
0.0375621
0.0100055
-0.0222011
-0.00353254
-0.0310552
0.0140785
-0.0330335
0.0333369
-0.0462998
-0.0136201
-0.0149511
-0.0078093
-0.0256708
0.0167802
-0.0141662
0.0364079
0.0116688
-0.0521732
0.0184961
0.0443413
-0.00384206
0.0119788
0.034169
0.0309196
0.0137706
0.0253241
-0.0428875
0.00876749
-0.0289963
-0.0870232
-0.0567598
0.00796837
0.0202364
-0.042394
-0.0423425
-0.00657571
-0.0352279
-0.042577
0.034837
-0.0368542
0.0112396
-0.0345198
-0.0349728
-0.0354195
0.0156131
-0.00958289
-0.00832305
0.0174207
0.0428393
0.0127399
0.00562786
0.029007
0.00735829
0.0246466
-0.0184001
0.0280248
-0.0323687
-0.0447456
0.0195056
-0.0154941
0.0387786
0.0028082
0.0588738
0.0141057
0.0123672
0.0125847
-0.0574424
0.0170011
-0.045391
-0.0438845
-0.0159911
0.0589477
-0.0410532
0.0194026
0.066221
0.0377555
-0.00441023
0.0037019
0.0311655
-0.0364974
-0.0454414
-0.02113
-0.0173732
-0.0644753
0.0115356
0.00345727
0.0472178
-0.0424208
-0.000568234
0.0361063
-0.0217517
0.0132665
-0.00875392
0.00437722
0.0256151
-0.0108989
0.00496101
-0.0484763
0.0326074
0.0180574
-0.000433747
-0.019827
-0.0350697
-0.0427709
0.037461
-0.0399877
0.00457003
0.033556
0.00592564
-0.00369142
-0.00860809
0.0262221
-0.0124179
0.0363682
-0.017165
0.0253814
0.00450195
-0.0245132
-0.0434745
-0.0417967
-0.0254615
0.0391889
0.0309393
0.00623361
-0.0309029
-0.0406469
-0.0217527
0.0404426
0.0252615
0.0136398
0.0232261
-0.012231
-0.0317092
-0.0363572
-0.0125639
0.023371
-0.000293474
0.050636
0.0104787
-0.00160012
0.00828779
-0.0471052
-0.0355927
0.0277236
0.0477869
0.0471099
-0.00222438
-0.0427668
0.00121198
-0.0277024
-0.0318797
-0.0559114
0.0294341
0.000983891
0.011604
0.0110075
0.0400353
0.0460353
-0.0128802
-0.0137006
0.0390763
-0.0205795
0.0584476
-0.0319957
0.0234997
0.0168859
-0.042646
-0.00962913
0.0152182
-0.0337447
0.0253297
0.00931936
-0.0184096
-0.00727703
0.050053
-0.00395962
0.00402655
-0.0315382
0.0319131
-0.0443476
-0.00917516
0.00392862
-0.0348521
-0.0401594
-0.0251242
0.0482259
0.037459
-0.0164297
-0.00810024
0.0119534
-0.00133805
0.0328771
0.00267953
-0.0225654
-0.028195
0.0239297
0.0305604
0.0435881
-0.00124395
-0.0387723
-0.0242717
0.0191091
0.044271
-0.00157418
0.0389249
-0.0497534
-0.034627
-0.0199056
-0.0017947
0.000165263
0.0502328
-0.0319554
0.0382751
-0.0198072
-0.042389
0.0206933
0.0431473
-0.0204029
-0.0152038
-0.0139349
-0.0196494
0.0290941
0.0489854
-0.0452831
0.0455096
-0.00779598
-0.0211456
-0.00667966
-0.0487677
-0.0290038
0.0385572
-0.0135212
0.044429
0.0315748
-0.0280704
-0.029961
0.0283064
0.00665526
0.00725228
-0.0170921
0.0149349
0.0227689
-0.0184812
-0.0155407
-0.0263654
-0.0269908
-0.015481
0.00102179
-0.00891795
0.00591804
0.0460076
-0.0141748
-0.0127147
-0.00578005
-0.0162159
0.0428758
0.0227901
-0.0453468
0.000368276
0.00965291
0.0079993
0.0405267
-0.0165246
-0.0154343
-0.0504223
0.0371417
-0.0125245
-0.0227987
-0.0293086
-0.00227918
-0.0115456
-0.0382186
-0.0484775
0.0450413
-0.0630917
-0.0207279
0.0173365
-0.0396226
-0.0373665
0.0170894
0.0287058
-0.0299524
0.0142343
-0.0433034
0.0125974
-0.05139
-0.0169827
-0.0063244
0.00614132
-0.0311097
-0.0487427
0.0315224
0.00867743
-0.0485634
-0.00572204
0.00680685
0.0249713
0.0223725
-0.0151745
-0.000417762
0.0474883
0.0239715
0.00433713
0.00445321
-0.00961297
-0.0390551
0.0352228
0.0574825
-0.0238178
-0.0147652
0.0394543
0.0201774
0.0445881
0.0425469
0.0202007
-0.0174187
-0.0320161
-0.00118944
-0.0286342
0.0505254
-0.0140838
0.0764997
0.0402828
0.00899698
-0.0108706
0.00141876
0.0261837
-0.00771407
0.0586532
0.0215888
0.00466591
-0.0108661
0.0421929
0.0540228
-0.0184125
-0.0270306
0.0115076
0.0531188
0.0172879
0.035792
-0.0200552
-0.0187311
0.0264497
-0.0006161
0.0236828
-0.0189783
-0.0339234
-0.0251118
0.0175136
0.0240723
-0.00671942
0.0384649
-0.014742
0.03797
-0.00797188
0.0260082
0.0465178
0.0253764
0.0145661
0.049358
0.0227967
-0.0110561
-0.0520755
-0.0346712
-0.0137151
-0.0197887
-0.042274
0.00015081
0.0193982
-0.0474215
0.00711759
-0.0352439
0.0450347
-0.0185174
0.00124976
-0.000739982
0.0419523
-0.0361054
0.0266467
-0.0171813
0.0189095
-0.0308946
0.0449355
-0.0294713
-0.0353985
0.00437594
-0.0182602
0.0141939
0.037568
0.0354021
0.0242243
-0.0289052
-0.0293372
0.01509
-0.0230187
-0.00434789
-0.024494
0.0420032
0.0449718
0.0109427
-0.0130163
-0.00484242
-0.0416437
0.00638998
0.0355284
0.0102345
-0.0248466
0.0151916
-0.019033
-0.036315
0.0357807
-0.0311586
0.0105354
0.0273328
-0.0278243
0.0252735
-0.0114551
-0.0422454
-0.0492885
-0.0214293
-0.0260208
-0.0329868
-0.00795787
0.0331288
0.025872
0.0321977
0.0205203
0.0318225
-0.0379715
0.0615162
-0.0504661
-0.0320123
-0.0469432
0.0474319
-0.0329095
-0.0349879
-0.0092797
-0.0519335
-0.0182899
0.0123806
-0.0287308
0.0373823
0.0376508
-0.0168377
-0.0050212
-0.0350052
-0.00269812
-0.0355375
-0.0406984
0.027478
6.96879e-05
0.00468956
-0.0172338
0.0140526
0.0272222
0.0321925
-0.140599
-0.12087
-0.0777007
-0.00384688
0.0410884
-0.0586642
-0.00928534
-0.00381206
-0.0161846
-0.0612058
-0.0529589
-0.0468484
-0.0271623
0.0123188
0.0135999
0.0192103
-0.034736
0.0208031
0.028257
0.0190988
0.00129198
-0.0177702
-0.037647
0.197201
0.0660296
0.0675229
0.0137068
-0.0658479
-0.033602
-0.0473906
0.0220318
0.0394287
-0.0163912
0.0207378
0.0587769
-0.0357846
0.0226352
0.0906803
-0.0098501
0.0280866
0.0536758
0.0133944
-0.0512407
-0.0225482
-0.0451269
-0.0373917
-0.0392852
-0.0148265
-0.0395509
-0.00338206
-0.0321381
-0.0514077
-0.0178931
0.0345669
0.0250913
0.0270457
-0.00194398
-0.0185639
0.0496807
0.0222347
-0.0209899
-0.016889
0.00857471
0.0066682
0.0299034
-0.00234217
-0.0152487
-0.0264759
-0.000477334
0.0311179
-0.00730945
-0.0664068
-0.0467448
-0.000748229
-0.0114946
-0.0437427
0.00592948
-0.064265
-0.0569143
0.00709248
0.0401827
-0.0377493
0.0233647
-0.0590828
0.00525075
0.00793112
0.00893751
-0.0500981
-0.0472955
-0.010432
0.032247
0.00177427
0.0244051
-0.0265167
0.00472213
0.0185559
-0.0322414
-0.0368726
-0.0212361
0.0348165
-0.0139133
-0.0338149
-0.0542972
-0.044703
0.0463162
0.0170007
0.020462
-0.0279608
0.0484102
-0.0156469
0.0198657
-0.012217
-0.0177551
0.00996418
0.0142877
0.0186149
-0.0433004
0.0120917
-0.0344014
0.0107124
0.00146385
0.096227
-0.0148381
0.0201043
0.0555378
-0.0186838
0.0200897
-0.0295219
-0.0289562
0.0194709
0.0228273
-0.00646508
0.00580472
-0.0178535
-0.00812436
-0.00300669
-0.0243983
0.0301089
-0.00561152
-0.0361401
-0.0464428
-0.0183272
0.0149866
-0.0357743
-0.0254328
-0.0462074
-0.0327474
-0.0388652
0.0152355
-0.00461366
-0.0399854
-0.047386
0.0158676
0.0127492
-0.0425051
-0.0494033
-0.0185308
0.0200089
-0.0193084
-0.0377812
0.0476202
0.0331334
0.00881153
-0.0479002
-0.0489986
-0.017767
-0.0307158
0.0111313
-0.0155111
-0.0318325
-0.00140054
0.0339614
0.018794
-0.00418103
-0.0416833
-0.0374808
0.00841556
0.00344441
0.0346724
0.0410355
-0.0308444
-0.0256716
0.0119575
0.00658626
-0.0291879
0.0291713
0.0502568
-0.0160968
-0.0157005
-0.047372
0.0223106
-0.0425375
0.0301974
0.033467
-0.0271451
0.0268577
0.0420256
-0.0473879
0.0196654
0.0385526
0.0190349
-0.0286738
0.0436706
0.0475806
-0.00262868
-0.0252085
0.0555705
-0.00851648
0.000867631
-0.0200347
0.0167439
0.0245295
0.0403878
0.00951655
-0.0296733
-0.0230723
0.0237573
0.0337502
-0.0212218
-0.0165847
0.00959622
-0.0416387
0.0394667
-0.0197254
-0.0167522
-0.00562655
0.0205214
0.0428591
-0.0241741
0.00250934
-0.0187864
0.00962417
0.0362247
0.000878102
0.0323863
0.0150275
0.0196314
-0.0423964
-0.027768
0.0154669
0.000319482
-0.0400538
0.0463849
-0.071272
-0.00780829
0.0170568
-0.0196442
-0.000197379
0.0159713
-0.0529002
-0.0658349
-0.0219054
0.0212206
-0.00578245
0.0288757
-0.0346952
-0.0330416
-0.0905773
0.00938101
-0.0305928
0.00391759
-0.0559836
-0.022013
-0.073415
-0.0267633
-0.0657572
0.051461
-0.0467196
-0.029483
0.0388133
-0.0320608
-0.0110137
-0.0458642
0.0643773
0.0298747
-0.0326143
-0.0299816
-0.0378021
0.0115796
-0.00769527
0.0132219
-0.0479694
0.0241204
-0.0256518
0.0247855
-0.00201765
-0.0731392
-0.0383056
0.0405958
0.0816583
0.0420517
-0.0463374
-0.0341388
-0.0120539
-0.0832767
0.0832246
-0.0499555
0.00912922
-0.0122982
0.0542255
-0.00692352
-0.0449889
-0.0439556
-0.00271367
-0.0553895
-0.0548644
-0.0614617
-0.0686583
0.018514
-0.0328123
-0.0444814
0.0353023
-0.0280439
-0.0190471
-0.0291886
0.00740113
-0.0295674
0.0313164
-0.0288945
0.051234
-0.0476171
0.0086859
-0.0250498
0.0345961
0.0432466
0.0341757
-0.0390529
0.0129016
-0.0418469
0.02757
-0.0153003
-0.0343097
0.0434607
0.0237887
0.0235784
0.0350165
0.0141373
-0.0273445
0.0220369
0.0155987
-0.00223437
0.030688
-0.0209407
-0.00136564
-0.0311459
0.0116306
0.00189356
-0.00106886
0.0021177
-0.0213536
-0.00419805
-0.0147795
0.0180328
-0.00994823
-0.00337645
0.0301294
0.00959379
0.0283465
-0.0178755
-0.0225458
0.043832
0.0414086
0.0374469
-0.0306172
-0.0196764
0.02265
-0.004751
-0.0401754
0.0271278
-0.0428163
0.0225372
0.0468108
-0.0171742
0.0109811
-0.0181596
0.0272808
-0.00816331
0.0271725
0.0343525
-0.00993374
-0.00245455
0.00418264
-0.0212084
0.0270113
-0.045137
-0.01396
0.0389646
0.0319419
0.0287128
-0.0637297
-0.039189
-0.00221441
0.0169952
-0.0394896
0.00348023
0.0068316
-0.0554309
0.00826891
-0.0225311
0.0460104
-0.0116146
-0.0478576
-0.00784977
0.254299
0.0820853
0.0953567
0.00429372
-0.0135127
0.0076733
-0.0261648
-0.018877
-0.00657815
0.0435847
-0.0456123
-0.0112254
-0.141142
-0.144545
0.0220881
0.00580221
0.0859358
0.021359
0.110793
-0.0147004
-0.0150402
0.049037
0.0375548
0.0133992
-0.00679437
0.0662189
-0.0953398
-0.0464587
0.00210559
-0.0662947
0.00750269
0.0495822
-0.0475196
-0.0146172
-0.0248169
0.242718
0.117454
0.125046
-0.0187108
0.0290615
0.116043
-0.0417011
0.0905307
0.0415582
0.0105961
0.131816
0.1047
0.0998602
0.00642871
0.00519357
0.0459402
0.0278056
0.123908
0.0167885
0.00980887
-0.0381133
-0.00895842
0.0403497
-0.0182556
0.0402397
0.0614322
-0.0155098
0.0460732
-0.00263979
0.0549934
-0.0654891
-0.00435652
0.0177991
0.0741007
-0.0325783
0.0389144
0.0311328
-0.00421403
-0.0235157
-0.00433926
0.0239038
0.0291089
-0.0581852
0.0216096
-0.0415023
0.00103045
-0.0263159
0.00382123
-0.0730159
-0.0455783
-0.0619503
-0.00274674
-0.0340753
-0.0464945
-0.00844036
0.0554454
0.0209133
0.0362179
-0.0174897
0.0117078
-0.0445102
0.00103151
-0.0322267
0.0138594
0.051469
-0.0287832
-0.00975325
-0.0597206
0.000173727
0.00701569
-0.0211687
0.0307388
-0.0180264
-0.0217477
0.00146501
-0.0160487
0.0204605
0.0291084
0.0260963
-0.0189786
0.00576748
-0.0193193
-0.0235896
0.0555369
-0.0132256
0.0977133
-0.0200101
-0.00629284
0.0291156
-0.00278821
0.0528171
0.0982515
-0.000319895
0.0441946
-0.0163259
0.00457309
0.0085094
-0.0379091
-0.000323445
0.00390777
0.0439877
0.0356118
0.00712998
-0.0110111
-0.02299
-0.0201725
-0.0176836
0.046782
0.00171681
-0.00573226
0.0324635
0.0435085
0.00377918
0.0075987
-0.0377799
-0.00907561
0.0104836
0.000162093
-0.00131885
-0.0213049
0.0467279
0.0190149
-0.0387442
0.00535056
-0.0485722
-0.0197064
-0.0180588
-0.012189
-0.0474234
0.0205603
0.00825705
0.0435539
0.047157
-0.048763
0.0115191
0.0167508
-0.0477021
-0.0230184
-0.00743599
0.00882692
0.0404741
0.0335999
0.0374308
-0.0364241
-0.00702469
0.00240087
0.0505094
-0.0399208
-0.0360908
0.0348584
-0.0373064
0.0201138
-0.00414684
-0.019179
-0.0184578
0.0163929
-0.0405852
0.0301333
0.0170037
0.0180495
-0.0305122
0.00397899
-0.000956878
0.00241442
-0.00229053
-0.0133816
-0.0106485
-0.047816
-0.0052772
-0.0466261
-0.0264009
0.0169464
0.0533843
0.0431456
-0.00452464
0.0263553
0.0242293
-0.0498074
0.0598122
0.00329004
-0.0437102
0.0232164
-0.0524511
0.0658272
-0.0311123
-0.0593043
0.0458295
-0.0326671
0.071326
0.0524455
0.0241011
0.0166133
0.0220141
0.0413969
0.038975
0.0471978
0.0651371
0.0373018
0.037228
-0.0311905
0.0471346
-0.0281788
0.0647381
0.0824638
-0.000961003
0.000485935
0.0290256
0.0755074
-0.0138207
0.0220708
0.0224457
0.0197904
0.018088
-0.0364469
-0.0466987
0.0614178
0.0753542
-0.0117885
0.0100687
-0.00499214
-0.0667006
0.00177734
-0.0267574
0.04544
-0.0409033
0.0363422
0.0470714
0.00608264
-0.0585392
0.00823469
-0.0130668
-0.0461204
0.00320855
0.0142001
-0.0749943
-0.00783839
0.0663183
-0.053018
0.0280567
-0.0304045
0.00235329
0.0531504
-0.0322526
0.0550843
0.0300905
-0.0157604
-0.0572337
0.00632189
-0.0417394
0.0278701
0.027553
0.0568164
0.0232529
-0.00308244
0.00120908
0.0337892
0.0150503
-0.0688011
-0.0872344
-0.0478335
-0.0376053
0.000339001
-0.0519657
0.00300937
-0.0296845
-0.0346728
0.0406333
-0.0084862
0.0576056
-0.0256601
0.000349937
0.0388848
-0.120256
0.0966272
-0.00421576
-0.0241084
0.0233703
-0.00488425
0.0614796
-0.030874
-0.000103323
-0.00169775
0.07013
-0.0484508
-0.0518672
-0.10935
-0.0182067
-0.00711092
-0.019195
0.037012
0.000991809
0.0451268
0.00586225
0.0399938
0.00848342
-0.0200291
0.0514563
-0.13746
-0.0463171
0.0342612
0.0241806
0.0847398
-0.0298188
-0.0137011
0.00507375
-0.00998547
-0.0394101
0.0376391
-0.0478239
0.0188009
0.0368047
-0.0376581
-0.0205808
0.00566582
0.0160537
-0.0485469
-0.0332795
0.0281532
-0.042048
-0.0175767
-0.016431
0.0263766
-0.0032564
0.0454611
0.0334882
0.0387929
-0.00194753
-0.0358675
-0.0180694
-0.0182695
-0.0400971
-0.0271023
-0.0220657
0.0431247
-0.0354848
-0.00432244
0.0653845
-0.0147431
-0.0256908
-0.0118893
-0.0307042
0.0230577
-0.0331128
-0.00719641
-0.037884
0.0125134
0.025594
-0.0171247
-0.0474674
-0.0439176
-0.0200271
-0.00612596
0.0197147
-0.0407784
-0.0492581
0.0355379
-0.0100803
0.00924499
0.023823
-0.0265307
-0.00767411
0.0350057
-9.10593e-05
-0.018187
0.0314851
-0.00682237
-0.0185019
0.0161094
-0.0349565
-0.0314027
-0.00452714
0.0245729
0.0223642
-0.0955772
0.0744475
-0.0380215
-0.0218624
0.0076374
0.0436757
0.023455
0.00197692
0.00700137
-0.0302211
-0.0453639
0.0176141
0.018428
-0.020995
-0.0619247
0.0190799
-0.00099429
-0.0340748
0.00514176
0.191546
0.0405141
0.0657061
0.0219801
-0.0340863
0.0765923
0.0342118
0.0334478
0.0154703
-0.040033
0.0413912
0.0195015
0.0248508
0.0307032
0.0791622
-0.0219529
-0.0160962
0.0652784
0.0599724
0.0107338
0.0183898
-0.0350646
0.0708198
-0.180688
-0.0183856
0.0175993
0.0137185
0.0795353
-0.0941708
0.0754572
-0.0799979
-0.0469212
-0.00379496
-0.11253
-0.0699555
0.00994745
-0.0107987
-0.0970762
-0.0296036
-0.0106572
-0.0858139
-0.0164023
-0.0179693
0.00725221
-0.000392993
0.0465823
-0.0184706
-0.00199576
0.0360356
0.0592301
-0.0179096
-0.0460891
-0.0521221
-0.000659385
-0.0170578
-0.0296771
0.0510799
0.0415249
-0.0378654
0.0549611
-0.0308498
0.0136405
-0.0467865
-0.00317217
0.0346303
0.0387247
-0.0184931
-0.0281085
0.0482449
-0.0513644
0.0451557
-0.00680225
0.0745578
-0.0154404
0.0557643
0.0166124
0.048957
0.0259556
-0.0131783
-0.0387126
-0.00899862
-0.0240022
0.013696
0.112461
-0.00693688
-0.00810567
0.00177741
-0.00348295
0.00623269
-0.0125161
0.00487596
-0.0446672
-0.0314472
0.0195008
0.0216408
-0.0113495
-0.0403899
0.0509274
0.0379665
-0.0207383
-0.0199329
-0.000885697
0.00543389
-0.024378
0.0298493
-0.00610231
-0.0123039
-0.0511018
-0.00879603
-0.0541748
-0.0263005
0.0297711
-0.00396917
0.00713976
0.00683212
0.00869265
0.0197579
-0.0317289
-0.0480522
-0.0274176
-0.0674206
-0.0491535
0.0025218
-0.000348654
0.0201885
-0.0208735
-0.00421818
0.0212746
0.027408
0.0240966
-0.00653087
0.0300475
-0.000668241
-0.0200908
0.0143796
0.0118911
0.0309522
0.0311884
0.00141621
-0.0250891
-0.0264683
-0.00590578
-0.0115589
0.00534692
-0.0103542
0.0414152
0.0319601
0.0434003
0.00500239
-0.0331912
0.0233229
0.0232906
-0.00500933
-0.00980064
0.0126245
-0.0162486
-0.0481287
0.0351959
-0.0244948
0.00426134
-0.0177666
0.0100238
0.036693
0.0298946
0.0073493
0.0424778
0.0371082
0.00968308
-0.0253318
0.00867034
0.0361435
0.0335629
-0.00949853
-0.000181797
0.0460216
0.0322968
-0.0148562
-0.000600471
0.0140713
-0.0449385
0.0345313
-0.0106241
-0.0204946
-0.0191594
-0.0401019
0.0360182
0.0358279
-0.0221178
0.0271854
0.0411488
0.0321499
0.00588029
-0.0357733
-0.0313798
0.0213477
-0.0519183
-0.00937983
-0.0121756
0.0492961
-0.0193851
0.0246541
0.0048857
-0.0186
-0.041887
0.0411378
0.0457533
-0.0512309
0.0466137
-0.00832355
-0.00286698
-0.0361915
-0.0493707
-0.0120536
-0.0090266
0.0146113
-0.0204185
0.0439798
0.0389591
-0.0129972
0.0346869
-0.0364699
0.0232184
-0.00907019
0.00961201
-0.0201163
0.0423934
-0.0158609
-0.0158138
0.0212721
-0.0358441
0.0308191
0.0278851
-0.0228558
0.0311718
-0.0103369
-0.0318546
0.0388576
0.0325137
-0.00547834
0.0284615
-0.0340805
0.0477698
0.0279007
0.0520197
0.0237974
-0.00247084
0.0425481
0.0441715
-0.0144036
0.0474121
-0.0221202
-0.0121898
-0.00255896
-0.0478628
-0.00749069
0.0138526
0.0320589
0.00390651
0.0678418
-0.00615363
0.00712676
-0.018132
-0.0315984
0.0556727
-0.0134939
0.0149663
-0.00956114
-0.0281082
-0.000755774
-0.0027778
0.0312
-0.0175285
-0.0461603
-0.0916308
-0.0758201
-0.0106466
-0.0701826
-0.00657417
-0.0461452
-0.0474534
-0.045029
0.00222263
0.00710761
-0.0530523
-0.0415827
-0.000223392
0.0191064
-0.0371689
0.0214375
-0.0241999
-0.0311377
-0.0428692
-0.0250565
-0.0106667
0.00468675
0.0146421
-0.0379667
-0.0236476
-0.0411842
-0.0315952
0.0498916
0.0421749
-0.028414
0.0276042
0.0248563
0.0209378
0.0177122
-0.00123194
0.0317561
-0.0256666
0.0087754
-0.0296787
-0.0302533
-0.0233632
0.0461545
0.0365472
-0.0179764
0.0313477
0.022994
-0.00874837
-0.0532493
0.0118175
-0.00736614
0.0217781
0.0449652
0.0347424
0.0165757
0.0304054
0.0886307
0.00135546
0.0083846
0.027037
0.0304368
0.0131765
0.0482387
-0.0354814
-0.0223021
-0.0301858
0.019732
0.039533
0.0429883
0.00321304
0.0285772
0.0130934
-0.00644442
-0.0102362
0.0261057
-0.0326191
0.048552
-0.00201344
-0.0119491
0.0410775
-0.00749582
0.00727633
0.0412834
-0.00891122
0.00915472
-0.048612
-0.0441022
0.0220861
0.00795871
0.0216536
0.0230501
-0.0174175
-0.0124148
0.0314136
-0.00500943
0.0114814
0.0028662
-0.0362265
-0.00524197
0.00770359
0.0409076
-0.0285358
-0.0485122
-0.0290816
0.00232688
-0.0338128
0.0103445
0.00614311
-0.0327025
0.0460238
0.00137009
-0.0180861
-0.00323254
-0.0229043
0.0335376
-0.0203237
-0.00450599
0.0325557
-0.0214163
0.0549979
-0.0477551
0.0421033
-0.0474335
0.0326552
0.0548105
-0.00365451
0.00885927
0.038038
-0.0257
0.0408504
0.0407606
0.110406
-0.0167926
-0.000454392
-0.0212976
-0.0677464
-0.0119002
-0.0438549
0.0108635
-0.00177036
0.0824295
0.0381238
-0.0191289
0.27946
0.0954465
0.0443666
-0.00477125
-0.0689038
0.134075
0.0394484
0.0487584
0.0156506
0.0152023
0.0920254
0.063565
0.0647207
0.0456798
0.0866182
0.0108338
-0.0766906
0.0959724
0.071077
-0.0729204
0.0455464
0.050421
0.134197
-0.257542
-0.0939317
-0.094346
0.0283238
0.124857
-0.0432143
0.0695754
-0.0535828
0.0858664
0.0623787
0.0485092
0.0213804
0.0654204
0.119354
-0.047974
0.0150128
0.0135829
-0.100244
-0.0592565
-0.0141484
-0.0360039
-0.0872552
0.0227871
0.0270653
0.00166283
0.0353598
-0.0313985
-0.0024903
0.0203912
-0.0565337
-0.000186541
0.035437
0.0279408
-0.0250017
0.0343516
-0.0268663
-0.00427317
-0.0330225
0.0194722
-0.0290004
0.0149323
-0.0843553
-0.0130232
0.0121867
0.0403543
-0.0220755
0.0113457
-0.0227835
0.0406118
0.0670269
0.0305478
-0.00459337
0.0386765
0.0245922
0.0886562
0.0825006
-0.0466747
-0.00963491
-0.00296484
0.0391311
0.19205
-0.0397789
-0.0117426
0.000326854
0.0120198
0.0854522
-0.0355299
0.0213472
0.0281695
0.0271516
0.0397815
0.0080587
0.0239547
0.00939922
0.0464152
0.00514833
0.0130283
0.029101
-0.0402934
0.0356882
-0.0276454
-0.0361256
-0.0367108
-0.0146799
-0.0301546
-0.0215595
0.107965
-0.0111584
-0.0283886
-0.00270805
-0.0500098
0.00593147
-0.0282186
0.00817063
0.0472258
-0.0421338
-0.115824
0.0383693
-0.0885402
0.00159632
-0.0486352
-0.0328711
-0.0458811
0.0462901
-0.00331746
-0.000526205
-0.0232813
0.0168017
0.0412875
0.0057332
-0.0469093
-0.0442108
0.0313977
0.0336937
-0.00226925
0.0231554
-0.0120123
0.0475501
-0.0232922
0.0282252
-0.0327931
-0.0292321
-0.0333086
0.0450776
-0.010194
-0.0156842
0.0455968
-0.023848
-0.0220886
0.0282583
0.0131524
0.0270018
0.0515641
0.00895117
-0.0035099
-0.0129417
0.00343701
0.0305035
0.0463794
-0.00481363
-0.0211072
0.0556922
0.00713404
0.0452386
-0.0357539
0.0444567
0.0316011
-0.0296224
-0.0457278
0.0434537
0.0463797
0.0308477
-0.0452504
-0.00538648
-0.0397598
-0.0276777
0.0247916
0.0458945
-0.0168568
0.0047483
0.0225783
0.038759
-0.0245553
0.0313461
0.00437684
0.0409296
0.0442355
0.0200436
0.0301941
-0.015101
0.0162217
-0.0133592
0.0413994
0.0170174
-0.00317876
0.00544785
0.0506716
0.051764
0.0323299
-0.0876477
0.019277
0.107246
0.0392885
-0.0321997
-0.0537656
-0.00445903
0.0114289
0.0217427
-0.0419969
-0.115381
0.03747
-0.00593007
-0.00820034
0.00943644
0.0512482
0.0143902
-0.0582718
-0.0185418
0.0361617
0.0450665
-0.0457018
0.0663666
-0.0572081
-0.0615849
0.00183127
0.0735921
-0.0289951
-0.0431527
0.0349763
-0.0346984
0.0213999
0.0522195
0.0315243
-0.0071398
0.022566
0.0239431
-0.0294949
-0.0031795
-0.0286297
0.0828475
0.0500891
0.0293047
0.023925
-0.00521962
-0.0187926
0.0163942
0.0253991
0.00989953
0.0508269
0.00808374
0.0576546
0.0127233
0.0436998
-0.00467923
0.0737943
-0.0108898
-0.0329366
-0.00203047
0.0500347
-0.00625141
-0.028013
0.0674037
0.0276622
0.0458701
-0.00761646
0.0496776
0.0704182
0.0863947
-0.0301084
0.0335636
-0.0175236
-0.0448055
-0.0413031
-0.0331412
-0.0447271
-0.0234041
0.0543307
-0.0225442
0.10881
0.00508711
0.0200041
0.055406
-0.0399464
-0.00275356
0.0755787
-0.0156916
-0.042674
-0.0170468
0.0300966
0.0152686
-0.0321689
0.0531425
-0.0409438
-0.0585262
-0.0338008
0.0236656
0.00203383
0.0164286
0.0630061
0.0409875
0.017646
0.00610127
-0.0296435
-0.0405745
0.0142763
0.103292
0.00405168
0.0686145
-0.0116294
0.00649118
0.0162644
-0.00570341
0.0338846
-0.0572161
-0.00602853
-0.0585862
-0.075386
-0.0878103
0.0176782
0.0242875
-0.0452161
-0.0141197
-0.0014933
-0.0416451
0.041053
0.074059
0.0360766
-0.000124252
-0.00491904
-0.0356143
-0.00103232
0.00672141
-0.0215081
0.0585598
-0.0218582
0.0306478
0.0374913
0.0485819
0.0240925
-0.0386382
0.0423382
0.0230429
-0.0178441
0.0155449
-0.0430068
-0.0151565
-0.0428013
-0.0104733
-0.0411015
-0.0333515
-0.0158424
0.0420288
-0.0265144
-0.0189711
0.0275942
0.0112406
0.0180237
-0.0457963
0.000368338
0.00776822
0.0265361
-0.0355807
-0.0359091
-0.0290447
0.0438161
0.00417094
-0.0134689
-0.022143
0.0110872
-0.00336123
-0.0219002
-0.0473408
-0.039773
-0.0218499
-0.0305484
0.0221467
0.00621787
0.0144029
-0.000703603
-0.0400577
0.0392238
0.0269911
-0.0327376
-0.001247
0.0691037
-0.0566015
0.109914
0.0160379
0.00533024
0.0355949
0.0190051
-0.0337795
-0.0382536
0.0976126
-0.055447
-0.0176876
-0.0074119
-0.0209394
0.0458864
-0.00164145
0.145825
-0.0596517
0.0315789
-0.00562127
0.0365286
0.0158978
-0.0309119
0.0103767
-0.00331113
-0.0282418
0.017643
0.0242536
-0.0584337
-0.023964
0.020756
0.0376919
-0.00945701
0.0159369
0.032074
0.00122138
-0.0145274
-0.0420274
-0.0147564
-0.035049
-0.0244119
-0.00346331
-0.00957348
0.00188947
0.0510783
-0.031199
-0.026681
0.0286988
-0.0305273
-0.00762025
-0.108304
0.119956
-0.0416456
0.123948
-0.0480796
0.014753
0.0454982
0.0314466
0.00539217
0.0420203
-0.016347
0.0482279
0.0353046
-0.0221451
0.0161793
-0.0100555
0.00880204
-0.0331156
-0.0399495
0.0559935
0.0648795
0.0150471
-0.0221233
-0.0239229
0.0491114
-0.0478369
-0.0137113
-0.0428055
0.0161073
0.0262635
0.00641163
0.0201947
-0.0371737
-0.0280255
0.0183502
0.0132677
-0.0198183
0.00221865
-0.0343657
-0.0323194
0.0203169
-0.00167928
0.0338896
0.0423033
0.0144915
-0.0429633
-0.0456844
0.0129124
0.0122598
-0.0021834
0.00419168
-0.00241633
0.0431701
-0.00140186
-0.048407
0.00467878
-0.0622733
0.0226325
0.0103401
-0.0284537
-0.0127035
0.0353675
0.0303375
0.0231572
-0.026392
-0.0426289
-0.0119291
0.0155708
0.0193116
-0.0599506
0.0217881
-0.0350169
-0.00552769
-0.0422211
0.0104887
0.0225006
0.0355876
0.0473181
0.0211771
0.00420328
0.0267384
-0.0288627
0.0436376
-0.0331538
0.0266789
-0.0474025
0.0219567
0.0396326
0.0127624
0.00601424
0.050287
-0.0386583
-0.0284939
0.0149149
0.0237784
-0.0227777
-0.0469298
-0.0403463
0.0531325
0.0313097
-0.034513
-0.0284035
0.00670058
0.0424867
0.0290068
0.0331759
-0.026275
-0.0400741
0.0144584
0.032237
-0.0376128
-0.0152234
0.000877597
0.0220554
-0.00747649
-0.00577029
0.0431545
-0.0266738
0.0485394
0.00191483
0.00458092
-0.0461044
-0.0247466
-0.0223715
-0.0193729
0.0363954
-0.0352146
-0.0421771
0.00572722
0.0240139
0.0122333
0.00997167
0.0189237
0.0279255
-0.0209849
0.0111454
0.0158783
-0.0360544
0.00491144
0.00615211
0.00109338
-0.0420032
0.0125818
-0.00506381
0.0206044
-0.0251592
0.0385205
-0.0404786
0.0404788
-0.0484324
-0.0372554
0.0144871
-0.0378447
0.0340437
-0.0106963
-0.0388486
0.00578522
0.04811
-0.0485811
0.0327988
0.0127697
0.0188261
-0.0152535
0.0156743
0.0250761
0.00335638
-0.0434335
0.045405
-0.0101772
-0.00704105
0.0334763
0.0472675
-0.0251066
-0.0229905
-0.0339207
-0.0374588
-0.0372251
0.0111695
0.0357618
0.0178973
0.0375178
0.0161292
-0.00633921
-0.0340886
0.0411544
-0.0140694
0.0259327
-0.00956762
0.0114049
0.0134855
-0.0116175
-0.0105081
-0.00493509
0.0103831
-0.0446721
-0.0111951
0.05134
0.0252789
0.0158766
-0.0176666
0.0236601
-0.0324257
-0.00524296
0.0140721
0.0241085
0.0112791
0.00700714
0.0242747
-0.0411176
-0.0137296
0.0267321
0.0560996
0.0115545
0.084058
0.0311054
-0.0414334
0.0323139
0.0462201
0.0150776
0.0412279
-0.0536168
-0.0582223
0.0290826
-0.00428966
-0.00939112
0.0568471
0.0318859
0.0256171
0.0324131
0.0216644
0.0409305
-0.00318662
0.0193454
0.0469639
0.0213193
-0.0242602
-0.0437512
0.0473838
0.0214273
0.00616559
0.0242074
-0.00344908
-0.0612447
-0.021585
-0.0438025
0.0190365
-0.019204
-0.0284392
-0.0149277
-0.00392067
-0.0111746
0.0687076
-0.0107912
-0.0322314
-0.0478061
-0.00770864
-0.0336508
-0.0194954
0.0132983
-0.0419583
-0.0405779
-0.0096165
0.0117412
-0.00275984
-0.00029939
-0.0617468
0.0236077
0.0325888
0.0267046
-0.0427265
0.00567898
0.0557576
-0.0550418
0.0612704
-0.0212881
-0.0419659
0.0195952
0.0539405
-0.0567044
0.0170086
-0.000817036
-0.0132711
0.00531927
-0.0129777
-0.0480959
-0.0303816
0.0043376
-0.0037741
-0.00175002
-0.0190902
-0.0148803
0.0185047
-0.0353068
-0.0284228
0.0146605
-0.0476515
0.015431
-0.0115523
0.00825123
0.041267
0.0246864
0.0407868
-0.0142518
0.0471691
-0.0330523
-0.0286023
-0.0653932
0.0163966
-0.04753
-0.00569558
-0.0242002
0.00998962
0.0243421
-0.0317076
-0.00975818
0.0475437
-0.00411963
-0.0282926
0.0173988
0.00942992
-0.0440281
-0.0305945
-0.0263776
0.0214464
0.0194963
0.00499093
-0.0327457
0.0391728
-0.0317653
0.0196161
-0.0342811
-0.0304465
0.0125129
0.0285945
-0.0320707
-0.0276249
-0.00623092
0.02128
-0.00968759
0.0024512
0.0338689
0.0352103
-0.0178134
-0.0474272
-0.00430133
0.0304074
0.0453466
0.0413926
0.0192502
-0.00342643
-0.0469396
-0.0324044
-0.0220114
-0.0420756
-0.0371052
0.0384592
0.00135439
-0.016562
0.00317772
-0.0450885
-0.030951
0.0129104
0.0408813
-0.0246947
0.0422442
-0.00166877
0.0425072
0.0368609
-0.0440518
0.00785603
0.0409557
0.0227787
-0.000502719
-0.00634215
0.0226112
0.0585755
-0.00849913
0.0206428
-0.0293237
0.00453608
0.00274536
0.0954517
0.0981915
-0.0633931
-0.0366643
0.0904173
-0.105614
0.0451387
-0.0244431
0.067958
-0.042363
-0.0203746
0.0347044
-0.294447
-0.181679
-0.0908437
0.0053867
0.163312
-0.107817
-0.0135519
-0.0184452
0.073783
0.0283659
-0.177498
-0.199252
-0.120878
-0.105225
-0.0021943
-0.0512741
0.0595055
-0.233778
-0.156082
0.0907517
-0.0938728
-0.0525462
-0.205096
0.461601
0.21937
0.138862
-0.0386856
-0.0827916
0.205987
0.0356107
0.0722021
0.070528
0.105086
0.274691
0.289719
0.241284
0.140433
0.107024
-0.010889
-0.0471629
0.154582
-0.00846817
-0.0218859
0.025656
0.119622
-0.0348615
-0.02183
0.249747
0.0465941
-0.0614732
-0.0154356
0.0155403
-0.00598828
-0.0384799
-0.0428948
0.00925579
0.0270405
-0.139412
0.17875
-0.00425459
0.0475121
-0.0188015
-0.0294095
-0.0129974
0.0694506
-0.00860952
0.0279928
0.0127868
-0.0760771
0.0669671
0.0243799
-0.2322
-0.114379
0.0386662
-0.00910435
-0.139422
-0.114113
-0.198158
0.0567606
0.000303669
-0.0277889
-0.018785
0.0108585
-0.162119
-0.0136976
-0.0175982
-0.0209678
0.0811336
-0.121261
0.0540066
0.176545
-0.0162283
-0.0449213
-0.0411851
-0.00321207
0.0115004
-0.0231425
0.0419908
-0.0408398
0.0204814
0.0139862
-0.00727457
-0.0143733
-0.0755544
-0.0328085
-0.0134259
-0.00526238
0.0281391
0.101789
0.195943
-0.00896023
0.00242369
-0.0296328
-0.000206772
0.184803
0.0192228
-0.0315078
-0.00290924
0.0131552
0.0610468
0.0043738
-0.107186
0.0760139
0.0736206
0.0977697
-0.0132186
-0.0457978
0.0739372
0.0205849
0.0337195
-0.00969233
0.00332712
0.0442459
0.106551
-0.0105712
-0.0107925
0.0944865
-0.0133248
-0.0275558
0.0203787
-0.0122535
0.0521397
-0.0311883
-0.0110619
0.0145883
-0.0472083
-0.0229934
-0.00922512
0.00282598
0.0381353
-0.00975037
0.0337507
0.0912962
-0.0552024
0.0300361
-0.0194723
0.0174503
0.0299384
0.0194369
0.00243743
0.0245187
0.0315735
0.0263434
0.00887802
-0.0565291
0.0340382
-0.0080237
0.0175896
-0.0767707
-0.0352311
-0.0349551
0.0196245
0.0430471
-0.00472815
0.0220295
-0.014494
-0.018386
0.0391497
-0.036388
-0.0360659
0.00240787
-0.0413839
0.0333177
-0.0422271
0.0399933
0.0457193
-0.000386517
0.0154114
0.0482651
-0.0262719
0.0226379
-0.0211278
-0.0147306
-0.0422248
0.03789
0.0942469
-0.0157844
0.0439789
-0.0113186
0.0145941
0.00551298
-0.0159878
0.208335
0.0358764
-0.00296748
-0.0469278
-0.0061114
0.0377613
-0.0366664
-0.0209592
0.0328799
0.0784199
0.098047
0.0359279
0.0127774
-0.0148049
-0.0225743
0.0733742
0.0274205
0.0493432
0.0789924
0.0414156
0.00796421
0.0899223
-0.0539509
0.0136382
0.141336
0.109209
-0.0405138
0.0307863
0.0608447
0.0287417
-0.0129129
-0.109325
-0.0726816
0.0975063
0.0210077
-0.0197202
0.0163962
-0.0393085
-0.0408272
0.0329619
-0.0772078
-0.0936912
-0.0796916
0.0150305
0.0268001
0.0205513
-0.0392074
-0.00823501
0.0324646
-0.0236697
-0.0471946
0.0544677
0.0161634
0.0483492
-0.0050464
-0.0455995
-0.0391978
0.00433146
-0.0613831
-0.0140345
-0.0531015
-0.217929
0.0248593
-0.261958
0.0984265
-0.0147488
0.00770022
-0.102242
-0.141342
-0.0164754
0.0414501
0.267013
0.238699
0.0302232
-0.0141692
0.287482
0.278405
0.119109
-0.141332
-0.165468
-0.0187174
-0.0960269
0.0174222
-0.0589676
0.0240052
-0.0275256
0.138791
0.0693222
-0.0798503
-0.114256
-0.0397425
0.00176297
-0.137335
0.0408202
0.0763661
-0.0761236
0.0423368
-0.0314558
-0.10672
0.0713133
0.0179558
0.023048
-0.219304
-0.047542
-0.0427709
0.0908559
0.0508963
0.00888191
-0.0137198
-0.0708485
-0.0247832
0.013935
-0.00859761
-0.0056875
0.0526551
-0.0197638
0.00988092
-0.0273773
-0.130201
-0.0126187
0.0192093
0.0417494
0.0710625
0.0420007
-0.00344899
-0.0113956
-0.124596
0.0123754
-0.0305987
-0.0080195
0.00982093
-0.0430033
-0.029516
-0.013969
-0.00555148
-0.0420749
-0.0222832
-0.0325658
-0.0188806
-0.00508763
0.0174368
0.0340737
0.0219428
-0.0347575
0.00292303
-0.0472511
-0.0353962
0.0192321
-0.0436221
0.0210808
-0.0430357
0.00354496
-0.0179686
0.0101976
0.0180464
0.0344239
0.0585482
0.0136984
-0.0452891
-0.00166488
-0.0421308
-0.0233542
-0.0179248
0.0127989
-0.00666579
-0.029226
-0.0251034
-0.00833857
0.0407587
0.0176398
0.0063413
0.0496669
0.00480958
0.0271229
0.00582731
-0.0399229
0.0335552
-0.0192864
0.0178759
0.0420159
0.0500216
0.0102473
0.03392
0.0419978
-0.00522129
-0.0548973
0.0389001
-0.0619159
0.0467085
-0.102253
0.0412375
-0.0485689
-0.0253141
-0.0180557
-0.0310891
0.0694205
-0.0699867
-0.0314718
0.0455491
-0.0283906
-0.0192431
0.0453987
0.00413212
0.0105856
-0.0468888
-0.0160374
0.014329
0.0329017
-0.02239
0.0557576
-0.0409253
-0.00773194
0.0450313
0.0875839
-0.0146411
-0.00985807
0.0267383
0.0300782
-0.047213
-0.0627356
-0.0139296
-0.00166713
0.014479
-0.0346023
0.0194374
-0.00051869
-0.052022
-0.0435924
-0.0169344
0.00412184
0.000198038
-0.0258198
-0.0120869
-0.00861863
-0.0206078
-0.0608381
-0.021284
-0.0747447
0.00994486
0.0393348
0.0274963
0.0560214
-0.0108647
-0.0249589
-0.0308633
0.0509006
-0.0393519
0.00439489
0.0332598
-0.0343574
-0.030311
-0.0115606
0.0315361
0.00288965
-0.0183206
0.0127461
0.00253058
-0.0274081
0.043082
0.0272035
0.00936057
-0.0338606
-0.0052218
0.0429985
0.0501368
-0.0533247
-0.0298012
0.00840218
-0.00437189
0.0422042
0.0344668
-0.0109502
-0.035171
0.0483401
0.0460271
0.0388792
-0.0106002
-0.0324701
0.045405
0.0430257
0.0491218
0.0455793
-0.0309412
0.0148981
0.0188358
-0.00633512
0.0130142
0.0460517
0.0352313
-0.0383698
-0.0174322
0.00596636
0.00944365
0.0250665
-0.006014
0.0309703
0.0422315
-0.014429
0.027217
-0.0179742
-0.0588897
-0.011716
-0.0103563
0.0205218
0.0400424
0.0102693
0.00483254
-0.0103053
0.0278842
0.00803968
0.000582755
-0.0221768
0.0141862
-0.0388574
-0.0312232
0.0352662
0.00602757
-0.00981265
0.0544785
0.0255339
-0.000263605
0.0579296
-0.0570178
-0.00741733
0.00911303
-0.0311415
-0.0426254
0.0316226
0.0063932
0.0320375
-0.00740744
0.0269596
-0.023832
0.0575996
-0.0189236
0.0010967
0.00741442
-0.00328315
-0.0422568
-0.0204141
-0.0163819
0.0345147
-0.0393327
0.0260467
-0.0345561
0.0344018
-0.00454617
0.022947
-0.00187431
-0.00331034
0.0552385
-0.00645478
-0.0137667
-0.014671
0.0330323
0.00320194
-0.017286
0.00893781
0.0305981
-0.0486384
-0.0443822
0.0292719
-0.0252409
0.0417044
-0.0459465
0.0251562
-0.0134414
0.0322209
0.00881759
-0.0193897
-0.026874
0.0437325
0.00254942
0.0228642
-0.00404101
0.0359309
0.0244621
0.0493397
0.0242874
-0.0196837
-0.00158148
0.0203356
0.03797
0.0105231
0.02111
-0.0183871
0.0443775
-0.00575387
-0.0226846
0.00595661
-0.0271112
0.0105398
0.0366011
0.0321747
-0.00948481
-0.025138
-0.036689
0.0111882
0.0321149
-0.0464053
0.0113757
0.0463715
-0.0457171
0.0207225
-0.0271643
-0.0276971
0.00564511
-0.0118288
0.0147477
-0.00710788
-0.0142531
0.040785
0.0201897
-0.00865537
-0.0399434
0.0232764
-0.0401226
0.0513714
-0.0294194
-0.0388093
0.0380127
0.0352742
0.038889
0.0183122
-0.00552692
2.25156e-05
0.0333804
-0.0342552
0.00311176
0.00488993
0.0348051
-0.0255596
0.0262192
-0.0158532
0.0313082
-0.0257902
0.00688978
-0.0381381
-0.00862387
-0.017575
0.031429
-0.0547081
0.0254727
-0.0508428
-0.00922675
-0.00707451
-0.0245643
-0.0614242
0.018003
0.0196849
-0.0113435
-0.0488146
0.0223996
0.0226605
-0.0478872
-0.0518963
-0.0280619
-0.00986567
-0.00243227
-0.0148839
-0.0436508
0.036235
-0.0315939
0.040868
-0.00704179
0.0226632
0.0251539
-0.0207024
0.000623462
-0.0248542
0.00829925
0.00078754
-0.0739266
0.0393706
0.0252223
-0.0174483
-0.0278026
-0.0156775
0.0242965
0.0230846
-0.0173249
-0.0231301
0.0405555
-0.0115643
-0.0295276
-0.0143345
0.00422112
0.0165769
0.0430312
0.0370412
0.0155757
-0.0344088
-0.0201785
-0.0484749
0.0428891
-0.00676315
-0.049407
0.0561084
-0.00960139
0.0239212
0.00466159
0.0162917
-0.0857346
-0.0480563
-0.0408263
0.0123989
0.0258239
0.0126261
-0.0226892
0.0169916
-0.0226368
-0.0159902
0.00785705
-0.0100813
0.0127064
-0.0421426
-0.00299007
0.0124316
0.0469601
0.000331579
0.00202969
0.0520726
0.0230899
-0.0178018
-0.0133496
0.00601643
0.0398088
-0.027601
0.000671484
-0.0473566
-0.0471344
-0.0240731
-0.0284441
-0.0351378
-0.00940414
-0.0302202
-0.0357337
0.0393487
-0.0338722
0.00868309
0.0085617
-0.0431538
-0.0425606
0.0258442
0.00150691
-0.0216653
0.0273417
0.0484977
-0.0176907
0.0118038
0.0237628
-0.0123142
-0.023318
0.0198345
-0.00570685
0.042637
-0.00129241
-0.00984324
-0.0169906
0.0362142
0.0335888
0.043217
0.0246753
-0.0143883
0.0166767
0.00623523
-0.00950357
0.0144476
0.036786
0.0244941
0.045638
-0.00746456
-0.00691512
0.0304098
-0.00169621
0.0208516
-0.00384625
0.0335755
-0.0418613
-0.0453614
-0.0472209
-0.0370701
0.00372219
0.0383243
0.0390664
0.010673
0.0170135
-0.0188767
0.00844277
-0.0403448
0.0165324
0.0247959
0.0285965
0.0488217
-0.0304004
0.00926861
0.0491661
0.0123481
0.0258484
0.0362176
0.0251616
-0.054133
-0.0305142
0.0260176
-0.0363404
-0.0277636
0.0310013
-0.0175201
0.0315365
-0.0226792
0.0286595
0.047338
0.00017241
0.0283826
0.0249961
-0.0462283
-0.0219158
-0.0377443
-0.0220687
-0.0346989
-0.027903
0.0138155
-0.0124312
-0.00685668
-0.0100711
-0.000626993
0.00288926
0.0174757
-0.0241795
-0.0331137
0.000220999
-0.00664166
-0.0281265
-0.0290064
0.00676326
0.0320422
0.00622039
-0.0472678
-0.0193894
0.0298102
0.0184157
-0.0184691
0.0405856
-0.0199693
0.0512245
0.00324103
-0.0227397
0.0299327
0.0156224
-0.0430013
0.0113009
0.0210324
0.00329383
0.00287312
-0.035048
-0.0592945
0.0391504
0.0497039
0.0547427
0.0416277
0.0292131
-0.0130818
-0.00730469
0.0261808
-0.0248422
0.0396006
0.00785704
-0.0309461
-0.0208043
-0.0177162
0.0264721
0.0387119
0.0229887
-0.0439449
-0.0359374
0.0397722
0.0258114
0.0234555
0.057153
-0.0564584
0.00798572
-0.0358781
-0.0134548
0.0227355
-0.0524735
-0.0392968
-0.0308482
-0.0130069
-0.012253
0.0399283
0.0303273
0.0416837
-0.00114916
-0.0222946
-0.0408143
0.0376049
-0.0115544
0.0113815
-0.0488293
-0.0722827
0.000244483
-0.0466037
-0.0156096
-0.00294147
0.00248988
0.044499
-0.0146026
-0.00859485
-0.0133886
0.0246984
-0.0095384
-0.0392694
-0.0361651
0.0204978
0.0305283
-0.0141632
-0.0310895
-0.0500735
0.0408098
-0.0265583
0.0348548
-0.0186184
0.0201056
-0.030542
0.0508288
0.0254597
0.0281563
0.0015193
0.0201208
0.0386762
-0.0336922
0.0212157
0.0101983
-0.0176607
0.0480244
-0.0185765
-0.00351258
0.0848519
0.0022479
0.0204916
0.0167928
0.037683
0.00263918
-0.0445027
-0.024153
0.0286006
0.0314182
-0.0146413
0.00290255
0.0461894
0.0363218
-0.0309214
-0.0428531
-0.0300167
-0.0249361
-0.0422174
0.00611824
-0.0236126
-0.00234616
-0.00512465
-0.0321329
-0.0342346
0.0184763
0.043245
0.0186393
0.0117069
-0.0258968
0.0442734
-0.0307456
-0.0426118
0.00577104
0.0328053
0.0267374
0.0321234
-0.00682583
-0.0106391
-0.0312675
-0.0470769
0.0384781
0.00878501
0.0337006
0.00912615
-0.0450488
0.0415951
0.00450111
-0.0293921
0.0324861
0.0361505
-0.0264637
-0.0475607
-0.00996328
-0.0436306
0.03336
-0.0366422
-0.0425895
-0.0303141
-0.023639
-0.0154175
-0.00597426
-0.0251636
0.0442543
-0.0369481
-0.0308577
0.00994119
-0.000525113
0.0341851
0.0310418
0.0286347
0.0261598
-0.0490767
-0.0422159
-0.0372441
-0.0228322
-0.0337126
-0.0217415
0.0068974
0.0277341
0.0328473
0.000780007
-0.0441625
0.00860821
-0.00552162
0.0382992
0.013047
0.0225365
0.0193282
-0.00918104
0.0173214
-0.0468167
0.0404346
-0.0490007
-0.0231665
-0.0348908
-5.99285e-05
0.00601623
0.0285585
0.0344815
0.00343781
0.0245168
0.0315246
0.00221241
-0.0199356
-0.00469241
-0.0320795
-0.0168409
-0.0489536
-0.020494
0.0162466
-0.006461
0.000978634
0.0139345
0.0167974
-0.0485625
0.0354061
0.0376879
-0.023732
-0.0409534
0.00363268
0.025503
-0.00709814
0.0194141
0.0105308
0.0377744
-0.0110758
0.0412815
0.0152854
0.0351572
0.0254228
-0.0443007
0.0383193
-0.00735637
-0.0129714
0.00492739
-0.0491963
-0.0411376
-0.0161775
-0.0411808
-0.0318353
0.0462566
0.0212628
-0.0296672
0.0301258
0.018421
0.0177295
-0.0315355
-0.00556979
0.0143373
0.00756283
-0.0135862
-0.0421802
-0.00033749
0.0125936
-0.0135187
-0.0168674
0.0240328
-0.0521412
-0.022005
0.00314558
-0.0355415
-0.0489003
0.0222625
0.0257229
0.0147795
0.0167885
0.0228317
-0.0499253
-0.0319723
0.0160957
-0.00520175
-0.00566404
-0.0692152
0.00295074
0.00628723
-0.00661805
0.00743758
-0.0125164
0.0358694
0.0417717
0.000578986
-0.0415519
0.0119125
0.0201389
0.0652919
0.05462
0.00967335
0.00377725
0.0153457
-0.0519014
-0.0537643
0.0310107
-0.0360919
-0.0308562
0.00176779
0.0280769
0.0381626
0.0272333
0.00395578
0.039106
-0.0193365
-0.041026
-0.056744
0.0161957
0.0518866
-0.0213819
0.0169989
-0.029487
0.0397563
0.00651564
-0.0677901
0.00712576
0.00170485
0.00786991
0.0143284
0.0119028
-0.0338166
0.0445438
-0.048365
0.00630412
0.0384462
-0.0302679
-0.0473251
-0.0352608
-0.0474024
-0.037443
-0.0182754
-0.0125348
0.0335137
-0.00233261
0.0250865
0.04712
0.0424924
0.00378048
-0.0474508
0.0316012
-0.0468366
-0.0288152
-0.00441013
-0.0197048
0.0386192
-0.00220199
0.0293317
0.0288337
-0.00998516
0.00115977
-0.00325643
0.0205992
0.0495319
-0.045985
-0.00723798
0.0430809
0.0112179
-0.0481561
-0.0312558
-0.0404021
-0.0433538
-0.0233698
0.00555626
-0.0319746
-0.0253467
-0.0284805
-0.023497
0.0382998
-0.0433727
0.0420984
-0.0192897
0.0442206
0.0156326
0.0235396
-0.00873881
0.0471497
-0.000257796
-0.0397617
-0.00820717
0.00944105
0.0472949
-0.0437772
0.0380217
-0.04583
-0.0263655
-0.00986613
-0.00639501
0.0186442
0.00813828
0.00869013
0.0372372
0.0158342
0.0276891
0.0183438
-0.0277651
0.0438507
-0.046729
0.0782869
0.00671072
0.0427274
-0.0396712
0.0117477
0.00195992
0.0293182
0.0431614
0.0369872
-0.0183423
0.0145471
0.033385
-0.161149
-0.112547
-0.0662325
0.0168464
0.123926
0.0217777
-0.0263569
-0.0345967
-0.00127293
-0.0228199
-0.0355379
-0.0479447
-0.0179359
-0.0109611
-0.0260089
-0.0385462
-0.0171263
-0.0554244
-0.00631966
-0.00851145
0.0458786
-0.0235222
0.0353852
0.205643
0.0945487
0.1185
-0.0418523
-0.0935507
0.00262611
-0.00927056
0.0627401
0.0139807
0.00652663
0.00306679
0.0527649
-0.0436211
0.011976
0.0147896
-0.0154508
-0.00747395
0.0208162
0.0134774
0.000595029
-0.0473528
0.0491809
-0.0329424
0.0103549
-0.0272279
0.0220853
-0.0427372
0.0181518
-0.0389869
0.0370285
-0.0399398
0.0332805
-0.0313047
-0.029556
0.0046875
0.00393256
0.0497016
0.0432858
-0.0190085
0.0094919
0.0202014
0.0431226
0.0302209
-0.00335297
-0.0410195
-0.0549215
0.00131435
0.0552163
-0.0658058
-0.00403619
0.00985614
0.00707808
0.00672266
-0.0256643
0.0321338
-0.042838
0.0215711
-0.00770357
-0.055821
-0.0391083
0.0696687
0.0381802
-0.0289655
0.0281441
-0.0241944
-0.0717644
-0.0176693
-0.0567207
-0.0472117
0.0321825
0.000335496
0.0282865
0.0393957
-0.0135934
0.00274343
0.0394318
0.036399
0.0430226
0.0454994
0.0145174
0.00594831
0.0392275
-0.0155819
-0.0272916
-0.00566128
-0.00862462
-0.0267325
-0.0422704
0.0146027
-0.00311473
-0.0214341
0.0176947
-0.0331864
-0.019021
-0.0301867
0.0726958
0.0613882
-0.0304238
-0.0147599
0.00223561
0.0245387
0.0630009
0.00232717
0.0252835
-0.00444635
-0.0149979
0.037577
-0.0116556
0.0288913
-0.0047458
0.00893581
0.00873741
0.0240601
-0.0371619
-0.0227681
-0.00942978
0.0422245
-0.00399009
0.00438054
-0.0369152
-0.0324874
0.00880564
0.0247365
-0.0448474
0.0340433
0.0358983
-0.044546
0.0360621
0.0447429
-0.0327301
-0.0110987
-0.0117751
0.0223792
-0.0131057
-0.0405523
-0.0209703
-0.0346297
-0.0103341
-0.0263566
-0.00889147
-0.0367035
-0.0352645
0.0039434
-0.00609315
0.050165
-0.012602
-0.0172623
0.00264213
-0.00427128
0.0115712
0.043863
-0.0222522
-0.0285213
0.025252
0.042471
0.0487325
-0.0287817
-0.0196872
0.0137417
0.0454391
-0.0385399
-0.0435859
-0.00481256
0.0338327
-0.0138468
0.00689309
0.0256474
-0.0440598
-0.0462489
0.0006624
0.027288
-0.00463764
-0.031086
-0.0366053
-0.0317536
-0.0496726
0.0228411
0.0391072
0.0428089
0.0527114
-0.00203931
-0.0644765
0.0178003
0.0114306
0.0174686
0.0217801
-0.0293819
0.0359889
0.0295713
0.00950993
-0.0177601
0.0709471
-0.00298876
0.0465303
0.0706368
0.018223
0.00974751
0.00727772
-0.0355067
0.0355825
0.0296222
0.0220153
0.079542
0.015756
0.014521
-0.021163
0.0396724
0.0275267
0.0192064
-0.0559948
-0.0194011
-0.0666727
-0.0284011
-0.0230198
0.000697363
-0.0086584
-0.0108133
0.0330924
-0.0260056
-0.0447026
-0.0335025
-0.0380954
-0.0803321
0.017154
-0.0329078
-0.05095
0.0244417
-0.0364741
-0.0345565
0.00610731
-0.0246989
0.0380756
0.0100344
-0.0382327
-0.0194179
0.0689334
0.0583929
-0.0140351
0.0100842
-0.0144492
-0.00707618
-0.0131522
0.00011884
-0.0464174
-0.00997729
0.00502284
-0.0297459
0.0120925
0.0336578
-0.0293097
-0.03237
0.0162222
-0.0141415
0.0686906
0.061325
-0.0401611
7.63031e-07
-0.065478
0.00487599
-0.0121394
-0.0209494
-0.0176248
0.001255
0.0132924
-0.00690956
-0.0322393
0.00234788
0.0425513
-0.0458904
-0.0122135
0.00374316
-0.0198293
0.0369428
-0.0191373
0.0439154
0.00105847
0.00790631
0.0198814
0.0601168
-0.0170021
0.03673
-0.00421434
0.0240459
0.0391482
-0.0258244
-0.0548538
-0.0706293
0.00312797
-0.0311914
-0.0475873
0.0319209
0.0105186
0.042861
0.0513491
0.0160133
-0.0559692
0.0463482
-0.0497466
-0.0359757
-0.0228467
0.0601011
-0.00707257
0.00326367
0.0348999
-0.0408508
-0.0839431
0.0418393
0.0150454
-0.0237666
0.0392752
-0.038157
0.0337412
-0.0434972
-0.0301556
-0.0148923
-0.0141022
-0.00862501
0.00914559
-0.0469871
-0.0411175
0.0335814
-0.0202785
-0.00320702
0.042674
0.0272209
0.0441604
-0.0262506
-0.0431426
-0.0322689
-0.0243839
-0.0425264
0.0464942
0.00407997
-0.0170126
-0.0355317
0.00595262
-0.0117186
0.0489233
-0.0294009
0.0376271
0.0264009
0.0484876
0.0381376
0.0356558
-0.0292903
0.0462047
0.0305868
0.00469668
0.0473136
0.00772007
0.0173531
0.00251069
-0.0384569
0.0269817
-0.0247728
0.0263249
-0.00160964
0.0256795
-0.0401675
-0.0195308
0.036753
-0.0212561
0.0203974
-0.0354205
0.0479328
-0.00435583
-0.0399374
0.0471316
-0.029767
-0.0391378
-0.00144707
0.0404925
-0.0296411
-0.0567983
0.00897805
0.0146981
0.0235095
0.0118709
-0.0310451
-0.00409855
0.0898164
0.0414724
-0.00761791
-0.0143255
0.00403479
0.0405346
-0.0338645
0.0198525
0.0424215
-0.00941867
0.0234424
-0.0427933
0.145252
0.0897745
0.0723163
0.031774
-0.00444936
-0.0267493
-0.0203448
0.0566592
-0.0214914
0.0201443
0.0145222
-0.0399094
-0.0507239
0.0258101
0.0410307
-0.0316555
-0.0261624
0.0108668
0.0595468
0.00436341
0.0440418
-0.025651
-0.059643
-0.156828
-0.120759
-0.0206428
-0.0686197
0.0736784
0.0162001
0.0344984
0.00758996
-0.0244566
0.0373425
0.0327647
0.0549731
0.0355309
0.0771257
-0.0367847
0.0421393
-0.0285084
-0.0911039
-0.0206512
-0.0164219
-0.0322755
-0.00739521
0.0186215
0.0605465
0.0179107
-0.0717499
-0.0202478
-0.00411719
-0.0453
0.0156174
0.0766007
-0.0276937
0.0351721
0.00889612
0.0272414
0.0163466
-0.0419959
-0.00601893
-0.0148501
-0.0755373
0.00777546
-0.00285905
0.031597
0.00989333
-0.0460269
-0.0310355
-0.041153
-0.0391676
0.122969
-0.00627899
-0.0185933
-0.0201096
0.0357853
0.0212654
0.00566722
-0.0423508
-0.05615
-0.0146233
0.00474267
-0.0169497
0.0262403
-0.0215002
-0.000771144
-0.0257351
-0.0114639
0.0104881
-0.0322184
-0.000917439
-0.0428817
-0.00375908
-0.0162375
-0.00807347
0.0258545
-0.0351614
0.021305
0.0367428
0.0489789
0.00879995
-0.0388307
0.0503102
0.0747209
-0.0343043
-0.0348103
0.0222797
-0.0493118
0.0665264
0.0114662
0.0298501
-0.0224054
0.00929562
-0.0589872
0.00236905
-0.0114716
-0.027204
-0.0490863
0.000462732
-0.0313087
-0.0256298
-0.0555831
0.0346869
-0.0327647
-0.0269685
0.013304
-0.0231986
-0.0189722
-0.0176553
-0.0312307
0.0261023
-0.0251301
0.0459907
-0.0235342
-0.0524541
0.0471216
-0.0155905
0.0615005
-0.0156069
0.0108004
0.033139
0.00379505
-0.0308034
0.0125036
-0.0288525
-0.0282105
-0.000930168
-0.00316712
-0.0484942
-0.00198552
0.0459622
0.0262044
0.027645
-0.0360813
0.00969075
-0.0240901
0.0412768
0.0187281
0.0357639
0.00374875
-0.0225775
-0.037883
0.0431934
0.0103932
-0.0107315
-0.0341894
0.00772759
-0.0358154
-0.0372293
0.0102542
0.017115
0.00950093
-0.0241186
-0.0264272
0.0421714
-0.00925523
0.0273068
0.017243
0.0159534
0.0047939
-0.0143902
0.0331203
-0.0159913
0.0367418
0.0335594
-0.0375336
0.00691909
0.0194364
-0.0338749
-0.0293621
0.0107843
0.0144739
-0.000240785
0.0204585
0.0200119
0.022569
0.0329153
-0.016353
-0.0236665
0.0412494
-0.00924395
-0.0484006
0.0236881
0.0408718
0.0387097
0.0154687
-0.0230754
-0.048496
-0.0186339
-0.0297219
-0.0389089
-0.0563526
-0.120018
0.00857963
-0.0434139
0.0275586
0.0129165
0.0279078
0.0608091
0.0306921
-0.0577295
-0.0283359
-0.0219977
-0.0595251
0.0429038
-0.0169647
-0.102127
0.0886082
0.0532585
0.00187362
-0.0488582
-0.0174832
-0.0158987
0.000782389
0.0200777
0.0433722
-0.0406556
0.0576715
-0.0331832
-0.0109821
0.0169194
0.0111796
0.0423729
0.0554264
-0.0300644
0.00712207
0.0434014
0.0022742
0.00369976
0.0384116
0.0100854
-0.00484053
-0.0204685
-0.00358608
-0.0259536
0.000416909
-0.0285803
0.121438
-0.0484247
-0.0150448
0.0304168
0.0342262
-0.00586904
0.0241292
-0.00877073
-0.035403
0.0165804
-0.0189432
0.00743235
0.0864474
-0.0193434
-0.0287113
0.040253
0.0222392
0.0160442
-0.00804309
-0.038139
0.0312028
-0.0343695
-0.0148805
-0.00625413
0.0286171
-0.0230814
0.0321215
-0.0192002
-0.00370466
0.00204221
-0.0115627
-0.030031
-0.0299644
0.0359142
0.00932637
0.00170644
0.0519843
0.0580435
-0.0431177
-0.0538636
-0.0361808
0.0335104
-0.00484949
-0.0628605
0.00453672
-0.000799154
0.0314905
-0.0204478
0.00742446
-0.0487401
0.0358398
0.0649198
-0.00544019
0.0298906
0.0146595
-0.0528181
0.00959256
-0.00739418
0.0445174
0.0254152
-0.012829
-0.023852
-0.067297
0.0814154
0.017309
-0.0340744
0.0186666
-0.0482917
-0.0095492
-0.00967767
-0.00785528
0.00460989
0.0359217
-0.0258813
-0.00456532
-0.0119545
-0.0180958
-0.0127643
-0.00778205
0.013928
0.0376182
-0.0434096
0.00551153
0.0268469
-0.0155769
0.0104694
-0.0189418
-0.00650069
-0.0240489
-0.0188215
0.0043318
0.0338859
0.0461134
-0.0117034
-0.00740042
-0.0275294
-0.0245395
0.0242533
-0.0182312
-0.000497797
-0.0237824
-0.00731057
0.0222513
-0.00185685
-0.0316841
0.0350052
0.0125714
-0.0454103
0.0482378
0.0393451
-0.0474798
-0.0359659
0.0420748
0.010204
-0.0403557
0.00834303
0.0324654
0.00697229
-0.00958616
0.00184419
0.0229268
-0.0200776
-0.0174721
-0.0153406
-0.015946
-0.0316642
0.0307755
0.04545
-0.0454748
-0.0132759
-0.0277813
-0.0391084
-0.0463577
-0.0277279
0.00224882
0.0326505
0.0352095
0.00913274
-0.00965872
-0.0093182
0.0219206
0.00460875
0.00395114
0.0110242
0.000469331
-0.00841425
0.146914
-0.101484
0.0156393
0.033179
0.0474337
-0.0113946
-0.0226767
0.0736739
0.0196996
-0.0531329
-0.0428351
-0.0117751
-0.354663
-0.195302
-0.000842845
0.0295209
0.186993
0.105806
0.0876648
-0.0198362
0.0759358
-0.0582648
0.119434
0.13045
0.126613
0.0345163
-0.128757
0.0349388
0.0921843
-0.249642
-0.159904
-0.0722926
-0.0135727
0.0309032
-0.127871
0.585772
0.424902
-0.107531
0.0635167
-0.130801
0.167585
0.0514973
0.197787
0.0436561
0.0129219
0.139384
0.110835
0.0241491
0.0510993
0.221665
-0.020993
0.0151622
0.171855
0.0300637
-0.0645605
0.0232458
-0.000127135
0.0321877
0.224188
-0.0581986
0.0202857
-0.0180259
0.00209762
0.0400841
-0.0512642
0.1019
-0.0156603
0.0155612
-0.0942184
-0.087948
0.00722046
-0.0337108
0.0582586
-0.0102279
0.0351623
0.0356291
-0.0113299
-0.0447574
-0.00227809
-0.044217
-0.0302592
0.101793
0.0306468
-0.205388
-0.0387554
-0.0472479
-0.0215015
-0.0583414
-0.0334502
0.0703221
0.147839
-0.00596884
-0.0334596
-0.0214817
0.0308816
-0.0304474
-0.0131162
-0.0455462
-0.0401003
-0.0499667
-0.141281
0.00650159
-0.164987
0.00731541
-0.0248441
0.0190166
0.0450388
-0.0281914
0.012629
0.0774318
0.0247914
0.0428435
-0.0137114
-0.0215514
0.00130462
-0.1961
-0.0102356
0.0814467
0.0613089
0.00327439
0.170879
0.0542675
0.0454257
0.0373786
0.0137991
0.0201749
0.224864
-0.0131809
0.0232588
0.00730947
-0.0740944
0.0707341
-0.0724246
0.33164
0.0313684
-0.0421161
-0.0539004
-0.016601
0.0164688
0.0185352
-0.0486608
0.00204996
-0.0211746
0.0258397
-0.0379768
-0.0186841
0.00171832
-0.0177117
0.0295683
0.0706195
-0.082896
0.000322447
0.00140796
-0.0222154
0.00361578
0.0676311
-0.0226095
-0.0139131
-0.0365153
0.0401557
-0.0391766
-0.0365868
-0.000577437
-0.014026
-0.0890335
0.065225
-0.0371546
0.0376139
-0.00736632
-0.0222024
0.0480021
0.0196489
-0.0186464
-0.00469919
-0.0235629
-0.0405849
-0.0302383
0.0298346
0.0291839
0.0697101
-0.00308628
0.0284682
-0.0216255
-0.00403311
0.0572258
0.0413793
0.00837468
0.101698
0.040713
0.0314921
-0.0237625
-0.00688923
0.0166255
0.0223869
-0.0216161
0.10742
0.0551136
-0.0569538
-0.00429294
0.0392571
-0.0312217
0.00941756
-0.0407612
-0.0450663
0.0450244
0.0477261
-0.0100712
0.0235145
-0.0428131
0.0403073
-0.041981
-0.022722
-0.0141229
0.0740165
-0.0672902
0.0893299
0.139417
-0.0195046
0.0303577
-0.0577001
-0.0541576
-0.0327699
0.0225718
0.0584258
0.168552
0.147785
0.08083
-0.0623356
0.0222271
-0.0126927
0.0529377
0.130216
0.033439
-0.0466215
0.0321045
0.0665585
-0.0395106
-0.0158218
0.159188
0.103059
0.0202187
-0.0392871
0.0788388
0.0299277
-0.0102005
0.04906
0.0315579
-0.249505
-0.027433
-0.0425641
-0.02783
-0.0148102
-0.0100604
0.0268346
-0.116506
-0.207458
-0.121718
-0.0438716
0.0505218
0.129451
-0.0213142
-0.0249731
0.01393
-0.0741634
-0.0421782
0.020702
-0.0504369
-0.0488473
0.0545199
-0.072004
0.0377436
0.0566661
-0.0283433
-0.0111403
-0.0585296
0.222384
0.264098
0.135253
-0.438013
-0.0199548
0.0344856
-0.0825751
-0.199187
0.0403184
0.0212592
-0.314074
0.00982947
-0.298413
-0.0401835
0.391087
0.244725
0.105493
-0.0870318
0.067302
-0.0557858
-0.064987
-0.0262704
-0.0644207
-0.0561824
-0.143688
0.110375
0.0280884
-0.0452818
0.101291
0.157409
0.082962
-0.206622
-0.047755
-0.0378178
-0.279558
-0.00708319
-0.0654155
0.460329
0.177655
0.0014859
-0.00754383
-0.149422
0.0532911
0.0282965
0.101277
0.174396
0.132964
0.110445
-0.0017094
0.00211031
-0.0255731
-0.0153855
-0.00618055
0.000719871
0.0416294
0.280039
0.0963566
0.0323445
-0.00791874
-0.0201545
-0.0234632
0.0645028
0.0419616
-0.0457766
-0.0212814
-0.0948892
0.0382305
-0.0436624
-0.00166801
-0.0202989
-0.0459704
-0.0462148
0.00775655
-0.000433722
-0.0317033
-0.024595
-0.0470844
-0.0440803
-0.0153684
0.0471686
0.0491448
-0.0258058
-0.0454845
0.00651117
-0.0435642
-0.0121789
0.0135526
0.0219708
-0.00458327
0.0410013
0.00665836
-0.0142048
-0.010567
0.0188179
0.0414842
0.0569759
0.00220315
0.0157685
0.0235295
-0.0408471
0.00812901
-0.0464417
0.0267034
-0.0269738
0.0398247
-0.0140528
0.0564413
0.0174496
-0.0388062
0.0378831
0.0228887
-0.0093634
-0.0297356
-0.0428822
-0.014895
-0.0130166
0.0459269
0.0224815
0.0145937
-0.0332042
-0.0227682
0.00295748
-0.0202427
-0.0469667
0.0274191
0.0306409
-0.0622016
0.0534443
0.0130823
-0.0207775
-0.00504617
0.0212989
0.0989763
-0.0662419
0.05399
0.0261093
-0.0273189
0.0402773
0.0458954
0.0143143
-0.142785
-0.0463408
-0.055336
0.00639065
0.036898
0.122695
0.0240428
0.0108681
0.0674658
0.00863345
0.0353109
-0.0484542
0.158372
0.0693441
0.331369
0.095873
-0.154953
-0.182201
-0.115598
0.0517578
-0.0518318
0.0297302
0.0181707
0.0430191
-0.0551285
0.0234887
0.0305455
-0.00769509
-0.0388109
0.150039
0.0423202
-0.221341
0.0207291
-0.103303
0.138211
-0.195919
-0.167014
0.0222548
0.0545867
0.0932914
-0.0923605
-0.0298016
-0.0295666
-0.0145925
-0.0284367
-0.0839716
-0.0648196
-0.0258248
-0.0472856
-0.11917
-0.0468259
0.0628687
-0.0795347
-0.0168283
-0.000103908
-0.0347587
0.1872
0.0505801
0.0197059
-0.0575341
-0.0970505
0.289584
-0.0171034
0.0641002
-0.0687771
-0.0377255
0.0397463
0.00210044
-0.0477359
0.0217204
0.0510161
-0.058126
-0.0197724
0.0734172
0.0348654
-0.0104009
-0.000174313
0.0600879
-0.0115174
-0.0419336
-0.00979212
0.00275445
-0.0344026
0.0139905
0.0968458
0.0274686
0.0228713
0.0428115
0.0518435
0.0419404
-0.163644
-0.0354895
-0.0130082
0.065967
0.0715279
-0.0793062
-0.00444407
0.0249285
-0.00229363
-0.116306
0.0734121
-0.0977847
0.0157889
-0.0156287
0.00661854
0.00686771
0.027276
0.0431718
0.0350012
-0.0866678
0.0221847
0.00613987
-0.0487412
-0.0300284
0.0557374
0.0138943
-0.0230288
-0.0201637
-0.0620118
0.0379565
-0.0114493
-0.150199
-0.0367779
0.0320076
-0.0448903
-0.0659012
0.119549
0.00910146
-0.0213656
-0.00648991
-0.0765248
-0.0422893
-0.0481654
0.0401313
-0.05759
-0.00300424
-0.0263908
-0.0110498
0.046962
-0.0121844
0.0384753
-0.0441077
-0.00529261
-0.0302805
-0.000148948
-0.0695037
-0.0661303
0.010154
-0.00184141
-0.00693674
0.00462258
-0.0178861
0.031919
-0.0414277
-0.0080662
0.0405591
0.0258275
-0.00391068
-0.0157664
-0.04581
0.0151517
-0.0341905
-0.0250232
-0.0422161
-0.0130271
-0.0786853
-0.0335856
-0.00882697
0.00346647
-0.0443133
0.0466114
-0.0403654
0.0433982
0.0160878
-0.0246601
0.0104888
0.0103863
-0.00268336
0.00450142
-0.0913509
0.00449744
-0.0217497
-0.0433561
0.0467956
0.0135089
-0.0334061
-0.0550403
-0.0750587
-0.0448229
0.0302903
-0.00523151
-0.0132331
-0.033365
0.0392034
-0.040655
0.0296264
-0.0508556
-0.0367485
-0.0477495
0.0476788
0.00298543
0.00560632
-0.0128499
-0.0482811
-0.0332247
0.00159576
-0.0301806
0.0155696
-0.0185187
0.0400016
0.0451808
0.0324623
-0.00116343
-0.0566448
0.0789437
0.045024
-0.165743
-0.0299525
-0.0635111
-0.0519172
-0.0311855
-0.0388041
-0.0459901
-0.0320193
-0.0906318
0.059158
-0.0452449
-0.0176166
0.0287329
-0.0343051
-0.0519696
0.0214403
0.00314904
0.000811364
-0.0552624
-0.0054574
0.0671815
-0.0537871
-0.150935
-0.0785971
0.0923925
-0.0535202
-0.0652025
-0.0565589
0.0225811
-0.0379963
0.0447402
0.0510232
0.043289
0.0229958
0.0290641
-0.0730943
0.00934484
0.00287898
0.0669731
0.0705229
-0.0373865
-0.0375821
0.060213
-0.0458849
0.0923406
-0.0721328
-0.0198001
0.0668785
0.0528341
-0.0253551
0.0445797
-0.0547688
0.0207797
0.089137
-0.0733818
-0.0926394
0.0656378
0.0694559
0.0727356
0.126752
0.162372
0.151762
-0.174991
0.0204512
0.0205318
-0.176497
-0.100422
0.048854
0.034755
0.217512
-0.0835675
0.0836845
-0.103423
0.0948776
0.00741275
-0.0525918
0.0560717
0.00297625
-0.0457513
0.0757514
0.0165336
-0.0255225
-0.0191322
-0.0416134
0.106535
-0.0552801
-0.0384004
0.0572305
0.0529186
0.0264443
0.202604
0.268849
0.0637241
0.196387
-0.0155691
-0.0234033
-0.094169
0.0774841
0.0137647
-0.0419373
0.0650161
0.0332595
0.0549482
-0.060335
-0.0462694
0.0329045
-0.0355938
-0.122141
0.0283715
0.0129598
-0.000283251
-0.0115631
-0.0396785
0.0228816
0.0100883
-0.0695031
-0.208303
-0.0632295
-0.00420432
-0.00727598
0.0587782
-0.028434
0.0336224
0.03253
0.121576
-0.0239286
0.024036
0.0362848
0.0238788
0.0337743
-0.0458574
-0.0210377
0.0216941
0.0307245
-0.031677
-0.00646621
-0.0267317
0.00627482
-0.0124659
-0.0374647
0.0234215
0.0175773
-0.0299765
-0.00635445
-0.0358567
0.0163748
-0.0046638
-0.0447783
-0.0210881
-0.0396576
0.0199559
-0.0452107
-0.016041
0.0312424
0.00282663
0.00473729
-0.0240367
-0.0277279
0.0179117
-0.0439887
0.00858758
0.0217789
-0.0367147
0.0455726
0.00384123
0.0260177
0.0234219
-0.0445792
-0.0224552
0.041019
0.0397711
-0.0164811
-0.0301173
-0.028289
0.0322106
0.0329446
-0.0164153
0.0166332
0.000286346
0.0185558
0.0387701
0.00438639
-0.0396155
-0.0373026
-0.0594165
-0.00459077
-0.052725
-0.0114572
0.00578375
0.0150069
0.023385
0.0328774
-0.0586857
0.0258974
0.0697757
0.0439475
-0.0113452
-0.0129154
0.0241769
0.165829
0.00717044
0.00513587
-0.0348985
-0.0390484
-0.050578
0.0108897
0.00677293
0.0438751
-0.0186368
0.0282634
-0.0359344
-0.0199965
-0.0812015
-0.0562639
-0.00213919
0.0566926
0.0366631
0.0392579
-0.0550237
-0.00525124
0.0337523
-0.0568692
-0.0153796
0.0174554
-0.0540708
-0.00493
0.043329
-0.0145782
0.020567
-0.0459396
0.0192271
-0.0363005
0.063765
-0.0699282
0.152673
-0.0106368
0.116723
-0.0215302
-0.0212249
0.053815
0.0214108
0.0313523
0.0161481
0.0179358
-0.00418233
-0.00317167
0.0692811
0.0221869
-0.0146856
0.00472144
-0.0442937
0.0438734
0.000993073
0.0793203
-0.00540107
-0.0364019
0.0450922
-0.0267963
0.0530594
0.0682485
-0.0175981
-0.00718757
-0.0208835
0.0318446
-0.0111444
-0.039871
-0.0453974
-0.02415
-0.0378335
0.0274259
0.0428629
-0.0124724
0.00941872
0.00172706
0.00614579
0.018639
-0.0206372
-0.00840151
0.0311009
-0.0418008
0.0497119
0.00230323
-0.013526
-0.00856994
-0.0383845
-0.0145426
-0.00226084
-0.057455
-0.00225563
0.00524328
0.0500013
-0.015883
-0.0225636
0.00877153
-0.0456274
0.0404636
0.0071043
-0.0366105
-0.0678115
-0.0338025
0.0142395
0.0459088
-0.00125048
-0.0475382
-0.0144964
0.0275135
0.00681504
-0.0257973
0.0102535
0.0229881
0.01647
0.0147179
0.0464795
-0.0242775
-0.0211404
0.0283705
-0.049658
0.00740885
0.0158805
0.059336
-0.042669
-0.000209738
0.0319596
-0.0410046
0.0536499
0.0806474
-0.0319151
-0.0167501
-0.0225392
0.0920047
0.00901858
0.0846194
-0.0282719
-0.0486909
0.00317885
-0.0112054
0.00669272
0.033462
-0.0203579
-0.0429275
-0.0249603
0.00452221
0.00404377
-0.034472
-0.0205383
0.0132341
0.0439464
-0.00769922
-0.0220984
0.0238462
0.0266919
0.00201356
-0.0341177
-0.0133476
0.0463133
-0.0432773
-0.000589861
-0.045084
-0.0295874
0.0310057
0.0177151
0.0424039
-0.045605
0.00543583
-0.00720621
0.032689
-0.0039901
-0.0110872
-0.0250009
-0.0241485
0.0263496
-0.01768
-0.0359783
-0.00292152
-0.018547
0.000698716
-0.0196569
0.0178675
-0.015767
0.0220155
-0.0511847
0.0119244
0.0279961
-0.0135162
-0.0470728
-0.0408172
0.0572673
0.0182374
0.0405176
0.0233211
0.000777937
0.0434641
-0.00293459
-0.0334098
0.0314865
0.0120923
-0.0365498
0.031976
0.0266585
0.0182084
0.0489821
-0.0382404
0.0459811
-0.0136594
0.0376236
0.00198549
-0.0260652
-0.0469103
-0.0213894
0.041638
0.0399013
-0.0160355
0.0298139
-0.0510793
-0.0402397
0.0677365
0.0462291
-0.0394613
-0.0567785
-0.0269333
-0.0483049
-0.0449224
0.0453966
-0.00491744
0.0650308
-0.0182184
0.00800095
0.023778
0.0595009
0.0277214
0.0292355
-0.00426115
0.0115601
-0.0300129
0.0487696
-0.0294462
-0.012404
-0.0029276
0.066154
0.0446083
-0.0483782
-0.0100856
0.0236422
0.0474056
0.0778872
-0.0542868
0.0932782
0.0118544
-0.00502697
-0.0531848
0.0617674
0.0403136
0.0418979
-0.0292131
0.0206382
0.0422694
-0.0601432
0.00185825
0.0395123
0.0261954
0.0165221
0.028878
0.0356821
0.00662784
0.0339269
0.0441167
0.00139081
-0.0172744
-0.00527529
0.0239563
-0.0108095
-0.0196209
-0.00973962
0.0190769
-0.0352286
-0.049575
-0.0408999
0.0097027
-0.0290905
0.0283534
0.0446205
0.00754019
-0.0345994
0.0252827
0.0685361
0.0391795
0.0507135
-0.0268266
0.0155738
-0.0453958
0.00467228
-0.062682
0.0132615
0.00693891
-0.00799509
-0.014879
0.0354893
-0.0047702
0.000501554
-0.0161
0.0347571
0.00200103
-0.0256227
-0.0456997
-0.0106646
-0.0262149
-0.0126008
0.0517419
-0.0295516
-0.00510168
-0.0273588
-0.0794146
-0.0414301
0.033364
-0.000143419
0.0292922
0.0514469
0.0271731
-0.00771575
0.0314963
0.011441
-0.0437872
-0.0290759
0.0336819
-0.00696463
0.0349214
0.0312348
0.000466283
-0.0280006
0.0024751
0.0802167
-0.0921167
0.0144025
-0.0350692
0.0420188
-0.0182331
0.00616558
0.00309852
-0.0330036
-0.00211595
-0.0324806
-0.00182035
0.0423984
0.0043088
0.0232503
-0.0266341
-0.0394503
-0.0225235
0.0176103
-0.0526545
-0.0143391
-0.0374112
-0.00632813
-0.0476753
-0.0415899
0.00697037
0.016988
-0.028607
-0.0457116
0.0350649
0.0493254
0.0454469
0.0295879
0.0446127
0.0152371
0.0150815
-0.0262697
0.0474515
0.0463651
0.00608615
-0.0106418
-0.0233378
-0.0218902
-0.00482428
0.0337695
0.0257007
0.0103538
0.0330034
-0.0158595
-0.0396037
-0.00116696
-0.0406394
-0.0158797
-0.0208642
-0.0428695
0.0416604
-0.0157554
0.0427031
-0.0110845
-0.035687
0.00376925
-0.0151372
0.0163863
-0.0465649
0.0399799
0.034414
-0.0401366
-0.0277532
-0.00159816
0.0116649
-0.0296272
0.0350705
-0.0271782
0.00735431
0.000997746
-0.00699077
0.030574
-0.0511861
0.0206535
0.0109633
0.0407461
0.00701419
-0.0252068
-0.00744315
-0.151735
-0.177547
-0.0198023
0.00763291
-0.0386401
-0.0352953
-0.034121
0.0471092
-0.0894803
-0.00324012
-0.0380405
-0.0273706
-0.262369
-0.155171
-0.240947
0.0809171
0.00678326
-0.0818057
0.0805593
-0.110708
-0.130981
-0.128193
-0.331942
-0.265153
-0.275802
-0.180211
-0.0443888
-0.000820853
0.0421277
-0.0142495
-0.00949981
-0.217909
-0.0391279
-0.0200617
-0.0885831
0.55268
0.315727
-0.0840389
0.0088063
-0.184382
-0.0289454
-0.0603553
0.166736
0.0579781
-0.0130244
0.0991063
0.0978228
-0.0467648
-0.0237201
0.275769
0.0154603
-0.0156616
0.0541549
0.0116138
-0.0441565
0.0195631
0.172316
-0.0421213
-0.14502
0.080008
0.0228503
0.007877
0.00710848
-0.227967
0.264604
0.0645409
0.0315492
-0.0352688
-0.0815542
0.0416174
-0.108448
0.136903
0.117368
-0.0349485
-0.0962348
0.0757991
0.0504388
-0.015213
-0.0130907
0.0262562
-0.00602617
0.0832427
0.0272843
-0.356673
-0.129103
-0.044351
0.0264391
-0.0976563
-0.079854
-0.309357
-0.0322075
-0.0528837
-0.037073
-0.0626446
-0.0281123
0.338642
0.0452383
0.0414924
-0.0245233
-0.216621
-0.0840603
-0.0815759
0.157003
-0.100222
-0.042285
-0.0261958
0.0223112
0.0153209
-0.0574902
0.0105863
0.0264048
0.0450049
0.0328747
-0.0286256
-0.0358739
-0.00399646
-0.0280975
0.023254
0.0215877
0.0141593
-0.0457987
0.110122
-0.0438005
-0.0412411
-0.0908793
0.0853331
-0.0401201
0.0313706
-0.00700491
-0.0263046
-0.0647451
0.0076883
-0.0372752
0.250955
0.0603429
-0.013415
0.0564153
-0.0116722
0.0476704
-0.0171062
-0.0631166
0.0249089
0.00208547
0.00958443
0.0273705
0.0311923
0.0550478
-0.0221683
0.00751663
-0.00240474
-0.0279052
0.0421296
0.0143227
-0.0844167
0.0199205
-0.0681424
-0.0220425
0.00189773
0.00604314
-0.00461531
-0.0228522
0.015164
-0.00302734
-0.0066414
0.0734834
-0.0340098
-0.0426827
-0.0394696
-0.0184409
-0.0331737
-0.025733
-0.00500009
0.00899538
0.0263169
-0.00423121
-0.0252806
-0.0598268
-0.00978246
-0.0480403
0.0787906
0.0144754
0.0428394
0.0489448
-0.0252228
-0.00784758
0.0152121
-0.0527525
0.0779709
0.00902028
0.0328547
-0.0291894
0.0294922
0.00537453
-0.0109968
-0.0130013
0.0669875
0.0105101
0.0432894
-0.0396878
-0.0412762
-0.0232378
-0.0150438
-0.0246781
-0.0227382
-0.00651447
0.0169318
-0.0220513
0.0604466
-0.0176507
-0.00268968
-0.0641584
0.0229267
-0.055429
-0.00499692
-0.20222
-0.0390099
-0.00788426
-0.0618406
-0.0512639
-0.00872034
-0.0482641
-0.00799161
0.0080167
0.0898012
0.101454
-0.0253875
0.0893322
0.0917449
-0.0472317
-0.0408301
-0.0471424
-0.085736
0.0759812
-0.0035044
-0.0184288
0.0523053
-0.114366
0.0244137
0.133815
0.0133415
-0.0308561
0.0473695
0.0216808
0.0191599
-0.0588268
-0.0106185
-0.0710535
-0.278733
-0.0232482
-0.0502149
-0.0472741
0.0970245
-0.0155435
0.0227715
-0.0477403
-0.0745049
0.0851642
-0.0624755
-0.0655112
0.0315298
-0.0551365
-0.0293895
-0.139397
-0.0602631
0.0119591
-0.0489275
-0.104129
0.0450437
0.043762
-0.160105
-0.0955287
0.0617543
0.0177078
-0.115576
-0.0828509
-0.20284
0.176012
-0.109444
-0.00750583
0.00584412
0.156204
0.118601
0.15888
0.00287376
0.00807485
0.00826334
-0.104381
-0.0396072
0.133053
-0.155795
0.113585
0.11238
0.0689948
-0.182009
0.0142989
-0.0256835
0.015266
-0.0389009
-0.020837
0.430912
0.201845
0.284886
0.0935127
-0.169738
-0.138948
-0.213643
-0.0947422
-0.196881
0.0024099
-0.2865
0.0651522
-0.042984
0.440422
0.0120001
0.00594091
0.0149869
-0.163226
0.0155837
-0.227997
0.0133734
0.0652093
0.0463564
0.0780364
-0.17031
0.0727158
0.0626223
0.0203706
0.0773725
0.0627426
-0.0449906
0.0385463
0.18643
-0.291313
-0.168263
0.0105197
0.0104365
0.0952213
-0.0326029
-0.0162125
0.0234532
-0.133877
-0.00651755
0.00175745
0.0483357
-0.00667231
0.036609
0.0433288
-0.0241042
-0.0353272
0.0199481
0.0203829
0.0111709
-0.0361209
-0.0387381
-0.0252245
0.0351057
0.0306788
0.0107272
0.0149933
-0.0273961
0.0420459
0.0276684
-0.0142296
0.0323134
0.0207643
-0.00575275
-0.02048
0.0340105
-0.031894
0.0320275
0.0394687
0.0448923
0.0217539
0.00407448
-0.0450216
0.0336607
-0.0457567
0.0380311
-0.0356219
0.0272462
-0.0179145
0.008357
0.0509658
0.0453835
-0.0366298
-0.0256622
0.0422421
-0.0269804
0.00803198
-0.00666314
0.0166998
-0.00641022
0.0265314
0.0389307
-0.0203231
0.0231145
0.0176675
0.0235181
-0.00665596
-0.0928805
0.0384921
0.0615325
0.0162829
-0.0580424
0.00910245
-0.0246124
0.0186105
-0.00242718
0.00375658
-0.0345217
-0.0122774
0.0399679
-0.0208664
-0.00799161
-0.0429204
0.102644
0.0281854
0.0258706
0.0380377
-0.0345711
-0.0387269
0.0104918
-0.0224142
0.000310187
0.0432333
0.0179685
0.0208145
-0.0720169
-0.0966184
-0.0155434
-0.015759
0.0883157
-0.0100676
-0.0290766
-0.0122827
0.00746489
-0.0105185
-7.61826e-05
-0.0484162
-0.0368728
0.0354293
-0.05491
0.00869642
0.0127546
-0.00277036
-0.0262593
-0.0555884
0.0263568
-0.0160116
-0.0331518
0.176604
0.043329
0.140198
-0.0404661
-0.0424602
0.0546441
-0.0188855
0.0474606
-0.027108
-0.0210421
0.028857
0.00791726
-0.0336837
0.030158
0.0516469
-0.00565995
0.000366343
0.0530815
0.027594
0.0507323
0.0284873
0.000499174
-0.0441561
-0.00870465
-0.0214524
0.0313748
-0.0361215
-0.00754011
-0.0176857
0.034991
-0.0370923
0.00513137
-0.0433521
0.0507103
-0.00119902
-0.0103478
0.0507064
-0.00668456
-0.0110722
0.0218526
-0.0489896
-0.0363851
0.00210862
0.00538797
-0.0161973
-0.0131316
-0.0274884
0.0451453
0.00601966
-0.0174169
0.0197389
0.03879
-0.0573884
-0.0206548
0.0429817
-0.035894
0.0361047
-0.0150154
0.0142699
-0.00382079
0.0270904
0.0388824
-0.0230906
0.00317436
-0.00750696
-0.0145943
-0.0272488
-0.0579478
-0.065429
0.0190477
-0.0345145
-0.0155654
-0.020952
0.0385695
-0.0071567
-0.0371509
0.0262691
-0.002057
-0.0133922
0.0215274
0.0348588
0.0162277
0.0470678
0.0278952
0.0507664
-0.0134545
0.00354566
-0.0461694
-0.0175935
-0.00418686
0.0149479
-0.0110591
-0.0203615
0.0336904
-0.0198037
0.0439266
0.0561002
0.00633753
0.0495388
0.0165464
-0.0187456
0.00454482
0.0309766
-0.000234385
0.0514234
0.0402227
0.0043221
0.00501109
0.0200519
-0.0107068
0.0312087
0.00115911
-0.0210289
-0.0489229
-0.0212307
0.0433663
0.0326582
-0.017584
0.0162932
0.00758036
0.000402839
-0.025624
0.0394063
-0.0340397
0.0320866
0.00729898
-0.00891908
-0.0221397
0.0127099
-0.00224033
0.0257707
0.0180284
0.0432153
0.00137273
-0.0424661
0.0430107
0.0122084
-0.0363504
0.0371293
0.0277234
-0.000941669
-0.0186317
-0.0204223
-0.0117001
0.0403291
-0.0430648
0.0218539
0.0219889
0.0303139
-0.0383952
-0.00869102
0.043235
0.0357785
0.0181867
0.0323199
-0.047003
-0.0401066
0.0180705
-0.0394625
-0.0267867
-0.0362001
-0.0633122
-0.0271572
-0.0341533
-0.0339639
-0.00272826
0.00300007
0.0417323
0.0158913
-0.0271829
-0.0368463
0.0387676
0.0351707
-0.0208872
0.028529
-0.0468843
-0.0127281
-0.0372372
0.0278475
0.0374624
0.0155224
-0.0161154
-0.0332525
0.0239286
-0.014398
-0.0338956
-0.0339522
0.00800743
-0.0227703
0.01175
-0.0095113
0.0192856
-0.0171401
0.0318966
0.0421044
0.0421276
0.00642034
0.0300429
0.0448911
0.0138512
0.0154052
-0.0519653
0.0560282
0.0263032
0.0283544
-0.00704384
0.0248725
-0.00171068
0.0392611
0.013893
-0.0211992
-0.063376
0.041003
-0.0135151
0.0194418
-0.0136573
-0.0208793
-0.0152621
0.0451827
-0.0358001
-0.0457238
0.0199163
-0.0159846
0.0117291
-0.0128516
-0.0361614
0.0341146
-0.0182297
0.0204649
0.0274963
-0.0354005
0.0110069
-0.000153239
-0.0421798
0.0178538
-0.0765466
-0.0559981
0.0168095
0.0179465
-0.0172525
-0.0275419
-0.0329108
0.0026102
-0.00296269
-0.00699534
-0.0500778
0.0123338
0.0319079
-0.0235895
-0.0180984
-0.0282341
0.0145905
0.0268257
0.0052053
0.0671354
-0.0357595
0.00648783
-0.0173427
0.000418718
-0.0394313
-0.0188963
-0.03741
-0.0076752
0.0383037
-0.0258241
0.0169124
-0.025474
0.0463836
-0.0327173
-0.00211009
0.0584499
0.0150845
0.0364075
0.0238451
-0.0467874
-0.0259897
-0.0243796
-0.0331163
0.0255791
-0.0156408
0.0282515
0.0118965
0.0179365
-0.0220179
-0.00959159
0.0154604
0.0158801
-0.0399806
0.00118535
0.0475977
-0.0250239
-0.00110759
0.00599172
0.01765
-0.0125184
-0.0342203
-0.00557132
-0.00854773
0.0220704
-0.0175755
0.0213527
-0.0301772
-0.00381213
0.0058233
0.044997
0.0189065
0.0319739
-0.00770406
-0.0180439
0.0304459
-0.00930623
0.0426942
0.0392695
0.0394081
-0.0150988
-0.000207191
0.0248594
-0.00555137
0.0316575
0.0488593
-0.0329862
-0.016409
-0.0363721
0.0355831
0.0120549
0.0361553
-0.00052798
-0.00813401
0.0135815
0.031159
0.0101926
0.0473213
-0.0337564
0.0220727
-0.0376101
0.031923
-0.0232729
0.0247409
-0.035556
-0.0436605
-0.0457608
-0.0220963
-0.00567128
0.0266237
0.0334016
0.0108956
0.0215702
0.0388676
0.0332028
-0.0228788
-0.0413516
-0.0275732
-0.0272613
-0.0178594
-0.0495042
0.0287203
0.0227482
0.0267402
-0.0229782
0.00694654
-0.0287741
0.0362866
-0.0390111
-0.0148921
-0.0147363
-0.0154376
-0.0325857
0.0237984
-0.0374814
-0.00903762
0.0161405
-0.0311324
0.00968196
-0.0299643
0.0514851
-0.0286703
0.036182
0.0491775
-0.00441532
0.0389853
0.0810559
-0.00168267
0.0222568
0.0407602
-0.0460628
-0.050196
-0.0358032
-0.00695276
0.0156196
-0.0412016
-0.0358738
0.0133448
0.0232403
-0.0734227
-0.000190248
0.0303558
0.0423988
0.0131729
0.000813163
0.0141758
0.00609656
-0.0201771
0.0153227
-0.0350403
0.0351584
0.0223417
0.00390829
0.0057664
0.0435462
0.0169598
-0.000231691
-0.0483648
0.0534431
0.0173726
-0.00264559
0.0620531
0.064022
0.0311785
-0.0452638
0.00713136
-0.0369167
0.0324254
0.0341151
0.0176675
-0.0277808
0.00462945
0.0483226
0.0521648
0.00815522
-0.00965134
0.0130708
0.0217111
0.0434693
0.0583592
0.0776869
0.025914
-0.0114634
-0.0106356
0.0355207
-0.047596
0.0412709
-0.0337158
-0.0307307
-0.00337239
0.0279311
-0.0326665
0.0113966
0.0291492
-0.000838315
-0.027438
-0.0207075
0.0131764
-0.0513313
0.0578051
-0.0365324
0.00699404
0.00937821
0.00641615
0.0146522
-0.00619033
-0.0214934
0.0010929
0.014705
-0.0625571
-0.0383607
0.0307577
-0.0233002
0.0176219
0.0347075
-0.0169374
0.0297532
-0.00228972
0.0362075
0.0325667
-0.0537301
0.0570217
-0.0145428
-0.0222313
-0.0443499
-0.0325599
0.0205428
-0.00297586
-0.0226317
0.0342147
0.0262634
0.0146634
-0.0318268
-0.0161099
0.0373252
0.0225394
-0.00902105
0.0120706
-0.0416783
0.0306508
0.0136381
0.00349374
-0.0294741
0.0270083
-0.0300237
0.0299577
0.0286613
0.0303411
0.011812
0.00703723
-0.0352431
0.0361452
0.0411214
0.0478259
-0.0419767
-0.0114374
0.051042
0.0302975
-0.0187741
-0.0779242
-0.059837
0.0242302
-0.033516
0.0156438
0.0264351
-0.00382094
-0.00708041
0.0183166
-0.048998
-0.0127623
0.00684626
-0.0114312
0.0584695
0.0122129
0.000211744
-0.0271834
0.00240667
0.0414244
0.026808
0.0393988
0.0117359
-0.0485296
-0.0189541
0.00658435
0.0354965
-0.0382757
0.0376996
-0.0350238
0.023492
0.0336358
-0.0645244
0.0291532
0.00694183
-0.0301723
0.0221048
-0.00156772
0.0487239
0.046305
-0.0405169
-0.0365186
-0.00817131
-0.011477
0.0411592
0.0329566
0.0409107
0.0307087
0.0368106
-0.0137882
-0.0204017
-0.0420334
0.00695283
-0.00150946
-0.0390888
0.00466607
-0.00756896
-0.0123779
-0.0458811
-0.0249975
-0.0387792
-0.00869783
0.0163157
-0.0225229
0.0259155
0.0078462
-0.0126784
0.0113535
0.034284
-0.00833917
-0.025645
0.0111805
-0.0269354
-0.0362251
0.0419947
0.031468
-0.0480628
0.018539
-0.0208004
0.0230358
-0.0181857
0.00435911
-0.0115793
-0.0472421
0.0159519
0.00269444
0.0534457
-0.0118957
-0.00599911
0.00674051
-0.0135844
-0.0141174
0.0578257
0.0250735
0.0793199
0.0351531
0.0474065
0.0607328
0.0539309
0.013208
0.021134
-0.0100918
0.0509425
0.0233827
-0.00989286
0.0390811
0.00416926
-0.0355043
0.0531503
0.0158702
0.0553656
0.0425233
0.0120415
-0.035869
-0.063531
-0.0403867
-0.0451228
0.0504441
-0.00799005
0.0279338
-0.0473504
0.00434407
-0.024033
-0.0134589
-0.0280789
-0.0100201
0.00647223
-0.0505759
-0.045319
0.0660377
-0.0566828
-0.00876248
-0.0136889
0.0495744
0.000826374
0.00222497
-0.0218485
0.0247482
-0.00430171
-0.00914363
-0.0207702
-0.0441416
0.0407094
-0.0412433
0.0276337
-0.00618202
-0.0279591
-0.0416196
-0.0479385
-0.0414005
0.0443974
0.0284837
-0.000776055
-0.0160886
0.0284421
0.00465761
-0.00331679
-0.0148771
-0.0378255
-0.0159093
0.0368223
0.00215205
0.0462305
-0.0243239
-0.00466426
0.0177376
-0.0153117
-0.00282226
0.00926157
0.011889
-0.0275933
0.0340734
0.0170949
-0.027741
0.0070972
-0.0709866
0.00769783
0.0760119
-0.0453482
-0.0181163
-0.0293582
0.000225793
-0.0322696
0.00492741
0.00946553
-0.0257445
-0.0174744
0.0419157
0.012784
-0.0135531
-0.0357485
-0.0223032
0.0198024
-0.00513341
-0.0181306
0.0231512
-0.00104184
0.0332435
0.0141882
-0.000797091
-0.077713
0.0362191
-0.0113462
0.00135138
-0.0157881
0.0328351
0.0316476
-0.0439643
-0.0527639
0.00305011
-0.0252782
0.0232361
-0.00513307
-0.0204956
0.00387388
0.0437929
0.0361998
-0.0361012
0.0139505
-0.0182693
-0.0109746
-0.0244664
0.0454889
-0.0209881
0.00201179
-0.0183834
0.0251062
-0.00529716
0.0313375
-0.00231408
0.0344826
-0.0476541
-0.0433259
0.00995816
-0.0395852
0.0283364
0.0307092
-0.0434859
0.0345118
0.0157931
-0.0263036
-0.0345882
0.00720649
0.0130967
0.0398052
-0.0338374
0.018849
-0.0051296
0.0165785
0.0112083
-0.0183705
0.0283193
-0.0161592
-0.0312836
-0.045172
-0.0311369
0.0350868
-0.0207268
-0.0111364
0.0226859
-0.0161759
-0.0193572
0.0107426
-0.0332586
-0.0192828
0.00998983
-0.00663613
0.0439084
-0.0145752
0.0157396
-0.00721395
0.00953436
0.0149007
-0.0335826
-0.0115346
0.0118513
0.015068
0.0319601
-0.0441332
-0.000984043
-0.00331972
-0.0367653
-0.0175746
0.0431305
0.0441249
-0.0279242
0.0323458
0.00272408
0.0226534
-0.00700439
0.039031
-0.00716696
-0.0495258
-0.0505478
-0.0375139
-0.0597084
-0.0346251
0.0223737
0.0222941
0.00382843
0.0493629
0.0385518
-0.0485307
0.02275
0.0422084
-0.0248186
0.00758819
0.0513386
0.0546841
0.0210052
0.0421589
-0.00578531
0.0190986
0.0218979
-0.0211163
0.0157834
-0.033376
0.0436979
0.0832562
0.0521784
0.049721
-0.0448992
-0.0547632
0.0118243
0.034794
0.00587391
-0.049032
-0.0566188
-0.0118152
-0.00799969
-0.0407924
-0.0595909
0.0262603
-0.0073835
0.0279454
-0.0464835
0.0350295
-0.0311378
0.00414642
-0.00827953
0.00964976
0.0407483
-0.0262261
-0.034152
0.00920725
-0.00108645
0.00765022
0.0169398
0.0257212
0.00144598
0.00532097
0.0393723
-0.0393234
0.0140139
0.0301614
0.034678
-0.00776713
0.000906297
0.00973122
0.0563374
-0.04335
0.0375282
-0.00614896
0.00630514
0.0503648
-0.00340087
-0.0147079
0.0131296
-0.0338919
-0.000580383
-0.0156398
-0.011559
-0.0368924
-0.0174282
0.00353522
-0.0415125
0.0366964
-0.0223932
0.0589474
0.0424142
-0.0348193
-0.0365805
-0.00302489
-0.0194456
-0.0502986
-0.00297303
0.0332895
0.0193455
-0.040287
-0.0122323
0.0248765
0.0284432
-0.00545451
0.0389116
-0.0357937
-0.0177509
0.0396794
0.00312031
-0.0117434
-0.0314395
0.0400009
-0.00159153
0.00980687
0.022163
0.0627917
0.0411503
0.047432
0.00548116
0.00464102
-0.0417826
0.00601616
0.000263932
-0.0182812
-0.042808
-0.0204035
-0.0136051
0.0126589
-0.0132378
-0.0187973
-0.0419707
-0.0183661
-0.032802
-0.0165878
-0.0522032
0.0486917
0.0154582
-0.039399
-0.0116406
-0.0134343
0.00934769
0.0476997
-0.0140887
0.000481073
-0.0236561
-0.0312021
0.0091523
0.0454769
-0.0176485
0.00423582
-0.0490388
0.0216269
0.00595994
-0.0157062
-0.0440295
-0.047672
0.0378562
-0.0255091
-0.0108362
-0.00846006
0.0413475
0.00749035
0.0195916
0.0234011
0.0260991
0.0167902
0.0280587
0.0456333
0.0330276
0.0112237
0.0318791
-0.0318082
0.00796573
-0.0217668
0.0241649
0.0285435
-0.00224249
0.0269173
-0.0304969
0.0190913
0.0459732
0.0208609
-0.0142997
-0.0104948
0.0410906
0.0102839
-0.0455815
0.0307133
-0.0172466
0.043865
0.00908242
0.0341203
-0.0455014
0.0378072
0.00129773
-0.0475288
-0.0194124
0.0162721
-0.0302036
-0.0107017
0.00431504
-0.0298576
-0.0330753
0.00294777
-0.0243344
-0.0189521
0.035776
0.0122581
-0.00218091
0.026089
0.0320227
-0.0421
0.0249564
-0.0430344
-0.0377218
-0.0236152
0.000673476
0.00860729
0.0690367
0.0281432
0.00540555
0.0245246
0.0430896
-0.0142331
-0.0251591
-0.034855
0.0134302
0.00676975
0.00865234
0.022603
-0.0236205
-0.0334929
0.0661555
0.00405509
0.0201571
-0.0262228
-0.0412804
0.0255419
-0.0156163
0.00019705
-0.0309242
-0.0344615
-0.0310427
-0.0456202
0.0432255
-0.0158592
0.0388461
0.0460028
-0.0354428
-0.0027166
-0.0280494
-0.0482771
0.0520388
-0.0150804
0.049219
-0.0412879
-0.0266036
-0.0175867
0.0438231
0.0219824
0.0187806
0.00538392
0.00883135
0.0197082
0.0406993
0.0236088
0.0121703
0.00074143
-0.014512
-0.0205483
-0.0290584
-0.020417
-0.0176071
0.0329292
-0.0141837
-0.0129908
-0.0108119
-0.00304487
-0.0362504
-0.0232684
-0.0512798
0.0337223
-0.056605
-0.0129446
0.0136494
-0.0361328
-0.00522981
0.0385334
-0.0150173
-0.0442336
-0.0323254
-0.0279796
0.00960128
-0.0158991
0.0363344
0.031516
0.0170785
0.0402307
-0.0554682
-0.00476148
-0.00997239
-0.0027243
-0.0475177
-0.000162059
-0.0449358
0.00806324
-0.00533864
-0.018774
0.000872236
-0.018783
0.0122292
0.0381588
0.0297086
-0.0293672
0.0640507
0.00301851
-0.00508223
-0.0433848
0.026513
-0.0171007
0.0394978
-0.0189953
-0.0267905
-0.0467826
-0.0285404
0.0600538
-0.0296862
0.00665235
0.0373284
-0.0279261
0.0486307
-0.0468626
-0.0336174
0.0148524
-0.0352294
0.0462486
-0.0476327
0.023454
-0.00236521
0.0311261
-0.018627
-0.00822736
0.0393737
-0.0177167
0.0297984
0.0168558
-0.0334635
0.0203241
-0.00673062
0.027551
0.0254778
-0.00396847
-0.0435106
-0.0492152
0.0328733
0.0315871
-0.0400592
0.0266373
0.0266833
-8.37227e-05
-0.00729183
0.0372286
-0.0362832
0.0490644
-0.0113313
0.0454237
-0.0260136
-0.0112922
-0.0134026
0.0333214
-0.011176
-0.0185603
-0.0386636
0.0381763
-0.0144679
-0.00838602
-0.0244461
-0.0298102
0.02094
-0.0456855
-0.0134512
0.00506246
-0.00791485
0.0117901
-0.00465061
-0.00907974
-0.0297691
0.0272546
0.00226363
0.0101423
0.0175966
0.0265499
0.00496455
-0.0116222
-0.0159968
-0.0305487
0.048353
0.012485
0.0422154
0.0121277
0.0260428
0.0145557
0.0273114
-0.032894
-0.0207194
0.0104624
0.0237318
0.0357503
-0.0439165
-0.105527
0.00680458
0.0153078
-0.00234539
0.0199511
0.0424425
-0.0432992
-0.024242
-0.0398718
-0.0420488
0.0207443
0.0309788
-0.0709857
-0.0145921
-0.0568582
-0.0343093
-0.0221045
0.0434948
0.0103598
-0.0255021
0.0442006
-0.0357884
0.0420449
0.0051116
-0.0164268
0.0509887
0.00280815
-0.0428568
-0.00287897
-0.0169991
-0.00790733
-0.0303044
0.0103872
-0.0115229
0.0367512
0.0809577
0.119043
0.0219009
0.0608147
-0.0882672
0.0187696
-0.0198988
-0.00879886
-0.00241906
0.0103958
-0.00344722
-0.0374832
-0.020743
-0.0607824
-0.00334596
0.0422708
0.0047192
0.0150189
-0.011655
0.0123353
0.020805
-0.0636369
0.0122671
-0.0639103
-0.0320861
-0.0382121
-0.0531522
0.0490767
0.0287381
-0.0419549
0.0218701
0.01279
-0.0131011
-0.007152
-0.0492164
-0.00794433
0.0642334
-0.0116149
-0.0107782
-0.0281232
-0.0302929
-0.0137572
0.0115823
-0.0256219
0.0147554
-0.00254141
-0.0249716
0.00490195
-0.023038
-0.0128275
0.0449705
-0.00180761
-0.0135534
0.0191645
0.0435484
-0.0384186
0.0109293
-0.0347213
0.00916586
0.00393753
-0.0347498
-0.0164736
-0.00502729
0.034595
0.0502756
0.0260552
-0.0410344
-0.0313888
-0.0132036
0.00508942
0.0344308
0.0375844
0.0479674
0.0257735
0.00523511
0.0211432
-0.0243608
-0.0481904
-0.0307244
-0.016755
0.013894
0.0436439
0.00792047
-0.0302387
0.0520561
-0.0270586
0.0289498
-0.000776208
0.00339835
0.0439096
-0.00351966
-0.0343355
0.00677935
-0.0485437
0.0243753
6.56809e-05
0.012865
0.0300706
0.03194
0.027002
0.00369276
-0.0433549
-0.0342626
-0.00447874
-0.0314983
-0.0601712
-0.0346649
0.0407085
-0.0133987
-0.0194233
0.0366797
0.0195703
0.00357148
0.0387373
0.0100286
0.0325021
0.01771
0.0377125
0.0213571
0.00971588
0.0218211
0.00737497
-0.0319302
0.0443351
-0.0362382
-0.0443282
-0.0434988
-0.0345135
0.0010398
0.0258514
0.0303713
0.0303197
0.00595732
-0.0105359
-0.0293515
-0.0147057
0.00127532
-0.0283071
-0.0442195
0.0422084
0.0228401
0.00563318
0.00147156
0.0484962
-0.027413
-0.026684
-0.0120638
-0.0232093
-0.00174334
0.00771364
0.0307632
-0.0176339
-0.00900253
-0.0326878
0.0252199
-0.0448801
0.00915124
-0.0248454
0.0345145
0.00656183
0.00342663
-0.0248673
0.0328205
0.00142862
0.0250543
0.021761
-0.0153975
-0.0418314
0.0466299
0.0158636
0.0177667
-0.0397696
0.032307
0.0383054
-0.0461864
0.0208684
-0.0284348
-0.0190688
-0.0145942
0.0190156
-0.0478598
0.0146598
0.0406571
0.042997
0.0117429
0.00583946
0.0026683
0.00500939
0.00688726
0.0564118
-0.00920096
0.0084439
-0.0383703
0.0417006
-0.000391062
-0.0484304
0.0226644
0.0495368
-0.0119058
0.0434883
-0.0165403
0.0329557
-0.0247425
0.0805116
-0.0201233
-0.0298347
-0.0367913
0.0551671
0.0479582
-0.00490601
-0.0428424
-0.0214821
-0.0254725
-0.047674
0.00323521
-0.0127768
0.0135847
0.00756608
0.0224971
-0.00133864
-0.0183268
0.0049575
-0.0434235
-0.045568
-0.0160972
-0.0395453
0.00130132
-0.0129052
0.0184171
-0.00909092
-0.0280178
0.0219537
-0.0082217
0.021328
-0.00229494
-0.0468986
0.0619718
-0.00582311
-0.023603
0.0200096
0.0323482
-0.00754298
0.0143819
0.0117929
0.00389163
0.00825168
-0.0557844
0.00882013
-0.0443359
0.0429266
-0.0148529
0.0186655
0.0432919
0.0282634
0.0621632
-0.000921469
-0.0167708
-0.0307779
-0.00588191
-0.00144683
0.00511165
0.0358145
-0.0223084
0.0384485
-0.0265327
-0.0210667
0.0336629
-0.0583867
0.0284865
0.0411203
-0.0322511
0.0404426
0.0202762
0.0238818
-0.0125338
0.00485949
-0.0449587
0.0157058
-0.0190317
-0.0332275
0.0156778
-0.00430321
-0.0334163
0.0380992
-0.014276
0.0181019
-0.0435505
-0.0233429
-0.033655
0.0100462
0.0446958
0.0405152
-0.036644
-0.0409575
0.0226431
0.0283346
0.0413316
0.0118266
0.0218327
-0.0263168
0.0499077
-0.00221493
0.0376366
-0.0406359
-0.00187413
0.00535806
0.0135972
0.0479241
0.0321894
0.00851277
-0.000465487
-0.0334741
-0.0321156
0.0279158
-0.00725524
-0.0496043
0.0266965
-0.00978662
0.0428573
0.00760572
-0.0126275
-0.0153271
0.0438491
0.0273775
-0.00472509
-0.0316169
0.0179892
0.00584893
0.0353469
-0.0483656
0.0385562
0.0479716
-0.0132546
-0.0426322
0.0482395
0.00161914
-0.030804
0.0026826
-0.00125476
0.00407957
0.017092
-0.0118615
-0.0430898
0.0190166
-0.0283048
-0.0246856
0.0500445
0.0283679
0.00561023
-0.0408047
-0.0289981
-0.0246022
0.0111314
-0.00393619
0.0402989
-0.00491235
0.0296595
0.0183728
-0.00445347
-0.0152704
-0.043613
-8.76508e-05
0.0203598
0.0403023
0.00967815
0.00535846
0.017861
0.0263609
0.0412909
-0.0395426
0.00694834
0.0120435
0.0280483
-0.00476549
0.0242962
0.00502581
0.0220882
-0.0244274
0.012583
0.0478496
0.0303564
0.0319194
0.001562
0.00523673
-0.0246087
0.040989
-0.00930318
-0.0344148
0.0136858
0.0310469
-0.0368492
0.0583864
-0.229411
-0.176361
-0.104714
-0.0394103
0.110085
-0.0232974
0.0143396
-0.0611514
0.0234225
0.0314462
-0.0553079
0.00450174
-0.0222206
-0.0105329
-0.070145
-0.0432844
0.0536763
-0.0668665
-0.0405577
-0.0606912
-0.0542281
-0.0352114
-0.0373215
0.300922
0.105094
0.111366
-0.0428104
-0.081422
-0.00857368
-0.0466713
0.0548316
-0.0301581
-0.0559065
0.0836876
0.0827458
0.0537629
-0.000731587
0.0997567
0.00979868
0.0172134
0.0808281
-0.00024164
0.0230644
-0.0165033
-0.0455532
0.0154824
0.0228609
0.0085932
0.0771164
-0.0646228
-0.0408868
-0.0162249
-0.0553127
-0.0721034
-0.0485356
0.000385657
-0.058999
-0.0380639
0.034127
0.0074134
0.0637991
0.0489642
0.090158
0.00264278
0.0224509
-0.024126
0.0206399
-0.0192615
-0.0125034
0.00163228
0.0438891
-0.0899321
-0.00933649
-0.0205025
-0.00648105
-0.0814396
-0.0336561
0.017781
-0.0180033
0.0276482
0.0170594
0.00073578
-0.0139285
-0.0893497
0.0246831
0.00521942
-0.0421013
0.0302961
-0.0347901
-0.0209129
-0.0217618
0.00512638
-0.0273974
-0.0343156
0.0207174
-0.0366279
-0.0291041
0.0590134
-0.000738452
-0.019906
0.0088759
0.0356218
0.0121928
-0.0157193
-0.0301955
0.00346477
-0.016853
0.0556554
0.112603
-0.060495
-0.00256416
-0.0156963
0.056961
-0.0193139
0.0491971
-0.000787934
-0.0370711
-0.0190763
0.0717103
0.0563815
0.0271383
0.0319729
-0.0189742
0.0116295
0.0342165
-0.0172769
-0.0473112
0.06975
0.015885
0.00105165
0.04631
-0.0181995
-0.0213826
0.0125704
0.0117044
0.0187043
0.0478339
-0.0408468
-0.0191363
0.0473433
-0.035248
0.034695
-0.0446439
-0.0159095
0.0255394
-0.0473415
-0.00430461
0.0421812
-0.0464605
0.0170346
0.00386596
-0.00774537
-0.0266396
0.0463063
0.0345019
0.00581487
-0.0156114
-0.013073
-0.00183194
-0.037225
0.0128321
-0.0015226
0.0225381
-0.00886385
-0.0551913
0.042029
-0.0423381
0.0418347
-0.0357723
0.0473959
-0.000403657
0.0422925
-0.0209244
0.0382923
0.0302484
-0.0333715
0.0441955
-0.0400513
0.0036393
0.00373844
-0.0410675
-0.0303919
0.012099
-0.0274914
-0.00264493
0.00149166
0.0467596
-0.000898214
0.0306992
-0.0368733
0.0345358
0.0485547
0.0392658
-0.0156701
0.0162327
0.0234251
0.0235334
0.00347062
-0.013285
-0.0531473
0.0111232
0.0685858
0.058398
-0.0324604
-0.0694315
-0.051341
0.0149622
-0.0290231
0.0184762
-0.0158954
0.0108473
0.0792243
0.0450507
0.00119025
0.0287189
0.0208887
0.0480372
0.0512713
-0.010156
-0.00543954
0.00752885
0.0284465
0.0278842
-0.0209041
-0.04339
0.0358254
0.0580887
-0.0199047
-0.0255857
0.0234721
0.0192986
0.0142883
0.0305779
-0.0281074
-0.00111218
0.00261181
0.0172153
-0.0188085
0.0328291
0.0331453
0.0302164
-0.0366697
-0.0345775
-0.0368904
0.0154074
-0.0259612
-0.0176782
-0.00196379
-0.0228595
0.0333529
-0.0239342
-0.0503781
-0.0263224
0.0510888
0.0436474
0.0451035
-0.00212959
-0.0731791
0.0395289
0.0732662
0.0357758
-0.0288496
0.0104726
0.0280345
-0.0969693
-0.024944
-0.0381038
0.0731526
-0.0420087
-0.0313576
-0.0918028
0.0215519
0.0325467
0.101359
0.0219129
0.0118381
-0.0433505
-0.0447025
0.00576338
-0.0472475
-0.0456727
-0.00493548
0.0260921
-0.02168
0.00715155
-0.0600317
-0.0236512
0.000551664
-0.0284037
0.087266
0.0033677
-0.0207101
0.0213034
-0.0294608
0.0722014
-0.0532372
0.0661924
0.0569908
0.0246578
-0.0528976
0.0285148
-0.00297847
-0.0379511
-0.0462723
0.0265063
0.0184048
0.0289394
-0.00295077
-0.0941778
-0.0570568
-0.0121993
-0.0446361
0.0158412
0.0202195
0.0206972
0.0200042
-0.0136058
0.0209466
0.0292022
0.0882437
-0.0479184
-0.0860608
0.0086801
0.042898
0.0402472
0.0133878
-0.0367296
0.0195819
-0.0677184
0.0076134
0.00184263
-0.0356146
0.017218
0.00581742
0.0458546
-0.0477159
-0.0181389
0.010496
0.00808739
-0.0375641
0.0303165
0.0239585
-0.0207808
0.0391459
0.0460785
0.0321389
0.0345755
0.0198728
0.0128924
-0.00031613
-0.0323916
0.0133634
0.0336378
0.00244568
0.029811
0.0305975
0.0329229
0.00855281
0.0559855
0.0520071
-0.0491238
0.0340076
-0.0135496
0.0437439
0.0101524
0.0413767
-0.0175232
-0.0265483
-0.0208539
0.0285399
-0.00168899
0.0209736
-0.00108908
0.0116011
0.0464359
0.0466116
-0.0453822
-0.0104629
0.0426187
-0.0277929
-0.0478456
-0.0385104
0.00654935
-0.00702398
0.0205375
-0.00752994
0.0145914
0.019635
-0.0300443
-0.041645
-0.00293113
0.0298302
0.0270231
0.0461916
0.0128346
-0.033672
-0.0730861
-0.00630913
-0.0172929
-0.00829611
0.0300648
-0.00960761
0.0376042
-0.0708195
0.000969228
0.00721372
0.0375346
-0.0211563
0.0367029
-0.0149042
-0.0139225
-0.0247212
-0.0126205
0.032525
-0.0118713
0.22538
0.140095
0.0283636
-0.0453826
-0.11102
-0.00186819
-0.030207
0.0680587
-0.0585537
-0.019296
0.0587398
-0.025285
-0.016425
0.0276113
-0.00569378
0.0454308
-0.0634775
-0.00621213
0.0316503
0.0574937
-0.0393759
-0.00763867
0.0286739
-0.221131
-0.0398863
-0.0980226
0.0270284
0.03437
-0.0878993
-0.00170796
-0.0304019
-0.0354577
0.0216197
-0.0709698
0.0200896
0.0463194
0.0681326
-0.0467694
0.00124301
-0.0117992
-0.0392909
-0.0300061
-0.0421913
0.0167278
-0.00300738
0.00618241
0.0175139
-0.0660115
0.0198237
-0.00781214
-0.0024585
0.0305772
-0.0346035
0.0510258
-0.00538879
-0.0306822
0.0335453
0.0692421
0.0375297
-0.063696
-0.0102518
0.031433
-0.0232361
-0.0213886
-0.0135225
-0.0141838
-0.0353301
0.0105973
-0.0339188
0.0153764
0.0310981
0.0980624
-0.00726539
0.0324985
0.0520695
-0.0262058
0.00416214
-0.0289453
-0.0317602
-0.0581353
-0.0357812
-0.0351399
0.0109097
0.141739
-0.004757
-0.0278905
0.00726453
0.0776804
0.0548345
0.0166662
0.0508512
-0.0310266
0.0326835
-0.0272874
0.0143351
0.00282566
-0.020583
0.0251858
0.0469006
0.0146882
0.017315
-0.00106121
0.0287351
-0.0106406
-0.0261897
0.0360832
-0.030259
0.0348744
-0.0789957
0.0283173
-0.00833374
-0.0454611
0.0355672
-0.0270146
-0.0846793
0.038193
-0.0335856
-0.0226396
-0.056933
-0.0790317
-0.0646021
-0.0336009
0.0571206
0.0230717
0.0365358
-0.0325355
0.00476653
0.0212909
0.018694
-0.0352941
0.0420992
0.037683
-0.0107297
-0.0183716
0.00979726
-0.00838519
0.0140227
-0.0183608
-0.00403874
0.0444244
-0.0366478
0.0286567
0.00728811
-0.00560422
0.0233411
-0.0359686
0.0400355
-0.0168275
-0.0249049
-0.00110174
0.0376324
0.015682
0.00338832
0.0139501
-0.0308812
4.07534e-05
0.00713566
0.0413611
0.0127781
0.0440874
0.0280729
0.039848
-0.024165
0.0139108
0.0441947
0.0165256
0.00203091
-0.0332017
0.0159143
-0.0433144
-0.0460899
0.0218419
0.00486588
0.0161941
-0.0291564
0.00871189
-0.0141191
0.00726191
0.000674116
-0.0380576
0.0447442
-0.0250278
0.0140868
0.00724951
0.0405675
-0.0182906
-0.00385743
-0.0464272
-0.00911663
0.0187748
-0.0283974
0.0489944
-0.00871893
-0.000683198
-0.0210838
0.0143019
-0.0110827
0.0171377
0.0352475
0.00992625
0.0235261
-0.0394086
0.032348
-0.0407891
-0.0488242
-0.0435926
0.00526929
0.0526959
0.0175632
0.0326002
-0.00610791
-0.0190512
-0.0145787
-0.0656736
-0.0606114
-0.010704
0.0300812
0.0526086
-0.0435194
-0.0126925
-0.0214253
0.0364992
0.0183599
-0.040706
-0.00170129
0.0152776
0.00436674
-0.0688277
-0.0527503
0.000184876
-0.0596648
-0.00741915
-0.0082051
0.0171684
0.0198777
-0.0507597
0.0388054
0.0662824
0.0491058
0.00525003
0.0439327
0.0153326
0.0365617
0.0779071
0.0453491
0.0588443
-0.0285669
0.0148842
0.0049948
-0.00413779
0.0453154
0.0590778
-0.0140971
0.0329371
0.00940748
0.014745
-0.00328318
0.0383894
-0.000870644
0.0133302
0.0203685
0.000663929
-0.0319331
0.0158526
0.0109405
0.0152634
0.0404425
0.0267676
-0.025457
0.00193217
0.080981
-0.0211727
0.0441291
-0.0276885
0.00806585
-0.0160086
-0.025481
-0.00195408
-0.0209252
-0.0361962
-0.0394734
0.0308662
0.00807767
-0.0236206
-0.0293269
-0.0135968
0.0522238
0.0241862
-0.0229347
-0.0619418
0.0254755
0.0201059
-0.0124721
-0.046987
0.0404739
0.00734773
0.0407347
0.0161977
0.0349458
-0.0472823
0.105447
-0.0365317
-0.0429288
-0.0299688
0.0285438
0.0287508
-0.0388044
0.0919696
0.0208031
0.0280353
0.0377066
0.0355682
-0.0424832
0.0107018
0.0356329
0.027502
-0.00637031
-0.0205884
-0.0433152
-0.0927253
0.0718156
0.0462216
-0.00967838
-0.0209577
-0.0355979
-0.00853793
-0.0254196
-0.04464
0.0185901
0.0416554
0.00338316
-0.020802
0.0497882
-0.0482794
0.0157734
0.0147143
0.0429107
-0.048708
-0.0143105
-0.033833
-0.0358654
0.019245
0.0122938
-0.0194668
0.0204442
0.00922478
0.0117068
0.0108653
0.00254771
0.0235382
0.0493183
0.0261266
-0.00785676
0.00416708
-0.0174485
-0.0220848
0.00404088
-0.0284411
-0.0193993
0.0260643
0.0249248
0.0176464
0.0448116
-0.0474716
-0.0325163
0.0139517
-0.0169801
0.0384715
0.0167902
0.0262472
0.0205772
-0.041645
-0.0283192
-0.0495671
0.0280472
0.00925178
-0.023681
0.0186866
-0.0258068
0.0334715
-0.0339489
-0.00757021
0.0485234
-0.0362713
0.017627
-0.0183683
0.0324399
0.0103832
-0.0040995
0.0195663
-0.0106426
0.0384875
-0.0102395
-0.0427142
-0.00833271
0.0209691
0.0490813
-0.0736499
0.0020237
0.0488811
0.0347901
-0.045473
-0.0105631
0.0145965
0.0170804
-0.0270503
0.0184499
0.00576232
0.0113895
-0.0433463
0.0242967
0.0353093
-0.0338742
0.00201027
-0.0383259
-0.068747
-0.0777897
-0.0404118
0.0142751
0.0235936
-0.0360423
-0.0361265
-0.0665604
-0.0327713
0.0418033
-0.0224908
-0.0459144
-0.00290701
0.0201351
-0.0751435
-0.0369642
0.0487249
-0.0842371
-0.0409676
0.00519058
0.0349887
0.0262789
-0.0364786
0.118462
0.064816
0.0789759
-0.0283272
-0.0666848
0.0413029
-0.0347452
0.0379624
-0.00471868
-0.00384047
0.0168867
-0.00626842
0.031145
-0.0185638
-0.00543689
-0.039207
-0.0308837
0.0996947
0.00895223
0.041274
-0.00112324
0.00550698
0.0429972
0.0225816
0.0445437
0.0473188
-0.0123062
0.0411775
-0.0343062
-0.0335684
0.0194434
0.0209296
0.0244223
-0.0101083
0.0143566
0.0246913
0.0515575
0.0197913
0.0370852
-0.0352299
-0.0153081
0.022632
0.0184479
0.0148003
-0.0355378
0.0202264
0.0272211
-0.00195764
0.014877
0.00246688
-0.0407726
0.0188687
0.00612808
-0.0251042
-0.020951
-0.00220636
-0.0345664
-0.0100732
0.0314497
0.0343338
-0.0106261
-0.0318155
-0.00832506
-0.0216113
-0.0916262
-0.0450244
0.00227133
0.0248834
-0.0244862
-0.0271402
0.0205628
0.0287096
0.0118964
-0.0364153
-0.00847025
-0.0467562
-0.0326846
0.0477247
0.00164114
-0.0129417
0.0170191
-0.00281772
0.0519203
-0.00169036
0.0289351
0.0209675
-0.0749809
0.0185901
0.0397302
-0.0272414
0.0366396
0.0556399
-0.0106852
-0.003015
0.0323884
0.10059
-0.0129774
0.0541418
0.0712149
-0.0289811
0.0118812
-0.0163855
0.0333864
-0.022963
0.0379864
0.00572361
-0.038353
0.0358309
-0.031744
0.0467982
0.0383146
-0.0146325
0.0158622
-0.020505
0.0132448
-0.0368328
-0.0266762
0.00538662
-0.0161602
0.00855148
-0.0237908
-0.00981634
0.0178801
-0.00654157
0.0374456
-0.0414713
-0.0315774
0.010283
-0.0404897
-0.00970471
0.00686031
-0.00530777
-0.0417394
0.0454033
0.0282323
-0.0197193
0.0145281
0.0124568
-0.00176537
0.0086603
-0.0412394
0.0385247
9.91404e-05
-0.0121412
-0.0290031
0.0307496
0.0211723
-0.0161291
0.0461507
-0.00988317
0.0231554
-0.0248423
0.0345639
-0.0437464
0.0242846
0.0441368
0.0253044
0.0294012
-0.0246134
0.0471915
0.0293882
-0.0240444
0.0105298
0.0332334
-0.0369922
0.033279
-0.0195971
-0.0356033
0.0224722
-0.0282151
-0.0105018
0.0372229
-0.0252903
-0.0318542
0.0265489
-0.0446298
-0.0231315
-0.034729
0.0615407
0.0357609
-0.0359181
0.0856766
0.00785524
0.0448024
-0.0543356
-0.053266
-0.0312985
-0.0240873
0.0602888
-0.00812665
0.0490412
-0.0131956
0.0495597
0.0219801
0.0271355
0.0699424
-0.0197866
-0.0184268
0.0201809
0.000880443
-0.00178854
0.0427432
0.0289222
0.00418075
0.0196757
-0.00368752
0.0212241
0.040669
0.0180473
0.016598
0.0373
0.000184566
0.0565112
-0.0290748
-0.0334406
-0.00482699
-0.00858791
-0.0157198
-0.0168049
-0.0752024
-0.0444045
-0.00841517
0.00894556
0.0378985
-0.0246644
0.0280832
-0.00107057
-0.00995905
-0.00904238
0.0323161
-0.017706
0.0242369
-0.0206976
-0.0332389
0.014266
-0.0967542
-0.0279801
0.0256466
-0.0363194
-0.0370383
0.036255
0.0125117
0.00614272
0.00764796
0.0246799
0.027976
0.053883
-0.00590182
-0.0272773
-0.0394152
0.00760305
0.0245918
0.0596477
-0.0433862
0.0526059
0.039315
-0.0457811
-0.00423599
0.0225129
-0.0100505
-0.0218155
0.0275341
-0.0133598
-0.0297206
-0.00165555
-0.0444343
-0.0484719
-0.011384
-0.0199159
-0.00908088
-0.0305053
-0.0597502
-0.0287034
-0.00362667
-0.0353026
0.032542
-0.0131027
-0.0660689
-0.0147893
0.0394583
0.0327229
-0.0133868
0.0310488
-0.020091
-0.0263247
-0.00634027
0.0159665
0.0180344
0.0213106
-0.0424169
0.0243109
-0.0489026
0.0496589
0.0258472
0.015749
-0.0178382
0.00315616
-0.0663337
0.0345429
0.0250401
-0.0348426
0.0469164
-0.0395427
-0.0380002
-0.0132228
-0.0658779
0.0415744
-0.0218459
-0.0129326
0.0457212
0.0200706
0.00409065
-0.0103106
0.0386804
0.0198921
0.0315552
-0.0228745
-0.00798122
0.019367
-0.0262941
0.0483274
-0.00597087
-0.000856124
-0.00894668
0.0116716
0.00877922
-0.0142302
0.0304365
-0.0449711
0.038073
0.0124252
-0.0341727
0.0375825
0.0201665
0.0190222
-0.0257019
-0.0125415
0.0266783
-0.045986
0.0432316
0.0401748
-0.0298001
0.00134335
-0.0297463
0.0221328
0.0314678
0.00226722
0.0441689
0.023163
0.0446983
0.0213902
0.0247004
-0.0202018
-0.0485694
0.0105636
0.0324551
-0.000509733
-0.0148317
0.0142933
-0.0488769
0.0463082
-0.0415706
-0.0446374
0.0396543
0.0493649
-0.0369053
-0.0109634
-0.0215306
-0.0131553
0.0354622
-0.00202118
-0.0203662
0.0355053
-0.0173663
0.00967174
0.0343108
0.0287224
-0.0192834
-0.0245516
-0.0403534
0.0205986
0.0198647
0.0439993
-0.0186835
-0.0400508
-0.0482274
0.037272
-0.00837592
0.0257946
-0.0424545
0.0417384
0.00075515
0.0482737
-0.0583979
-0.0618599
-0.0241673
-0.00926753
0.0387454
0.0135322
-0.0378271
-0.00415466
-0.000131097
-0.049985
-0.0232528
-0.0426624
-0.0142909
-0.0195721
0.0422848
0.0163346
0.00256194
0.0195902
-0.0571064
0.00782858
-0.00337382
0.0371403
-0.00619614
-0.0103386
-0.00547868
0.019778
-0.041847
-0.0383493
0.0153444
0.030006
-0.0343864
-0.0133774
-0.0279946
0.007382
0.0406081
0.0371346
0.0247338
-0.0140661
0.00147882
-0.00169676
0.0185512
-0.0381462
0.0464894
-0.02479
0.0433908
0.0413129
0.00853913
0.00595188
-0.0209487
0.00670571
-0.0396451
0.000608515
-0.0295232
0.0215807
-0.0442783
0.001018
-0.0458726
0.0635055
-0.00835743
-0.0194126
0.0153631
0.0376329
-0.0395982
0.021093
-0.0415907
-0.00896543
-0.00639265
-0.0398492
-0.0158699
-0.00363924
0.0121648
-0.0423102
-0.0288444
-0.0217007
0.0366874
-0.0311693
-0.00608053
0.0445778
-0.0252175
0.00350527
-0.0105255
-0.0498573
-0.0135177
0.024176
0.0237689
0.0473595
0.00710505
0.0372952
-0.0087338
0.000570532
0.0500544
0.0570124
-0.0273851
0.00853326
-0.00790345
0.0136625
0.0248541
-0.041789
0.0039171
-0.0017195
0.0247849
-0.0434174
0.0117433
0.00541954
0.0264468
0.0403968
0.0408904
0.000914214
-0.0555769
-0.00457697
0.0331635
-0.022528
0.0161143
0.0273642
0.0304808
0.0200101
0.0428983
-0.0612582
-0.00230114
-0.0172022
-0.021259
0.0286615
0.0156426
-0.0224641
-0.00761038
0.00848935
0.0285293
-0.025392
-0.0116805
0.0221332
-0.0296343
0.0386109
-0.0078776
0.057903
-0.024985
-0.0204689
-0.0189778
-0.0310501
-0.0480743
0.00655761
0.0230571
0.032045
0.0446266
0.0409079
0.0251044
0.030696
-0.0459517
-0.0106171
0.0331959
-0.0077404
0.00416411
0.0321421
-0.0140421
0.0591566
-0.0307525
-0.0297221
-0.0237074
-0.0366865
-0.0484358
0.0438206
-0.0412942
0.0336704
0.00842347
-0.0248961
-0.00960209
-0.00859982
0.036477
0.0108651
0.0228316
0.0175995
0.0169024
0.0340612
0.0177172
-0.015937
0.0357868
0.0342648
0.0405329
0.0131797
0.0462995
-0.0161867
-0.0171283
0.0374005
0.019459
-0.00481927
-0.0324856
-0.0373972
-0.0466256
-0.0161548
-0.0329335
-0.0384182
-0.0393006
-0.001394
-0.0221076
0.0160326
0.0167741
-0.0287309
-0.0455847
-0.035748
-0.00882182
-0.0314856
0.0355968
-0.0262303
0.0295592
0.0546863
-0.0430388
-0.0155126
0.0150414
-0.0268212
-0.032827
-0.0450519
0.046911
-0.041979
0.0395582
0.0462515
0.0198068
-0.0403164
0.0158755
0.0416451
0.00910447
-0.0168232
0.0230447
0.00923725
0.00668743
-0.00654577
0.0406166
-0.0306722
-0.0334298
-0.0369289
0.000931634
0.0106947
-0.00525252
-0.0502383
-0.016524
-0.0445433
-0.00838587
0.0142289
0.0478727
0.00297025
0.0193389
-0.0450061
-0.0447051
-0.0225921
0.00195951
0.0124899
-0.0431523
-0.0353448
-0.0317513
-0.0585093
0.0409762
-0.0316334
0.0478286
-0.0281176
0.044302
0.0231351
0.0306495
-0.0315086
0.0131894
0.034324
0.0443831
-0.00198299
-0.00779473
0.0161315
-0.0382304
0.0159904
-0.00133519
-0.035918
-0.019508
0.00706677
-0.0238045
-0.003786
0.046908
0.0141675
-0.00894314
-0.00274602
-0.0174425
-0.00439428
-0.00823474
-0.023598
-0.029264
-0.0209135
0.0184992
-0.0190043
-0.0261292
0.0292701
0.0290983
0.048327
0.0218539
0.000496783
0.0204388
0.0175699
0.0285387
-0.0451829
0.0251743
0.0183733
-0.00357605
0.0140274
0.0717568
-0.0138066
0.0190548
0.0224018
0.00052592
-0.0194509
0.0304069
0.045372
0.020765
-0.0406436
-0.019511
-0.00253048
-0.0262699
-0.0158952
0.000428919
0.0102913
0.0246469
0.0505357
0.00319094
0.0328714
-0.0064219
0.0147679
0.00992682
-0.0277991
0.00819074
0.0280139
-0.0282931
-0.015207
0.00697676
-0.0269328
0.0167458
-0.00580337
0.00695238
-0.0395792
0.0168101
-0.0491
0.0355141
-0.0262482
-0.0354749
0.0198693
0.00289777
0.01466
0.00254721
-0.038068
0.0122883
0.030799
-0.0213999
-0.0433248
-0.0187627
0.0407448
0.0396676
-0.00192273
0.0324277
0.0305479
-0.031116
0.0110524
-0.0427852
0.0436187
-0.0290861
0.0149613
0.0252944
0.0364389
0.00462108
0.0389669
0.00356636
-0.0133634
-0.0206091
-0.0445433
-0.0375231
-0.0474524
-0.0155023
0.0206003
0.0220727
0.0370545
0.00782303
-0.0266169
0.0387622
-0.0350302
-0.0293955
0.0179612
-0.0138436
0.00859401
0.0380636
-0.0475171
0.00726943
0.00918785
0.0272797
-0.00969962
0.0237922
0.0134525
0.035389
0.028774
-0.0593341
-0.0165264
0.0334444
-0.0203881
-0.0117693
-0.0403941
-0.0381443
-0.031773
0.0277767
-0.0163665
-0.0111632
-0.00893252
0.0439382
0.0197346
-0.0382117
0.0291658
0.0660552
-0.0611988
-0.0587953
0.0574185
-0.0323204
-0.0776831
0.00816936
-0.0221341
-0.0417899
0.0489278
-0.326224
-0.191037
0.00380339
-0.04754
0.0768084
-0.0711866
-0.0382075
-0.00561079
0.0645111
-0.04026
0.0502501
0.0612238
0.0584689
-0.0462951
-0.0143958
-0.0322104
0.121673
-0.0824122
-0.0201397
0.105954
-0.0060791
-0.00674663
-0.115174
-0.03487
0.105228
0.0776621
0.0767871
-0.11653
-0.00569469
0.00763867
0.0452741
-0.0523754
0.0417662
0.0555645
-0.000289868
0.00665595
0.0149596
0.154263
0.00287191
-0.032794
0.0867735
-0.00700221
-0.106544
0.0223495
0.0214682
-0.018513
0.00905347
-0.0140078
0.0170928
-0.0667339
-0.0380607
-0.000649057
0.0433165
0.00759474
0.00481121
0.00213599
0.0298334
-0.0811254
0.0534833
0.0535254
0.0450539
-0.00887156
0.00437875
-0.101591
-0.00519809
-0.0810985
0.0391788
-0.0216463
-0.0547512
0.054088
-0.00658857
-0.087543
-0.0357771
-0.0059452
-0.0119858
-0.0985035
-0.0840861
-0.0197261
-0.0911058
0.0115157
-0.00451315
-0.021511
-0.0296931
-0.0149307
0.0473862
-0.0226407
0.0272815
0.06505
-0.0390209
0.00893279
-0.0392254
0.032096
0.0136659
0.0323717
0.0158342
-0.00172087
-0.0231228
0.0395159
0.0167101
0.0357614
-0.0123622
-0.0236215
-0.00406963
-0.000977384
0.0106462
-0.0169346
-0.00847661
-0.0371118
-0.0321627
-0.0478798
-0.0461213
-0.0425141
-0.0343751
-0.0167213
-0.0196
0.00101031
0.0372572
0.00981588
0.0498391
0.107671
-0.0527486
0.131106
-0.0798601
-0.0296028
0.0376764
-0.0246492
-0.00267565
0.00224169
0.021861
0.00441914
0.0332646
-0.0469101
0.0432153
0.0888544
0.0606625
0.015743
-0.0216802
0.0159818
-0.0476254
0.0394857
-0.0223018
0.0102934
0.0190565
-0.0488745
0.0124608
-0.0173033
-0.0278718
-0.0238526
-0.0429509
0.0260221
0.00819533
0.0360267
0.00657851
0.0400926
0.0259743
0.0383839
0.0323705
0.0112295
0.0308309
-0.0249637
-0.0354673
0.0368487
0.0278949
0.0217104
0.0117443
0.0351535
0.0334892
0.0273257
0.0180796
0.0262726
-0.0188064
-0.010743
0.00633742
0.031947
0.035767
0.0347904
-0.0354718
-0.032701
-0.0462917
0.0140928
0.0421344
0.0256485
0.0467967
0.00456716
-0.0574033
0.0336918
-4.85876e-06
0.0255234
-0.0223039
0.00945177
-0.00554672
-0.0389804
0.0189483
-0.034573
0.0412983
-0.0113978
0.0126871
-0.0306893
-0.0500997
0.0127059
-0.030683
-0.0231178
0.0149787
0.0434834
-0.0573053
-0.0387093
0.0120455
0.0376382
-0.0430239
-0.019643
-0.0183155
0.0298242
0.0829039
-0.125061
-0.0418604
0.0030408
-0.0591762
0.0341651
0.0441182
0.0744292
0.0641757
-0.0447251
0.00736313
0.0252908
-0.043021
-0.0153851
0.0863
0.0291542
-0.00422259
0.0280031
0.086483
0.0701355
0.0186028
-0.0883306
-0.0333529
0.0368758
0.0475226
0.0161364
-0.0913532
-0.0425355
0.00507417
0.0303192
-0.0294313
-0.132727
-0.0218374
-0.129617
-0.0606815
-0.0483005
-0.0688536
-0.00424034
-0.0292688
0.00257702
-0.0593969
0.0271337
-0.00516495
-0.016417
0.0142025
-0.105929
-0.0665823
0.0548843
-0.0218077
-0.0824872
-0.032654
0.0959116
-0.175935
-0.0237827
-0.388254
0.0522647
0.0547536
-0.117348
-0.0049348
0.0482402
-0.0358307
0.0651264
0.0494669
0.0765797
-0.10816
0.0864641
0.0977116
0.0755425
0.0770192
-0.049707
-0.00189435
-0.0345016
0.00854825
0.053986
0.072398
-0.097635
0.0179856
0.083187
-0.00773583
0.00488925
-0.0247275
0.0154336
0.0177648
0.0309398
0.0709955
0.109875
0.0221266
-0.133168
-0.0570795
-0.0351967
-0.0245247
0.0177067
0.172918
0.0277155
0.175893
0.119695
-0.123067
-0.0585448
-0.106954
-0.00559591
0.0329031
-0.00562018
0.0342051
-0.0132937
0.0435082
-0.0733347
0.0166061
-0.0361074
0.144026
0.0287012
0.0386169
0.0907205
0.0595965
-0.0187393
-0.0407617
-0.0392937
0.00785284
0.0466859
0.011633
0.0302838
0.0159095
-0.0407671
0.0482038
0.0393095
-0.0630221
0.0262941
-0.0447456
0.00812587
0.0197941
0.0391923
-0.0206663
0.00732723
0.0186798
0.0469436
-0.0157795
-0.0188262
0.0313536
-0.00857257
-0.0228422
0.00889017
-0.032338
0.0334788
-0.0467515
0.0127695
0.010093
-0.0463868
0.00859018
0.0712421
0.0342451
-0.0275583
0.0434027
0.010201
-0.00733852
0.0381879
-0.026749
-0.00231754
0.0223373
-0.0240048
0.0495779
-0.0396595
0.0327708
-0.0073107
-0.0182361
-0.0319284
0.0482698
-0.0115899
-0.0121794
-0.0289728
-0.0197371
0.0527704
0.018406
-0.00613893
-0.0264503
-0.0165419
-0.0342546
-0.00807544
-0.0279086
-0.0478805
0.0615105
-0.0876871
0.0234189
0.0436945
-0.0263904
-0.0245805
0.0724535
0.0109527
0.050127
-0.0308463
-0.0334944
-0.00511285
-0.0383629
0.00336433
-0.00133426
-0.00677736
-0.0213135
-0.0324437
0.0259559
0.0397372
0.0451198
-0.0352388
-0.00266576
-0.0329303
0.0121077
-0.0777701
-0.0813967
-0.0966491
-0.012328
0.0544681
-0.0470217
-0.0497856
-0.0449813
0.0161875
0.0180669
-0.0397579
0.0470215
-0.0172726
-0.0354091
-0.0227095
0.0104137
0.00621262
-0.0280652
0.0398675
0.0128925
0.014932
-0.0349103
0.0414314
0.0732472
0.0259084
-0.00898419
-0.00445068
-0.0774855
0.0777046
0.0135727
-0.00505983
-0.0207632
0.0451135
-0.0141749
-0.00246194
0.0250699
-0.0480913
0.0393808
0.0169002
0.0353105
0.0601854
-0.0281115
0.0358338
0.0333981
-0.041367
-0.0248822
0.0131054
0.0598792
-0.00755582
0.0238191
-0.031145
0.00549249
0.0206978
0.00240446
-0.0368491
0.0221356
-0.0596299
0.0179968
0.0250816
-0.0427096
-0.0552255
0.0027419
0.0609009
0.00497343
0.0536286
0.0340834
0.019975
0.0322583
-0.0190732
-0.00767428
-0.0319217
-0.0391847
-0.0594527
0.0102956
-0.0188134
0.0106231
0.0264977
0.0274263
0.0177276
-0.015755
-0.00236953
0.00915164
0.00449812
-0.0640278
-0.0371786
0.0283384
-0.0264255
-0.0169527
-0.0105606
-0.0145024
0.0240944
-0.00416817
-0.057565
-0.0204282
-0.0152375
-0.0333984
-0.0200798
-0.0321731
0.000124685
-0.0454962
0.00958263
-0.0400075
-0.0073868
-0.0245261
0.0188643
0.0050126
-0.000788756
-0.0189222
0.0141684
0.0458478
-0.0147246
0.00916753
0.00660946
0.0313162
0.0626766
0.0204184
-0.0168642
-0.000989708
0.0133507
0.0555973
0.00770695
-0.00968946
0.00664069
0.0222239
-0.00573095
-0.0111972
0.0430035
0.00010144
-0.0322003
0.0234027
-0.036625
0.0195187
-0.0293105
-0.0188153
0.0392123
0.0170238
0.00562789
0.0220081
-0.0300535
0.015827
-0.0327315
0.0260263
-0.0436168
0.0491865
0.0232448
-0.0071258
0.000629296
-0.0184441
0.0482617
0.0286037
-0.0389674
-0.00680501
-0.0142215
0.0286539
-0.0423438
0.0226474
0.0119012
-0.0311054
0.0425051
-0.0469691
-0.00230426
0.0381766
-0.0312895
0.0471841
0.025056
0.0230643
0.0402221
0.0342375
0.0309849
-0.013597
0.0256492
-0.0461754
0.0387297
-0.0323909
0.0127082
-0.00361137
-0.0464003
0.0265814
0.0385203
0.00150523
0.00168887
0.0271828
0.0393256
-0.0155494
0.0234274
0.0115676
-0.032374
-0.0229365
-0.0389341
0.0114041
-0.0380997
-0.0244926
-0.0277124
0.0266761
0.037118
-0.0193535
-0.00224418
0.0258539
-0.013862
0.0203339
-0.0180006
0.0169055
-0.00880512
-0.00968696
0.0201703
0.00918055
0.0237844
-0.00334723
-0.0120245
-0.0487916
-0.0362338
0.0737586
0.038989
0.0399805
0.0670514
-0.0256837
0.0266902
-0.0160032
0.0297771
-0.0335494
-0.0170208
-0.010842
0.0434345
0.0273259
-0.0329615
0.0456045
-0.00244109
0.0110137
-0.0331263
0.035139
0.0358265
0.0472124
0.0183539
-0.0173978
-0.0252796
-0.0716177
0.00621139
-0.0117552
0.0011956
-0.0531208
0.00642975
-0.00902324
-0.0416674
-0.00798711
-0.0170631
0.0301512
0.016611
0.0289019
-0.000204578
-0.0043389
-0.0392223
0.00962527
-0.0303912
-0.000121737
0.0289714
0.0310114
0.0163464
-0.0578342
0.0373005
0.0527188
-0.0390575
-0.00954395
-0.0019105
0.0166131
0.00661865
-0.0172473
-0.0165944
-0.0403685
-0.0100432
0.0322624
0.00509851
0.0107394
0.0274262
0.0196355
-0.0192406
0.0310135
-0.0285614
0.0320304
-0.00326235
0.00270568
0.0305882
-0.0515322
-0.00368534
-0.0089271
-0.0463609
-0.020238
0.0147118
0.0475467
-0.00813953
0.0766827
0.00504988
0.0399258
-0.0230464
-0.00198149
0.00100011
0.00931686
-0.0242946
0.030765
0.0266384
-0.0204175
-0.0357082
0.027168
-0.00182252
-0.0126977
0.0402477
0.0150307
-0.0238805
-0.0107472
0.0516385
0.0175523
0.0160599
-0.0240896
0.00226177
0.0594562
-0.0241051
0.0161639
0.0464658
-0.0326435
0.0437243
-0.0226182
-0.0271749
-0.000314218
0.0166718
0.00450732
0.0255763
-0.0165223
0.0338903
0.0338588
-0.0357329
0.0232892
8.13239e-05
0.032799
-0.00596703
0.0317645
-0.0275943
-0.0159691
0.0157707
-0.0396149
0.0393057
0.00106373
0.0251017
0.00504377
0.0279473
-0.00317624
-0.0267509
-0.0240909
0.0414584
-0.00267731
0.0292983
0.0187318
-0.0211122
0.0462626
0.00414362
-0.00998504
-0.012245
0.00973455
-0.00369181
0.0152097
0.0141962
0.0259459
0.025732
0.0203815
0.0196732
0.0426823
-0.0164216
0.0252341
0.0428481
-0.00248832
-0.0170871
0.0512556
0.0282377
-0.0335521
-0.0226224
0.0423386
-0.000886254
0.00904022
-0.0366489
-0.00261935
0.00267788
-0.0357124
-0.0245971
0.000305586
0.00680456
0.0213143
-0.0253322
-0.0347646
-0.0215019
-0.0269053
0.0322639
-0.0330841
-0.0398516
-0.0259883
-0.00730838
0.0254912
0.00241877
-0.0076425
0.00186727
0.0322837
0.0126333
-0.00570346
-0.0440112
-0.0400515
-0.000625686
0.0153392
-0.0449324
0.0148981
-0.00339754
0.031249
-0.00490672
0.010302
0.0526922
0.0379952
0.00944175
-0.0556717
0.037311
-0.310459
-0.213782
-0.0713799
0.0345831
0.0836909
-0.0961828
0.0399367
-0.0536009
-0.0291834
0.00203211
-0.083115
-0.0979822
0.00450054
-0.0471134
-0.0391892
0.00166539
0.0546417
-0.083717
-0.0845398
-0.0429316
-0.0408847
0.0592174
-0.142556
0.274634
0.171246
0.0837873
0.00639088
-0.153042
0.0713733
-0.0189592
0.072014
0.00833813
-0.0839477
-0.0150905
-0.0116379
-0.0299209
-0.0860389
0.119752
0.0355753
-0.0129528
0.108876
-0.000552822
-0.0298407
0.0278649
0.00211869
0.00273378
-0.0613763
0.063291
-0.00257779
-0.016237
0.04844
0.0268779
-0.00558132
0.0472431
0.0337086
0.0104947
0.047621
-0.0686054
0.0237533
0.00781851
-0.00747902
0.0253211
0.0539587
0.0146139
-0.0100921
-0.0680067
0.0424868
-0.00604882
-0.0157731
-0.000665715
-0.0183384
-0.0618772
-0.0706983
0.018901
-0.0538614
-0.010543
-0.0585395
-0.0574199
-0.0244891
-0.0138488
-0.0276191
-0.0466238
0.00737387
-0.00627135
-0.0117784
0.00952624
-0.0247421
-0.065298
-0.109382
0.000617971
-0.0567267
-0.0473579
-0.0233816
-0.0484672
0.0364307
0.0264817
-0.0432654
0.0279815
-0.0436571
-0.0128623
0.00721193
0.0041345
-0.0307034
-0.0150872
-0.0136309
-0.0438989
0.040315
-0.020295
0.00284701
-0.00175969
0.0234704
0.0385674
0.0160876
0.0473051
0.106713
0.00015885
0.0193324
0.0371207
0.0775454
0.108644
0.0305322
0.089774
0.00663804
0.0172949
-0.0179896
-0.0449181
-0.038028
0.0246173
0.0177897
0.0282428
-0.0344714
-0.0354018
-0.0191395
0.0143705
-0.0183233
-0.0187822
-0.035722
-0.0417137
-0.05195
-0.0403669
-0.0447316
0.0157661
0.0156062
-0.0326612
-0.0299146
0.0437442
0.0460791
-0.0123763
-0.0399264
0.0216686
0.0489487
0.0136305
-0.019251
0.0445208
-0.0186699
0.00364098
0.0169371
-0.0315449
-0.0154756
0.04339
0.0195756
-0.0244401
-0.0322335
-0.0487388
-0.0429876
0.000253243
0.0359458
0.0797033
0.0103841
-0.0315375
-0.00164781
0.00133361
0.00348168
-0.0365088
0.0337064
0.060785
0.00631439
-0.0150094
0.0424589
-0.0225717
-0.0410014
0.0100755
-0.0269928
0.063472
0.0141441
0.0489286
-0.0133041
0.0464138
0.0238923
-0.0388009
-0.0373748
-0.00438216
-0.0112765
0.0375269
0.0141607
-0.0399232
-0.00010683
-0.0300982
0.0105683
0.0175598
-0.0314828
0.0566059
0.000852667
-0.0271788
0.00454947
-0.0453893
0.0512909
-0.019293
-0.0430344
0.0331503
0.0211798
0.0630098
0.111141
0.0125896
-0.0198146
0.0265827
-0.0326835
0.00655345
-0.0107125
-0.0258508
0.0281663
-0.0448823
-0.0185019
0.00412281
0.00339815
-0.00791793
0.0851095
0.0206951
-0.0410476
-0.00641937
0.0125083
0.0324613
-0.0127908
-0.0152309
-0.0140148
0.0980371
-0.0198673
-0.0462395
0.0196572
0.052208
-0.00785583
0.027555
-0.101297
-0.0643524
-0.0438785
-0.062511
-0.00409016
0.01179
0.0226842
-0.0806634
-0.0599618
-0.0558576
-0.012179
0.0309718
-0.00539445
0.0272952
0.0344525
-0.117525
-0.0770892
-0.029055
0.0146255
-0.0548512
0.0115003
0.0583636
0.0101852
-0.0682385
-0.0110465
0.0574828
-0.0439131
0.0161599
-0.011594
-0.0452882
0.0406372
0.0244822
-0.0144214
0.0120867
0.04037
0.0287252
0.0897776
0.0333477
-0.0784116
-0.039078
-0.0213351
0.0460494
0.0374183
0.0365351
0.027683
0.045789
-0.0419519
0.0308049
0.0351909
-0.0308265
0.0410899
0.0255842
-0.00983516
5.68204e-05
-0.0095323
-0.0222715
-0.00520446
0.0554136
-0.0560053
0.0114263
0.0161538
0.00611555
-0.0465347
-0.0170976
-0.00346389
-0.0467843
0.0090183
-0.010436
0.0161518
0.0123783
0.038488
-0.00951205
-0.0204506
0.0552116
-0.0134001
-0.00988294
0.0604463
0.0867487
0.0121017
0.0185447
-0.0103404
-0.0113219
0.0175886
0.0418529
0.0204953
-0.0286609
-0.0308094
-0.0159274
-0.00366497
0.00200799
-0.0404548
-0.0450429
-0.0255526
0.0027063
0.014125
0.0314132
-0.0414704
0.0121495
0.00454798
0.0174296
-0.00475964
-0.0380195
-0.0345852
-0.00544549
0.045431
-0.0100829
0.000631329
-0.0425765
0.0258789
0.0346967
-0.0032838
-0.0283004
0.0291902
-0.032417
0.0175392
0.0204918
-0.0351096
0.0738752
-0.0389125
-0.0319622
0.0280338
0.0222698
-0.030257
-0.0340143
0.0293783
0.0441016
-0.0135785
-0.0391288
0.0259852
0.0413686
0.0192867
0.031584
-0.019325
-0.0284036
-0.017445
0.024332
-0.0446457
-0.0193335
-0.0307213
-0.0106684
0.0317199
0.044045
-0.0175726
-0.0419149
0.0388688
-0.014312
-0.0103819
-0.0513047
-3.16016e-05
-0.065798
0.0421808
-0.0282582
-0.0244682
0.00534498
-0.0477076
0.0402716
-0.0794725
0.00165083
0.0277687
-0.00366391
0.0271056
-0.152661
-0.0108944
-0.0149251
-0.0249682
-0.0190631
0.0798791
-0.0412661
-0.0186522
-0.0380391
-0.0191158
0.00598334
-0.0171244
0.0852555
0.0626576
0.0177423
0.0362753
-0.0314559
-0.0109738
0.0372117
0.0386833
-0.0599603
0.0378398
-0.0133856
-0.0128967
0.0236582
0.0271925
0.045656
0.0232613
-0.00517725
-0.0337711
-0.0464687
-0.021236
0.0422568
-0.0252467
0.0664257
-0.157744
-0.0342986
-0.0736627
-0.000248041
0.0392722
-0.0732702
0.055507
-0.036592
-0.0392923
0.00469465
-0.039102
-0.0760901
0.0094328
0.00527966
0.0150296
0.0296468
0.00521152
-0.0174837
-0.000467644
-0.0388174
-0.0447999
-0.0270481
0.0362231
-0.0439648
-0.00866753
-0.0751119
-0.0126129
-0.0220998
-0.0219152
0.0401187
-0.0203282
0.00696534
0.0366644
0.0170093
-0.0022196
0.0421392
0.0103909
0.0082946
-0.0199991
-0.00639188
0.0628152
0.0165804
-0.0225572
0.00769877
0.000181106
0.00445173
-0.0257646
-0.0608733
0.0653391
0.0407697
0.011763
-0.00734373
-0.00477353
-0.0306363
-0.00919142
-0.0530193
0.00979737
0.0409964
-0.0330069
-0.0220373
0.0201829
-0.0318988
0.0483597
0.0399735
-0.017558
0.031691
0.022164
-0.0264654
0.00661556
0.0221351
0.0500784
0.023695
-0.00273303
-0.0435597
-0.026697
0.035383
0.00548149
-0.0299384
0.0278148
-0.00425428
-0.0372165
0.0121294
0.0363308
0.0400877
0.0294862
-0.0484392
0.00367192
-0.0131964
-0.0331742
-0.0156478
-0.0333132
-0.0654944
0.00161181
0.0185906
5.79493e-05
-0.0062483
-0.0468242
-0.00162147
-0.0125458
-0.0280739
-0.032409
-0.0539322
0.0177384
0.00824762
-0.0468102
0.0127594
0.0348147
-0.00268571
0.0016187
-0.0384946
-0.0511873
-0.0601977
-0.0134625
0.00484773
-0.0519439
-0.00800893
0.026529
-0.0387995
0.0224333
0.00945647
-0.023179
0.0451589
0.046282
0.0188167
-0.017627
-0.00976057
0.0231474
0.0482817
0.0136958
0.036382
0.0262886
0.048668
-0.0429188
-0.0330917
0.032402
0.0406017
0.0453637
-0.0115786
0.00181296
-0.00723904
0.0386807
0.0351322
-0.0462833
-0.0374954
-0.0660517
-0.0337083
0.00215421
0.0349881
-0.0469826
-0.0122123
-0.0140965
0.0417651
-0.048327
0.00768657
0.0123308
0.021347
-0.0249153
0.00835228
-0.00247689
-0.0164113
0.0145634
0.0189916
-0.0383463
-0.028417
0.0333947
0.00939452
-0.0359253
-0.0410171
0.0190958
0.018322
-0.0437255
-0.00712282
-0.0195758
0.0222784
0.0196119
-0.0277837
-0.0485443
-0.043363
-0.0402679
0.0248651
0.0250622
-0.0746104
0.0436336
-0.032702
0.0344082
-0.00683929
-0.0162798
-0.019085
-0.0214089
0.00616066
0.0188387
-0.00321651
-0.0254694
-0.0248948
-0.0578723
-0.0285796
-0.00228554
-0.0554777
-0.0379383
-0.000874519
-0.000740897
-0.0075306
-0.0453354
0.000588516
-0.00268532
0.0247097
0.0375436
0.0150364
0.0357049
-0.0219475
-0.0458221
0.0374908
-0.01692
0.0134457
0.0192457
-0.0142412
-0.0560929
-0.0371162
-0.0424389
0.055231
-0.00235787
-0.0362388
-0.0314167
0.0489315
-0.0228399
0.018426
0.0147134
-0.0364064
-0.0020816
-0.0419963
0.0173063
-0.0270921
0.00807826
0.00265933
-0.0248616
0.0683916
0.0551256
-0.00901339
-0.0461387
-0.0478949
0.0344578
-0.025386
0.0455356
-0.000260693
-0.00937714
0.0111197
-0.0334825
0.0527111
0.015583
0.00795057
-0.0889871
-0.0599749
-0.0127733
-0.0598301
0.0400742
0.00455813
0.0264952
-0.00768095
0.050158
0.0321895
-0.0254699
0.0268162
0.0404753
-0.0236008
0.060315
-0.000722026
-0.0143709
-0.00451731
-0.0338982
-0.0582577
0.0289241
0.083351
0.0673709
-0.00585356
-0.0234358
0.0177599
-0.00578767
0.0848227
0.0230212
0.0428815
0.0357922
-0.0405832
-0.00177629
0.0451541
0.032395
0.0192698
-0.00628661
0.0297188
0.0469527
0.0113946
-0.00368974
0.00248185
0.0461025
-0.00354662
0.00503133
-0.014977
0.0255324
0.0434079
0.0309585
0.0268465
0.0418724
-0.0249442
0.0445027
-0.0324319
-0.0176727
0.0159682
0.0116083
0.00614791
-0.041038
-0.0387106
-0.0196229
0.00859237
0.0253164
-0.00756352
0.0321295
-0.00823332
-0.00151764
-0.00278233
0.00997538
-0.0468368
-0.00502601
0.0429006
-0.0314658
0.0215895
-0.0129153
0.0420526
0.00182504
0.00731953
0.0154675
-0.0343018
-0.0468245
-0.000201817
0.0248836
-0.00500678
0.00529671
0.0380019
0.025504
0.00948082
0.0325467
-0.0321015
0.0119786
0.0119581
-0.0435954
0.00890004
-0.0211106
0.000949207
-0.0102337
0.0392212
-0.0131771
-0.0257353
-0.0310881
0.0446712
0.00850183
0.0484536
-0.0365035
-0.0338046
-0.0197078
-0.0112367
0.0450686
0.0262998
-0.00775097
0.000868954
-0.0442239
-0.0386814
0.0456711
-0.00354473
0.0410274
0.0298583
-0.000267752
-0.00576794
0.0190263
-0.0161369
-0.0265845
0.00523535
-0.0313988
0.0502759
0.0259658
-0.0139587
0.0472804
-0.00380864
0.069421
0.0198934
0.00873595
-0.0322166
0.0190983
0.0173168
0.0324853
-0.0168901
0.0192457
-0.0344026
0.0148762
0.00385902
0.0429733
-0.0108513
0.0526778
0.0305658
0.0082132
0.0533366
0.0333837
0.0332375
-0.018289
-0.0030593
0.0200902
0.0146636
-0.0431991
-0.0122545
0.0290338
-0.00717083
-0.00734085
-0.00857327
-0.0626294
-0.0323354
0.0553281
0.0405235
0.0702596
0.0570131
-0.012949
-0.0095338
0.0251758
0.0223323
-0.0261182
-0.0134264
-0.0781647
-0.0229103
-0.0100632
-0.0294179
-0.00112418
-0.0301839
-0.00665608
-0.0222793
-0.0238383
-0.0364909
0.0117458
-0.0226789
0.0265121
0.00270542
-0.0232016
-0.0046484
0.0131295
-0.0280676
0.0516384
0.0253205
-0.0250212
0.0541224
-0.0442837
-0.0120994
-0.0312053
-0.00324228
0.0165573
0.00780785
-0.0446625
-0.00415499
-0.0263796
0.053637
0.0154901
-0.0139424
-0.0294111
-0.027455
-0.009914
0.0309199
-0.00186374
-0.0398549
-0.0281846
0.00353741
0.0207107
-0.0288012
-0.0191138
0.0369151
0.0185225
0.0320048
0.0142583
0.0484223
0.0359041
0.00702747
-0.0453637
0.0749222
-0.00631241
-0.027914
-0.0346206
-0.05273
0.0128707
-0.036887
-0.0185244
0.0378326
-0.00550916
-0.021914
0.00884179
-0.0233875
0.0278723
-0.00839652
-0.0214187
0.00551519
0.045477
0.036386
0.0336124
0.00731441
-0.0146541
-0.0156519
-0.012375
-0.0519441
0.0606698
-0.0629883
0.0311587
-0.00423757
-0.0367487
-0.0118352
0.0145334
-0.0200674
-0.0391961
-0.0276484
0.0323663
0.00381992
0.0149884
0.0291962
-0.00503461
-0.0349294
-0.0346405
0.0336581
-0.0297453
0.0202463
-0.0424116
0.0241204
-0.0412666
0.00809574
-0.043676
0.00238983
0.0294569
-0.0352893
0.00915884
-0.000720606
-0.00793002
-0.0179078
0.0246435
-0.0370546
0.0042026
-0.00807614
-0.0286939
-0.00247579
-0.00706156
-0.0158557
0.0368701
0.0217159
0.00361983
0.0296317
0.0085026
0.0356432
-0.0322248
0.0505405
-0.022337
-0.0480189
0.00867229
0.0441034
-0.00438971
-0.0204202
0.0291503
0.0450601
-0.0288387
-0.0175165
0.0424574
-0.00837599
0.019515
-0.0195972
0.00804726
-0.0114721
0.00839743
0.00234517
-0.00595069
0.0240733
0.0294453
-0.0346077
0.0127696
0.0180787
0.0388537
0.0225081
-0.0470857
0.0262033
-0.0532771
0.0487488
-0.00544061
0.0380823
-0.0278999
0.0355077
0.0333092
-0.0192102
0.0337482
-0.0250733
0.0226732
0.0318749
0.0185274
-0.0247663
-0.0323055
-0.0522739
0.00228348
0.0143239
0.0607753
-0.0106522
-0.0358751
0.0316257
0.0532987
0.0527643
0.039158
0.048909
0.000785062
-0.00878719
-0.0408453
-0.0199872
0.000622443
0.00931213
-0.0433223
0.0133652
0.0275068
-0.048226
0.0296321
-0.00591591
0.0385187
-0.022596
0.00220171
-0.0274659
0.0504097
-0.0193155
0.0308446
-0.00762622
0.049339
-0.0217245
0.00642935
-0.0166263
-0.039061
0.0490814
-0.00292477
-0.0429489
-0.0537006
0.0142976
0.0324736
0.0260643
-0.0117391
0.00233198
0.0444894
-0.0205823
0.0359166
-0.0468573
-0.0148814
-0.0103256
0.0288174
-0.000143231
0.010455
-0.0195689
0.00846847
0.00806958
-0.0110571
-0.015756
0.0132966
-0.031629
0.01954
0.0424929
-0.0635788
-0.0280488
-0.0477163
0.0324127
-0.0419496
-0.0381136
0.0332848
-0.0416652
0.00613699
-0.023317
0.0244833
0.00613205
0.00254684
-0.0206177
-0.00932758
0.0290684
0.0108303
-0.0317364
-0.0654418
0.0261401
-0.0161254
-0.020026
-0.00158797
-0.0402243
-0.0330857
0.0248395
0.0138134
-0.0635012
0.0138398
-0.0319171
0.0347754
-0.0156989
-0.0194722
-0.00808682
0.0203248
-0.0222603
0.0431766
-0.0208075
0.00669121
0.0382267
0.00490234
0.0436369
0.0155637
0.0405113
-0.0357299
-0.0295705
0.0341932
-0.0270776
-0.0266964
0.0227254
-0.00857532
0.0137004
0.00564931
-0.0225113
-0.0470681
-0.0423571
-0.0348286
0.0365128
-0.0709416
-0.0229439
-0.0237854
0.0330729
0.0541325
0.0382668
0.0266145
0.0287061
0.0152842
-0.0388148
0.0366834
0.0396198
-0.00741403
-0.0438567
-0.0373467
0.0249496
-0.00375304
0.0482735
0.0356159
0.00684031
-0.0262723
0.0246007
0.00540747
0.022721
-0.0355225
0.0210714
-0.0195273
0.0382204
-0.0328294
-0.0278744
-0.0335917
-0.00543192
0.0296886
-0.0431243
0.0173047
0.0272194
0.0308712
-0.0274851
0.0365325
-0.0203874
0.0452382
-0.0180934
0.0370291
0.0173586
0.0203853
0.0328509
0.0133108
-0.00916303
-0.000325378
0.028166
-0.0415539
0.0323392
-0.0289446
-0.0198997
0.015223
0.0384916
-0.0218688
-0.0128707
-0.0391215
0.0436605
0.0115508
0.0492442
-0.0016151
-0.0179431
0.0094169
0.0328338
0.0354184
-0.0155895
-0.0384592
0.0432625
0.0346263
0.0506241
0.0156995
-0.0191935
-0.0288807
-0.0109154
0.0318882
-0.00815145
-0.016057
-0.0472356
-0.0131589
0.0393971
0.0219177
-0.0537612
0.0138243
0.00240756
-0.012668
0.0160009
-0.00575302
0.0402559
-0.0118976
0.030995
-0.00842587
0.00135404
0.0428196
0.000780389
-0.0280621
-0.0184388
-0.0433165
0.0306385
-0.000759434
-0.0145756
0.0330747
0.0344476
-0.0483789
0.0508384
0.06499
-0.0213604
0.0585722
-0.0086369
-0.0454847
-0.014851
-0.0182741
-0.0350815
-0.0375665
0.0238534
-0.0304142
0.101138
0.00931636
0.0403702
-0.0288782
0.000874546
-0.0508447
-0.0697192
0.0261179
0.0286498
0.00716604
-0.0492935
0.00627695
-0.0456716
-0.0443578
-0.0248981
-0.0551647
0.0479993
-0.0319032
-0.00706913
-0.0453241
-0.0100419
0.0204538
0.0167112
-0.0435834
-0.0538668
0.0448742
-0.0406054
-0.0479343
0.00404665
0.0247387
-0.0426613
0.0020507
7.11175e-05
-0.044871
0.0120569
-0.0231929
-0.000426688
-0.0108768
0.0226535
0.0268947
0.00161725
0.000961381
-0.0322633
0.0178321
0.0189318
-0.00513163
0.00798134
-0.0208487
0.0350844
0.00302785
0.0379946
-0.0123372
0.0266819
-0.0184846
-0.0233697
0.0466092
0.0247017
0.0393068
-0.0273121
0.016987
0.00545173
0.0165723
0.0279243
-0.0190991
-0.00826967
0.024441
0.0310042
-0.0449687
-0.0563805
-0.0295009
-0.0324451
0.0361313
-0.0140899
0.0339183
0.0407538
0.0172381
0.0143248
-0.0177515
-0.0256092
-0.0134645
0.0257347
0.0106884
-0.0347164
-0.0259293
-0.00328712
-0.00238689
-0.0420403
0.041163
-0.0271848
-0.0230146
0.0191807
0.00322508
-0.0152673
0.00069278
0.0381571
-0.0263367
0.0310587
-0.00290605
0.036563
-0.0273085
-0.00062062
-0.0195509
0.0439629
0.0414276
-0.0189902
0.0281314
-0.0608084
0.0422861
-0.0110578
0.0216609
-0.00502759
-0.0178265
-0.0123837
0.0103187
0.0388184
0.027545
0.0240572
-0.0420109
-0.00188194
-0.00665032
0.0433192
0.00334943
0.00679119
0.0436588
-0.04855
0.0116404
-0.0480675
-0.0129383
0.0384627
-0.0202068
0.00617837
-0.0124632
0.0223169
0.0356612
0.00893841
0.0448923
-0.0288408
0.00383832
-0.0292905
-0.0295
-0.0402328
0.0300727
0.00254086
0.0233514
-0.000970149
0.054557
0.0523619
-0.0220996
-0.0312175
-0.042326
0.0211194
0.0369521
-0.0209424
0.0370426
0.0246033
-0.022154
-0.00576188
0.0482799
0.0285451
0.0306457
0.0315502
0.0252166
0.0425594
-0.0165705
-0.0356285
0.0154307
0.0488429
0.0482416
-0.0203611
0.0388775
0.0380534
0.0350974
0.0478293
0.0023196
-0.033355
-0.0446189
0.0356006
-0.00708749
0.0441773
0.0475257
0.0180526
-0.00747184
-0.0520963
0.0246566
-0.0238333
0.0400179
-0.0297428
0.0242834
-0.0427467
-0.0295719
0.00695369
-0.0229769
-0.0113668
-0.0128256
-0.0310964
0.0185567
-0.066639
-0.0269202
-0.0149058
-0.0546818
-0.0217292
-0.0147934
0.0296342
-0.0453366
-0.0143754
-0.0490973
0.0281038
-0.0419583
0.010426
0.0149153
0.0289416
0.0222276
0.030046
-0.0286104
0.0207439
-0.0137378
0.0255115
0.00356438
-0.0439063
-0.0477436
-0.0234492
-0.0267913
-0.0616772
-0.00185694
-0.0477136
-0.0321271
0.0308287
-0.00134784
-0.0327402
0.0256772
0.0135389
-0.00402698
0.0223214
0.012398
-0.0451732
0.00501778
0.0649424
0.0579983
-0.014484
-0.0515865
0.0351664
0.0100881
-0.012429
0.0438173
-0.0114731
0.0333696
-0.0684471
-0.054188
0.0422486
0.0388685
0.0224118
-0.0299586
0.0395133
-0.023414
0.02534
0.0119393
0.00420395
-0.0237271
0.0193777
-0.0336171
-0.024557
0.031663
0.0314279
0.0398254
0.0183935
-0.000866123
0.00598193
-0.000190965
-0.00725006
-0.0215077
-0.02186
-0.045056
0.0275346
-0.0076561
-0.0272102
0.0272969
0.0532725
-0.034277
0.0244201
0.0474518
0.0205908
0.00578399
0.0356044
-0.00127612
-0.0171711
0.0279464
0.0219619
0.0348415
0.0419338
-0.00660215
0.048314
0.0272298
-0.0027435
0.0236781
-0.0235507
-0.030199
0.0214288
0.0515793
-0.0230371
0.0161812
0.0213492
0.0298412
0.0129425
-0.0407197
-0.0239717
0.0108208
0.0219591
-0.000891157
0.0474356
0.0300735
0.0145995
0.00833627
0.0271178
0.00157754
-0.024968
-0.0156536
0.0449363
-0.0356031
-0.0389621
0.0197347
-0.0316315
-0.0383492
-0.0464653
-0.0287606
0.0152661
-0.0440131
-0.0196233
0.012919
0.0470322
0.0367038
0.0353776
0.0453397
0.00388175
-0.00536606
-0.00054605
-0.0369357
0.040367
-0.0301158
0.0318909
-0.0118456
-0.00331649
-0.0194291
0.0353447
0.032696
0.0306722
-0.0117644
-0.00954188
-0.0161735
0.0226111
0.00226829
0.00457169
0.0386124
-0.0280086
0.0210271
-0.0410522
-0.0323099
0.0255181
0.00373979
0.0283742
-0.0273664
-0.0507435
0.0420858
0.00591838
-0.00861772
-0.0309462
0.0304876
0.0332682
-0.0302571
0.0602327
-0.0152629
0.00405354
0.0471252
0.0241251
0.00234159
0.0758653
-0.0468169
0.027302
-0.00143121
-0.0274797
0.0452749
-0.044263
-0.0109958
0.0263545
0.069761
-0.0018189
0.00739436
0.0472139
-0.0405228
-0.00768923
0.00124571
-0.0126989
0.0379395
0.0231673
0.138242
0.0634724
0.0104139
-0.0157341
-0.0599422
0.0545478
-0.0129526
0.0457621
0.0383004
0.011022
-0.0295388
0.0256981
0.0325156
0.0209503
0.0313787
0.0160826
0.000773854
-0.00552914
0.0659457
0.0223102
0.00598348
0.0359111
-0.00246329
-0.182157
-0.0558127
-0.013128
-0.000959955
-0.00857987
-0.0401464
-0.038543
-0.0988283
-0.0183023
0.0500318
-0.076771
0.022371
0.047808
0.0352475
0.0072913
-0.0304483
-0.0154397
-0.0504309
-0.0849649
-0.149295
-0.0219745
-0.0395374
-0.00654242
-0.0198094
-0.0477657
0.000479318
-0.0273131
0.0327663
0.00615292
0.0558554
0.0448828
-0.0110078
-0.0313855
0.031296
-0.0130478
-0.00069193
-0.0294026
-0.0196593
0.0230622
-0.0481287
-0.05996
0.00884974
0.0283581
-0.0252861
0.0230555
-0.0359742
0.00143832
-0.0484454
0.0748839
-0.0237779
0.0344963
-0.0316921
-0.0363386
-0.0344195
-0.0464559
-0.0415822
0.00291691
-0.0179109
-0.0428866
0.00771006
0.0213488
0.019521
-0.0345715
-0.027792
0.0240584
0.0176325
0.0493433
0.0685165
-0.0173815
-0.0135073
0.0563292
-0.0214694
0.0437534
-0.0177737
-0.0172575
-0.00919748
-0.00269869
-0.0156515
-0.0220815
-0.0184027
0.0716445
0.0448238
-0.00589155
-0.0243936
0.000640208
-0.05103
0.03794
-0.034036
-0.00330321
-0.0398898
0.013011
-0.0672035
-0.00269845
-0.0362141
-0.00617445
-0.0585215
-0.00135428
-0.0357164
-0.101173
-0.0316192
-0.0406442
-0.031861
0.017566
0.0107942
0.0593041
-0.0289137
0.011577
0.0294757
0.0450402
-0.0230143
-0.0266979
-0.04293
-0.0408728
0.00147752
0.001292
0.0432988
-0.0171295
-0.0308557
-0.046173
-0.0238589
-0.0241038
0.0592846
0.0062007
-0.0399447
0.000599177
-0.0102994
-0.0361732
-0.0299223
0.0319752
0.0541962
0.0279125
-0.0304401
0.00272677
0.0450473
0.0395359
-0.0141254
-0.0422
-0.0181421
-0.0307207
0.0301172
0.0304067
-0.0317979
0.0261871
-0.000249413
0.0274334
0.0276654
-0.0116429
-0.00429787
0.0430392
0.0344484
-0.00392895
0.0590658
-0.0196009
0.00239321
-0.0434524
0.0265618
-0.0227752
-0.00553424
0.0403309
-0.00690504
-0.0610508
0.00481067
0.00946821
-0.034908
-0.0417466
-0.0258226
-0.0191829
-0.0268305
-0.0292062
0.00752295
0.00666447
-0.010767
-0.0279239
0.00917167
0.0259662
-0.0144979
0.0350483
0.0420255
0.00366426
0.00802631
-0.0192118
-0.0372675
0.0129441
-0.0429296
0.0483719
0.0439502
-0.0209369
0.0160001
-0.104101
-0.00373091
-0.096357
-0.0595232
0.0089473
-0.0607693
0.0288967
0.0206692
0.00935657
-0.0445126
0.0418591
0.0318956
0.00903901
0.021047
-0.0565441
-0.0188115
-0.0691773
-0.0274116
-0.0105459
0.0378485
-0.0514813
0.00760435
-0.00422365
0.0371258
-0.00761393
0.011836
-0.0363367
0.0256788
0.00163189
-0.0394897
0.0137083
0.0594716
0.0650726
0.0673005
-0.0189941
0.03238
0.00787935
-0.00954753
0.029667
0.0294894
0.0650995
0.0226616
-0.0391835
0.0264297
-0.0342261
0.0103378
0.0853388
0.0197421
0.0327471
0.0218483
0.00101843
-0.0186583
0.0269203
0.0132507
-0.0214314
0.0199612
-0.0299077
0.025969
-0.0542973
0.0651985
0.00141249
-0.0457133
-0.0155658
0.0396685
0.0380117
-0.0170523
0.0493432
-0.00928899
0.00975536
-0.0430411
0.0217472
0.0742167
0.0220759
-0.0217272
-0.00573875
0.0170871
0.062522
0.00234153
-0.0580918
-0.0622385
0.0107586
0.0327679
0.0583191
0.0183047
-0.0399756
-0.0414222
0.0152588
0.0163109
0.023171
0.0993602
0.0308147
-0.0299478
-0.0161073
-0.00167144
0.027029
0.00307185
0.0457001
0.0112316
-0.0355317
-0.018467
0.0441354
-0.0187068
-0.0538814
-0.00488289
0.04109
-0.0365585
-0.028296
-0.0306891
-0.0118336
0.0818859
0.0720748
0.0334812
0.0277493
0.0201262
-0.0167748
-0.0247967
0.0423921
0.0426254
-0.00485707
-0.00165697
0.00895802
-0.0359757
0.00700328
0.0188004
0.0145393
0.0228104
0.00934888
-0.0252212
0.041636
0.0482259
-0.00484606
0.0397524
0.00797668
-0.0245878
-0.00905937
-0.0269571
-0.024355
0.0137093
0.00634018
0.011792
-0.0045543
-0.0420651
0.0344675
0.0250075
-0.0105561
-0.0296502
-0.00680642
0.0146839
0.0153019
0.0220709
-0.000209878
0.0217527
0.019983
0.0108174
0.0278843
0.00394744
0.0246147
-0.00753553
-0.0228703
-0.0467019
-0.0468459
-0.0453783
-0.0302945
0.0366554
-0.0188559
-0.0144145
0.0100703
-0.0360729
0.0407753
-0.0337235
0.0221301
-0.0237047
-0.0011318
-0.0120862
0.0182167
-0.0401088
-0.0078071
-0.025037
-0.00104308
0.0155974
0.035478
-0.00407964
0.00752013
-0.0295165
-0.015571
0.0438724
-0.0163489
-0.0213107
0.00196486
0.0155936
0.0477326
-0.0323176
-0.0120627
0.020568
0.0156576
-0.00411263
0.0323088
0.0414474
-0.013206
-0.042017
-0.00547713
-0.0378444
0.0395567
-0.0409351
0.00201984
-0.0030026
-0.0331136
0.0160958
0.0618131
0.00217364
0.001775
-1.90408e-05
-0.0328778
0.00932221
-0.042428
0.00387642
-0.0465173
-0.0355258
0.022855
0.0136001
0.0365662
0.0328798
0.00648218
-0.0508337
-0.0288074
-0.0663224
0.0303264
0.060152
0.0327918
0.0381099
-0.00538453
-0.0269228
0.0399677
-0.0325999
-4.84841e-05
-0.00186093
-0.0466821
-0.0154263
0.0215419
-0.0368825
-0.0452768
0.00361592
0.00684098
-0.0287848
0.036621
0.00259685
-0.0567167
0.0110507
0.00673157
-0.00931012
0.0532375
-0.0330607
0.00150231
2.78496e-06
-0.015887
-0.00742799
-0.0214014
0.0059906
-0.0255565
-0.00985607
0.0460841
-0.00865024
-0.0188224
0.00225309
0.0335345
0.0411776
0.000241077
-0.0266394
0.00940481
0.00369346
0.010949
0.0039483
0.0104598
-0.0453608
-0.0390129
-0.0116499
-0.00364696
0.0176557
-0.0377788
-0.039486
-0.0185093
0.00812554
0.0154883
-0.0335472
0.0465297
0.044866
0.00604117
-0.0510072
0.0120631
-0.0184843
-0.0414832
0.00848988
0.0318478
-0.0494227
-0.0345105
0.017627
-0.0392257
0.0183517
0.0140824
0.0381153
-0.0190963
-0.0300913
-0.0279997
-0.0487012
0.0417085
-0.0170655
0.000855733
0.0195902
-0.0273727
-0.0372343
0.00789378
-0.0247043
-0.0353964
-0.0477875
0.0458342
-0.01569
-0.0414916
0.0533738
-0.00330944
-0.0403821
-0.0445396
0.0208817
-0.0318586
0.00500948
0.0221223
0.027528
0.0130167
-0.0398414
0.00787457
0.039786
0.0471767
0.0377369
0.013279
-0.0476748
-0.028612
-0.0339579
0.010322
0.000567945
-0.0101427
-0.0281868
0.0082329
0.0315167
-0.0023516
-0.00194783
-0.0330943
-0.0426283
-0.0164791
0.0114495
0.0257825
0.047585
-0.0203563
0.000890146
0.0454797
0.0408143
0.0278164
-0.0106847
-0.00703038
-0.0437625
0.00404462
-0.00858761
-0.00108125
-0.0124302
0.016816
-0.0195371
-0.0425157
-0.0387944
-0.0187493
0.0184055
0.027802
-0.0254585
-0.0348832
-0.021559
0.0183278
-0.0264516
0.0360517
-0.0330307
0.0463082
-0.0396782
-0.0342323
0.0468202
-0.043546
0.046053
-0.0273366
0.0133065
0.0116279
0.0322848
0.0166736
-0.0324091
0.00753623
0.00977741
-2.84097e-05
0.0484072
0.0405104
-0.0283432
-0.0340421
0.0272014
-0.0438629
-0.00561256
-0.0292231
-0.00192761
-0.0420815
0.00439848
0.0083542
0.0231078
0.0300054
-0.0166539
0.00742228
-0.0200586
-0.0571851
-0.0275974
0.0134921
0.00833949
-0.0230265
0.0312836
0.0468631
0.0535044
-0.00712006
0.0085609
0.0510488
-0.0325783
0.00793488
0.0250928
-0.0409009
0.0108503
0.0473893
-0.0365668
-0.00593303
-0.030568
0.00089155
0.00372772
-0.0317397
-0.0477224
-0.00530413
0.0396861
-0.00518793
0.0222259
-0.016661
-6.90235e-05
0.0103996
-0.0301076
-0.0110795
-0.0409963
0.0355783
-0.0473986
0.0237208
-0.0161328
-0.0533478
-0.0557993
0.0144179
-0.0463343
0.00350726
0.0441782
0.0399608
0.0602034
-0.00650587
-0.0491627
0.0312598
0.0398075
-0.00539904
-0.0110588
0.0455995
-0.0633144
-0.00745561
0.0284025
-0.0195221
-0.000264774
-0.0230176
-0.0297774
0.00457837
0.0124691
-0.011794
0.0199765
0.0411309
0.00158705
0.00962476
-0.0355866
0.0299439
-0.0560853
-0.00283867
-0.0339282
-0.00220183
-0.036636
-0.0253261
0.0340815
-0.0553013
-0.0283984
-0.015091
-0.0309402
-0.0183485
-0.0409479
-0.0400894
0.0374054
-0.050165
0.0395807
0.0388418
0.0193861
-0.0498285
0.0258142
-0.00714249
-0.0170649
0.0308936
0.00983672
-0.0393637
0.000266503
-0.018947
-0.000258886
-0.046891
-0.00276705
0.0171681
0.0122231
-0.0103769
0.0322856
0.0342202
-0.0122578
0.00511234
-0.0447631
-0.00575355
-0.0106828
0.0140781
0.0366686
0.011185
0.0417204
-0.0236538
0.0573659
0.0118506
-0.0142728
-0.0160362
-0.0290575
0.0600042
-0.045782
-0.041304
0.0145233
0.00764475
-0.0403706
-0.0211982
-0.0248916
0.0453573
0.0310986
0.0445462
-0.0424293
0.0305162
0.0363518
-0.0247033
-0.0423051
0.0242328
0.0411547
-0.0462322
0.0192935
-0.0118225
0.00549076
-0.00339044
0.0482
-0.0109836
-0.0264765
-0.0157197
0.0390418
-0.0420405
0.0161346
-0.031464
0.0243557
0.00303111
-0.0291413
-0.00317059
-0.0274206
0.00308738
-0.00832675
0.0417799
0.0310931
0.00263536
-0.0176697
-0.00748554
-0.00835083
-0.00501412
0.0206181
-0.0282268
-0.00881333
-0.00746157
-0.022128
-0.0435715
-0.0343013
0.0228617
-0.00393058
0.0110405
0.0267748
-0.0391449
0.00114301
0.00533706
-0.0260618
0.0297017
0.0458729
0.0111752
0.0261239
0.00234379
0.00165977
-0.0241887
-0.00409488
0.0376678
-0.0075603
-0.0102904
-0.0218607
0.00398005
-0.0408467
-0.0158246
0.0354854
0.00679044
0.010163
-0.0403585
0.0344476
-0.0150326
-0.0260819
-0.00876066
-0.0304663
0.00845431
0.0376373
-0.00602579
0.0370652
-0.019057
0.0116467
-0.0183084
-0.0106053
0.0204322
0.0596651
0.0559312
-0.012733
-0.0357068
-0.00811625
0.0277098
-0.0279409
-0.00924195
0.0112563
-0.0108544
-0.00880206
0.0146626
0.0533165
0.0481676
-0.0633105
0.0772051
0.0742357
-0.0044275
-0.0442222
-0.0686655
-0.0245643
-0.016507
-0.121208
-0.0129778
-0.0158752
0.10459
-0.0291788
-0.054359
-0.0326395
-0.0239713
-0.018589
-0.037604
0.0139124
-0.0193538
0.0113757
0.0165161
0.00303975
-0.00813598
-0.0565329
0.0173596
0.00214628
-0.00324471
0.0153735
-0.0029346
0.0336564
-0.0638716
-0.0664817
0.0337808
0.0300397
-0.0110286
0.0378577
0.0177288
-0.0348538
0.0489929
0.0668292
-0.00424209
0.0268961
0.000814763
0.0116096
-0.0157643
-0.0123223
0.0430314
-0.0207308
0.0543124
0.0393502
0.00763319
-0.0247853
-0.000814603
-0.00906801
0.0705885
-0.0251756
0.0199952
0.00803968
0.00701193
0.0165069
-0.056
0.0032987
-0.0483726
0.0359624
-0.00906059
-0.0122971
-0.0467504
0.00869342
0.0263442
0.0237274
-0.0387426
0.0399671
0.0502902
-0.031404
-0.00215287
-0.015261
0.0448064
0.0422209
-0.0329244
-0.00742084
0.000244195
-0.00254524
0.0147161
0.0318407
0.00563154
-0.029816
0.00431796
-0.0104706
0.05158
0.00368743
0.0458667
0.0657133
-0.0637321
0.0445642
0.00841085
0.00176238
-0.0400176
0.082257
0.0106604
0.0258013
-0.0455389
-0.0264329
-0.0757665
0.0249572
0.0538313
-0.0135969
0.00902688
-0.056355
-0.0482331
0.0307947
0.0061893
0.0643132
-0.0485077
0.00569583
0.0398425
0.0258166
-0.0164378
-0.0780313
0.00312827
-0.0637367
-0.0235326
0.00343416
-0.031835
0.00491504
-0.0468746
0.0429209
0.00571943
0.0628566
0.00415227
0.0406443
0.0477942
-0.0291
0.0470809
0.0373203
0.0144188
-0.011999
-0.0575505
0.00336554
-0.0329053
0.0226258
-0.000347824
-0.0105855
0.035356
-0.00317335
0.0461162
0.0188312
0.0210615
-0.0014507
0.036154
0.0395459
-0.0155448
-0.0216947
-0.0230315
-0.00359515
-0.0221127
-0.0343995
0.03777
0.0359749
-0.0139869
0.026071
-0.014103
0.0485035
0.0111872
0.0159264
0.0195547
0.0363715
0.0291756
0.0124858
0.0305856
-0.00979011
-0.0375381
0.0135853
0.0339039
-0.0460305
0.0379406
0.0302574
-0.0380143
-0.00191912
-0.0254483
-0.023728
-0.0430119
-0.0487453
-0.0322663
0.0345291
-0.0466342
0.0106346
0.00639941
-0.0107998
0.0444679
0.0243894
-0.0233099
-0.0521495
-0.0269368
-0.0298161
-0.0254186
0.00280179
0.038746
-0.0888941
0.0103503
0.0302264
-0.0545188
0.0378625
-0.0191912
-0.0632436
-0.00982088
0.0226181
0.016596
-0.00497656
0.0189003
0.000527471
0.019935
0.0121584
-0.0638645
-0.0315501
-0.031564
-0.00871124
0.0520316
-0.036035
0.00202196
0.0412421
-0.0261151
0.00501511
0.0209893
-0.0465845
-0.0143246
0.0274461
-0.00472848
0.0275569
-0.0147515
0.0731256
-0.0228556
0.0111156
0.00125685
-0.0207784
0.038595
0.0219869
0.0356837
-0.0203155
-0.0664605
0.0650195
0.041945
-0.046739
-0.00946919
-0.00660316
0.000905048
-0.00291088
-0.0350965
0.0306225
0.00126841
-0.0319636
0.0114929
-0.0160317
0.082375
0.0241763
0.0180841
-0.0319419
0.0312182
0.0291121
-0.0602897
0.0382012
0.0258635
-0.026537
-0.022756
0.0311209
0.0378627
0.0121333
0.0672405
0.0504374
0.0364236
-0.0297754
-0.0073967
0.0516285
0.00636529
0.0249965
0.0143351
-0.0355096
-0.0372337
0.00470655
0.0110238
0.0343615
-0.049995
-0.0365317
0.0518378
-0.0353847
-0.0249058
-0.0105286
0.00955177
-0.0260424
-0.0266123
-0.0588946
-0.102562
-0.0634399
0.017657
-0.04992
0.0506309
-0.03585
-0.0309868
-0.0374388
-1.71963e-05
0.0176329
0.0246268
-0.0559962
0.0149178
0.0652567
0.0254219
0.0058054
-0.00442766
-0.0476108
-0.0264955
0.0212211
0.0499371
-0.00441944
0.0355996
-0.0112785
0.0299852
-0.010273
0.0479533
0.0376229
-0.0107574
-0.0443465
0.0183982
0.0179265
0.00136738
-0.0222678
-0.0255507
-0.0227668
-0.00553739
0.0137322
-0.0486507
-0.0151616
-0.0317972
0.036187
-0.0459537
-0.0292678
0.0174791
0.0191532
0.0226025
0.0093619
0.000781667
-0.0161838
-0.0234377
0.0185686
0.0191815
-0.0369304
0.0106247
-0.0470344
0.0228928
0.0441639
0.0299598
-0.0257002
0.00939941
-0.0385379
0.0162505
-0.0325072
0.00861069
-0.00797622
-0.0238339
0.0430879
-0.0305081
0.00260703
-0.0479043
0.0368964
0.0471727
0.00779072
0.0377431
0.0308704
0.0410215
0.00047945
-0.0356602
0.0121031
-0.0259811
-0.00989249
0.0169667
0.0183213
0.0359746
-0.039864
-0.0217827
0.0350311
0.0336033
-0.00543565
-0.00847829
-0.0495159
-0.0478117
0.0282144
0.019194
0.0448696
-0.0917589
0.092141
0.0461715
-0.0266778
0.0425471
0.0233561
0.015496
0.00402946
-0.112421
0.0354791
0.0724431
0.0061501
0.343483
0.166331
0.142334
-0.0722616
-0.061078
0.0282557
-0.0799576
0.0163114
0.0222938
-0.018978
0.0346169
0.0682983
0.0541981
0.00874457
0.0196628
0.000363473
-0.0950348
0.230259
0.134085
0.0398734
-0.0278325
-0.0449596
0.0775618
-0.404805
-0.234945
-0.0431119
-0.0465185
0.16271
-0.017911
-0.0307163
-0.064534
0.0717931
-0.0422242
0.0363683
0.07526
0.0185637
0.0288227
-0.103316
0.0222618
-0.0127166
-0.179767
-0.13021
-0.22989
-0.000237483
-0.00369068
0.0281318
0.026111
-0.102609
-0.0532106
-0.0267613
-0.0670578
0.135799
-0.0336003
-0.078602
-0.00314841
0.0259766
-0.0147932
0.112249
0.0320301
-0.141725
-0.0143442
-0.0264347
0.0349432
0.0419819
-0.00828501
0.0631679
0.0374514
-0.00317172
0.0652283
-0.0349192
-0.0471221
0.221544
0.0215146
0.0538675
0.029879
0.0997626
0.011318
0.0357067
-0.0469516
-0.0130774
-0.0130326
0.0225179
0.0142212
-0.0465912
-0.0446465
0.0343825
0.0468907
0.0841868
0.137015
-0.011834
-0.126666
0.00212943
0.0536259
0.0319062
0.0482253
-0.0148387
0.0442578
0.0179815
-0.0126095
-0.0082869
-0.00501064
-0.0479808
0.0481065
0.0573151
-0.0295791
0.0225693
-0.0429212
-0.0286118
0.0546263
-0.0103749
-0.0164792
0.0338592
0.0146953
-0.0206862
-0.065554
-0.0257876
-0.0389612
0.0327395
-0.150567
-0.103149
-0.0681693
-0.21987
0.0805243
0.0315358
-0.016548
0.0260749
-0.00340421
0.0151554
-0.0172746
-0.00700772
0.0240455
0.0409067
0.0109327
-0.0484823
-0.0914146
-0.0481226
0.0540384
0.0470516
0.00937266
0.0464558
0.0150602
0.0688327
0.0115768
0.0285539
0.0183874
-0.0463406
0.0245682
-0.0366419
-0.0401331
0.0119419
-0.0238215
0.0288501
-0.0341369
-0.00300326
0.0301389
0.0467227
-0.02885
-0.0303977
0.0111405
0.0340116
-0.00460994
0.0110527
-0.0406999
0.0317293
0.0362021
-0.0383486
0.0244902
-0.037634
0.0245653
-0.0632726
0.0261409
-0.0177261
0.0416769
-0.00419638
0.0116184
-0.00690376
0.0273018
0.0168876
-0.0158916
-0.00374516
-0.00924935
0.0470597
0.0123529
-0.0822406
0.0445686
0.0273482
-0.0118067
-0.042041
-0.044486
-0.00947406
-0.00266541
-0.0198193
0.0350812
-0.0420919
-0.04403
0.0316741
0.0331415
0.00633187
0.0591355
0.0411329
-0.0220581
-0.043478
0.0408625
0.00811582
-0.072301
-0.0446187
0.0289097
-0.0349988
0.0400745
-0.0127931
0.0376452
-0.0281646
-0.150096
0.0574706
-0.09151
-0.0512332
0.00359756
-0.0103138
-0.0456437
-0.0498766
-0.057371
-0.0189075
-0.00236142
-0.0202893
0.0267548
-0.070905
-0.0431063
-0.0945465
0.0162375
0.0117629
-0.00445392
-0.0589299
0.0602053
0.0719401
0.0230808
-0.0182755
0.019843
0.0167352
0.0490906
-0.0434942
-0.0243956
0.0101032
0.124573
0.0654934
0.118633
0.126162
0.0135082
-0.0372267
-0.0553534
0.00750399
0.0703281
0.0742768
-0.00828218
0.0305294
0.0393078
0.00778617
-0.0803353
0.11102
-0.0687149
-0.121073
0.0540633
0.0111702
0.0102638
0.0498375
-0.11444
0.157682
-0.171257
0.0441473
-0.0991793
-0.153515
-0.0750497
-0.0232896
-0.0247878
0.0326557
-0.0649146
-0.0759023
0.0257341
0.02063
-0.0761321
-0.0893387
-0.00937034
0.0689355
-0.0199599
-0.0181234
0.0185933
-0.0342956
0.0294205
-0.175202
-0.0262132
-0.154489
-0.0903227
0.0842372
-0.0426371
0.191542
0.350992
-0.0951045
0.180986
-0.137922
0.0385449
0.0785481
-0.309317
0.0157596
0.00994865
0.0345829
-0.201096
-0.0681435
-0.15335
-0.174327
0.0382865
-0.0010662
0.125933
-0.188257
0.00824103
-0.0539959
-0.0378781
-0.0249532
-0.063439
0.0271903
-0.0919689
-0.0914851
-0.217546
-0.116767
-0.0115623
0.0830528
0.0114785
-0.0114658
0.0152244
0.0532415
0.049089
-0.0391209
0.0318502
-0.0301439
0.0320069
0.0147746
0.0042511
0.023123
0.042191
0.0149999
-0.0341695
0.0385019
-0.0326459
0.0428026
0.0432994
-0.0166996
0.0164288
0.0136434
0.00571107
0.000332802
0.0149038
0.0212786
0.0296958
0.0155229
0.0282557
0.0349395
-0.0377764
0.00942984
-0.000429926
-0.00270717
-0.00521216
-0.0217216
-0.0377391
-0.0322946
-0.0357504
-0.0347093
0.0176861
-0.0451716
-0.0160809
-0.00386498
0.0308745
0.0326073
0.0287846
-0.000129084
0.00198832
-0.0224485
0.0327205
0.0118147
0.00159792
-0.00637139
0.0233448
0.0313252
0.0274865
0.0422332
-0.0415444
-0.0196779
-0.0489525
-0.00496382
-0.0157282
-0.034668
-0.0852433
0.028452
-0.0287034
-0.0172019
-0.053355
0.0345009
-0.0127303
0.078558
-0.0855429
-0.0286011
0.0603135
0.0238729
0.0467231
-0.025676
0.0250289
0.0307884
0.0328059
-0.025995
-0.075961
0.0355868
0.0280853
0.0362169
-0.024401
0.0222678
-0.0466061
0.016336
0.0507569
-0.132487
-0.0835766
-0.040698
-0.0653115
0.0164925
0.0122353
0.00156956
0.00714383
-0.0233031
0.0112978
0.0024001
0.0237534
-0.0320138
-0.0443217
-0.0182979
0.0135745
-0.0142312
-0.0820236
-0.0948569
-0.0103187
0.0342903
0.0126643
0.0746343
0.151717
0.127877
0.00999934
0.0558363
-0.103021
-0.0432373
0.0220672
-0.00434168
-0.000600086
-0.0159987
0.0185273
-0.0718527
0.0103264
-0.022809
-0.000395039
0.0215821
-0.000589836
0.0774497
-0.0339279
-0.0183859
-0.0408769
0.00699593
0.036743
-0.022956
0.0411226
0.0829181
-0.000394739
0.0235057
0.047319
0.019469
-0.0120802
0.0053122
-0.014206
-0.0346605
0.0232105
0.0131482
0.0146242
0.00436317
-0.0090529
0.0447371
0.0382283
0.0393072
0.032428
-0.00779648
0.0306471
-0.0464712
0.032731
0.0394265
-0.0819437
-0.0703105
-0.0308901
-0.0101753
-0.0327651
-0.067989
0.0156285
-0.0206137
-0.0328477
-0.00953702
0.0101894
0.00436946
0.0967305
-0.0330243
-0.0421148
0.0226582
-0.0170133
-0.0625228
-0.021857
-0.0862237
-0.0280464
0.00390032
-0.0508123
0.0412975
-0.0249792
0.0330053
0.0776506
0.0375227
0.0447983
-0.0030875
-0.0193808
-0.0250694
-0.0712856
-0.000823861
0.026515
-0.0230092
-0.00865682
-0.00458974
-0.0684259
0.0346892
0.0318005
0.0373841
-0.0248812
-0.0392705
-0.0297461
0.0233509
0.0482816
0.017692
0.0896646
-0.0345535
0.0551119
-0.0287165
-0.0103325
0.0488598
-0.0420291
-0.0224859
0.0347517
-0.0734348
0.0370579
-0.00603237
0.0263222
0.00357392
0.0255471
0.0196072
-0.0126476
-0.0372997
-0.0338734
-0.0354367
-0.0366371
0.0326097
0.0577395
-0.000808496
-0.0403872
0.00253991
0.00535379
-0.0356871
-0.0356831
6.42625e-05
-0.0403636
0.00617596
-0.0452939
-0.00403183
-0.0168582
-0.040548
-0.0300098
-0.0162081
-0.0444038
-0.0355651
-0.0378407
0.0182522
0.0308698
-0.0449176
0.0489844
0.0136938
0.0331118
-0.044191
-0.00796873
0.0546988
0.0321397
0.0271261
0.0364563
-0.0441017
0.0157001
0.0136988
-0.028078
-0.0296959
0.0355413
0.0214113
-0.0237299
-0.0208909
0.0353157
0.00457778
0.0500246
-0.00333159
0.00501461
0.0281532
0.0146641
0.0291925
0.0140599
0.0168171
-0.00817717
0.0419524
-0.00764252
-0.0344909
-0.0268002
-0.0277234
-0.0343336
-0.0229456
-0.0273988
-0.0384624
0.0739076
0.0247321
0.0131422
-0.0289177
0.00774041
0.0710846
0.0429858
0.0208578
0.00672384
-0.00958892
0.0577968
0.0331074
0.00881355
0.0777376
0.036687
-0.0344684
0.0618103
0.0366771
-0.0437402
0.00460227
-0.0399367
0.010765
-0.00104082
0.00844372
-0.00795986
0.0998708
0.0179679
0.0200682
-0.0226689
-0.0149255
0.0214963
-0.000534451
-0.0497746
-0.0237061
0.0450931
-0.0325015
0.00449729
-0.0318645
-0.0193664
-0.00133406
-0.0204177
-0.0368325
-0.0313742
-0.00459528
-0.0638721
-0.0437786
0.0153761
-0.0512794
0.0336523
0.0325367
-0.0545136
0.00965509
0.0129552
-0.00133749
0.0285733
0.0152328
-0.0306789
-0.00902169
-0.0110981
0.0120502
-0.0632724
-0.000709373
0.0198799
-0.077865
0.0416758
0.00955799
0.0140861
-0.00240793
-0.0223015
0.0585233
0.0143591
-0.0290877
-0.0374538
-0.0137064
0.0700137
0.0198297
0.017092
0.03353
-0.017229
-0.0917036
0.0650762
0.0382974
-0.00727259
-0.00297845
0.0182591
0.0222539
0.0303423
-0.0173565
-0.0522976
-0.00794542
-0.0164066
-0.0233019
0.0413263
0.0297466
-0.0065513
0.0544451
0.0540186
-0.00527243
0.04467
0.0670933
-0.0201486
0.0376124
-0.035839
0.0142782
0.0543356
-0.0304185
0.0454629
0.0164764
-0.0516782
0.0113598
0.072494
-0.0460866
0.0272039
-0.00158545
-0.0205636
-0.00947876
-0.0227473
-0.0633741
0.047149
0.0631619
0.0536791
0.00274577
0.089493
-0.00592713
0.0290689
-0.0183006
0.00438935
0.0124922
0.0366085
0.0438064
0.0274692
-0.0301295
-0.0211962
-0.00832075
-0.00965524
-0.00391787
0.0494458
-0.036648
-0.028681
0.0260222
-0.0405016
-0.0349287
0.00806295
0.00732245
0.0294476
-0.00889793
-0.0225378
0.0456193
0.0210522
0.00982514
-0.00583289
0.00084872
-0.0416497
-0.00578271
-0.0222827
0.020347
-0.00730121
-0.0312535
0.0539206
0.0178307
0.0443378
0.0162331
-0.0394712
0.0094405
-0.0140853
-0.044652
-0.011444
0.00459913
0.0462073
0.00624989
0.019821
0.0404714
-0.0397441
0.00785723
0.044258
-0.00486335
-0.0120594
0.0303096
0.041102
0.0278495
0.0318822
-0.0461577
0.00727116
-0.0241297
0.0238071
-0.0298458
0.0371793
-0.0185272
0.0446449
-0.0223628
0.0485893
0.0397696
0.0149783
-0.0423779
-0.0059943
0.0492795
-0.0243686
0.0367873
0.0108024
-0.00371482
-0.0151838
-0.00857779
-0.334293
-0.0756851
-0.0124139
0.0443524
0.0468173
-0.0440411
-0.035982
0.0712925
-0.0579869
-0.0822812
0.125163
-0.00685508
0.202037
0.380007
0.04914
-0.0611799
-0.0583998
0.0665176
0.0523101
-0.0778581
-0.0885947
-0.0266753
0.0787887
0.0687241
0.0390196
0.0851242
0.0318374
0.0184011
-0.105197
0.102387
-0.00184725
0.150372
0.0101377
-0.0270885
0.142881
0.368259
-0.0709418
-0.369648
-0.0661704
0.142145
0.0435401
-0.0834903
-0.0712309
-0.0334465
-0.0201197
-0.118246
-0.0173618
0.0141012
-0.0436613
-0.387368
-0.025892
0.0507973
0.0526695
0.0763375
-0.130148
-0.00821268
0.118951
-0.0388328
-0.0864102
0.152121
-0.00624335
0.0666504
-0.049683
-0.032967
-0.240807
0.0914617
-0.0263183
-0.0460405
0.181191
0.0875344
-0.164152
-0.121096
0.0758389
-0.223533
0.0541044
0.0464634
0.0420797
0.0505944
0.00803135
-0.0290248
0.0323593
-0.15701
-0.0713019
0.358539
-0.0624035
-0.0222769
0.0463987
0.0962035
-0.0271175
0.1223
-0.0153835
0.0152819
0.00626826
0.0234612
0.0808341
0.124804
-0.00867253
0.0273349
0.00115508
-0.130994
0.0214785
0.0147193
-0.241168
0.0672797
-0.00918138
0.045399
0.0350541
-0.00358081
-0.0435754
-0.0101643
-0.0143559
-0.0376148
-0.0101796
0.0423338
0.041385
0.0890884
-0.027759
-0.0177324
0.0435014
-0.0808126
0.0548649
0.114782
0.0345159
0.0347841
0.0178565
-0.106738
0.0251713
0.00331516
-0.0185658
-0.0412084
-0.140554
0.0862483
-0.0773137
-0.123345
0.023408
0.089004
-0.0305124
-0.0267611
0.00167319
0.0908704
-0.0496463
-0.0255491
0.0292644
0.0448774
0.00778928
-0.175783
-0.000985496
-0.00858159
0.0828671
0.013211
0.0424891
0.0458234
-0.00760176
0.0656073
-0.0374457
0.0954495
0.0989029
-0.011374
0.0110673
0.0332036
0.0210145
0.0235326
0.00149394
0.0180937
-0.156323
0.0417916
-0.0624134
0.0239829
0.00597713
-0.00932168
-0.0443177
0.0323693
-0.000896101
0.0461712
-0.0187474
0.0165591
0.023175
-0.00590048
0.0374866
-0.0875557
0.0746317
-0.0355435
0.0335658
-0.0247592
0.0379653
-0.00577389
0.0525116
-0.0207402
0.0284035
0.0165988
-0.0224988
-0.0431052
-0.00767817
0.0445184
-0.0430942
-0.0978811
-0.0504352
0.0427127
-0.0223807
-0.0241974
-0.0244684
-0.0392059
0.0485346
-0.0432256
0.020165
-0.0108473
-0.0186885
-0.147903
-0.0271412
-0.0414307
-0.040292
0.0513688
0.0974492
0.0328468
-0.0125963
0.0628264
0.245063
0.0579183
-0.0456773
0.0894232
0.0691915
-0.00161974
0.0418098
0.043905
-0.0908586
0.0732069
0.169527
-0.156772
-0.0478844
-0.21637
-0.0148782
-0.107775
-0.0597727
0.0428236
0.129149
0.0148039
0.144978
-0.0914361
-0.092155
-0.0450643
0.00525505
-0.101932
-0.0673268
-0.123123
-0.0142872
-0.169867
-0.0430396
0.00413919
-0.0793671
0.0986005
0.128546
0.0604525
0.0370724
0.010119
0.124015
0.071396
-0.123291
0.307497
0.211854
0.0829104
0.0814251
-0.0743964
0.000242199
0.135326
0.0386939
-0.0605483
0.0805495
-0.029378
-0.0486053
0.276221
0.0668079
-0.22216
0.0319929
0.0881806
0.00377194
-0.0274022
-0.123911
0.0184246
1.00023
0.0293963
-0.0277848
-0.0448283
0.0297836
-0.0481261
0.0247667
-0.250264
-0.00146547
-0.142275
-0.0807311
-0.459273
-0.0650524
-0.120802
-0.0943877
0.0104793
0.10032
0.0135735
-0.0657374
-0.12956
-0.0393418
-0.042292
-0.189698
-0.0521825
-0.0278532
0.0603802
-0.0377559
0.0975062
0.265992
0.0626603
0.215844
-0.220848
0.101806
0.139155
-0.316892
-0.0903645
0.0116165
-0.00456185
-0.526432
-0.138578
-0.230913
-0.381121
0.046571
-0.122993
0.0457854
0.0772984
0.0726555
-0.16023
0.00151844
0.028652
-0.0625388
0.0199978
-0.139269
-0.0511852
0.0885344
0.264431
0.0358231
-0.0434174
0.0903383
-0.0279377
0.0394219
0.0587585
0.00776461
-0.020091
0.0114369
-0.00264787
0.0470557
-0.00909639
-0.0171551
-0.0400302
0.0465064
-0.00107881
0.00970497
0.0421697
-0.0331002
-0.0230772
-0.0102346
0.0173586
-0.034297
0.0429882
0.010679
-0.0269464
0.0138979
0.024146
0.0425033
0.0177186
0.0188909
0.0133652
-0.0335598
-0.00688513
0.0145658
0.021836
-0.0399707
-0.104068
0.0355814
0.0224914
0.0351894
0.00945964
-0.00557911
-0.000259185
-0.0291499
-0.0370458
0.00465449
-0.00133055
-0.0394953
0.0358029
-0.0456799
0.0285426
-0.0354405
0.035061
-0.00124073
0.0147551
0.00568354
-0.0348285
0.0396465
-0.0593909
0.0115679
-0.0450767
-0.0255207
0.00334983
-0.0456367
0.00177407
-0.014666
0.043661
-0.0683399
-0.00576551
-0.0264522
0.029211
-0.0240122
-0.0498451
0.0119886
0.0213439
-0.0642263
0.00203428
-0.0247157
-0.0345381
0.000343662
0.15699
0.0394794
-0.0301291
0.0340313
0.0235918
0.0142124
0.0393837
0.0403483
-0.00318642
0.0966122
0.0287826
-0.0412062
0.880326
0.528372
0.0151585
0.0738969
-0.322744
0.283227
0.247613
0.17312
0.0679115
0.00736731
-0.0221191
-0.0817886
-0.0474207
-0.0901134
0.267628
0.00834327
-0.131194
0.0957036
-0.0189765
0.0611969
-0.0195351
0.0310357
0.0363191
-0.598056
-0.253852
0.169855
-0.000567505
0.438254
-0.157519
0.151472
-0.189832
0.0825521
0.0165606
-0.0714758
-0.0600613
0.0186036
0.110896
-0.171126
-0.0145769
0.0387245
-0.353675
-0.160771
-0.15214
0.0165934
-0.133127
-0.0232347
-0.210242
0.202165
-0.0385815
-0.0188767
0.00131858
0.076703
0.195155
-0.00786962
0.00662936
-0.00835489
-0.031474
0.000320784
-0.0212494
-0.00830623
-0.0889046
-0.00432053
-0.00683463
-0.0266762
-0.0733893
0.0641444
0.00162584
-0.0459708
0.0509034
-0.0406146
0.009262
0.0578226
0.0804344
-0.00662784
-0.0399562
0.0539226
-0.072273
0.0643871
0.0718094
-0.0152906
0.0116996
0.0291194
0.0451087
0.477568
0.0221644
-0.00927887
-0.0154644
-0.0117168
0.0756661
0.0713453
0.296142
-0.0360608
-0.0695075
-0.020857
-0.031145
0.0134061
0.0180372
-0.0301721
0.0104068
-0.00940211
-0.0357291
0.0347791
0.0775852
0.0263049
0.0458142
0.0142241
-0.0149468
0.0233994
-0.278468
0.120169
0.0246379
0.0282147
-0.0525666
0.00997078
0.036609
0.0451515
-0.00376293
0.0437315
-0.318699
-0.194286
-0.0810625
-0.211482
0.0501522
0.0567457
0.0612435
-0.00180192
-0.0229836
0.013539
0.0422834
-0.0169184
-0.0469715
-0.0150522
0.0119413
0.00679593
-0.202071
0.00918708
-0.083761
0.034338
-0.021321
-0.0403922
-0.0355463
-0.00810047
-0.0198465
0.0446128
0.0230125
-0.0178125
0.0485658
0.0180308
0.0278005
0.00892404
0.0438807
-0.00306957
0.248734
-0.0950396
-0.0954152
-0.0121894
-0.0490447
0.0445396
0.0228492
-0.0165664
-0.0197809
0.043775
0.0158011
-0.00321927
0.0646065
-0.0360011
-0.0162652
-0.0703315
-0.0303039
-0.0393502
0.0107332
0.00171146
-0.0265386
-0.0363318
-0.0154945
0.00234539
0.0401723
-0.0490212
0.0151901
-0.0417911
0.00943261
-0.0246598
-0.01306
-0.0198459
0.0822064
0.00264731
0.10867
0.0228911
-0.0144677
-0.00206768
0.0301449
0.0174682
-0.0333965
-0.0289949
-0.0272991
0.00852996
-0.0133335
-0.0040555
-0.000365345
-0.0261487
-0.0618271
-0.0447611
0.0502139
-0.0760425
-0.268845
-0.0100383
-0.0408882
-0.0954621
0.120221
-0.0160932
0.013781
-0.134712
-0.184722
0.144266
-0.189859
0.113461
0.105276
0.046793
-0.103047
-0.0223816
-0.0564627
0.00776404
-0.0834512
-0.102131
0.00210532
0.138861
-0.140444
-0.157331
-0.0594609
-0.0569345
-0.121328
-0.127514
-0.0332317
0.105214
0.0418792
0.0802719
0.0636205
0.132492
0.242471
0.124614
0.00832572
-0.00955738
0.119486
0.147437
0.0850394
-0.0316564
-0.126192
0.0687803
0.0439023
0.012338
-0.00738062
0.129054
0.0680086
0.0826628
0.117366
0.0711353
-0.0355882
0.292438
0.0789986
0.0367883
0.118777
0.051906
0.0846353
-0.0646994
0.0481425
-0.0464447
-0.497371
0.0387502
0.00419098
0.330665
0.197831
0.00375802
-0.0354042
-0.178913
0.0728797
-0.390275
0.229564
0.396062
0.285511
0.231904
-0.196692
0.0463205
0.0503184
0.0188111
0.144824
0.0821909
0.0691794
0.311722
0.0598996
-0.423546
-0.195181
0.0058593
0.0329332
0.0549538
-0.167719
0.0658187
-0.289359
0.0461012
-0.0626319
0.0561513
0.198645
0.24201
-0.0326061
0.0166271
-0.0416796
-0.0305511
-0.172732
0.166736
0.39871
0.0661948
0.0381717
-0.103586
-0.125296
-0.0204075
-0.0350386
-0.0201113
-0.008883
0.00936148
-0.0357234
0.0742814
-0.0665016
-0.103883
-0.067109
-0.143344
-0.20693
-0.00123015
-0.00644795
0.0314681
0.110305
-0.0336278
-0.0428121
0.0188739
-0.0167728
-0.0260223
-0.040371
0.0224112
0.0328769
0.0131351
0.0129054
0.0383011
0.00965728
-0.0288445
-0.00861206
-0.00445362
0.0299067
-0.0470169
0.0189096
0.052431
-0.0157653
0.0480201
0.0435616
0.0332586
-0.0283158
-0.0416728
0.0132546
0.024234
0.0424972
-0.0195584
0.023572
-0.105552
-0.0369615
0.0477584
-0.00949029
0.00970185
0.027665
-0.000494118
-0.0147443
-0.0123022
0.0157819
0.040844
0.0257668
0.0164175
0.0235023
0.0421926
-0.0232732
0.0221194
-0.0237732
-0.0105278
0.0281501
-0.00117004
-0.0129978
0.0182606
0.0110477
0.0102906
2.02173e-05
-0.00608969
0.022176
-0.00999092
0.0883458
0.19174
0.0300842
-0.0128995
-0.00437722
0.0205988
-0.0118546
-0.019607
0.0562956
-0.00470104
-0.00413778
-0.0134776
0.0107829
0.0424355
-0.0439388
0.0857047
-0.0494639
-0.00217082
0.0325226
-0.0233454
0.0168981
-0.0048588
0.0464383
0.0043384
0.00745694
0.0373186
-0.0260098
-0.00898942
-0.0351021
0.00778522
0.0108456
0.02097
-0.0397617
-0.0083118
-0.0426094
-0.00520248
-0.00973875
-0.0622099
0.0061426
0.00479695
-0.0591617
0.00591166
-0.00806439
0.0308915
-0.0480869
-0.0101979
0.00108332
-0.0404652
0.0553875
0.00549125
0.125798
-0.0135764
0.0779104
0.00980751
-0.0260153
0.0416607
-0.0315531
0.0202829
-0.00537248
0.0180707
-0.0083276
0.0390605
0.00487617
0.0178215
-0.030296
0.00951385
-0.0433802
0.0288834
0.0209983
0.0268997
-0.0456234
0.0159406
0.0237229
-0.0294387
-0.028056
0.0100248
-0.032922
0.0361271
0.0335053
0.00703497
0.0278484
0.043136
0.0423191
0.0472341
-0.00691572
0.0197797
-0.00546133
-0.0211524
-0.00185863
-0.0565219
-0.0216911
0.0505717
0.00178505
-0.0333145
0.0437154
-0.0140053
0.0109503
0.0265122
0.0393843
-0.0511346
-0.0541053
-0.00226069
-0.0637584
-0.0538569
0.0403461
-0.0152362
-0.013971
0.0160434
0.0361863
0.0364753
0.00807931
0.0317104
0.0441029
-0.0137896
-0.0362664
-0.061998
0.0236936
-0.0383514
-0.0320654
-0.0151352
0.0335306
-0.00926282
-0.0275215
-0.00308657
0.0318989
-0.0271828
0.0473928
0.0362864
-0.0327076
0.0176474
0.0431159
0.0172203
-0.0452809
0.0518632
0.0040433
0.00413396
-0.000685727
0.0116249
0.0411892
-0.00982592
-0.0261276
0.0164708
0.0430474
0.0279367
-0.00651279
0.0629344
0.0184254
0.0647062
-0.0764853
-0.0344336
0.0148071
0.0136837
0.00905456
0.0468712
0.0629842
0.0377884
-0.0182531
0.0203592
-0.0259762
0.0486226
-0.0301467
-0.0232276
0.0201054
0.0317574
-0.0403444
-0.036462
-0.0351725
0.0157823
-0.0052606
-0.0140087
-0.0343468
-0.0215537
-0.0490875
0.0209853
0.0142229
-0.0127582
-0.0235267
0.0266287
0.00562071
0.0375071
0.0324531
0.0548377
0.0240473
-0.0448132
0.0004569
-0.0341964
-0.0333909
0.0162584
-0.0308466
-0.0213922
0.0117213
-0.0251895
-0.033156
-0.039807
0.0369953
0.0266046
-0.0201228
0.00211209
-0.033776
0.040275
0.00884661
-0.0122335
0.0461642
-0.0342487
-0.0490827
-0.00967713
-0.0333938
0.0260159
0.00159397
-0.0219464
0.0318914
0.0172988
0.017364
0.0374302
0.032364
0.00887005
0.0252686
0.0205941
0.0450948
0.0276218
0.0254548
0.0147159
0.0225465
0.0173844
0.0103962
0.0333142
0.0169374
-0.0136914
-0.0318729
-0.0251124
-0.0240852
0.0354542
0.0397175
0.0332647
-0.0347376
-0.0479802
-0.030727
0.0485126
0.0474002
0.0256981
0.0146096
0.0479688
0.0299879
0.0251742
0.040074
0.0165921
0.0383762
0.0395241
-0.0249635
0.00391771
-0.0161237
-0.00148774
-0.0231677
0.031115
-0.00958891
-0.015075
-0.00385287
0.0287387
0.0034687
0.0213976
0.0627714
0.000421952
0.038113
0.0260521
-0.0485794
-0.00368439
0.00577084
0.0257713
-0.0183395
0.00633787
-0.0421072
-0.0270332
-0.0117269
-0.0259861
0.0272194
-0.0305235
0.0405088
-0.0525759
0.0288603
-0.0131181
0.0530498
-0.00665987
-0.016699
-0.0496426
-0.0171195
0.00327067
-0.0711519
0.0339268
0.034165
-0.044004
-0.0263987
0.0104368
-0.0397563
0.0158862
-0.00867891
-0.00929332
-0.0278265
0.0545296
-0.00177382
-0.00105721
0.049601
-0.00327168
-0.00224111
0.0202009
-0.00248553
-0.00386991
-0.0250529
-0.0272049
-0.00241166
0.0545444
-0.0548202
-0.0454934
-0.0544405
0.0339634
-0.0237773
-0.0572433
-0.0505179
-0.0308516
0.0163047
0.0429108
0.0154059
-0.0654341
-0.0124182
0.0517394
0.00418863
0.0125163
-0.0261873
0.0131563
0.026382
-0.00254174
-0.0289316
0.0364425
0.0519082
-0.0358289
-0.00554195
-0.0244174
-0.0413827
-0.0709783
-0.0289016
-0.0163161
0.0376443
0.00606273
-0.0268266
-0.0455119
-0.00669185
-0.0174309
0.0191925
-0.0160503
-0.00321344
-0.0399601
-0.0199757
-0.00355376
0.0278598
0.0340008
0.0245661
-0.0317304
0.0469292
0.0162765
-0.00113912
-0.0231726
-0.0132978
0.0136113
0.0223378
-0.0213788
-0.0236359
0.00503699
-0.0167996
-0.00826784
-0.00325583
-0.0250029
-0.0471401
0.00313394
0.0197716
-0.00193253
0.0445561
-0.0460788
0.0194102
0.00772844
3.18444e-05
-0.00548231
0.018458
-0.0413088
-0.0143132
-0.0159993
0.04573
-0.00890997
0.0376356
-0.00790611
0.0477266
-0.0210134
0.0161834
-0.0348917
0.0345839
-0.0424667
-0.012604
0.0275471
-0.0275969
0.0258972
-0.0237398
-0.00853946
-0.024503
0.0278081
0.0295311
0.0359901
-0.0418073
-0.0295397
0.00786838
0.0196976
-0.0357762
0.049485
0.0364823
-0.011667
-0.0342113
0.0190816
0.0304391
-0.0326147
0.0301862
-0.012578
0.039612
0.0370145
0.0371816
-0.00460165
0.00160583
-0.00617359
-0.0272378
-0.0576241
0.0167825
-0.00677365
-0.0460003
-0.0227227
0.214769
0.0656645
-0.0492003
-0.0330669
0.0411158
-0.0285911
0.0366213
0.0169157
-0.0236497
-0.00887897
0.00763058
-0.00676169
0.176294
0.0768519
0.176517
-0.00218135
-0.0584939
-0.0401749
-0.010503
0.00578697
0.0100684
0.0236923
0.0631735
-0.0153555
0.0508991
0.0212468
0.0621634
-0.00102528
-0.0863226
0.0846739
0.0977882
-0.0618616
-0.00465516
-0.118968
0.0243066
-0.0544367
-0.194008
0.0661583
-0.0607664
0.196474
0.0148815
0.102458
-0.0460038
0.0478694
-0.00274145
-0.104092
-0.10064
0.0181045
-0.0010121
-0.138654
-0.0563477
-0.0114993
-0.134267
0.0129695
0.0586329
0.0190028
-0.00677208
0.0254239
0.0369382
0.0279599
-0.0178177
0.213062
-0.00811025
-0.0125243
-0.0539509
-0.000618716
0.0312908
-0.0354559
0.0548261
0.0359534
-0.0869678
-0.046451
-0.0948046
0.015122
-0.0291102
-0.00510478
-0.00625806
0.0632118
-0.0279726
-0.0366423
0.0266937
-0.00766497
0.00980467
0.0793712
0.135781
0.0158758
-0.00105469
0.000876838
0.0523161
0.0310808
-0.0238707
0.0359339
-0.0392995
0.0217809
0.0226347
-0.073177
0.032447
0.00943063
0.0234647
-0.156115
0.0860741
-0.0620676
0.00418587
-0.0384069
-0.0141183
-0.0244617
-0.0251782
-0.012589
-0.00986671
-0.0263339
-0.047813
-0.00500853
-0.04013
-0.0365381
-0.030801
-0.00406819
0.0289266
0.0408117
-0.0233805
0.00227809
0.0676906
-0.0366683
0.0517036
0.00655744
-0.0476836
-0.0676541
0.0693196
0.0446488
0.0379167
0.0323182
0.00420353
-0.109179
0.0558699
-0.0872555
0.00696621
-0.0361514
-0.0591856
-0.030437
-0.0468724
0.0114553
0.027626
-0.0172748
0.0179579
-0.0442178
0.0143193
-0.00780784
-0.0453135
-0.0189098
-0.0422881
0.0521183
0.0316779
0.001903
0.0366972
-0.0105283
-0.0026097
0.0552324
0.0301836
-0.0454454
-0.00846146
-0.0123868
0.0065091
0.0228827
0.0438253
0.00718955
0.0418823
-0.0571768
0.0165201
0.00897182
0.0168259
0.000365982
0.00896947
-0.012945
-0.0108662
-0.0403461
0.0103651
-0.0371383
-0.0240231
-0.0391475
-0.0371855
-0.0580067
0.00690047
-0.00234357
-0.0249421
0.0379205
-0.0166402
0.0302965
-0.0310377
-0.0426028
-0.0154755
-0.0125917
0.00705194
0.0271681
0.0201775
-0.0190567
0.0390223
-0.0289213
-0.0408013
-0.0185143
0.0257549
-0.0273178
-0.0390664
-0.0325921
-0.0474891
0.0377842
-0.0200382
0.0227694
0.0351283
-0.00247961
-0.0400939
-0.00652767
-0.0260526
0.0294019
0.00276436
0.0142648
0.0629308
-0.010022
0.0734096
-0.0205226
-0.0666205
-0.0419302
0.0410375
-0.0276489
-0.0113995
-0.0328104
-0.15419
0.0470911
-0.00721472
-0.000658945
0.0554714
-0.0315143
0.0647399
0.0346281
-0.0100572
0.0106105
-0.00966583
-0.0300064
0.038899
-0.0157438
-0.109653
0.0694873
0.0372626
-0.0310376
-0.0180189
-0.0412616
0.0514224
0.044603
0.0672839
0.00936114
0.0158352
0.0142852
0.0318184
0.00759543
-0.00858002
0.032043
0.0404577
0.123341
-0.0320211
0.0915744
0.061463
0.0493711
0.0837608
0.0508232
0.0322375
0.0316894
0.0400901
-0.0108175
0.0301446
-0.0230263
-0.0181838
0.0962176
-0.067363
-0.0464621
0.0651765
0.0864864
0.00281509
-0.152414
0.151215
-0.0515332
0.148428
-0.0689965
0.00135844
-0.102008
-0.095413
-0.0383208
0.00472146
-0.0627745
-0.0566488
-0.129251
-0.0581477
-0.0271145
-0.0347553
-0.00476325
0.0577787
-0.0125246
0.00596158
0.0271461
0.0510943
0.0372097
0.0236085
-0.0467094
-0.0413385
0.00264577
0.0324763
0.0422312
-0.00522578
-0.0428989
-0.0471791
-0.223602
0.0114807
-0.221116
0.028915
0.0117384
0.0109348
0.0312393
-0.040696
0.0158507
-0.153768
0.0152864
-0.0802079
-0.0018431
-0.000695939
0.0448391
-0.0455904
0.0193303
-0.012602
-0.0110514
-0.076042
0.0170219
0.0264657
0.0312279
-0.0904711
0.00681221
0.0730225
0.0987357
-0.0485022
-0.108857
0.0031959
-0.014709
-0.0304363
0.03669
0.0430304
0.0314013
-0.0394375
-0.0319168
-0.0431448
0.00778029
0.00201345
-0.00109201
0.0434736
0.0291357
-0.0301174
-0.0341357
-0.0159717
0.0384339
-0.0242288
-0.0273065
-0.0127334
-0.0477627
-0.00578388
0.0129307
-0.0072932
0.038107
0.0131932
-0.0362146
0.0105379
-0.00401874
-0.000635225
0.0426156
0.0320032
0.0455892
0.0395465
0.00995198
-0.00929104
0.00269506
0.01738
-0.0208196
0.0450057
-0.0321508
0.0446033
-0.00130571
-0.045288
-0.0107847
-0.0443375
-0.0503208
0.0131149
0.0307859
-0.00910565
0.0111947
0.023112
0.0475706
0.034066
-0.00908194
-0.000396022
-0.00695044
0.0347017
0.0279602
-0.0208806
-0.0307203
-0.0439456
-0.00442834
-0.017326
0.00731323
-0.0715699
0.0261361
-0.00857511
-0.0352043
0.0216937
0.0152387
0.00753728
-0.00197801
0.0467144
-0.0455979
0.0205532
-0.0411487
0.0031756
-0.0109041
-0.00427712
-0.0418063
-0.0377143
-0.047912
0.0643506
0.0197002
0.0107004
-0.00183219
0.00871634
-0.0178759
-0.00214812
0.0387819
0.0681973
0.0344982
0.000243003
0.00692097
0.0424653
0.0107318
0.0223861
-0.0262315
0.0319621
0.0625913
0.0604345
-0.00242775
0.0446701
0.023914
-0.0302158
-0.0482489
0.0467035
-0.0259476
-0.0265724
0.0177206
-0.026048
0.107664
-0.0726898
0.0468324
0.00142293
-0.0158789
-0.021127
0.00376723
-0.0168628
-0.00312678
-0.0214417
-0.00290031
0.0150112
-0.0257912
0.049153
0.0121622
-0.0598695
0.0135832
0.0320818
-0.0358221
-0.022318
0.0318393
-0.0426327
-0.0225416
0.0355708
0.0245977
-0.0242181
0.0434836
0.0375103
0.0257271
-0.0122364
0.0143027
-0.0799066
-0.0390104
0.016906
-0.0318966
0.0570683
0.0412449
0.05378
-0.0133625
0.0129866
0.036718
0.034048
0.00646352
0.0352326
-0.0269838
-0.00188834
-0.0256422
0.0192962
0.0454666
0.0219533
0.00962834
-0.0476463
-0.0373081
0.042243
0.012991
0.0214535
0.0385002
0.0214118
0.00879642
-0.0231135
0.0154281
0.0342656
-0.0244642
-0.00557029
-0.0311604
0.0686071
0.0312947
-0.0236918
-0.048435
0.0261145
0.0501217
0.00317303
0.0487822
-0.0188891
-0.0231445
-0.0140705
0.00486586
-0.0224698
0.0403523
-0.0318049
0.00965311
0.00104951
-0.0299999
0.0501201
-0.018
0.0388105
-0.0527051
0.0232201
-0.0139644
-0.0285978
-0.0374797
0.0285543
0.00464479
-0.00348026
0.0107787
0.00889331
-0.0204929
-0.0141895
-0.0482768
-0.0690452
0.0235757
-0.0326567
0.0155586
0.01852
0.01701
-0.00533019
-0.0473159
0.00870275
0.0324676
0.0474778
-0.0450812
0.00881127
0.0320092
-0.0309758
0.0108722
-0.00797966
-0.0425197
-0.0268989
-0.0409427
-0.00270899
-0.038501
0.0441526
0.00580054
-0.00352192
0.0070174
0.0440534
-0.0204587
0.0100795
0.00214987
0.0233955
-0.0687035
-0.000103287
0.0341865
0.0457602
-0.0456578
-0.0410341
-0.0342134
-0.0381178
0.0432666
0.00207832
0.029241
0.00616843
-0.0260361
-0.0479738
-0.0294371
0.0258931
-0.037443
-0.00422431
0.00751014
-0.0238983
0.00810812
-0.00739487
-0.0174118
0.0435979
-0.0313556
-0.0306367
-0.0428969
-0.0210751
0.0312499
0.0393461
-0.0395915
0.00518842
-0.00470232
0.0249378
-0.0437351
-0.0294809
0.0076533
-0.0445385
-0.0083022
-0.0455468
0.00381776
0.0172759
-0.0137412
-0.0534144
-0.0273122
-0.0104157
0.00684243
-0.0234037
-0.00309771
-0.000179303
0.0214047
0.0331571
-0.0711424
0.0277842
-0.0227725
-0.0180054
0.0467004
-0.0407061
0.03811
0.0350244
-0.0231358
-0.0549132
0.0548166
0.00609541
0.015351
-1.52289e-05
-0.0577705
0.0189575
-0.00835348
0.0368917
0.00865118
0.020456
0.0207142
0.00976297
-0.0148963
-0.0692919
0.0351208
-0.00899788
-0.0146248
0.055188
0.035652
-0.0594109
0.0011554
-0.0157622
0.039876
0.0367148
0.00735615
0.0157264
-0.0439202
0.0130379
-0.0352703
0.024474
0.0249145
-0.0165935
-0.00251547
-0.0111194
-0.0378806
0.0278292
-0.0316436
-0.051012
0.0235234
-0.0348986
-0.0369029
-0.00817038
-0.0374148
-0.056072
0.0505183
0.0456107
-0.0159204
0.0465743
-0.0292158
-0.0410718
-0.0202716
0.00166017
-0.0390486
-0.0438315
-0.0805873
-0.0671854
-0.000171555
-0.0150333
-0.0382103
-0.0231045
0.0234863
-0.0140024
-0.00308004
-0.051773
-0.0130419
-0.0408555
0.0133588
0.00412663
0.0262145
-0.0198835
0.00980826
-0.000911977
0.0222576
0.00721458
-0.0795081
-0.00217741
0.0552796
-0.0386988
-0.00125292
-0.00257865
0.0683902
0.00365871
-0.0156822
0.0449491
-0.0281132
-0.0449736
0.0678714
0.0128645
-0.00125585
-0.0259354
-0.0151692
-0.024133
0.0178572
-0.0200043
-0.00521693
-0.00428504
0.0355122
0.0270572
0.00270286
0.0176158
0.0382165
-0.0428139
-0.0256213
0.0483525
-0.009359
0.00477093
-0.0360387
-0.0359244
-0.00980797
-0.01793
-0.0391702
-0.00461634
0.0474563
-0.0349552
-0.00242248
0.0322361
0.032247
-0.00451724
-0.0263045
0.0378581
-0.00729488
0.0128996
0.0143172
0.00590937
0.031682
-0.00653102
-0.0430693
-0.0055541
-0.0475841
0.038588
0.0350537
-0.00984508
0.0385002
-0.0296846
0.023379
0.0203218
-0.0356026
0.0182018
-0.0462387
-0.0142658
-0.0140726
-0.00887897
0.0304843
0.0225182
-0.00414298
0.0251931
-0.0207611
-0.0376334
-0.038902
-0.0208922
-0.0377448
-0.0260047
-0.0479181
0.0254898
0.0353498
-0.0110041
-0.0141115
0.0333113
-0.0448739
-0.0454999
-0.045771
0.0142659
-0.0316074
0.0489117
-0.041188
0.0213111
-0.0184683
0.0120676
0.0448184
0.0165884
0.0207844
0.0426663
-0.0177131
-0.0215577
-0.0149664
0.0486028
-0.0301974
0.0728507
-0.00766659
-0.0138128
0.00623461
0.000773499
0.085004
-0.0437905
0.0406862
-0.00690781
-0.0240625
0.0135127
0.0242689
0.127257
-0.0135536
-0.0134777
0.0202419
0.00663927
-0.0261351
-0.0103822
0.00569153
0.0293251
-0.0156301
0.00661889
0.0470057
0.0736371
0.00340536
0.0438583
0.0664349
-0.0538362
-0.0783936
-0.0795088
0.00549361
-0.0201826
-0.0288851
-0.00568526
-0.0103021
-0.021367
-0.0383302
-0.032133
-0.0263929
0.0238788
0.0504453
0.0199688
-0.021803
-0.0519063
-0.027069
-0.12393
0.00918769
-0.0487588
0.103113
-0.0632887
0.0456125
0.018119
-0.00672051
0.0438829
-0.0160533
0.0466317
0.0502417
-0.0207382
0.0154417
0.0586182
0.0206907
0.00935577
0.00820766
0.00317583
0.0517728
0.0611701
-0.0260566
-0.017124
0.0115647
0.0319654
-0.0288193
-0.0346472
0.00953038
-0.0145262
-0.00546399
0.0430072
0.0307658
-0.010829
0.022419
0.0624884
0.0493774
0.0322863
-0.0770773
-0.0143693
-0.0391674
0.0324716
0.0150464
-0.0247655
-0.0161303
-0.00423394
0.032223
0.0362594
0.0325272
-0.0138967
0.0690886
0.0175279
-0.0482563
0.00170886
-0.033415
-0.0574811
0.00459722
0.00276153
-0.0128845
-0.0135702
-0.0260196
-0.0208074
-0.0994048
0.0106392
0.00725517
-0.012671
-0.131442
0.000522515
-0.00758691
-0.0174634
-0.0335274
-0.0532877
0.0141587
0.0420592
-0.0151619
-0.00700006
-0.0409531
-0.0167624
0.0232903
-0.00587622
0.040978
-0.06216
-0.00369255
-0.0191785
-0.0135937
0.0204798
-0.0203833
0.0924332
-0.0762877
0.0193883
-0.0455798
-0.0309493
-0.0177463
0.00611019
-0.00658329
0.0411196
-0.0440669
0.0509131
-0.045093
0.0635555
-0.0269566
0.0131063
-0.0188619
-0.00547971
0.0413714
0.0408416
0.0417666
0.0189895
0.0419323
-0.032838
0.0475231
-0.0100903
0.0269665
-0.0386947
-0.0379484
-0.0523272
-0.0228458
-0.0396656
0.0426147
-0.0356305
0.00104109
0.0310676
0.053587
0.00559648
-0.0261955
0.0353836
0.00936472
0.0152097
-0.0118348
0.021275
0.0279682
0.0513672
0.0357867
0.0217676
0.0434943
0.0469663
0.0227934
0.0366647
0.0163066
0.0181844
-0.0340953
-0.0317537
0.00366578
0.0165036
-0.00144933
-0.0433078
-0.0400106
-0.0140631
-0.0229009
-0.0247058
-0.0273383
-0.0156506
-0.042519
-0.0266262
-0.0506747
0.0407029
-0.042418
0.0414288
-0.0176559
-0.0016164
0.0037311
-0.0276238
-0.0255852
0.00405752
-0.0295637
-0.0445206
-0.00184472
-0.0228926
0.0263001
0.0481364
0.00589523
0.00194676
0.0418425
-0.000944803
-0.0306796
-0.0340894
-0.0171409
-0.03637
-0.021228
0.0447505
-0.0554169
0.0428953
0.0378117
0.055513
-0.0265289
0.0307599
-0.0666897
-0.00894196
0.00143449
-0.043791
-0.00069959
-0.0771609
0.026655
-0.034841
0.0709147
0.0432516
-0.0387812
0.0160068
-0.0335174
0.0269927
0.0540146
-0.0463478
0.0411167
-0.0281617
-0.0105398
-0.00190061
0.0799591
0.0153659
-0.0169149
0.017537
0.0298027
0.0413138
0.0017881
-0.0231012
0.0656751
0.00781661
0.0451434
0.0402522
0.0602181
-0.00924716
0.0355803
0.026544
0.0579172
0.00505509
-0.0458031
0.0114523
0.061789
0.0639506
-0.0314848
0.0352884
0.00288296
0.0412112
-0.0371893
-0.0270275
0.0177983
-0.0148983
0.0483332
-0.0430676
-0.0318164
0.0264568
-0.023177
-0.0279889
0.0187465
0.0146619
-0.0283547
-0.0267894
0.0358614
-0.00580555
0.0456962
-0.020895
0.0229312
-0.0356787
0.0508661
0.0708769
-0.0287251
0.0185479
0.0143664
0.0250115
-0.00222768
0.0133675
-0.0416162
0.0238256
0.0363524
-0.0154588
-0.027838
0.0293753
-0.029314
0.0558071
-0.0093391
0.0124104
0.0116762
0.0231278
-0.00870885
-0.0666806
0.025548
-0.0110659
-0.0678353
-0.00108758
0.0596633
-0.0719522
0.0428442
0.0365969
-0.0160002
-0.0437358
0.0381555
-0.0277162
-0.0192801
-0.0541706
0.0284772
-0.0210104
0.0146886
-0.0201564
-0.0597982
-0.00650881
-0.0283746
-0.0159178
-0.0293495
-0.00569185
-0.0127396
-0.00953795
0.00190182
-0.00609876
-0.0701982
0.0542581
-0.00492233
-0.04086
-0.0285386
0.024789
-0.047908
0.0389288
0.0192028
0.00204687
-0.0391377
0.0131457
0.0290003
0.00152527
0.0459535
-0.0327958
-0.0358939
-0.0248886
0.0405096
-0.0160041
-0.0366941
-0.0179073
-0.0307197
0.00057329
-0.00977048
0.0447398
-0.0396342
-0.0269112
-0.0411225
0.043052
0.00950426
-0.00893126
-0.0347616
0.0305507
0.00396371
-0.015257
0.0190475
-0.044805
-0.0443725
-0.00235156
0.0388161
0.0467099
0.0230273
0.0303634
0.00898109
-0.0069344
0.0368913
0.0411343
-0.0353424
0.0116878
-0.00499197
-0.00403035
-0.0371924
0.0412876
0.0465391
0.0074296
-0.00816203
0.0400904
0.0366486
0.0061706
-0.00515941
-0.030136
0.0193911
-0.0319988
-0.0315526
0.00684652
-0.0267076
-0.0282486
-0.0367612
0.0459996
-0.0431125
0.0118043
0.0442258
-0.0495245
0.0146266
-0.025891
-0.00421335
-0.0296098
0.0439738
-0.0158054
-0.0672855
-0.0450564
-0.00382408
0.00628327
-0.0177227
0.0207254
-0.0429367
0.0362775
0.00499103
-0.0414561
-0.0068277
0.054228
-0.230757
-0.116773
-0.109044
-0.0108991
-0.00443977
0.0450063
0.0549981
-0.0302364
-0.0158688
-0.0466853
0.00289518
-0.0109554
0.00370369
0.0429224
-0.0318712
-0.0498302
0.0425706
-0.0893677
-0.025673
-0.00136014
-0.0463577
0.058274
-0.0209111
0.168945
0.135813
-0.00712751
0.0771901
-0.107508
-0.0233668
-0.0142795
0.0479646
0.0235297
-0.0590414
0.0123275
-0.0345629
-0.0747601
-0.0733671
0.0792263
-0.0190497
0.0321484
0.0368234
0.0121985
0.00544032
0.0055672
-0.0105728
0.00400322
0.0416237
0.0282704
0.00720304
-0.0540603
0.0467291
0.0297548
-0.00115245
0.017965
0.000929483
0.0110884
-0.0468566
-0.0591001
-0.0279248
0.0229621
0.005824
-0.0398026
0.0562412
-0.0197693
0.00130662
-0.0237226
0.0375133
-0.0289987
-0.0140083
0.0388368
0.00927712
-0.0476788
-0.0560484
-0.0224156
-0.0460605
-0.0264303
-0.00731147
-0.00461883
-0.0121918
-0.0166727
0.048726
-0.0152672
0.00249098
-0.00519457
-0.0260962
-0.0362786
-0.0286917
0.0267478
-0.0750328
-0.0382292
-0.00462992
0.00542268
-0.0347638
0.0230992
0.013915
-1.87205e-05
0.0144157
0.0670685
0.0344682
-0.0138994
0.0127262
-0.028918
-0.033268
-0.0812465
-0.0287263
0.0354177
-0.00610281
0.0332363
-0.0329267
0.047225
-0.0353728
0.0378756
0.0260342
0.0492916
5.2078e-05
0.038829
-0.0126541
0.0182689
0.0564649
0.0449592
-0.0401982
0.0561626
0.0518094
-0.027382
0.0469638
-0.0288279
0.0249612
-0.0342174
-0.0245112
-0.0397136
-0.0141043
-0.00955834
-0.0221126
-0.0123068
0.066172
0.00277339
-0.000897808
0.021335
-0.0323777
-0.0332469
0.00861721
-0.0110065
0.0366087
-0.0622026
0.0149806
0.0272313
0.0397375
-0.0196332
-0.0190305
-0.039563
-0.0320396
-0.0457824
-0.0566228
0.0291499
0.00646895
0.0129529
0.041392
0.0418334
-0.0180497
-0.03404
-0.046313
0.0221362
-0.00800927
-0.00812387
-0.0180855
0.0150988
0.0117215
0.0609938
0.0566769
-0.0389571
0.0474667
0.031482
0.0165446
0.0174139
-0.0263672
-0.0202592
0.0264619
-0.0419402
-0.00901016
0.0475167
0.00219929
0.00444417
0.0253348
0.0300961
-0.0305758
-0.0266388
-0.0466607
0.0160448
-3.60031e-06
-0.0201564
0.0266307
-0.00212514
-0.0135299
-0.0130263
0.00540651
0.0184542
0.0107829
0.0143695
-0.0510796
-0.0158656
0.0170487
0.0228128
0.028419
-0.00221046
-0.06396
0.0290266
0.00737505
-0.0175554
0.0647273
0.0040445
0.0391935
0.0582869
0.127277
-0.0702384
0.0707892
-0.0269768
-0.0539493
0.0070527
0.00741406
-0.0106003
0.0724712
-0.0100421
0.0575832
0.0266356
-0.049041
0.0497433
0.0449466
0.00072111
-0.0650613
-0.0107487
0.026784
0.0135982
-0.0368055
-0.0713343
-0.0344629
0.0451318
-0.0141276
-0.0341131
-0.00898527
-0.0568008
0.0306842
-0.0348124
-0.0467058
-0.0788307
0.0237756
-0.0880466
-0.0481925
-0.0254017
-0.00890621
0.0354572
-0.0579287
-0.0225222
-0.00418973
-0.0455724
-0.0377957
0.0530368
-0.000182278
-0.100136
0.00754115
0.0883456
-0.0254934
0.00599224
-0.00954396
0.0280375
-0.0344611
-0.022486
0.00582291
0.0477858
-0.0234997
-0.0590354
-0.0307262
-0.0314554
0.0128016
0.0684339
-0.00424961
0.0482442
-0.034119
-0.00445553
0.0561932
-0.0141748
-0.00835355
-0.0272204
0.0336474
-0.044052
-0.0436672
0.00745163
-0.0259483
0.00306088
-0.00962678
0.0515238
-0.0160697
-0.00849762
-0.0407309
0.0276818
0.0552926
0.0770092
0.0398042
0.00586558
0.0268383
2.3835e-05
-0.0239688
0.0228784
0.03897
0.0198484
0.0462671
-0.0181598
0.000600323
0.0473703
0.0490434
-0.0025809
-0.0338284
-0.0394664
0.0301092
0.0657459
0.0474563
0.0521273
-0.0236963
0.00996703
0.00437689
0.0366061
-0.0218314
-0.0498387
-0.0136809
0.0554961
0.0278699
-0.00307059
-0.0450937
0.0266472
-0.0704277
-0.0057899
-0.0326041
-0.0485163
-0.0396245
-0.00321384
0.0109082
0.0140865
0.0210975
0.0101215
-0.0497856
-0.0268037
0.0367273
0.0363584
-0.011311
0.0258212
0.0198804
0.0230584
-0.0222829
-0.0512953
0.0326418
-0.0093059
-0.00355123
-0.0231001
-0.0122994
-0.0413293
0.0174039
0.0200536
0.0198808
0.0377352
0.0231686
0.0369104
0.00281261
0.0169358
-0.039888
-0.0266437
-0.0169973
0.037113
0.0363054
0.0211707
-0.0250875
0.0460488
-0.0323099
-0.0236212
0.0140084
0.00675633
-0.0109704
0.0124935
0.00638666
-0.00465683
0.0428213
0.0367516
0.0209618
0.0476105
0.00866292
0.0204243
-0.0353203
-0.0306677
0.00200216
0.00431921
0.0105117
-0.00564188
0.0315805
-0.0300609
-0.034499
0.0196762
-0.0152464
-0.0698532
0.0119423
0.0342991
0.0115799
0.0251354
0.00538681
-0.0185921
0.00968143
-0.0201338
-0.0260483
-0.0125808
-0.0191136
-0.0483665
-0.005808
-0.0259901
0.0396148
-0.043191
0.0288145
0.00178738
0.0184048
-0.0772813
-0.00878196
-0.0230169
-0.0399759
0.0146272
0.0235013
-0.0269102
-0.00740758
-0.016197
0.0183816
0.0341801
0.00974204
-0.0267155
0.0243575
0.0241542
0.0348491
0.0311793
-0.0360288
0.0119452
0.0135921
0.006181
0.0333302
0.0231386
0.0849927
0.0781331
-0.0128243
0.035408
-0.027119
0.0221674
0.0121037
0.027632
0.0226288
0.0190933
-0.0343491
0.0335789
-0.0102718
-0.0625111
0.025337
0.00788707
-0.00396755
0.012309
-0.0104606
-0.0207933
-0.0360912
-0.0268336
0.0297968
0.0333646
0.0323425
0.0124278
-0.0635766
-0.0213996
0.0392621
-0.0296249
-0.0108852
-0.0438327
0.0363419
0.0215493
0.0165926
0.0277632
-0.00418326
-0.029397
0.0230775
-0.0389159
-0.0368203
-0.00169166
-0.0306023
-0.0433681
-0.0207097
0.00412529
-0.0170842
0.01113
-0.0421435
-0.0348057
0.0274605
0.0418742
0.00089791
-0.00825253
0.0066999
0.0278826
-0.0482775
0.0434756
0.0102132
0.012495
0.0643103
0.00304574
-0.01336
-0.0294926
0.000312901
-0.0726104
-0.0156506
-0.0248252
-0.00635687
-0.00276334
-0.000248508
0.021839
0.0289176
8.49488e-05
-0.0107411
0.0354835
0.0194347
0.0434221
-0.0433029
-0.00875813
-0.0488359
-0.0119883
-0.00952793
0.0161327
-0.0175884
0.0376187
0.00191715
-0.00341568
0.046226
0.0471071
0.00907788
-0.0462542
0.0425218
0.00527807
-0.0281676
-0.0664218
0.0710775
0.0113165
0.0354833
0.0367127
-0.00115498
0.0229874
0.0152665
0.0345143
0.00896356
-0.0117338
-0.00110008
0.0392218
0.0487868
-0.012005
-0.00588847
0.0171687
0.00221692
0.0429436
-0.0559901
0.027047
-0.0420742
-0.0369647
-0.0238081
0.0375292
-0.0552936
-0.0535531
0.0153087
-0.0041641
0.0471975
0.0395895
-0.0105768
0.00418854
-0.0171331
-0.02149
0.0259163
0.0290727
0.0361351
-0.0262071
-0.0129486
-0.0490715
0.028077
-0.0220833
-0.0420319
0.00442539
0.0136311
0.0318278
0.0190901
-0.0260077
0.00818268
0.00138516
-0.0126764
0.00386608
0.00594952
0.0175743
0.00571797
0.0235013
0.0400097
-0.0119782
0.00139566
0.00270268
0.0345301
-0.0406737
-0.0206293
-0.0434595
-0.048659
-0.00253746
0.00187894
0.0172964
-0.00848302
0.00789887
0.0303024
-0.0268879
0.00608483
0.0309869
0.0484305
-0.029529
-0.0112884
-0.00357705
0.0265329
-0.010537
-0.0437803
0.00976401
0.0381384
0.0256084
-0.0375639
-0.038921
0.0138713
0.00457202
-0.00467152
0.0105473
0.0294156
-0.0414582
0.0462462
0.0600864
0.0116278
0.0350149
0.0253586
0.0457477
0.0214087
0.00834816
0.0475708
-0.0138259
0.0138269
0.0344431
0.0534957
-0.0190319
0.0332703
0.080758
-0.0244938
-0.0364304
0.0250737
0.0377842
0.0402845
0.03007
-0.0545975
-0.0193517
-0.0368963
-0.0196805
-0.0184916
-0.0564976
-0.0278063
0.0139707
-0.0253023
-0.0298389
-0.023989
0.0116982
-0.00558382
-0.0560592
0.0284063
0.0208504
0.0152524
-0.0305973
0.0172769
-0.0194662
0.0270654
0.0083512
-0.0339576
-0.0235445
-0.0529502
0.0877846
0.0462187
-0.0222296
-0.0180235
0.0382658
-0.0089241
-0.0381115
0.0465224
-0.0108028
0.0276387
-0.0532031
-0.0490358
-0.0344101
-0.0472308
0.0468796
-0.00367907
-0.00174136
0.0191755
0.0110728
-0.00643724
0.00791399
0.0108952
-0.0432468
-0.0020223
0.022992
-0.000288307
0.0073404
0.0380599
0.039078
-0.0395362
-0.0466808
-0.0299434
0.0307518
-0.0486293
-0.0114963
-0.000804403
0.0254129
-0.021265
0.0376955
0.0695988
0.00981539
0.0333028
0.0647175
-0.0347265
0.0362448
0.00744811
0.0161528
0.0275457
-0.00499275
-0.0239541
-0.019006
-0.0278784
0.0380049
-0.0401849
0.0327272
0.0174505
0.0127384
-0.0378566
-0.0272031
0.00690729
0.0299296
0.00484372
0.0300225
-0.0430076
-0.0381358
-0.00764031
-0.0230181
-0.0375399
-0.0385947
-0.0114794
-0.0350514
-0.0418897
-0.000317186
0.0425446
-0.0124937
0.0304282
0.0354763
-0.013499
-0.035299
-0.00196082
-0.00904988
0.0464556
0.0120985
-0.044658
-0.00068757
0.048518
0.0190522
-0.0241128
-0.0353069
0.0318536
-0.0232043
0.035266
0.0137476
-0.0103421
-0.0271612
0.00775248
-0.00433678
0.0195412
0.0114585
-0.0132419
-0.0237354
-0.0325106
-0.00391009
-0.0152916
-0.0255803
-0.00235525
-0.0267628
0.0440215
0.0386956
0.0456252
-0.0238717
0.0193806
0.0184076
-0.0142552
-0.039651
0.0470778
0.0306845
0.0017983
-0.0169221
0.0336956
-0.027061
-0.0129875
-0.0390603
0.00385882
-0.0170269
0.0428862
-0.0151877
-0.0318272
0.0396261
0.0246048
0.0314144
-0.00383566
-0.0188633
-0.0454571
0.0420745
-0.0285473
-0.0488732
0.0228358
-0.017015
-0.0316815
-0.00318677
0.0226122
0.00193906
-0.0343317
-0.0237102
0.194554
0.073352
-0.00108214
0.0560135
0.0542151
0.0169178
-0.0370472
-0.0148651
0.00540087
-0.0248532
-0.0756302
0.0432848
-0.106395
-0.00662702
-0.0678629
-0.0125318
0.217699
-0.0693309
0.00767576
0.0837558
0.125942
0.0257762
0.0217909
-0.0230863
0.0493484
0.0138185
-0.154905
-0.0369627
0.0507258
-0.315054
-0.25962
-0.0925731
-0.0107747
-0.0219967
-0.228542
0.345581
0.208861
-0.261186
0.105763
-0.0908033
0.150234
0.23792
-0.0662321
-0.0771618
-0.0117383
-0.041382
-0.0624736
-0.057569
0.00688884
0.0480336
0.0188849
-0.044922
0.382311
0.149173
-0.112884
0.047911
-0.000994309
0.0429408
0.0286525
0.148654
0.028418
-0.0186273
-0.00765232
-0.0185116
-0.00527044
-0.0541866
-0.0486682
0.0460035
0.146882
-0.10871
-0.059354
0.0372672
0.00386977
-0.0289374
-0.0430388
-0.0708153
0.103529
-0.019006
0.0247246
-0.0241176
-0.0716486
0.0161836
0.0624544
-0.126167
-0.139135
0.00515957
-0.0121451
-0.0436477
-0.00662843
0.121737
0.156267
-0.0394356
0.0206286
-0.0424384
-0.0484457
-0.291286
-0.0240452
-0.0192305
0.00893537
-0.166692
-0.173308
-0.0911437
0.0635734
0.0482313
-0.0156396
0.00548584
-0.0436888
0.0102081
-0.0830169
-0.0129423
-0.0215245
-0.00631938
-0.0427558
0.0274744
-0.061109
-0.0348528
0.0338996
-0.0383183
0.0145542
0.0176877
0.100081
0.118962
0.0919001
0.0280987
0.0255118
-0.0148761
0.202488
0.0171727
-0.0063798
0.00520039
-0.111813
0.162938
-0.0267764
-0.0412989
0.00626005
-0.116776
-0.00795562
0.0235054
-0.0326066
0.0993927
0.039398
0.030637
-0.000913679
-0.024536
-0.00683152
0.010638
0.0626657
0.0280792
0.0530191
-0.0472341
-0.0184715
0.0280308
-0.0088761
0.0405738
0.0485318
-0.0312129
-0.0549515
0.00561162
0.0464571
-0.0323305
0.0164959
-0.034142
0.0338737
0.0166438
0.0311983
0.112591
0.00803557
0.0393384
-0.0257037
-0.0087285
0.0386009
0.0403786
-0.0325419
-0.0317759
0.043948
0.0453898
-0.0579107
-0.0422604
-0.00616067
0.0719022
0.0221057
-0.0204319
-0.0407995
-0.0376272
0.0514402
0.0132385
0.011004
0.0254601
0.0196582
0.0463145
0.0274629
-0.0122281
0.0411792
0.0456453
-0.0446532
-0.0421813
0.0128906
-0.0921162
0.0135707
0.0175517
-0.00022908
-0.0187297
0.0306897
-0.0110348
-0.0182664
0.0470006
0.0402963
0.0119253
0.0230604
0.0276688
-0.0241678
0.0271859
-0.041564
0.00360918
0.0457238
0.0742948
-0.000120084
-0.00745964
0.0182322
-0.0847481
-0.0606275
-0.0411278
0.0398926
0.00868726
0.217927
0.0662454
0.132914
0.0749993
0.0358835
0.0745261
0.0447683
0.00324835
0.0410795
0.00778532
-0.0301348
0.0197147
-0.104429
0.0131928
0.1037
0.0955787
-0.0662309
0.0139693
0.0701529
0.0373041
0.0253127
-0.0551439
-0.0825599
0.113775
0.0327997
-0.0408171
0.036689
0.0217195
0.0398896
-0.0477771
-0.0952387
-0.16936
0.12328
-0.0807571
-0.0189773
0.0265578
-0.0610554
-0.0114318
-0.0235852
-0.086751
-0.0410325
0.00535263
-0.00782634
0.08816
-0.00205554
-0.155306
0.183215
0.0926066
0.0638634
-0.0792673
-0.0180845
0.303625
0.180432
0.0871258
0.0950347
-0.0123787
0.0412921
-0.0630768
-0.103148
0.0125179
-0.0189253
-0.244701
0.128727
-0.147162
-0.271727
0.25604
0.220877
0.141381
-0.0503683
-0.0309929
0.0930822
-0.0106345
0.0453433
0.0545378
0.0161253
-0.0408238
-0.0710102
-0.061083
-0.0228602
0.0444879
0.0389587
-0.0141009
0.0666065
-0.0162387
-0.0161891
0.0677774
0.0240238
-0.0646492
-0.427703
-0.159756
-0.00578751
-0.030994
0.242408
0.011851
-0.0518155
0.222834
-0.146964
0.00501551
-0.020586
0.273627
-0.00565648
-0.0375728
-0.0431422
0.016498
-0.00637644
-0.1086
-0.0169425
-0.0316206
0.327371
0.186052
-0.0160875
0.0827778
0.129629
-0.0308829
-0.0313506
-0.0346457
-0.108088
-0.0421818
-0.0268319
-0.00332431
-0.0386867
-0.0427677
-0.00718003
-0.0398145
0.0139645
-0.0271397
-0.034583
-0.0231072
0.0332122
-0.000316011
-0.0319934
0.0113387
-0.0220417
0.0301347
-0.0373886
-0.0491298
-0.0221373
0.00836839
-0.0326452
-0.0320244
0.0384921
-0.00312856
0.0149177
-0.0436914
0.0364336
0.0257808
0.0478307
0.0567768
0.00818575
0.029205
-0.0319288
-0.0349775
-0.0417958
0.00664908
-0.0149566
-0.00724248
-0.0333326
0.0231127
0.0218106
-0.0393654
0.0454682
0.0240614
0.011599
-0.0227673
0.0154578
0.00109477
0.0458759
0.00710949
0.0240244
-0.0311955
0.0319903
0.0105625
-0.0112812
-0.0181289
-0.0319284
0.0229202
0.0524995
-0.0742101
0.0177466
-0.0819413
0.0483431
-0.0210495
0.0135811
-0.0151472
0.162597
0.0885473
-0.0332971
-0.0219968
0.0406511
-0.0299343
-0.0100722
-0.0649505
0.0507018
-0.0188379
-0.0365704
0.0124027
0.0258076
0.0352646
0.02041
0.0077535
0.0477914
0.0144126
0.0422262
0.200653
0.142345
0.0370304
0.0191971
-0.0718294
-0.00649701
0.0252543
0.0438886
0.029847
-0.0204547
0.0500125
0.00562862
0.000255241
0.0189408
0.00634229
0.0214183
-0.000495442
0.069934
-0.00236341
0.0150487
0.0429191
0.00721713
0.0229311
-0.21222
-0.0311642
-0.0951797
-0.0036098
0.0883727
-0.0519951
0.0124553
-0.052504
-0.00430378
0.0264709
-0.0214358
0.037071
0.0362742
0.00575518
-0.0693085
-0.048085
-0.0140282
-0.0493581
-0.0515299
-0.0864052
0.0279507
0.047142
0.0484202
0.0383042
-0.0526407
-0.0614386
0.0436412
-0.0137377
-0.0177096
0.0193635
0.0680206
0.00700084
0.0372381
0.0330184
0.0513918
0.0363968
-0.0224028
-0.0405486
-0.0461596
0.00262069
-0.0308073
0.00143035
0.00144328
-0.0266816
0.00768573
-0.0238249
-0.0290257
-0.0052841
0.0558444
0.0925337
0.0257061
0.0283976
0.049302
-0.018443
-0.0261287
0.00560723
-0.0128354
-0.00569622
0.0499087
-0.0247143
0.0878447
0.03382
0.0158875
0.039993
0.0217544
0.057574
-0.021418
-0.0203927
0.0653515
0.0475174
0.0191121
0.0413223
-0.0227747
-0.00724023
-0.0265139
0.014529
0.0254861
-0.0120742
-0.0275136
0.000846388
0.0018029
-0.00869125
-0.0272145
-0.0413781
0.0122121
0.0238418
-0.0114044
-0.00988838
0.00779122
0.0367622
0.00668233
-0.0430499
0.00877065
-0.0207576
0.0343568
-0.012548
-0.0107707
-0.00566948
-0.0795521
0.0331551
-0.0589286
-0.0465709
-0.0102706
0.0144746
0.0333779
-0.0165117
0.0388194
-0.0161619
0.0488103
-0.0211488
-0.0076313
-0.0497939
-0.0292436
-0.0265162
0.0171833
-0.0167368
0.00578937
0.0126625
-0.00489954
-0.026253
-0.00579207
-0.0163798
-0.0236685
-0.00189084
-0.0282858
0.0181416
-0.0392747
0.00784769
0.0379564
-0.0130542
-0.00873617
0.0125097
0.0082005
-0.0486174
0.0260362
-0.000903798
-0.0145222
0.0140162
-0.0433647
0.0121244
-0.0197974
0.038403
-0.0423713
0.0422651
-0.0547063
0.0107968
0.0152273
-0.000848586
-0.0280382
0.0600527
-0.0216209
0.0403682
0.0358354
0.0136993
0.0045546
-0.00488149
0.0160921
-0.0260623
-0.0305464
-0.0129474
-0.024721
-0.0389896
-0.0434669
-0.0126484
-0.0385137
0.00541448
0.00333342
0.0324745
0.0383723
-0.00301794
-0.0383877
-0.0362041
0.00978783
-0.0160893
-0.038089
0.0296982
-0.025262
0.00223536
0.0165362
0.0214813
0.045418
0.0300903
-0.020636
0.0161372
0.00177652
0.0411123
-0.00289639
-0.0278267
-0.0827253
-0.0734363
-0.0635416
0.0212732
0.0318302
-0.00850734
0.0327128
-0.0565335
0.0269259
-0.0328128
0.00236627
0.028139
-0.0447175
-0.0274801
0.0135949
-0.0285907
0.00740704
0.0388303
-0.0313584
-0.0172377
-0.00809932
0.0553772
-0.0411589
0.0306476
-0.0578938
0.027778
0.0650099
-0.034966
0.0123569
0.0316148
0.00493214
-0.0121311
0.0572123
-0.00108492
0.054053
-0.0195909
0.0148416
0.00610703
-0.0206399
-0.00337106
0.0608749
0.0438494
0.0199821
-0.0258263
-0.0471406
0.0307502
0.103016
-0.0211911
-0.0662227
0.056237
0.00752022
0.0588825
-0.0556486
0.00760612
-0.0154942
-0.0167192
0.00627539
0.030014
0.00978072
0.000976822
0.00934328
0.0118047
-0.00570866
-0.0564224
-0.0127581
0.007243
-0.0264044
-0.0466616
-0.00719779
0.0766488
0.0373948
0.018548
0.0222379
-0.0106443
-0.0471712
-0.0119821
-0.0172561
0.0570724
-0.0201288
-0.00865667
0.00465226
0.00531119
-0.03005
0.101022
-0.0261557
-0.0534327
-0.000514361
-0.0141394
-0.00744936
0.0160959
0.0204819
0.0395071
0.0158373
-0.00194766
0.0201766
-0.0655733
0.0386376
0.0191285
0.0261049
0.0187184
0.018089
0.00368522
-0.0549587
-0.0266395
0.0482753
-0.0333937
0.0580585
-0.025811
0.00540377
-0.0057549
0.0176772
-0.0161787
0.0129121
0.0093262
-0.0264928
0.0394245
0.00999173
0.0221469
0.000298423
-0.0446057
-0.0464682
-0.0231697
-0.0129688
-0.0431735
-0.0216608
0.0455475
-0.0499326
-0.00546969
-0.0307929
-0.0273099
-0.0118056
-0.0269041
0.0453922
-0.0374329
-0.0072399
0.01276
-0.0166301
0.00259249
0.0101587
-0.0247239
-0.0202131
-0.00555089
0.0118882
0.0385171
0.0296983
-0.00865604
-0.029141
-0.0166716
-0.0631384
-0.0440405
-0.0270924
-0.0162936
0.0125426
-0.0254898
-0.0222112
-0.0333445
0.0142874
0.0233252
-0.00494763
-0.000798438
-0.0364519
0.0174625
0.0414166
0.0373217
-0.0081733
0.0237274
-0.0456036
0.0402154
0.0402329
-0.00915386
-0.0144717
-0.0458052
-0.00715868
-0.0452126
-0.0225919
-0.0301907
-0.0505668
-0.0289827
-0.0251028
-0.0406051
0.00862961
-0.0143831
0.035875
-0.0298959
0.00729174
0.0873687
-0.0583369
-0.0187172
0.0217066
-0.0474342
0.0366331
0.047357
-0.0405887
0.00886904
0.0324374
0.0280325
-0.0192712
0.0385128
0.0294824
-0.0456887
0.0460718
-0.019264
-0.00986486
0.020709
-0.181833
-0.110142
-0.0584202
-0.0407539
0.0488454
-0.0459401
0.0453719
-0.0514814
0.0060237
-0.0203178
-0.0514814
-0.0807342
-0.0639054
0.00524735
0.0380939
-0.0416353
-0.00648902
-0.0193898
-0.0688412
-0.0237289
0.00245477
0.0438215
-0.000707338
0.220689
0.0803027
0.000913915
0.0473214
-0.061697
-0.00092099
-0.0593755
0.0305842
-0.0017422
-0.052433
-0.0191983
0.0242436
0.0129721
-0.0638413
0.0529835
0.0457057
0.0023676
0.0982336
-0.0108454
-0.0488085
0.0326324
-0.0372991
-0.0203999
-0.0515666
-0.0248814
-0.0157571
-0.0706547
0.0420159
-0.00680651
0.00727705
0.00160677
0.0065515
0.00198136
-0.0410097
-0.0404055
-0.0259139
0.0693189
0.00566593
0.00938347
0.0356882
-0.00598766
-0.00289667
-0.0202716
-0.0062648
-0.0285305
0.0335814
0.00590891
0.0387131
-0.0825686
-0.0220698
0.00707613
-0.00907566
-0.0320059
-0.0011708
-0.0578595
-0.0388021
-0.0125482
-0.00476228
-0.00643768
-0.00925804
0.013923
0.0446623
-0.0154717
-0.0282313
-0.0230562
0.000329711
-0.033249
0.0316826
0.020352
0.0362738
-0.0138787
-0.03277
-0.0283023
0.0167007
-0.0130196
-0.0322889
0.00404704
-0.0153358
0.0242683
0.0130122
-0.0298117
0.032717
-0.0221316
0.0286613
0.0159085
-0.0264202
-0.0404621
-0.032206
-0.0436689
-0.00818172
0.0422437
0.0202586
-0.0400568
0.0302686
0.0474127
-0.0240779
0.0282154
0.00657713
0.0255245
0.0198696
0.00553664
-0.0213083
0.0284013
-0.00502431
-0.0278669
-0.0174657
0.0417449
0.0245006
-0.0430714
0.0325497
0.00740298
0.00414186
0.0163545
0.00326624
-0.0144165
0.00824442
-0.0305127
0.0194781
-0.039802
0.0393522
-0.00750148
-0.0383769
0.0194318
0.03034
0.0421676
-0.0281036
0.00334814
0.0126294
-0.0329476
0.0328827
-0.00867181
0.0261891
0.0230503
-0.00867217
0.000859722
0.0208772
0.00705268
0.0153597
0.0205125
0.0141297
-0.0474269
0.0148738
-0.0331317
-0.031039
-0.0216588
0.00173516
0.0495178
-0.0335819
0.0271993
-0.0540625
0.00513396
0.00100052
-0.0217808
-0.021052
0.0279027
0.0317531
-0.0356741
-0.0448554
-0.0474257
0.00923137
-0.0218764
-0.00372348
-0.0296522
0.0286845
0.0148794
0.0211791
-0.0173297
0.00638133
0.0138974
0.0152279
-0.0274214
-0.00696888
0.037463
-0.0174057
-0.0146365
-0.0422414
-0.0314937
0.0195419
0.0533616
0.0352136
-0.0322384
-0.0354184
0.0248079
-0.0137004
0.0391943
-0.0205866
0.0396885
-0.00211865
0.0230265
0.0886618
-0.0400236
0.0212379
-0.0254442
0.0135262
0.033139
-0.0111101
0.0404744
0.071435
-0.00376556
0.0283136
-0.0270216
-0.00965266
0.0327996
0.100592
-0.046301
-0.00907938
0.0148901
-0.00665004
-0.023626
-0.0197034
-0.0487988
0.0172563
0.060301
-0.0103193
0.00937002
-0.0351585
0.0400923
-0.0386706
0.00614684
-0.0772271
-0.0625888
0.0270045
0.0108631
0.00512852
-0.0450055
0.00960996
0.0340958
0.0188002
-0.0788166
0.0383283
-0.0319054
-0.039204
-0.0189695
-0.00225935
-0.0786667
0.0211348
0.0735798
0.00697194
-0.0415794
-0.0112788
0.0594849
-0.00496285
-0.03282
0.00582372
0.050038
-0.0251733
0.0480596
0.0038834
-0.0159791
-0.0266871
0.0210546
0.0360277
0.00179263
0.0404509
-0.0284654
-0.0156815
-0.0435772
-0.0732112
0.034887
-0.023336
-0.0401829
-0.031705
-0.0261835
-0.0415574
0.0572225
0.0617063
0.00179108
0.0363546
0.00792713
0.00288409
-0.00324691
0.022539
0.0256516
-0.0223036
0.0150309
0.00520079
0.025504
0.0263336
0.0103489
-0.0114607
0.00203837
-0.0277647
0.00312389
0.0613973
-0.0076471
-0.0026065
-0.0194727
-0.0320173
0.0705605
-0.0157349
0.0115539
0.0584662
-0.0326471
0.00987477
0.0193345
0.0124895
0.0263199
0.0115672
0.0181745
-0.0435273
0.00698514
0.0118285
0.0306493
0.0285028
-0.00994665
-0.0119227
0.0125478
-0.0212806
0.0254849
0.0367511
0.0458284
8.58384e-06
0.0454207
0.0123663
-0.0366142
0.0136199
0.0247013
-0.0478426
0.0391579
0.00888788
-0.0365413
0.0322094
-0.0435924
-0.0415826
-0.0493756
-0.0212623
0.00367558
-0.0234457
-0.0444443
-0.0310127
-0.00627324
-0.0100689
-0.0382729
0.0341446
0.0101739
0.0379369
0.00086428
0.0388276
0.0101349
-0.0171972
-0.0188631
0.0483254
0.0279549
-0.0373135
-0.000268296
-0.0459198
-0.0256139
-0.03281
0.0223703
0.028915
0.0206155
0.00570663
0.033491
0.026511
0.0403064
-0.0360522
-0.0183112
-0.0154307
0.000865196
0.0406027
-0.0428877
-0.0178235
0.0440152
-0.0191961
0.0324168
-0.0117942
-0.0196359
-0.00442604
0.0263653
-0.0391882
0.000528162
-0.0395437
0.0423567
-0.0219623
-0.0184672
-0.0137321
0.0171187
-0.0115472
0.033476
0.0168078
0.0561926
0.121129
0.105965
-0.064793
0.00771942
0.0582829
0.00664805
-0.0402457
-0.0173965
0.0837605
0.0824253
-0.0491047
1.0633
0.371804
0.340907
-0.203274
-0.0836818
0.347594
0.147922
0.14585
0.121496
0.210883
0.464596
0.415203
0.376872
0.376851
0.0302725
0.0471444
-0.187013
-0.0577375
-0.163582
0.575708
0.101753
0.12962
0.506365
-0.555729
-0.433856
-0.269116
0.0773947
-0.0256053
-0.114567
0.171464
-0.161151
0.0509845
0.0810829
-0.247588
-0.136421
0.0347479
0.175386
-0.363201
-0.0463723
0.0290316
-0.0315351
0.142123
0.140066
-0.0268736
-0.0430524
0.064726
-0.117584
-0.12165
0.0779994
0.165227
-0.0808174
0.225696
-0.0862092
0.196031
0.0378708
-0.0125512
0.0202863
-0.0598601
-0.0949424
-0.313168
-0.098487
-0.0897976
0.220532
0.10644
-0.0375536
0.097797
0.00191232
-0.00531562
0.0507793
-0.11433
0.0213871
0.472727
-0.011119
0.0267357
0.0721403
0.0778766
-0.184501
0.550444
0.0479711
0.0368191
-0.00407944
0.000872059
0.14122
0.0889324
-0.042425
-0.0227459
0.0285806
0.201704
-0.0621679
0.334079
-0.40964
0.0573094
0.0117974
0.0799291
0.00502234
0.00431386
0.137548
-0.0817946
0.0110758
-0.0173885
0.0128808
-0.0158817
0.0931462
-0.0897157
0.0130144
0.156628
0.104152
-0.0252092
-0.16591
0.0224072
-0.126194
0.010672
0.0803856
-0.134824
-0.157479
-0.00261828
0.0406325
0.0104934
0.134512
0.00261815
0.0957918
-0.0154483
0.0621173
-0.0448234
-0.0466274
-0.0461847
-0.00483508
-0.0632139
-0.014785
-0.0156904
0.0152739
0.0341818
0.0224184
-0.195811
0.0730886
-0.0444555
-0.0112846
0.022462
0.10041
0.0255628
-0.007387
0.0807126
0.0325138
0.0442235
0.118665
-0.00398577
0.0364075
-0.0188665
0.0221275
-0.012682
0.0112435
0.032633
-0.253977
-0.00564719
-0.00433179
0.0365016
0.0270773
-0.00555754
0.0451005
-0.0277978
-0.0288115
0.0240684
-0.0336194
7.02647e-07
0.050046
-0.0276333
0.0262628
0.0593087
0.0528344
0.0307057
0.031762
0.0221659
-0.0048966
0.047486
-0.0249881
-0.120251
0.0240256
0.0433887
-0.00248556
0.0331627
-0.00227315
0.0167839
0.0329334
0.0207165
0.0489723
0.00984925
-0.0186568
-0.0146172
0.00498462
0.0188504
0.0226991
-0.0105717
-0.0262974
0.0223522
-0.00701549
-0.0478002
0.00166457
0.0146529
0.102757
-0.0413453
0.0636357
0.042129
0.124986
-0.16807
0.158936
0.0219638
-0.0155563
0.0994396
0.185563
0.0216567
-0.0191899
-0.173126
-0.0974787
-0.0220482
-0.0439946
-0.0522929
-0.057648
-0.014392
-0.0579397
-0.0879297
-0.0873708
0.0798787
0.148574
-0.0504122
0.253614
-0.127825
-0.156069
-0.163353
0.0177933
-0.0702178
-0.0398652
-0.0645848
0.0103646
-0.132785
-0.0432357
-0.328641
-0.0555818
0.0164504
-0.203805
0.000177397
-0.0330311
-0.0375807
0.0892811
0.076354
0.0245209
-0.0577857
-0.0955731
0.0536929
-0.0400077
0.0704471
0.0727294
0.0702226
0.00433652
-0.0311627
-0.0133179
-0.0860588
-0.0544897
0.220744
0.159179
0.0616303
-0.0359392
0.109848
0.0600761
-0.195836
-0.37463
0.0845403
-0.14572
0.104369
-0.034134
-0.338781
-0.0679001
-0.0101489
0.0332626
0.0139839
0.28758
-0.0843214
0.0614839
-0.0210373
-0.0417853
-0.311084
-0.24307
0.303968
-0.000782217
0.109667
-0.044699
0.0332046
-0.00838334
-0.460062
-0.110283
-0.0870705
-0.225197
-0.0777826
0.0493692
0.19336
0.242045
-0.139653
0.181763
0.0751558
-0.00773556
0.00867664
-0.040896
-0.160056
-0.0131203
0.0062009
0.364624
0.0689715
0.226809
0.0366261
-0.038082
0.0352921
0.0634071
0.111299
-0.0881433
-0.0798013
-0.100057
-0.0456173
-0.0258393
0.0747358
-0.0205037
-0.106423
-0.026138
0.0317772
0.020362
-0.036289
-0.149596
0.0334606
0.00388091
-0.00757037
0.260751
-0.0049741
-0.00580483
2.87365e-05
0.00602731
-0.0426285
0.0384667
-0.0363565
0.0447216
-0.0304201
0.058473
0.0613235
0.0201252
-0.0106511
0.0273768
-0.0168272
0.010402
0.0489701
0.00876685
-0.0287583
-0.00411899
0.00818305
0.0737299
0.0110216
0.00816873
-0.0397798
-0.0434042
0.0224581
0.0282344
-0.0158153
-0.0416821
-0.0602879
-0.0372501
-0.0131415
-0.013617
0.0330793
-0.0297052
-0.0266906
0.0106597
-0.00657606
0.0291917
-0.0172967
-0.0681788
-0.0154925
-0.0258432
-0.0258849
-0.022049
-0.0383968
-0.000370133
0.0109456
0.00859406
-0.00986097
-0.0301693
0.0137638
0.0285709
-0.0413671
0.0249714
0.0234287
-0.0149203
0.185173
-0.0645737
0.125876
0.00177848
0.0679535
0.0458297
0.00841487
-0.0360978
-0.0118221
0.233124
0.0110403
0.0354984
0.0239175
-0.0312484
-0.0332626
0.0207096
-0.14303
0.162705
0.107393
-0.0831801
0.0560153
0.020655
-0.0497148
-0.143247
0.036527
0.00848383
0.000189821
-0.0256802
-0.394304
-0.187639
0.0712867
0.0720311
-0.240377
-0.0940187
-0.110596
0.119017
-0.0146132
0.0330179
-0.010712
-0.0845733
-0.0712637
-0.0595264
0.380579
-0.00272707
-0.051442
0.146246
0.153574
0.357554
0.0298238
0.0424111
0.184773
-0.177043
-0.200229
-0.225173
0.175817
0.0203507
-0.0489841
-0.055798
-0.00903262
0.0199875
0.0435327
-0.114314
-0.184745
-0.029219
0.00777564
-0.0734723
-0.0257685
0.0395409
-0.239784
-0.00264882
-0.0428981
0.0489344
-0.0758323
-0.0135262
0.0718278
0.0524937
-0.0335229
0.297124
-0.125525
0.122779
-0.158093
-0.189761
-0.0387285
0.0111645
-0.00997795
-0.00825948
-0.00457766
-0.0610223
-0.195902
-0.0392683
-0.0321515
0.128435
0.0407986
0.0589377
-0.061684
-0.040386
0.109377
-0.0848465
-0.219274
0.315865
0.138679
-0.134385
0.00999367
0.0606453
-0.123567
-0.154794
-0.147745
-0.00532211
0.0129275
-0.063837
0.0975492
-0.169765
0.0127982
-0.0482062
-0.0438303
0.285349
-0.0890144
0.15403
0.190646
-0.0441406
-0.139654
-0.0195765
0.0101648
-0.0130964
-0.0801262
0.0561553
-0.00540799
-0.0216425
0.0435851
0.037925
0.10099
0.228943
-0.0123814
0.00955812
-0.0357761
-0.0325784
-0.212875
0.0479085
-0.00291336
0.00517477
0.0427474
-0.0698876
0.236965
-0.0231586
-0.024704
0.0380921
-0.128026
-0.0315269
-0.00535388
0.157885
-0.016619
0.0454492
-0.0475036
-0.0231302
0.0153944
-0.0474252
0.0881338
-0.0073809
-0.00143472
-0.0083791
0.0269577
-0.130213
-0.11053
0.0103779
-0.0280794
-0.0367033
0.0338854
0.0475823
0.0138012
0.0157622
0.0481266
-0.0571869
0.0983637
0.0209225
0.0418108
-0.0350947
0.00651852
0.000805189
-0.0417114
-0.031626
0.102976
-0.0196124
-0.140017
-0.0598971
0.0367448
0.0398533
0.0253329
0.0488397
0.00785692
0.00520489
0.0206992
0.0379602
0.0719209
0.0294936
-0.0186011
-0.0432331
-0.035878
-0.0488525
0.00231419
-0.0157744
0.030664
0.0426906
-0.0347289
-0.0669805
-0.0401742
0.0368537
0.0390794
-0.0317158
0.0413552
-0.0291391
-0.032893
0.0747815
0.05575
0.0107511
-0.0239252
0.0288929
-0.0474963
-0.0104113
-0.0155403
-0.000403529
0.0175646
-0.0130244
0.037193
-0.113432
-0.0181383
-0.0158663
0.0653767
0.00918542
0.0660746
0.0769025
0.218095
-0.00287422
0.08699
0.0689277
-0.0673533
-0.0619608
-0.0148446
0.0367362
-0.0307695
-0.0628861
-0.0418807
-0.148279
-0.495191
-0.108811
-0.033277
-0.111114
-0.0345968
0.0342254
-0.037336
-0.0679076
-0.0514433
-0.110441
0.0295941
0.0137238
-0.216406
-0.0247441
0.103092
-0.112427
-0.0943413
-0.0929723
-0.12076
-0.321316
-0.122601
-0.160805
-0.0302438
0.0617839
0.0118947
0.0598559
-0.0453852
-0.0357564
0.162264
0.120429
-0.0791845
-0.0915647
0.0854302
0.0751225
0.166021
-0.0052549
0.0138088
0.0152577
-0.0554923
-0.0395851
-0.023405
-0.0145485
0.018039
0.0273509
0.124407
0.00779926
0.00116132
-0.0205088
-0.0144927
-0.41429
-0.052248
-0.172048
0.136656
0.0382704
-0.113986
0.165476
0.140279
-0.0140927
-0.0423279
0.233395
0.253186
0.252322
0.121811
0.166961
0.132415
-0.0133699
0.184353
-0.128845
0.0813617
-0.0229631
0.0215308
-0.0285532
0.00931914
0.0262667
-0.214699
0.155865
0.210876
0.0312815
-0.055002
0.136635
-0.277089
0.230781
-0.0865465
-0.796727
-0.0729948
0.0372461
0.267012
0.0672361
0.0472922
-0.0426271
0.118308
-0.124547
0.186165
0.227391
0.331179
0.114037
0.0747638
0.145837
-0.0983682
0.0323108
-0.0046763
0.0755957
0.0576934
-0.00839525
0.205331
-0.0250125
0.288255
0.191555
-0.129011
-0.112962
-0.140111
0.0308234
0.0180054
0.0274422
0.143231
-0.00867042
0.0278
-0.0167159
0.0184595
-0.0332466
0.00857856
0.025505
-0.0275078
-0.0328371
0.0104495
-0.023419
0.0119543
0.0304346
0.0450115
-0.033094
-0.0320648
-0.0427951
0.0420028
0.0320554
-0.0145341
0.0377176
0.0216689
-0.0209539
-0.0106408
-0.0290371
-0.0447406
-0.0195297
-0.00916178
0.0129788
-0.0532363
-0.00169267
0.0487201
0.0412824
-0.0473037
-0.0268965
0.00533325
-0.0255024
-0.00204465
0.0110939
0.0262667
0.0106576
-0.0488389
-0.00588197
0.029323
-0.00549524
-0.0111674
0.0246685
0.0144586
0.000690009
0.022535
0.0358492
0.0463456
0.0164169
0.00138603
-0.0245243
-0.00291354
0.0397829
-0.00843424
0.00382357
0.0168798
-0.160843
0.0393187
0.0433567
0.00385624
-0.0141929
0.00668759
0.0209044
-0.0243555
0.0472706
-0.00732058
0.0494142
0.0338653
-0.00193734
0.0458823
-0.101053
0.015325
-0.0490866
-0.0393934
0.0422113
-0.0406839
0.0098551
-0.050542
0.00606383
0.0412477
0.0135427
0.0327154
0.100023
0.124905
0.00355441
0.0265932
-0.0398476
-0.031576
-0.0444104
0.036649
0.0398333
0.000106396
0.0488605
0.0389389
-0.0472317
0.0240422
0.00841119
-0.0357295
0.0253864
0.0372188
0.0652351
-0.0635737
0.00375891
-0.0375538
-0.0469716
-0.165332
-0.0726635
-0.0814837
0.0312115
0.00993986
0.0163653
0.0019922
-0.0169515
0.0147215
-0.0201162
0.00328576
-0.0536105
0.0240363
-0.0116082
-0.00479552
0.0149041
-0.0397459
-0.0651315
-0.0571357
0.00749275
0.0226921
0.0679407
0.0215138
0.0387254
0.0404001
-0.0548643
0.0423782
0.0141839
-0.0158264
-0.00258928
-0.039223
0.0429523
-0.0416836
0.0471302
0.0625855
-0.037809
-0.00558335
-0.0582266
-0.0259189
-0.0236883
0.0489066
-0.0519782
0.0142782
0.0331229
0.0148225
0.0049068
-0.0622667
-0.00854007
0.0940054
0.047221
0.00894031
0.0409886
0.0088582
0.0256269
-0.0198026
-0.0504007
0.0228204
0.0340752
0.00835099
0.028296
-0.0101876
0.0335924
0.00075623
0.0144953
-0.00826012
0.0784067
0.0184553
0.0835183
0.0227658
0.00980681
0.00281233
0.0218696
-0.0166911
0.05518
-0.0503151
0.0222384
-0.0207403
0.0321438
0.0207139
-0.0251652
0.0335334
0.0482569
0.0519593
0.0170671
-0.00600595
-0.0201437
-0.00294885
0.0334833
-0.0114342
-0.0145661
0.028059
-0.00415627
0.00541128
-0.021352
-0.0427735
-0.00845219
-0.0381665
-0.0239957
-0.0401811
-0.00636099
0.0239959
0.0115206
-0.0140849
-0.00799249
-0.0444374
-0.00029964
-0.0402719
0.0201583
0.0235338
0.0114956
-0.0449445
-0.0413908
0.0304722
-0.051701
-0.0295442
-0.00642906
0.0201446
0.000710424
-0.0426433
0.0159474
0.0526929
-0.0304895
0.0274885
-0.0331963
-0.0276852
-0.0397616
0.031994
-0.0488027
-0.0293247
0.000795044
0.025779
-0.0380333
-0.029475
-0.00152973
-0.0132596
-0.0188389
0.00781527
0.0361461
-0.0247393
0.0302027
0.0422216
0.0245939
-0.0220348
0.0298135
-0.010378
-0.0460267
-0.0433899
0.0284497
-0.0208296
0.0495058
-0.0177763
0.0185741
-0.00259216
-0.0374612
0.0176437
-0.0403873
-0.0489148
0.038231
0.00763174
0.0481895
0.0224325
0.00302257
0.0123661
-0.000368073
-0.00847148
0.00919961
-0.012239
-0.0490535
-0.0425819
-0.0024489
-0.0211207
0.0443062
-0.0473591
0.0142836
0.0482398
-0.0101279
0.0158013
0.0474601
0.00302618
0.0545743
0.040868
-0.0377864
0.0237455
0.0305443
0.00652798
-0.0330015
0.0460424
-0.0162212
0.0257975
-0.0398085
-0.0145499
-0.0852589
0.0239575
-0.0265875
0.00528594
0.0287307
0.0444712
-0.0163731
0.00280914
-0.0257118
0.0196715
-0.0197091
0.00962032
-0.0576653
0.0639809
0.0168016
0.0251296
-0.0165202
-0.0150743
-0.0382644
0.0322654
-0.0271031
-0.0346287
-0.029588
0.0173769
-0.0177484
-0.0357855
0.0100253
-0.0333615
0.0441199
0.0687789
0.0364071
0.0257638
-0.00169158
8.03909e-05
0.0157922
-0.0604153
0.023954
0.0730221
-0.0191472
0.0206459
0.0249596
-0.0420751
-0.0228167
0.0274122
-0.118974
-0.018488
-0.0201955
-0.00422464
0.0183016
0.0232932
-0.0368272
-0.0224122
0.0571337
-0.00103133
0.0398089
-0.00941135
-0.0439543
0.0336699
0.0490279
0.0689127
-0.0306043
-0.00646599
-0.0235646
-0.0306995
0.0152293
0.0139839
-0.0134717
0.0387929
0.0543725
0.0635221
0.0431777
0.0205677
-0.00135216
0.00274456
0.0665063
-0.0338671
-0.00781039
-0.0393969
-0.0395682
-0.00300402
0.00321059
0.0436946
0.0471293
0.00644548
-0.010343
0.00831361
-0.0458525
-0.0221543
-0.0210217
-0.00487453
0.00691312
-0.0171535
0.000538316
0.0324768
-0.0243351
-0.0295433
0.0554465
-0.018246
-0.0256444
-0.01727
-0.0103864
-0.0509827
0.00262029
0.0174937
0.0441464
-0.0165443
0.0324984
0.0563089
0.0581575
-0.0421498
0.0304124
0.0218749
-0.0101796
-0.0022813
-0.00291553
-0.0393971
-0.0312396
-0.00948576
0.0110898
-0.0331076
0.00477489
0.01554
0.029459
0.0122206
0.0431067
0.0358303
-0.0106974
0.0280517
0.0426204
0.0409025
-0.0213922
-0.0325872
0.0301002
0.0287644
-0.00510166
0.00904057
-0.0168753
-0.0463083
0.0468736
-0.0337671
0.0368999
-0.0380613
-0.0240552
0.024206
0.0399665
0.00869875
0.0363718
0.0333578
-0.00378703
-0.0465516
0.016462
0.0101705
0.0206053
0.0430843
-0.019917
-0.0503593
0.0152451
-0.00156244
-0.0322852
0.0122637
-0.0488021
0.032668
-0.0104727
-0.021063
-0.0422642
0.0483223
-0.0302544
-0.040805
0.0486138
0.0171805
0.0235958
-0.0210896
0.00549016
-0.0317139
-0.041042
-0.00802443
-0.00568626
-0.00846725
0.021862
0.0438094
-0.0193004
-0.0380967
-0.0352027
0.038302
0.0525371
0.0106391
-0.00473578
0.00297482
-0.0409972
0.133891
0.068828
0.0156315
-0.0316813
0.00180763
-0.0254601
-0.0223471
-0.0588677
-0.0271108
0.0344542
0.0342487
-0.0433217
0.2328
0.0794814
0.126042
0.0292033
-0.018635
-0.0469573
-0.0628581
0.024974
0.041382
0.0567119
-0.0360934
0.043671
0.00962209
-0.0268614
0.067403
0.0306318
-0.0201645
0.0233444
0.0486919
-0.0817271
0.00167085
-0.00832587
0.0306632
-0.140108
-0.150379
0.0784803
-0.0187957
0.101264
0.0357915
-0.00472474
-0.04928
0.0699736
0.0112989
0.0448495
0.0554668
0.0612839
0.00171916
-0.106283
-0.0165557
0.00124912
-0.092138
0.0309771
0.0619533
0.0210333
-0.0216332
0.022256
0.0377199
-0.0104218
0.0255553
0.054968
-0.043307
0.0252475
0.0123461
0.0483332
0.0326808
-0.0483313
0.0459599
0.0207232
0.0236224
-0.0700733
0.0131284
0.00112489
-0.067538
0.0349079
0.0213401
0.0378053
-0.0418336
0.0115426
0.048977
-0.0110986
0.0495149
0.0646208
0.0875932
0.000473004
0.0160975
0.0523307
-0.0189202
-0.0160345
0.00857132
-0.026921
0.0127498
0.00526416
0.0317602
-0.00131794
0.0433037
0.0299886
-0.0418768
-0.0938546
-0.0148872
-0.00126466
0.0566481
0.036719
0.0413778
0.0521926
0.00642436
0.0353476
0.0348619
0.00866122
0.042676
-0.0378693
-0.0318006
-0.0453655
-0.0282869
0.0584259
-0.0159744
0.00971872
-0.00595298
-0.01603
0.0399641
0.0617189
0.0556983
-0.0428052
0.0190461
0.0225273
0.0493034
0.0121958
-0.0244138
0.0444228
0.0324781
-0.0970334
0.0168166
-0.0711861
-0.0323848
-0.0339367
0.0111996
-0.022751
-0.0152593
0.00438788
0.0590241
0.023597
0.0405564
-0.0138322
-0.00815258
-0.00783826
0.0285909
-0.0184769
-0.0241516
0.00215827
-0.0357584
0.0438062
0.00111554
0.0222106
0.00677146
0.0324378
0.0524605
0.0364541
0.00225598
-0.00804223
0.00175948
-0.0173674
0.0056492
-0.0458926
0.0270329
-0.000331596
-0.0173988
-0.0279126
0.0236049
-0.00579413
0.0482896
-0.0294469
-0.0232201
0.0346025
0.00526731
-0.010195
-0.00191642
0.0100776
-0.0354735
-0.0444998
0.0279734
0.0105215
-0.019749
-0.0133236
0.0519004
-0.0431632
-0.036919
-0.0563495
-0.0198788
0.00283965
0.0343127
-0.00423137
0.0428179
-0.04524
-0.024348
-0.0147385
-0.0502907
-0.0411059
0.0493492
-0.00403466
-0.0452164
-0.0188484
0.001471
0.00500176
0.0467933
-0.0423752
-0.0244511
0.0305836
-0.00896826
-0.00898623
0.0132952
0.0290092
0.0270242
-0.0148514
0.0349205
0.0149824
-0.00233233
-0.0114683
0.0306447
-0.0102144
0.0214407
0.0216338
0.00249248
-0.0144079
-0.0868508
-0.00911831
0.0355594
0.066921
-0.0388679
-0.0230758
0.0626511
-0.0215882
-0.0302045
-0.0385222
-0.0262096
-0.0187682
0.0343333
0.0486723
-0.0946892
0.0776445
0.018978
0.0230754
0.00267675
0.0454412
-0.00819805
0.035224
-0.0476055
0.0141333
0.00611153
0.0059151
-0.0208977
-0.0207958
-0.00789689
-0.0170255
0.0248395
0.058635
0.0185945
0.0136655
0.00896519
0.0274227
-0.0136801
0.0566726
-0.0298291
0.0396152
0.0497779
0.0607068
0.0623105
0.0284516
0.018169
0.10111
-0.0536115
0.0102562
0.0222824
0.00479701
-0.0209147
-0.0288028
0.0213738
0.0275398
-0.183244
0.00684957
-0.00194547
0.0468906
0.0312466
-0.0393984
-0.0200958
0.0418128
0.0348696
-0.00324576
0.0216769
0.000260992
-0.0274821
0.0499158
-0.00841921
0.0594059
0.0339832
-0.022544
0.0109943
0.0229849
0.0328999
-0.00172255
-0.0595178
-0.0422946
-0.00746979
0.0326215
-0.0285563
0.0272534
0.0108841
-0.0128291
0.0593631
0.0398283
0.0240689
0.0130338
-0.0217027
0.0519276
-0.00900228
-0.0233648
-0.125716
-0.0126895
-0.139196
-0.0249217
-0.0444541
-0.0658357
-0.0415063
-0.00259514
0.0384928
-0.0386965
-0.0709726
-0.0263224
0.0230518
0.0463749
-0.0690785
0.0187765
0.0401565
0.00820549
0.0561503
-0.0487738
0.0513652
0.0209012
0.0132862
-0.0414145
0.0660195
0.0215291
-0.0204132
-0.0474127
-0.0335134
-0.0298786
-0.0245953
0.0146873
0.00995056
-0.031996
0.0147882
-0.0197811
-0.0421534
0.0391256
0.00907961
0.0360664
-0.0120009
0.0414041
0.025796
0.00579052
0.00401531
0.0465597
0.0426809
-0.0151981
-0.0137825
0.0360128
-0.0263475
0.000488351
-0.0277534
-0.0166707
-0.0326728
-0.0312533
0.00106433
-0.0164709
-0.0312439
0.0364296
0.0105933
-0.0443595
0.0153848
0.0132484
-0.00435232
-0.00456092
0.0344097
-0.0470074
0.00880474
-0.0495491
-0.00453854
0.022891
-0.0103007
0.00125182
0.0460042
-0.00383926
-0.0275329
0.0201414
-0.026587
-0.0446997
0.0171746
-0.0171449
-0.01157
0.0441328
0.0150652
0.00320081
-0.0260103
-0.0350609
0.0339407
0.00206901
0.00391798
0.0339709
-0.0184563
0.0319689
0.0173796
0.00886848
0.0369231
-0.0362654
0.0294023
0.02381
-0.00291852
-0.0399899
0.0404694
-0.0323144
-0.00239672
0.0277866
-0.0177415
0.000487872
-0.00627665
-0.0196355
0.0069826
-0.0145401
0.0191662
-0.00630959
0.0360327
-0.0402398
-0.0246157
0.0447365
-0.0233637
0.0286185
0.0142587
0.0479795
0.0406324
0.0350553
-0.00591737
-0.00527725
0.0132084
0.0315829
0.0603713
-0.0130873
0.0524097
-0.011319
-0.0108854
0.00885081
-0.0331991
-0.0327468
0.0360233
0.0265447
0.0193738
-0.0497213
0.00671621
0.0192726
0.0279139
-0.0162124
0.0143185
0.00221362
0.0278646
0.00149655
-0.0343605
-0.0213754
0.00384592
-0.0469471
-0.00698783
-0.0488411
0.00747768
-0.0335679
0.0285771
0.0287316
-0.0155614
0.0116718
0.0560657
-0.0123149
0.0189122
-0.0102812
-0.0256065
-0.0341166
-0.0485102
-0.0109963
-0.00747488
0.0327898
0.00961098
-0.00702624
-0.00488335
0.0252958
0.0294117
0.0361868
0.0257184
-0.0459764
-0.0217645
-0.0486538
0.0404173
-0.0146091
0.02734
-0.00528538
-0.0406232
0.0116287
-0.016912
0.00949332
-0.05343
0.00767779
-0.0235961
0.0311419
-0.00447004
-0.00541883
0.024806
-0.0462794
-0.0436151
0.00836008
0.0143055
-0.0284087
0.0424584
0.0143938
-0.0181401
0.0215483
-0.0341064
-0.00639265
-0.0297122
0.049202
-0.00834312
-0.041526
-0.0117897
-0.0139546
0.0219356
-0.041331
0.0711249
-0.0304316
0.0207896
0.0401035
-0.00171665
0.00488754
-0.0308002
-0.0397088
0.00800305
0.0302558
0.0446317
0.0608982
-0.0334324
-0.0019136
0.0424909
0.0133019
0.0311693
0.00172859
0.0350919
-0.00492628
-0.00168214
0.0327659
-0.0377992
-0.0402366
-0.0132894
0.0368262
0.0454501
-0.0231793
-0.0261579
0.0261515
-0.00383185
-0.00772778
-0.023088
-0.0022028
0.0478963
-0.0351707
-0.0181295
0.00390103
-0.0524504
0.00484589
0.0477782
0.0118874
-0.0296075
0.00623658
0.0297638
0.00644218
-0.0124031
0.00257563
0.0341469
-0.0335935
0.000621421
-0.0442345
-0.0429647
-0.00415511
0.0336619
-0.0181306
-0.0157015
-0.0246932
0.0466259
0.0280262
-0.0427863
0.0187413
-0.0363268
-0.000531951
0.0297107
0.0290231
-0.0164673
-0.0354334
-0.0377871
-0.0150322
0.0040661
-0.0372619
0.0160894
-0.00825999
0.0307249
0.0437401
-0.03317
0.0188858
0.0334483
-0.00657264
0.0272923
0.0507565
-0.0010489
0.026641
-0.0268114
0.0294766
-0.0286747
-0.0184365
-0.0211129
-0.0464503
0.0334447
-0.00152647
-0.0191063
-0.0222054
0.0175506
0.0251766
0.0208761
-0.0149647
0.00806244
0.0131137
-0.0308064
-0.0418933
0.00576205
-0.00798837
-0.0309709
-0.0228391
0.020321
0.0349789
-0.0263988
-0.00516036
0.0497493
-0.0153948
-0.036392
0.0379822
-0.0387351
-0.000377982
0.0321728
-0.00712214
-0.0214753
0.0498425
-0.0394748
-0.0219142
0.0437378
0.0222642
-0.0203408
0.0265044
0.0437876
-0.0112842
-0.00783436
0.0433898
0.00173704
0.0422189
0.0343192
0.0305114
-0.00567655
-0.0353591
-0.0261341
0.0348737
0.0142769
0.0181109
-0.02742
0.0397508
0.0514886
-0.0184341
0.0358768
-0.00622031
-0.000607073
0.0183912
0.00354044
0.0230949
-0.00688085
-0.0417513
0.0151273
0.00715981
-0.00973217
-0.00943311
0.0258426
-0.0115515
0.0327811
0.0300691
-0.0283417
0.00594936
-0.0354074
0.00358112
-0.00312547
-0.00666338
-0.00122575
-0.0326178
0.0377877
0.0246704
0.0281223
-0.0335739
-0.0304627
-0.0450445
0.00865004
0.0396341
-0.0110487
0.0145574
-0.0476762
-0.0574444
-0.0356992
-0.0472987
-0.0123955
-0.0435562
0.00719479
-0.0369282
0.0545799
-0.0360485
-0.0309497
0.0278343
-0.00769744
0.0187414
0.0177396
0.00429504
-0.0115842
-0.00051139
-0.0230139
-0.0544638
0.0200413
-0.0405114
0.03349
-0.05974
0.0410619
0.03223
-0.00741281
-0.0218896
0.000788977
0.0185739
-0.000735083
-0.0106432
-0.00434975
-0.0436148
0.0125077
-0.0217995
0.00053922
-0.0344516
-0.0367772
0.0495601
-0.0134682
-0.0492074
-0.0089168
0.022079
0.0169588
0.0274541
0.0111179
0.048617
-0.00988162
0.0235675
0.0236566
0.0269633
-0.0184055
-0.00876043
0.0436313
-0.0384193
-0.0154881
0.00518378
0.0186821
-0.0469696
0.0132401
0.00841819
-0.0259147
-0.0385475
0.0450939
-0.00787003
-0.0264278
0.00119745
0.0435458
0.0355941
-0.00785896
-0.0482905
0.0361734
-0.027475
0.0234749
-0.031823
0.0303484
-0.0419519
-0.00671667
-0.0312501
-0.0222458
-0.035259
0.00599117
0.00521044
-0.0406017
-0.00445022
0.00354209
0.0464607
-0.0105037
-0.0319481
-0.0359584
0.0391565
-0.0348258
0.00880768
-0.008587
-0.0339239
0.0236092
-0.0232232
-0.00233207
-0.0427729
-0.00481596
0.042433
-0.0375217
0.0425105
0.0135047
0.00262588
0.0185137
0.0433797
0.0156679
0.0220543
0.0357569
-0.031033
0.0324598
0.0214022
-0.0284669
0.00924124
-0.000134191
-0.0459647
0.0106047
-0.00383654
-0.0107975
-0.0140222
-0.0903048
0.0266495
0.0191799
-0.0230011
-0.0436951
-0.00718998
-0.0144347
-5.50726e-05
-0.0451853
-0.0308506
-0.0379278
-0.0198755
0.0173966
-0.0158443
-0.061474
0.0282541
0.0186093
0.0434991
0.00400976
-0.0221866
0.027931
-0.0438
0.0473961
0.0457881
0.0518773
-0.0366431
-0.0253593
0.0335113
-0.0276122
-0.00948595
-0.0347681
3.90584e-05
0.00948867
-0.00698623
0.0869318
-0.0409906
0.0699677
-0.0375122
-0.00662659
-0.0464046
-0.071177
-0.046291
0.0194474
0.0242507
0.00143082
-0.0522301
-0.0618837
0.0278788
0.0305073
0.0169011
-0.0203774
0.0295411
0.0646159
-0.0467701
-0.000575459
-0.0156037
0.0473862
-0.0459631
-0.0184861
0.0184409
-0.0406466
-0.0116133
0.0136913
0.00872197
0.0100704
-0.0481167
-0.0381517
0.0470474
0.0172821
0.0416524
0.0479266
0.00395053
0.0032016
-0.0198056
-0.0281012
0.029624
0.0525339
-0.0389256
0.00451947
0.0425828
-0.00163469
-0.0392701
0.00167167
-0.00399409
-0.0401631
0.0256033
0.0244083
0.037726
0.0376202
0.0553804
0.0512031
0.02452
-0.0401014
-0.0390981
0.0255791
0.0629059
0.0372104
-0.0357152
-0.0431124
0.0962322
-0.010382
-0.0455962
-0.0213002
-0.0440928
-0.00300631
-0.0503392
-0.00546434
-0.0369643
0.013479
0.0342753
0.0412449
0.0392355
0.00545183
-0.0400383
0.0213933
0.015114
-0.0257352
0.0328962
0.0390015
-0.00760876
-0.0698394
-0.022921
-0.0232657
-0.0284831
-0.0257857
-0.00634969
0.0111889
0.0188709
-0.00363615
-0.00937306
0.0081734
0.0452523
0.0257965
-0.0369085
0.000356116
0.0367378
0.00687142
0.00154169
0.0295172
-0.0318907
0.0101625
0.00402532
-0.0441697
-0.0375268
-0.0380124
-0.0389323
-0.00827878
-0.0139625
-0.0296928
0.0205428
-0.0267537
-0.0378558
-0.0286069
-0.0145832
-0.00726706
0.00480176
-0.0298858
0.0474353
0.0101461
0.0443804
0.0475541
-0.0188003
-0.0483826
0.0358377
-0.0660851
0.0363645
-0.00475218
-0.0456716
0.00419504
0.00268358
-0.00404154
-0.0233803
-0.00464674
-0.0446052
-0.0476712
-0.0221658
0.0324816
-0.0333734
-0.00942832
0.0346709
-0.000940292
0.0440431
0.0227925
0.0103308
-0.0223845
-0.0131475
-0.00305157
-0.0274891
0.0186888
0.0203553
-0.0382954
0.00521404
0.021206
-0.00710799
-0.0177624
0.0149157
0.00772624
-0.0324857
0.00956743
0.00722358
-0.00103654
0.0373362
-0.0385329
-0.0268438
-0.0434195
-0.0133005
0.00393492
-0.0528484
0.0194868
0.0312672
0.00253836
-0.01107
-0.0434475
0.0440201
-0.0253121
0.0357954
-0.00423299
0.0297164
-0.0157608
0.0407777
0.0464098
-0.0129674
0.0483378
-0.0190713
0.0366705
0.0321871
0.00669906
-0.0509323
0.0398505
-0.0144719
0.0194928
-0.0461946
0.0441276
0.0301734
0.0115858
-0.0196408
-0.024985
-0.0130554
-0.0217898
-0.0423902
-0.013751
0.0199428
-0.00214703
-0.021604
-0.0421339
-0.055075
-0.0149531
-0.00878103
-0.0485765
0.021252
-0.0499834
0.0164392
-0.0280147
-0.0347213
-0.0414742
-0.011942
-0.0539095
-0.00874586
-0.0175881
0.0125293
-0.0131188
-0.00167322
-0.00855142
-0.00819756
0.0419316
0.00226258
0.0260375
-0.0448524
0.0138382
-0.0740503
0.0681145
0.0925327
-0.0308196
-0.0476283
-0.0482363
0.0274909
0.000627275
0.0178802
-0.00538615
-0.0393271
-0.0385608
-0.0697413
0.00515467
-0.0306628
-0.0373653
-0.0547654
0.0100303
-0.0103912
-0.00240979
-0.0121526
0.00909084
0.0173477
-0.0485717
-0.00542925
0.0164441
-0.0303691
0.0146221
-0.0422778
0.0400852
-0.0166777
-0.0257943
0.0312753
0.0217612
-0.0256908
-0.00247748
-0.0184114
0.0176203
0.00799437
-0.000344633
0.0398034
-0.0253065
0.0282013
0.021406
-0.0276215
0.0352699
0.0282836
0.0296479
0.0438623
-0.0172462
-0.0224921
-0.0315822
0.0405913
-0.0496866
0.0281439
0.00437376
0.00194175
-0.0221802
0.0242049
0.0292126
-0.040741
0.0104875
0.05952
-0.0648415
-0.0422233
0.0251419
0.00208685
-0.0243537
-0.0293915
-0.0320541
0.00840926
0.0266286
-0.0460337
0.0222731
0.00293333
0.0442903
0.038711
-0.00905627
0.015856
-0.0275272
0.016943
0.041759
-0.00575405
-0.0161187
0.0249561
0.0398713
-0.00219978
-0.0115118
-0.03193
-0.00810672
-0.0465515
-0.0300859
-0.0216468
0.0251131
0.0394011
-0.0122698
-0.0085273
-0.0216682
0.0110297
-0.000141109
-0.00920785
0.0295855
-0.0429314
-0.00172939
-0.00492429
-0.0413028
0.0223254
0.0371034
-0.0175669
0.0389853
-0.0147598
0.0249752
-0.0412555
-0.035132
0.0410693
0.0442983
0.0423093
-0.000455482
0.0166934
0.041031
-0.0121563
0.0363363
-0.0023674
0.0247973
0.0282046
0.00293554
0.0251066
-0.0467815
0.0298722
0.0433699
-0.0174677
-0.0357066
0.0302392
-0.0144884
0.0395907
-0.0577417
-0.0186752
0.0129901
0.00243296
-0.0291006
-0.00846866
0.0176251
0.033899
0.00251244
-0.0278289
-0.0476414
-0.0751899
-0.00367246
0.0409949
-0.0151095
0.030491
-0.0262356
0.0066649
-0.0127807
-0.0335426
0.00243958
0.0391781
-0.0396983
0.0933606
0.0874082
0.0566443
-0.020029
-0.0974812
-0.0282379
-0.0676003
-0.00498786
0.0371523
0.0516607
-0.0239724
0.00349845
-0.0376103
-0.0475629
0.0443205
-0.0376146
-0.0498331
0.0582957
0.0291607
-0.00668513
0.0320539
-0.0456704
-0.0796671
-0.17946
-0.0638948
-0.0706392
0.0362898
-0.0107851
-0.00949692
-0.00491012
-0.0144362
0.0222827
0.0614476
0.0200291
0.0230706
0.0395426
-0.00191499
-0.0373884
-0.0306111
0.0149586
-0.0972203
-0.00639426
-0.0636957
-0.0101045
0.000597646
0.0220335
-0.0121985
-0.0105693
-0.0556699
0.00313235
-0.037577
0.0530448
-0.0184874
0.0130395
-0.0245342
-0.0282236
-0.0256353
0.0663107
0.0166894
-0.0267374
-0.0367266
0.00852731
-0.0288779
0.0187199
-0.015072
-0.0143056
-0.0493082
0.00250558
0.0556571
-0.0196176
-0.0167046
0.0343411
0.0619584
0.0402609
-0.017984
0.0560635
-0.0101341
-0.0682024
-0.0233369
0.0312828
0.0261485
0.0231169
0.00933283
-0.063226
-0.00430137
0.0376737
0.0305557
-0.0544957
0.0834777
-0.00638897
0.037498
-0.0149986
-0.0422615
-0.0367165
-0.0262984
-0.0127165
0.0527025
-0.0471004
0.0273232
0.00333214
0.00337862
0.0477343
-0.0431977
-0.0266018
-0.0378051
0.0453645
0.030897
-0.0143479
0.0157167
0.025547
-0.00792743
0.0295314
0.00860163
-0.00552428
-0.0015868
-0.0310832
0.0234058
0.0293496
0.0255078
-0.0541568
-0.0639055
0.00245687
-0.033307
-0.0445728
0.0144579
-0.0149105
-0.011969
-0.0258799
-0.00735967
-0.0165005
0.0103498
-0.0287514
0.0203962
0.0319678
-0.0492496
-0.030031
0.0319456
-0.014778
-0.0377738
0.0423547
0.0109438
-0.0394543
0.029353
0.0425528
-0.000246945
-0.0151229
0.0173667
0.0116134
0.0290696
-0.00422547
-0.000484822
-0.0202507
0.0692056
0.0479638
-0.0445612
0.0174966
-0.0107569
0.0357834
0.00632877
-0.00378862
0.0413084
0.0484895
-0.00398311
-0.0235953
-0.0102304
-0.00506211
-0.0254972
-0.0595357
-0.0214702
-0.00883085
-0.0145654
0.0249673
-0.0184527
0.0302313
-0.0338184
0.0194405
-0.0054529
-0.0196762
-0.00582561
-0.000324931
0.0441235
0.0244287
-0.0433454
0.0260562
0.0162206
-0.0342824
-0.00867832
0.0357448
-0.0170215
-0.0158169
0.0266573
-0.0263912
-0.00410138
-0.0379468
0.0203502
-0.0425453
-0.000682152
-0.0482765
0.036042
0.0308601
-0.00567644
-0.0377673
0.0138955
0.0206151
-0.0309456
0.0294767
0.00636946
0.0137052
0.0152397
-0.0187184
0.00423984
-0.0690089
-0.0448783
-0.0363478
-0.0327534
-0.0103086
-0.0381519
-0.0452733
-0.0385457
0.0225896
-0.0644272
-0.00303349
-0.0348888
-0.0116305
0.051383
-0.0147805
-0.0611191
-0.0276578
-0.0202775
-0.0406365
-0.00475701
-0.0320386
0.00878188
0.024538
0.0210268
0.00135351
0.021123
0.0536011
0.0418613
0.000944599
0.0462332
0.0208833
0.0262025
0.0207805
-0.0116914
0.0116259
-0.00499828
-0.0360475
0.0262761
-0.0282476
-0.0339535
0.0158891
0.0171467
-0.014443
-0.0413288
-0.0323225
0.0190649
0.100897
-0.102222
-0.0373683
-0.000277404
-0.00227487
0.0221266
0.00801268
-0.0330675
0.0561159
-0.0222106
0.00909938
-0.016655
0.0235739
0.0406491
-0.00538626
0.0325813
0.0168296
-0.0279788
0.0126064
-0.0181036
0.0366896
0.0332401
0.0558475
-0.043448
-0.0227522
-0.0230461
-0.0112114
0.0239991
0.00120038
0.00743923
-0.00898273
0.00811446
-0.138594
-0.0285479
-0.0496947
-0.0209383
0.0696982
-0.0686791
0.041653
-0.0403633
-0.0264814
0.0247546
0.00581648
0.0418022
0.0382002
0.0122877
-0.0160544
0.00582226
-0.0553701
0.0702111
0.0105005
0.0368523
0.036091
-0.00193257
-8.0318e-05
-0.0671984
-0.0593903
0.0328142
-0.0304008
-0.0529603
-0.000215317
-0.040878
-0.0825563
0.0318883
-0.0426004
-0.049966
-0.0826816
-0.0430419
-0.0362664
0.0245776
0.00850916
-0.0246793
0.0317048
0.0246189
-0.0444283
-0.0381738
0.0144612
-0.00959583
-0.0355899
-0.0232868
-0.0250821
-0.00193089
0.0203849
0.039326
0.0135364
0.037108
0.00929166
0.0295479
-0.0276905
0.0311942
-0.00869602
0.0014551
-0.0206728
0.0294537
-0.0415166
0.0451106
0.0364944
-0.0239989
-0.00143858
0.0200644
0.0282646
-0.0369319
-0.0545986
0.0283458
0.0181383
-0.00741461
-0.0142786
-0.00746919
-0.0212412
-0.00808207
-0.0214719
-0.0236471
-0.0359136
-0.0367032
-0.0277869
0.040688
0.015529
0.0201441
0.00572549
-0.0497502
-0.00197566
0.00302503
-0.0465199
-0.0353585
0.0254515
0.0102359
-0.0312189
-0.0292705
-0.048576
-0.0204234
-0.0347891
-0.0363525
0.00887688
-0.00335743
0.00106769
-0.040281
0.0446523
0.00938566
0.0583289
-0.00150559
-0.0484751
-0.0250571
-0.012954
0.0448927
-0.0292433
-0.0233219
-0.0623202
-0.0995828
-0.0591998
0.0462179
-0.00689363
-0.01558
-0.0391392
-0.0195053
-0.00347906
-0.00803527
-0.0265533
-0.0350119
-0.230162
-0.0874906
-0.0871547
-0.00832271
0.0129213
-0.130272
-0.0660957
-0.0913102
0.0229583
-0.0514552
-0.0316993
-0.0144304
-0.0483645
-0.0333794
-0.0746075
0.0374188
0.0452485
-0.116157
-0.0403552
-0.0669358
0.00610678
0.0541892
-0.0974592
0.258299
0.121546
0.0531582
0.0275151
-0.081311
-0.0146784
-0.0311199
0.109272
-0.0689739
-0.0737797
0.0722557
0.00436577
0.00751686
-0.0144662
0.0370809
-0.0126269
-0.0180151
0.101579
-0.0148543
-0.014544
-0.00638911
0.00383054
-0.00827649
-0.0205608
0.0455607
-0.000596468
-0.0764945
0.0112999
0.00745953
0.0621906
-0.0731496
-0.0176531
0.0207565
-0.0379537
-0.0520972
0.00492436
-0.0169552
-0.0309636
-0.0134561
0.0390419
-0.00958053
0.00571643
-0.0386195
-0.0220151
-0.0308183
-0.0408139
0.0605069
-0.0452952
-0.0194034
-0.09733
-0.0521243
0.0254008
-0.013409
0.00666875
-0.0686445
-0.0768906
0.0474979
0.0184241
-0.0225454
-0.00586076
-0.0743131
0.0274147
0.0405626
-0.0332718
-0.0674889
-0.0690913
-0.00887987
0.0191364
0.0301252
0.00427161
-0.00727322
0.0329834
-0.00270474
-0.00592434
-0.00679619
0.0134048
0.0409777
-0.0281048
-0.0380651
-0.000336296
-0.0152405
0.0421788
0.00816866
-0.00859981
-0.0315272
-0.0367806
-0.0552733
-0.0365535
0.0215462
0.0256961
-0.0191649
-0.000404409
-0.0155144
0.0128269
0.0125033
0.0144616
0.102695
-0.0325396
0.0946368
0.0156767
-0.0311475
0.014092
-0.0344683
-0.0416908
0.0112435
-0.0373028
0.00141282
-0.00922671
-0.0279308
0.00682418
0.0263664
-0.00579818
0.00993727
0.000358731
0.0378332
-0.0336193
-0.0229355
0.0231814
-0.0153771
0.000932849
-0.0195195
0.0212246
-0.0322422
0.0303442
-0.0247389
0.00876689
-0.025998
0.0416843
-0.0149211
-0.00253884
-0.0245882
-0.00488202
-0.0543891
0.0236952
-0.0139624
-0.0387618
0.0461086
-0.00458422
0.0165961
0.0352743
0.00308646
0.00752528
0.0435534
-0.0249073
-0.00619774
0.0376701
-0.00498671
-0.0195931
-0.0307272
-0.0128857
0.0424584
-0.0443517
0.0156907
-0.0264253
0.0217248
0.0332975
0.0146562
0.0125633
0.0100345
0.025176
-0.000841396
-0.00291541
0.0011065
-0.00554506
0.0308988
0.045416
0.0355263
-0.0233449
0.0132287
-0.00776865
0.00955523
0.0395142
0.0405973
0.0149659
0.0407274
-0.0184829
0.0257952
-0.0335824
-0.0178873
-0.0295355
0.0457312
-0.044412
-0.0473528
-0.00902155
0.0269117
-0.0505376
-0.023343
-0.0349716
0.0536823
0.105786
0.0344722
-0.0218863
-0.00652998
0.0309608
-0.0215811
0.0236206
0.0237565
0.0567805
0.0124686
0.0359621
-0.0411929
-0.0199041
0.063336
0.0122298
0.017986
0.0100713
-0.00682228
-0.0303478
-0.0152768
-0.0538656
0.0183015
-0.0299345
0.0230646
-0.00757573
-0.0379859
0.0513427
0.0245652
-0.0186433
0.0413582
-0.0439924
-0.0298431
-0.0482439
-0.0292943
0.021046
-0.0309868
-0.0226481
5.55867e-05
-0.0375466
-0.0463212
0.0306943
0.0231891
-0.00671716
0.029382
0.0162016
-0.0768536
-0.0464539
-0.038745
-0.00876281
-0.0471252
-0.0183048
0.0506365
0.0248403
-0.0117188
0.0618604
0.00476797
-0.00467595
0.0464885
0.0301946
0.00831202
-0.0220993
0.0469687
0.0382673
-0.0256491
0.0126238
0.0113556
0.0684516
0.0384858
0.0191564
-0.079161
-0.028243
-0.0245587
0.0311033
0.0117459
0.0169778
-0.0311636
-0.00780589
0.0527439
-0.0217469
0.042894
0.0412628
0.00969302
-0.103498
0.00357679
0.0243387
-0.0278673
0.0510261
-0.0415531
-0.0264577
-0.00562135
-0.015268
-0.0171394
0.0255649
-0.0429426
0.0158119
-0.00979496
-0.00209569
0.0171364
0.0118573
-0.0257951
0.0275047
0.0346695
0.0234929
-0.0103891
-0.0193816
-0.0480771
0.0047947
0.0408335
-0.119406
-0.0444952
-0.0371288
0.0260447
-0.0108581
-0.0334642
0.00143672
0.041722
-0.0664943
-0.0323452
-0.00340747
-0.0371395
0.0211164
-0.034245
0.0449102
0.0416882
-0.0560229
0.0339621
-0.0240094
-0.0431362
0.0143551
0.0182413
-0.0330055
-0.0371087
-0.029471
-0.0424863
0.0318445
0.0130571
0.0263882
0.0254586
0.042754
-0.0458802
0.0287432
-0.00447993
0.00195546
0.00144965
-0.0128024
-0.0121324
0.00833124
0.000625056
-0.00935458
0.0340981
0.029287
0.0331956
-0.0338905
0.0244879
-0.0214292
0.00278464
-0.0172272
0.0359571
0.00244539
0.0131999
-0.0363347
-0.00154161
0.0236834
0.0280638
0.0336115
0.00853839
0.0441126
-0.0467712
-0.028416
0.0372989
-0.0198741
-2.54332e-05
0.00114382
-0.0166182
0.00888236
-0.017499
0.0530363
-0.057554
-0.0368854
-0.0190655
-0.0166229
-0.0411495
0.0177243
0.0342301
-0.0844307
0.0732893
-0.0535569
-0.0448212
-0.046693
0.0418166
-0.00900698
-0.000949566
0.00529524
-0.0115988
-0.044042
-0.0174426
0.0450274
0.01642
0.0485346
-0.0461447
-0.0229524
-0.0169056
-0.0429954
-0.0547019
0.000362246
-0.0683156
-0.000171843
0.0452018
0.00889481
-0.00382654
-0.0383282
0.0239842
-0.0163409
-0.0410876
-0.018279
0.00488769
-0.0256758
-0.0249788
0.00647383
0.0041471
0.0355882
0.0380597
-0.0282378
-0.0504802
0.0212479
0.0318218
0.0509526
0.0403753
-0.0456806
-0.0387786
-0.0527668
0.0471427
-0.0515609
0.0423463
-0.0367587
0.00896351
0.0200279
-0.0321216
-0.0178111
-0.0471465
-0.00918931
0.0332438
0.0269237
0.0446573
-0.0293628
-0.0211885
0.030487
-0.0171641
-0.0406846
-0.0179552
-0.0383387
0.0296396
0.0348718
-0.00584309
-0.0341533
0.0229646
-0.00446936
-0.037712
0.0358447
0.0225143
-0.0391303
0.0252075
-0.0370508
-0.0344447
-0.0434131
0.0403104
0.0314835
0.035626
-0.0314303
-0.0372589
0.0434369
-0.0155539
-0.00603263
-0.0116782
0.0255897
-0.0201035
0.0151949
0.0174791
0.0499543
0.0204668
-0.0517354
0.0225304
0.00630107
0.0208204
-0.0186073
0.0434211
-0.0582829
-0.040468
-0.00780644
0.011103
0.0431285
0.0142631
-0.0330175
0.0459229
0.0169507
-0.00804637
-0.0235164
-0.0361104
-0.0444945
0.00408103
0.0167266
0.033634
0.029093
0.0178315
-0.00314933
-0.0117782
0.0281516
-0.0143646
0.047406
0.033265
0.0350444
-0.0328278
-0.00419474
-0.040279
-0.0476024
0.040519
-0.0106531
0.0284937
-0.037063
-0.0227658
0.0361028
-0.033716
0.00532621
-0.0173542
0.00748034
-0.012339
-0.00690877
0.0211419
0.00842132
-0.0468092
0.00649054
0.0311158
0.0197919
-0.0324425
-0.0333807
0.0443112
-0.0359375
-0.0437701
-0.0162049
-0.0431191
-0.0464365
-0.0213614
-0.00986696
-0.0486048
0.019202
0.0265399
0.00749391
0.00810392
0.0254488
-0.0120879
-0.0226297
-0.0299529
0.0358895
0.0145989
0.0228879
0.0450372
0.0216136
0.0266995
0.0351739
-0.0332916
-0.0399467
-0.0246603
0.0200686
-0.041784
0.017048
0.0363224
0.0182387
-0.0233998
0.0387376
0.0473213
-0.0374705
0.0267105
-0.0216466
0.01722
-0.00848324
-0.0499827
-0.000519156
0.00758916
0.0331462
0.0332104
-0.0333355
0.00301434
-0.046155
-0.00215782
0.0401885
-0.0281279
-0.00557083
0.0364509
0.0180023
0.0266337
-0.0247958
0.00718419
-0.0462309
0.00566692
0.0251285
-0.0407124
0.000377969
-0.046999
0.0319302
0.0362068
0.0336539
0.0313088
-0.02785
0.0146226
0.0251341
-0.0113683
-0.00521081
-0.0396494
0.0325069
-0.0113968
0.0370702
-0.0193919
0.0337611
-0.0430327
0.0117754
-0.000275955
0.0611164
-0.030618
-0.008401
1.31173e-05
0.0234806
-0.0245947
-0.0195002
-0.0195712
0.0208261
0.0394571
-0.0295403
-0.0185229
0.0614278
0.0234951
-0.0144372
0.030905
0.0475979
0.017123
-0.0166227
-0.0082217
0.0271208
0.00764248
0.04427
-0.0336132
-0.0239325
0.0509675
0.0285064
0.0190035
0.0204615
-0.0366237
0.00326992
-0.0091469
0.000222128
-0.0444673
0.0154573
0.00786056
-0.0540582
-0.0431509
-0.0546522
0.000769086
-0.0044953
0.0458801
0.0035462
-0.0399131
0.0353217
0.0176696
0.00549933
-0.0262628
-0.0518896
0.0189155
0.0596916
0.030411
0.0313891
0.00677932
0.0429341
-0.0290031
0.00847479
-0.00230736
-0.0433851
-0.014486
-0.00961154
-0.0374709
0.00710193
0.0277345
0.0133234
0.00842396
-0.0342576
0.0211372
-0.0367159
-0.0216481
0.0271535
-0.0480064
-0.0451039
-0.0208223
0.00673124
-0.0452796
-0.00379522
0.00316446
-0.00987472
-0.00920546
-0.0346097
0.00542928
0.0523743
0.00661937
-0.0712703
-0.0353764
0.0018495
-0.0153881
-0.0404439
-0.0284114
0.0388899
0.000206402
-0.025009
-0.0117303
-0.0118159
0.0221789
0.0618492
-0.0151433
0.00236402
0.0292021
0.0016176
0.010754
0.00207595
-0.0068063
0.0294819
0.0113852
-0.0351445
-0.00689286
0.0182491
-0.0182467
-0.00429429
-0.0497436
-0.0168464
-0.000997038
0.0145392
0.0197303
0.0417459
-0.0395471
-0.013383
0.0174241
-0.0175862
0.02292
0.0147718
-0.0091633
0.00503575
0.0443997
0.0391364
-0.0378694
0.0231175
-0.0350109
0.0433578
0.02558
-0.0157058
-0.00189656
0.0420405
-0.00211059
-0.0068101
-0.0212471
0.0258132
-0.0365238
-0.0390782
0.0403758
0.0184242
-0.0147119
0.00789766
0.0403776
0.0258513
0.0270129
-0.00562237
0.0130842
-0.0490303
0.0226326
-0.0205448
-0.0213266
-0.0393466
-0.0452491
0.0284151
0.0350591
0.0275117
-0.0221712
-0.000497483
-0.000685281
-0.00531432
0.0166636
-0.0185656
-0.0238881
0.026506
0.0110612
-0.0339228
-0.0156759
0.0272193
-0.0370883
0.000196973
0.0391294
0.0154988
0.0357429
0.00723991
-0.0491416
-0.0348115
-0.00695342
0.0196681
0.046886
0.0203888
0.0130336
0.0281606
-0.0225535
-0.0385712
0.0060376
-0.0490093
0.00439359
-0.0455993
0.00247248
0.0405953
0.0306865
-0.0220365
-0.0436139
0.0410416
0.0211226
-0.00217045
-0.02063
-0.0296228
0.0448935
-0.0637314
0.0287115
-0.00738773
-0.0332657
-0.0477794
-0.0379156
0.00935861
-0.0390676
0.0121568
0.019272
-0.00951057
0.0297182
-0.00659223
-0.00830084
0.0255736
0.0431731
-0.00707496
-0.0695516
0.0057135
0.0432199
-0.0131351
0.0224423
-0.0135873
-0.0497224
-0.0208345
-0.0848393
0.0404043
0.0114071
-0.0152609
-0.0410431
0.0409667
-0.0295866
-0.0514699
-0.0549075
-0.0507008
-0.0148125
0.0242391
0.037999
0.0218276
-0.0166541
-0.0164377
0.0429333
-0.0834858
0.00865291
0.0257689
0.0417212
-0.0267924
0.0104279
-0.000709155
-0.07362
-0.0207331
0.0258331
0.0415548
0.0447235
-0.014865
0.00929759
0.0346681
0.00699418
0.0224354
0.000731925
0.0417343
-0.0161241
0.0460698
0.0237254
-0.00015072
-0.0337456
-0.0290664
0.0260889
0.0236929
0.0111329
-0.0306068
-0.0144883
-0.0312943
0.034507
0.0339205
0.0319345
0.0442155
0.0474818
0.0160964
-0.0145197
-0.042491
0.0268263
0.0134736
0.0550824
0.0194059
-0.0443769
-0.0388708
-0.0434957
-0.0247711
0.0136385
-0.00558709
0.0284139
-0.00313572
-0.0140844
-0.0484571
-0.014585
0.0443737
0.0328747
-0.0328555
-0.025413
0.033203
-0.0213468
-0.0333291
-0.00393159
-0.048581
-0.00898621
0.0200318
-0.0028468
-0.0244315
-0.0415109
-0.0520285
0.00480955
0.0221875
-0.00415664
-0.0468914
0.029545
0.0475512
0.0151175
0.00800527
0.0593998
-0.0366438
0.0401188
-0.00781308
0.0350461
-0.0314507
0.0113484
-0.0368368
-0.012012
-0.0209025
0.00309525
-0.00607829
0.0370397
0.00696904
0.035152
-0.0428013
-0.0420904
0.0334585
0.0114445
-0.0201232
-0.0325994
0.00924607
0.0247912
0.0396675
0.0287202
0.0158863
0.0348018
-0.00982339
0.0198922
-0.00959909
-0.0129802
-0.00611483
0.0241432
-0.0602458
-0.0138738
0.0131781
0.0230659
-0.0103111
0.00893855
0.0218876
-0.0031797
-0.0461163
-0.0109035
-0.0427829
0.0158159
0.000863195
0.0369667
-0.0226253
-0.0110623
-0.0270857
-0.0201909
-0.00605008
0.0292388
-0.0304632
-0.0392605
-0.0421248
-0.0470334
0.0373227
-0.0064505
0.015934
0.0437566
0.0267335
-0.033374
-0.0356752
0.037052
-0.0302647
-0.00181726
0.0226194
-0.0179463
0.047661
-0.028295
0.0387872
-0.0221691
0.00776094
0.0128877
0.00620897
-0.00315018
-0.0430859
-0.0208695
-0.036461
0.00233977
-0.0212909
-0.0166306
0.00841075
0.0104382
-0.0311856
-0.029508
-0.0385623
0.0627497
-0.0108645
-0.0294328
0.0185355
-0.039288
-0.0233515
-0.0549197
0.0128574
0.0374058
-0.03013
0.007453
0.0268506
0.0461389
0.0484958
0.0373199
-0.0341346
-0.0334045
-0.00495041
-0.0375126
-0.00870222
-0.0647648
0.0212333
-0.0105558
-0.00100751
0.0102757
-0.0222709
0.0139428
0.0414983
-0.0392001
0.000738967
0.0308508
-0.0503435
0.00320094
0.0392051
0.0401516
0.0446174
0.00795381
-0.0313793
-0.010937
-9.38317e-05
0.0326051
0.0381947
0.0197503
-0.0262873
0.00266314
0.0466721
0.0116123
0.0250385
-0.0234753
0.0410939
0.0423008
-0.0237744
-0.0250849
-0.00159434
0.0472044
0.0346792
-0.000953339
0.0425879
-0.00120565
0.00518084
0.0362
0.0335497
-0.0351171
0.0588382
0.00911866
-0.026594
0.00655301
-0.0260309
0.01481
0.0309553
0.00398245
0.0544896
-0.0440131
-0.0179855
0.0141111
-0.000616162
-0.02694
0.0476055
-0.0183325
-0.022952
0.0106897
-0.0126645
-0.0205486
-0.0279009
0.0241646
0.0223854
0.00947275
0.0224838
0.024647
-0.0230882
0.00225188
0.0148259
0.0402839
0.0784695
-0.0421758
0.0353415
0.00172595
0.0277579
-0.0264225
-0.0276352
0.0326201
-0.0544109
-0.0373534
0.0347823
0.0484718
-0.0335411
-0.000463689
-0.047213
0.0347644
0.045674
-0.0143988
-0.0275654
0.0209022
0.0568925
-0.00228226
-0.00862532
-0.0475805
-0.0033441
-0.00329418
0.0408958
-0.00385602
-0.0390436
-0.0342638
0.0314057
-0.0421138
-0.0465915
0.0160904
0.0250895
0.0238102
-0.0494369
-0.0455978
0.0251769
0.00109096
-0.0254047
0.0292507
0.0341777
0.0255108
0.00650727
0.014028
-0.0142515
0.0443933
-0.0394221
-0.0385433
0.0160669
0.034525
-0.046222
0.0397551
-0.0463202
-0.0445809
-0.0121168
-0.0129003
-0.00801381
0.0354181
0.0319958
0.0467055
0.0265309
-0.00510515
-0.0422595
0.0010353
0.000797304
0.00510596
0.00411557
0.00282512
-0.0316903
-0.00124248
-0.0307398
0.00939758
0.0464775
0.0279791
-0.0220159
0.0179956
-0.0451337
0.0379919
0.0146307
-0.0391486
-0.014681
0.00398331
-0.0353891
-0.0467438
-0.0288004
-0.0283113
-0.0589313
-0.0251672
0.0315267
-0.0109046
-0.0348781
0.0199582
-0.019192
-0.0366548
0.0182879
0.0257606
0.0168079
0.0041297
0.0385322
0.0441478
-0.0148144
0.158288
0.0263015
-0.0248679
-0.0331046
0.0397271
-0.0538026
-0.0302252
0.0758923
0.00412542
0.0412806
0.0178786
-0.00432518
0.00835594
-0.0319558
0.0402367
-0.041068
0.0193944
-0.0605698
-0.0494634
0.0162247
-0.0166664
0.0395752
-0.0203764
-0.0450239
0.0249318
0.0548324
0.00785285
0.00233634
0.0155229
-0.0140076
-0.00249064
0.000162509
-0.00508413
0.00491151
-0.0836155
0.0185997
-0.111647
0.0580086
-0.0590913
0.0573698
0.0774745
-0.0289263
-0.0301815
0.00198634
0.0624352
-0.0259971
0.0109118
0.0721882
0.0601398
-0.0567666
0.0171591
-0.0373514
0.0106834
0.060918
0.140818
0.0406432
-0.0287128
-0.00858524
0.0643696
-0.00173816
-0.0256377
0.0749562
-0.0448567
0.00012179
-0.0421101
-0.0237167
0.0140096
0.0445342
0.062347
0.0501497
-5.68974e-05
0.0138844
-0.0491919
0.0413209
-0.0455092
0.0209968
-0.00521436
-0.00498652
-0.0116846
0.0205603
0.0245013
-0.0190577
0.0368885
0.0331854
-0.0302721
-0.0492651
-0.0175822
0.0229828
0.0231729
-0.0261717
0.0506476
0.037079
-0.00530073
-0.0374788
0.015572
-0.123962
-0.0371814
-0.00911514
0.0364846
-0.0523838
-0.0454768
0.00547314
-0.0199335
-0.0564063
0.0443075
-0.0237705
-0.0306277
-0.0324261
0.0191323
-0.0428901
-0.0419865
0.0282774
0.0213958
0.0388226
-0.0436521
0.0669016
-0.00354582
0.0497329
0.0237638
0.0244782
0.046974
-0.0223808
0.0166941
-0.0263288
0.0162806
-0.0161682
0.0631783
0.0409844
-0.0288787
-0.0440282
0.0431669
-0.038744
0.0176825
-0.0423572
-0.0257672
-0.0211371
-0.0215073
0.00854365
-0.0301676
0.0196585
0.0135974
0.0275697
0.0149711
0.00375076
0.0385496
-0.0495025
-0.0319297
0.0247974
-0.0252651
0.0577275
-0.00234288
-0.047535
-0.0241542
-0.0184809
-0.0115103
-0.00554765
0.0287507
-0.0331842
-0.0137959
-0.0318488
-0.0248241
-0.00441716
0.0251294
-0.0337493
-0.0149957
0.0361761
0.0451523
0.00239164
-0.00453824
0.00659986
-0.00641722
0.00628245
-0.00376428
0.0232493
0.0166556
0.0290411
0.0101356
-0.0294166
-0.0219939
0.00910175
0.0055996
0.0320993
0.0359461
-0.014508
-0.0192117
0.0300842
0.0205968
0.0320637
0.0189294
-0.0293381
0.00265744
-0.0295377
-0.022143
0.0136791
-0.0443043
0.0141696
-0.0407375
0.037856
0.0070437
0.00869407
0.0279167
0.0303276
0.00953534
-0.0115761
-0.0302702
-0.0350657
-0.00950561
-0.0274219
0.0384347
-0.0273353
0.00323428
-0.020875
0.0258121
-0.0117976
0.0386172
0.0248571
0.0835754
0.0338203
-0.0345697
-0.088724
-0.0483489
-0.00631678
-0.0301103
0.0522848
-0.0691636
0.043355
0.0419507
-0.00112928
0.000813824
-0.0162186
0.0105223
-0.0150359
-0.00702559
0.051038
0.0255635
-0.00419832
-0.011979
0.0447877
-0.0552617
0.0573225
0.0590613
-0.0213499
-0.0122788
-0.0108992
0.0289937
0.0528285
-0.0463419
0.0397922
0.000995653
-0.0227437
0.0468232
0.0671496
-0.018885
0.0405506
0.0429853
0.0168298
-0.0242608
0.0230023
0.0717463
0.0185888
-0.0175177
-0.0406641
0.0024588
0.0156512
0.0466646
0.0138793
0.0638563
-0.0308914
-0.0421882
-0.0224045
-0.057363
-0.000210014
0.00126652
0.0031717
0.0387622
-0.017738
0.0144197
0.0364803
-0.0248333
-0.0317917
0.0131617
0.0360095
-0.0283377
0.0188282
-0.048987
0.0513258
0.0530485
0.0140544
-0.00195474
0.00741066
-0.039367
0.0088326
0.0273276
-0.00211369
0.0420761
-0.000208049
0.0335282
-0.0495438
0.0177599
-3.01624e-05
-0.0119951
0.0575764
0.0679814
0.0449404
-0.013978
0.00422912
-0.044198
-0.0313363
0.0290802
-0.00492002
-0.0246434
0.0244301
-0.0703325
-0.00616258
-0.0448222
0.0411464
-0.0306402
0.0433738
-0.0179527
-0.0757218
0.0402025
0.0187209
-0.0118994
-0.0739096
0.0322543
-0.0336467
-0.0595081
0.0378727
0.00887754
-0.0423075
-0.0103869
0.0639129
-0.0708874
0.00639143
0.0141101
-0.0530226
-0.0411619
-0.0357235
0.00356454
-0.0022721
0.0487859
-0.00811383
-0.0410194
0.0202123
-0.0468946
-0.015649
0.0390183
-0.0401058
-0.00560157
-0.00619006
-0.0110482
0.0227817
0.000594871
-0.032153
-0.0117192
-0.00432409
-0.0301887
0.0224514
-0.0197128
-0.0433102
0.00914419
-0.00514202
0.0503097
-0.0434409
-0.0249286
0.0395771
0.0369503
-0.0140332
-0.0408917
0.0144081
-0.00260358
-7.13314e-05
-0.0199356
0.0176651
0.0307005
0.000226772
-0.00810064
-0.00687643
-0.0203591
0.0429291
-0.00688219
0.00293898
-0.0434176
-0.0428239
-0.0036867
0.0472113
-0.0273365
-0.0297123
-0.0413447
0.0123882
0.0104746
0.00656328
0.026252
-0.0443328
-0.0157877
-0.0428715
-0.0174356
0.0428474
0.00792388
0.0146274
0.054915
-0.0626462
0.013417
-0.0145591
0.01963
-0.0186371
0.0334004
0.000773497
-0.0281435
0.0582603
-0.0145418
0.0454936
-0.00268983
-0.0339275
-0.0352959
-0.179847
-0.0316129
0.0396478
-0.00937293
-0.00188036
-0.0299525
-0.0166122
0.00629335
-0.0738715
-0.0398532
0.0218575
0.0273518
-0.0287856
0.0688292
-0.0206735
0.0522198
-0.073335
0.0270858
-0.0126615
0.0648513
-0.0414071
0.00112835
0.0514352
0.00648964
-0.0345505
0.0198263
0.0438683
-0.0198789
0.0377771
0.0710608
0.00117344
0.0192955
-0.0369691
-0.0339481
0.0472837
-0.111893
0.0369854
-0.103171
-0.0167525
-0.0457903
-0.0107421
0.00441479
0.014931
0.00584082
-0.0464852
-0.00458594
-0.0542805
-0.0512078
0.0280754
0.00296301
0.0327072
-0.0138125
-0.0229666
-0.0234809
-0.0704057
-0.0241726
-0.0420687
-0.0481678
-0.0632625
-0.0478679
-0.0147467
-0.0532872
-0.0175455
0.00932315
-0.0188621
-0.0264368
-0.0420811
0.0127471
-0.0551313
-0.0495956
-0.0403217
-0.0264733
0.0280878
0.0131663
0.0523251
0.0229691
0.0508509
0.0457696
-0.0161984
-0.029245
-0.0308214
0.0135576
-0.00828342
-0.00466237
0.0256279
0.0220196
-0.0355044
0.0643698
0.0185521
-0.010822
0.0260574
0.00335911
-0.0101858
0.0186373
-0.00120291
-0.0483722
0.00484544
-0.0115235
0.0107449
0.0502505
0.0691739
-0.0426676
0.0280403
-0.0258592
0.0259936
-0.0191291
0.0103087
-0.0381047
0.0179535
0.0253877
-0.0387371
0.00391389
0.0360664
-0.0147596
-0.0126626
-0.0524474
0.030712
0.0472147
-0.0163622
-0.0179709
-0.0897526
-0.00351553
-0.0114964
-0.0258676
-0.0393049
0.00613379
-0.047752
0.0216933
-0.00809016
-0.0386172
-0.0706243
-0.0281589
-0.0852929
0.0143932
0.0751995
0.00141724
0.00773712
0.00772503
-0.0147292
0.028594
-0.0481796
0.0308049
0.0245865
-0.0420497
-0.0454759
0.0266112
0.0178006
0.00476932
-0.0679925
-0.0407493
-0.00275904
-0.0159028
0.0488805
0.0237205
-0.0340225
0.0454192
0.00512536
-0.020153
0.028308
0.000680071
0.0360195
0.00214927
0.0440824
0.000472034
-0.0247574
0.0402057
-0.000932595
0.0161161
0.0227203
0.0390314
0.00953289
-0.0193273
-0.0192424
0.0285801
-0.0483023
0.0382324
0.0503875
0.0257626
0.0179285
-0.0138542
-0.00669874
-0.00533135
0.0150896
-0.0104316
-0.041329
-0.0263143
-0.020131
-0.0122507
-0.0187794
-0.0378482
0.0159294
0.00627846
-0.0475509
-0.0283804
-0.0104086
-0.0427387
0.0576854
0.0380821
0.0241586
-0.0204814
0.0356177
-0.00730026
-0.0216145
0.0472849
0.0223773
0.0390986
-0.000678068
-0.0369756
0.0144864
0.042465
0.0260777
0.0460266
-0.0475153
0.0161826
0.0181397
0.0251834
-0.0600528
0.0180715
0.0473556
0.0526892
0.047683
0.0170762
0.047924
-0.0401701
0.0406883
-0.00848367
0.0334128
-0.0133989
-0.025353
-0.0564967
-0.0624409
-0.00705963
0.0023047
0.0182043
0.00301857
0.0148787
-0.0231326
-0.0516639
-0.0286562
-0.0632392
-0.0452942
0.0139866
-0.0356745
-0.0198387
-0.0301521
-0.0675516
0.0072568
-0.124297
0.0269234
0.0188902
0.0616612
0.0138802
-0.00689615
-0.0303396
0.0389717
0.0314062
-0.0465836
-0.00158227
-0.0359966
-0.0039461
-0.00229432
-0.00688266
0.0427696
-0.00311223
-0.0374907
-0.00816473
0.0309706
0.00389776
0.0314243
0.0397562
0.00475051
0.0128462
0.0492782
0.0438164
-0.03467
0.00239855
-0.0256953
0.036288
0.0218356
-0.023149
0.0238022
0.0100757
0.0159693
-0.00995814
-0.0420683
-0.0466824
0.00725019
-0.0125263
-0.00803272
0.0483816
0.00252529
0.0206276
-0.00845175
-0.0271863
-0.0284148
0.00420784
0.0350497
0.0503363
-0.0429575
0.0468521
0.0542283
0.0431923
-0.0116667
0.0293971
-0.0159369
-0.0261637
0.080389
0.04046
-0.0183617
0.0243609
0.0559283
0.00514367
0.0656984
-0.00995334
-0.0470112
-0.00852861
0.0136566
-0.0513086
0.0703894
-0.0209526
0.0152415
0.0613025
-0.0222282
0.016389
-0.0323354
-0.0095627
-0.0186864
-0.0071279
0.0237899
0.054069
0.0230448
-0.0406517
0.0379625
-0.0258087
0.0130619
0.0133255
0.0447029
0.0442701
-0.0433627
-0.0313547
-2.61902e-05
-0.0350056
-0.0464724
-0.0433955
0.0268959
-0.0363223
0.0379718
0.0432087
0.0242459
0.0221631
0.0473198
-0.037124
-0.0227113
0.0266536
0.0187769
-0.00934569
-0.0062938
0.00606567
0.0068461
0.0448932
0.0470731
-0.0471084
0.00158981
-0.0305441
-0.0172539
0.00287934
-0.00251132
-0.0343098
-0.024473
0.0190507
0.0227189
0.0285884
-0.00385547
0.0399444
-0.0414602
0.0159602
0.00516751
0.00136677
0.0196699
-0.0061784
-0.0292742
-0.0405984
-0.000878049
-0.0449996
0.0133674
-0.0098641
-0.0353096
0.0437147
-0.0215315
-0.039467
0.000324768
0.0259054
0.0219926
0.00383965
-0.0328255
-0.0357578
-0.0377944
-0.0243178
0.0351637
0.0203892
-0.0320045
-0.017884
0.0142806
0.00195225
-0.0269095
-0.0214497
0.0370377
-0.0519018
-0.0208881
-0.00765586
0.0328192
-0.00913289
0.0462365
0.00739079
0.0190685
0.136668
0.0108082
0.00973064
-0.00381266
-0.032562
-0.0396198
-0.0412003
0.0419944
0.0272529
-0.0312057
0.00404965
-0.0162131
-0.00915865
-0.0236887
-0.0484595
-0.0241334
0.0448072
-0.0656395
-0.0544445
-0.0121795
-0.0228325
-0.013578
-0.0247867
-0.00286843
-0.0128148
-0.0592926
-0.0290751
-0.0334963
-0.0117535
-0.0284297
0.0276114
0.0180228
-0.012071
0.0824544
-0.0679393
0.101492
-0.0141733
0.124287
-0.0645239
0.0283002
0.0456129
-0.0376644
-0.0224449
0.0110909
-0.0433185
0.0257224
0.0689846
0.0143259
0.0250105
-0.0163984
-0.029042
-0.00415439
0.0547079
0.0146534
0.114109
-0.0199431
0.0271047
-0.0170301
0.0384774
0.0526624
0.0489883
-0.0462957
0.0399871
-0.0557899
0.00281653
0.0507114
-0.0330823
-0.0381612
0.0441301
-0.0278525
0.00223165
-0.0534669
-0.0402716
0.0285106
-0.0122701
-0.0564761
0.0291303
-0.019689
0.0512642
-0.0349999
0.00126523
0.0446397
0.0490776
-0.0255452
-0.0161103
-0.0358249
-0.035341
-0.0738092
-0.0774112
0.0294639
0.000461411
0.0337179
-0.0291266
0.0147932
-0.0479414
-0.0256346
0.0410399
0.0126597
-0.0198517
-0.0584854
-0.0714385
0.00406739
0.033355
-0.00305494
-0.0258569
0.0159758
-0.00351932
0.0141026
0.022132
-0.0365252
0.00705718
-0.00815191
0.030796
-0.0410865
-0.016054
-0.00625165
-0.00168128
0.0117713
-0.0050442
-0.050772
0.0842375
-0.00231147
-0.0142099
0.00724761
-0.0253202
-0.0196404
0.0778492
0.0405893
-0.000380391
-0.00192016
0.0574846
0.0102243
0.0406788
-0.0717391
-0.0349936
-0.0156666
0.00187159
-0.0177058
-0.0434516
0.0199935
0.0249736
0.0273228
-0.0136436
0.0128292
-0.0158004
0.0181755
-0.00295136
-0.0101646
0.0247782
0.0145623
0.0404529
0.0413623
-0.0312128
-0.0442172
-0.0399052
0.0193836
-0.00885337
-0.00416774
0.0150451
0.0363361
-0.0218711
0.0274948
0.0375357
0.0359133
-0.000649184
-0.0402543
-0.00495431
-0.0304919
0.0251852
-0.0221777
-0.0185701
0.0106413
-0.0396833
-0.0433969
-0.0162299
0.0192689
-0.000925458
0.0180973
-0.0314413
0.0621566
0.0176002
0.0336828
-0.00811892
-0.00518373
0.00349943
0.026783
-0.0414311
0.0263431
0.00593502
-0.0474815
-0.0317185
-0.0252552
-0.0285622
0.00377033
-0.00446845
0.0244861
-0.0301665
0.00559651
0.0385776
-0.023315
0.0248084
-0.0466399
-0.0353597
-0.0129089
-0.00647482
0.0456323
-0.0421239
0.00626515
0.0486734
-0.0347025
-0.00328833
0.0325028
0.0173692
0.0270499
0.0103445
-0.049812
0.0659403
-0.0349941
-0.0361026
-0.00406233
0.00346814
0.048734
-0.0317901
0.00453303
0.0252282
0.0224994
-0.010439
0.0133011
0.0409186
-0.0161898
0.0680258
0.000233021
-0.0286738
-0.0323248
-0.0546474
0.0297256
-0.0128519
0.0548199
0.0332753
0.0197936
0.0310574
4.40516e-05
0.0257202
0.0162396
0.0695806
-0.00221997
-0.0666976
0.0719954
0.032294
0.0151928
-0.025286
0.0465549
0.0399941
-0.0335704
-0.0121497
-0.0444192
0.0573397
0.00992031
0.0329852
0.0447942
-0.0359348
0.0126168
-0.00155332
0.0174036
0.0460663
0.00344982
0.0168917
0.0177851
0.0309909
0.00355245
-0.0334641
-0.0704587
0.0401066
0.0210725
0.0346639
-0.0355221
-0.0398954
-0.0222455
-0.0171534
0.0480259
0.0380084
0.0674057
0.0220484
-0.00466815
0.0081612
0.0159793
0.00940471
-0.0143339
0.0196469
0.00768718
-0.0104802
0.0384364
0.0275184
-0.0174767
-0.0100255
-0.0161737
-0.0223062
0.0325574
-0.00442631
-0.0741837
-0.024019
-0.0215277
-0.008664
0.012252
-0.0239154
0.0519696
-0.0789079
-0.0342412
-0.0127777
0.00344729
0.0336478
0.0255597
-0.0478243
-0.00435712
0.0226834
0.0455877
0.0214402
0.0464064
-0.0283146
-0.0248822
-0.00568251
0.00928109
0.00635863
-0.043605
0.0379473
-0.00965706
-0.048922
0.0169582
-0.0496094
0.0348879
-0.0379083
0.00795305
0.0254898
0.0282344
-0.0410585
-0.0485482
-0.00976214
-0.023609
-0.0189015
-0.0419046
-0.00365699
-0.0182135
0.0039043
-0.0109345
-0.0369691
-0.0420221
0.0309629
-0.0456252
-0.0187298
-0.0394775
0.0210884
0.0119094
0.0128046
-0.0169836
0.01544
0.029383
0.0452756
0.00992572
0.0267355
0.0289978
0.0339588
0.0186537
0.0141773
-0.00821126
0.0357167
-0.0244287
-0.0219618
-0.0392509
0.0380577
0.0102053
-0.0297141
0.034725
0.00786636
0.0420259
-0.0246501
0.0287181
-0.0435158
-0.0206487
-0.0368607
0.0418198
0.035853
-0.0193095
0.00331004
-0.00528442
0.0151081
0.0129391
-0.0255869
-0.0163107
0.0329171
0.0305785
-0.0326401
-0.0179472
-0.0212404
0.0509802
0.0117126
0.00674549
0.0271343
-0.00549541
0.0210532
0.0122963
0.00305315
0.0174318
0.0203325
0.0243658
0.029095
0.000339299
-0.0371552
-0.0368604
-0.0790826
0.0131101
0.0366551
0.0176774
-0.00505933
0.000387522
0.0105857
0.00264785
0.00253786
0.00972346
-0.00254544
-0.000607141
-0.00770344
0.00675265
0.00229052
-0.0109268
0.00947984
-0.00216778
-0.00426378
-0.00190754
-0.0112597
0.00993676
-0.0422759
-0.109707
-0.0060604
-0.0288566
-0.000913081
0.178925
-0.00476329
-0.0165774
0.0145711
-0.0131278
-0.00031931
0.00295975
-0.0108065
-0.00913542
0.0104803
0.000762667
0.0035838
-0.00478779
-0.00991799
-0.0165599
0.0552041
0.00339286
0.0015814
-0.00147446
0.00805318
0.120502
-0.025239
0.00428967
0.00661307
0.00198801
0.135663
0.00783796
0.00697937
0.00537577
-0.00427634
-0.0108651
-0.109123
0.00366075
0.000591793
-0.00594629
-0.0156026
-0.00097588
0.0235687
-0.00523875
-0.00810109
-0.00228132
0.0023054
0.0085546
0.00184024
-0.0228087
0.0208325
0.0151371
0.00308627
0.0259773
-0.00904547
0.000307771
-0.0112045
0.053167
0.0179348
0.0240183
0.00305822
0.0136843
0.00794515
0.0107512
-0.014299
0.0122047
0.113692
0.0177611
0.00620222
-0.06483
-0.0092472
-0.000741003
0.00417157
-0.0110431
-0.00249406
0.00187383
0.000551322
-0.0133469
0.0028096
-0.00675957
-0.0155238
-0.00658039
-0.00158268
0.0131264
0.00285179
-0.00884536
0.000892296
-0.0568693
-0.00456272
-0.0331546
0.0565182
-0.00578382
-0.0128846
0.0125376
0.00624005
-0.00188384
-0.00762325
0.0595919
0.0175239
0.00670407
0.00157231
0.0215878
-0.00276862
0.0152085
0.00277206
0.0118694
-0.0196084
-0.0348028
-0.00661457
-0.0129703
0.0129872
-0.0136609
-0.00834422
-0.00484443
0.064722
-0.0623513
-0.0614965
0.0429022
0.031116
-0.0720389
0.0517533
0.0747478
0.0233232
-0.0365508
0.0549837
-0.00256581
0.0591092
-0.0162577
-0.0730034
-0.0279344
0.0113366
0.0922571
-0.0700878
-0.0566791
-0.0382384
0.075066
-0.0146465
0.0252299
0.0430689
0.0325872
-0.0605428
0.0742766
0.0409439
0.0781015
0.0825229
-0.0699963
-0.0386101
-0.00360473
0.018497
-0.0505102
0.0508983
-0.0636352
-0.0411724
-0.0707196
-0.066546
0.0400064
0.0425096
0.0913827
-0.0231215
-0.0252691
-0.0179452
-0.00437427
0.0818903
0.0819488
0.038597
-0.0248731
0.0723893
0.0522853
0.0841238
0.0360437
-0.0878063
0.0477477
0.0236563
-0.0240004
0.0740236
-0.0632639
0.0337865
-0.0353839
0.0906833
0.0721998
-0.0237611
-0.042571
0.0849248
0.0742243
0.0179282
0.0791044
-0.0890998
0.057646
-0.0571302
-0.0296116
-0.0676397
0.0117752
-0.0203667
-0.0103747
0.0207092
0.0413536
0.00395492
-0.0621634
0.077751
-0.0491275
-0.0354604
-0.0124251
-0.00548615
-0.0297869
-0.0685027
0.0474647
-0.0793559
0.0476615
-0.0655985
0.0391376
0.0195569
0.0697082
-0.0517257
-0.0124211
-0.0772508
-0.0490453
0.0590291
-0.00880277
0.0438013
-0.0044486
0.0575857
0.0440207
0.000776384
0.0611458
0.0483268
-0.0199023
-0.0497929
0.0621228
0.0561114
0.0253859
0.0253024
-0.0338486
-0.0376754
-0.0470619
-0.032258
0.0217999
0.0195586
0.0538943
0.0978012
-0.00955008
0.00204857
0.0206073
0.0904718
0.0477799
-0.0255554
-0.0835313
-0.00549637
0.0354745
-0.0763644
0.00652021
-0.0183225
-0.0191472
0.0639558
0.0192695
0.0507474
0.0316621
-0.0156251
-0.0622907
-0.0805121
-0.0713078
-0.0386247
-0.115409
-0.0806486
0.0467782
0.0669905
0.0562336
0.0860029
0.0411066
-0.0196355
-0.00218941
0.00587685
0.0716837
0.0263746
0.074634
0.0291824
-0.0794539
0.0544945
0.0706678
0.0465851
0.03518
-0.0571209
0.0975025
-0.0160741
-0.0631145
-0.0185485
-0.0406435
0.134273
-0.0734409
0.111872
0.0710555
0.0095943
-0.0589827
0.0482402
-0.0126896
0.0258121
-0.0495083
0.0267513
0.0282853
-0.00959784
-0.00617013
0.0145311
-0.023225
0.0130339
0.0946347
-0.0115065
-0.0764357
-0.00473521
-0.0547323
0.0745638
0.0367192
-0.0304012
-0.00735427
-0.0218838
-0.0423324
-0.0752617
0.00578685
-0.0300031
0.0177591
0.0463924
0.0955756
0.0663674
0.0303539
-0.0577493
-0.0100582
0.0826815
-0.00244774
0.0804109
0.0335371
-0.0496424
-0.0240625
-0.0602864
-0.0151018
0.0442521
0.0855511
0.0138134
0.0303712
-0.00454369
-0.0269005
0.0351608
-0.0416975
0.0366949
0.0645251
0.026433
-0.0185492
-0.0687825
0.00280676
0.0246374
0.0598686
0.0622022
-0.0511866
0.0965128
0.0210658
-0.0079579
-0.0476371
-0.0734062
-0.00265417
0.109534
0.106028
-0.0692614
0.0464267
0.00948109
-0.0689029
0.0227398
0.0732232
0.0138434
0.0176608
0.0728864
-0.0388743
0.021239
-0.0391829
0.00272949
-0.0111767
0.062973
-0.054047
0.01161
0.0608927
0.029357
0.0462606
0.0245187
0.0758437
-0.0762865
-0.028734
0.00336377
-0.0283185
0.0929761
-0.0237175
0.0695698
-0.0544775
0.0133265
0.0716111
0.0328705
0.0623758
0.0933692
0.0353341
-0.00388549
-0.0174326
-0.0734949
-0.0272192
0.0108804
0.0772681
0.0173172
0.0695288
-0.0558218
0.0605672
-0.0301097
-0.0226137
-0.050737
-0.0792556
-0.0349708
-0.0181253
-0.00374201
-0.0509521
0.0143816
0.0623348
-0.0391097
-0.0737863
-0.0534255
-0.00245128
0.0536464
0.0101887
0.0158099
0.0764175
0.0421462
-0.0669916
0.0804288
0.0114552
-0.0156573
0.0256384
-0.039576
-0.0126251
-0.0829302
-0.0530425
-0.0250698
-0.00954019
0.0347767
0.0358435
-0.00460796
-0.0532801
-0.0707322
-0.0437543
0.0702525
0.0702881
-0.00159337
-0.0437631
-0.0044058
0.0130576
-0.0128545
-0.0782572
0.0120492
-0.00460293
0.037021
0.0208839
0.0716803
-0.0301261
-0.0521331
-0.0856491
0.0481492
0.0267219
0.0815726
-0.0527438
0.0335066
0.0331141
-0.0713065
0.0910604
-0.00124775
0.0632169
0.0370375
0.0792747
-0.0404701
0.0693267
-0.0193093
-0.053454
-0.0201218
0.0258151
-0.0456329
-0.0565151
-0.00605483
0.0110912
0.00243101
-0.0418059
0.0321341
0.0325592
0.060761
-0.00697106
-0.0488201
-0.0767937
0.0479681
-0.0378134
0.0702354
0.0566055
-0.0474031
0.0563036
0.0361471
0.055865
-0.0773536
-0.0830971
0.0724887
0.00121764
-0.0163668
0.000222309
0.0946998
-0.0603846
0.045484
0.0235768
-0.0018146
-0.0310334
0.0269006
-0.0648417
0.0658648
-0.090035
-0.0671222
-0.0147831
0.0557157
0.116886
0.0302795
0.0673481
-0.0212679
-0.0197678
0.0129923
0.0436127
-0.00371364
0.0740562
0.0284474
-0.020446
0.042197
0.0151107
-0.0384199
0.0233056
-0.0702077
-0.0250323
0.0326652
0.0574987
-0.0791948
-0.0762405
0.00333536
-0.0181118
-0.0251286
-0.103166
-0.00932401
-0.0775816
0.00705352
0.0547523
-0.0854016
-0.0490728
-0.0161503
0.0399439
0.0768141
0.05816
-0.0534431
0.0501917
0.0705129
-0.0873912
0.0657872
0.0617916
0.0588375
-0.0707661
-0.075391
-0.0132022
-0.0424543
0.022098
0.0262943
0.0573714
0.044608
-0.0366586
0.00381578
0.0292445
0.0116351
0.0165529
-0.0249858
-0.0865515
0.0274789
0.0552237
-0.0750926
0.0166829
-0.0545525
0.0600093
-0.0479519
-0.0533389
-0.0171273
-0.0806126
0.0646443
-0.0439222
-0.000981783
0.00157735
-0.0225605
-0.030139
0.00299345
-0.0363877
0.0461342
0.00742127
0.0503852
-0.0625848
0.0472858
0.0110421
-0.0692187
0.0615114
-0.0191832
-0.0354409
-0.0714898
-0.00469754
0.0209012
-0.139713
0.0129634
0.0370859
-0.0433562
-0.0580909
0.0102282
0.0413968
-0.0193443
0.0462663
0.0793144
-0.0246521
-0.0548746
-0.0628724
-0.0755683
-0.0153592
-0.0408291
-0.0275874
0.0626612
0.070786
0.0362598
0.0115708
-0.0137978
-0.0290282
-0.0320877
0.0408791
0.0796007
0.0114646
0.0209425
-0.00728261
-0.0929803
0.0428029
-0.0247759
-0.016791
0.066569
-0.0415882
0.0788047
0.0263054
-0.0154132
0.110491
0.0169111
-0.00987739
0.0684873
-0.0349146
-0.100452
0.047071
0.0250076
-0.101759
0.0582925
0.0471189
-0.0163238
0.0849601
0.0539557
0.0783202
-0.064912
0.0885314
-0.0807521
-0.0829759
0.00582109
-0.0637712
-0.0585788
0.08087
-0.0857925
-0.0102926
0.00113586
0.0565575
0.0569903
0.0496299
-0.0359299
-0.102097
-0.0284289
-0.0542342
0.0444274
-0.0888891
0.0570801
0.0155135
-0.0694418
-0.0111993
0.0331706
-0.0415132
0.0493966
-0.00989373
0.025127
-0.0703612
0.00239151
0.0617846
-0.074749
0.0661405
0.0371417
0.0648488
-0.0697583
-0.0455739
-0.0287019
0.056813
-0.0513731
-0.0158818
-0.105133
0.00567369
0.074466
0.072327
0.0545635
0.0444372
0.058602
-0.0593768
0.0618511
-0.00665269
-0.0767102
-0.0385461
-0.0275747
0.0552937
0.0235662
0.0466215
-0.00504583
0.0505243
0.0043833
-0.0481597
-0.0392911
0.040486
-0.00356441
0.0330396
-0.0792775
0.033942
-0.0366233
0.0385967
-0.00128229
-0.034809
-0.0835721
0.0597389
-0.0723819
-0.0558216
-0.021563
-0.0215236
0.0160792
-0.00918708
0.0216663
0.020225
-0.0281592
0.0654444
0.0794229
-0.0766846
0.0105484
-0.0495927
-0.0481972
0.0629317
0.0389437
0.055933
-0.0413882
0.0277749
0.068317
-0.0663843
-0.0804856
-0.0450438
-0.0119875
-0.050909
-0.0750913
-0.070906
-0.0795441
0.00171441
-0.0200948
-0.0624952
0.0812193
0.0235072
-0.0505887
-0.0377543
-0.0858238
0.0246702
0.00343877
-0.00970372
-0.0705979
-0.0563353
-0.074353
0.0207575
-0.00634589
-0.0313889
-0.0580338
-0.0641452
-0.0731301
-0.00881769
0.0356034
-0.0100212
0.0718586
-0.0138157
-0.057325
0.0540054
-0.0284747
-0.0286074
0.0213285
0.0661923
-0.045239
0.0666325
0.0056312
0.0381691
-0.0133482
-0.0862266
0.0563222
0.0483105
-0.0674947
-0.0870111
0.0643418
-0.0477866
0.0132136
-0.0402038
-0.0603301
0.0116632
-0.0750139
0.0678394
0.0503583
-0.0435813
0.0131799
-0.0658267
0.0940635
-0.0494765
-0.0570892
0.000464776
-0.00852898
-0.0415372
0.032113
0.0792248
0.0407742
-0.0190777
-0.0165085
0.0348418
-0.0564323
0.0168053
-0.0502738
0.0498254
-0.0517494
-0.0306319
-0.0504229
-0.0267962
-0.0534388
0.0076977
-0.04292
-0.00486051
0.041468
0.00040432
-0.00146759
0.0703356
-0.0622
0.0669283
-0.0204795
0.0681184
0.0567024
0.0520416
-0.00737754
-0.0257056
0.0139712
-0.0138134
-0.0841535
0.0653752
-0.0862399
-0.0719437
0.0925573
-0.0880446
0.049348
-0.0256506
-0.0176981
-0.0733725
-0.0342013
0.0602652
0.0236131
-0.0814253
0.0856661
-0.0660449
-0.032686
0.0179619
0.0152888
-0.0636398
-0.035739
-0.0539756
0.0429227
0.0930764
-0.0175398
0.0447716
0.00907846
-0.0690948
0.0335885
0.0200645
0.0273483
0.0168591
-0.0560059
0.0163084
-0.0491681
-0.184701
-0.0809432
0.0646607
-0.20525
0.188375
-0.00525755
0.0424062
0.125299
-0.184514
0.206639
-0.0115478
0.208585
0.0812081
-0.0185158
-0.19505
0.111666
-0.0650298
-0.0974343
-0.170522
0.0887116
-0.164088
-0.126445
-0.0911721
0.119568
-0.0953583
0.124971
-0.0862211
-0.152368
-0.180474
-0.16055
-0.0498066
0.165105
0.0920598
-0.0183566
0.167667
-0.00373428
0.119013
-0.114958
0.145437
-0.195275
0.0571719
0.0847497
-0.0568275
0.115554
-0.174634
0.284104
0.055444
0.0240359
-0.137196
0.0873097
0.0150865
-0.00248715
-0.185469
0.0622877
-0.00226145
0.173524
0.155152
0.120307
-0.183095
-0.0715561
0.175587
-0.174916
0.00447607
-0.202934
-0.173608
-0.14877
0.168137
-0.0122318
0.0456418
-0.121729
-0.145871
0.0849023
0.0657816
-0.0772632
-0.124761
-0.00823061
0.114908
-0.058862
-0.0802999
-0.044184
0.120411
-0.148456
-0.0111102
-0.0669879
-0.0699099
0.0717948
0.166891
-0.0715612
0.148981
-0.0879919
-0.116143
0.0117652
0.0182201
-0.0528784
0.172541
0.0452908
0.117897
0.0943942
-0.0467386
-0.187716
0.185765
0.113473
0.118287
0.138814
-0.168261
-0.175841
0.0722197
-0.248018
0.129053
0.0332348
-0.291014
0.0568303
0.0491402
0.310672
0.198196
0.0892364
-0.19649
-0.0281017
0.0534581
0.116594
-0.0841023
-0.00770737
0.0207814
-0.270321
0.208613
-0.224851
-0.0809159
0.0265196
-0.05621
-0.0876189
-0.101031
-0.0629967
-0.0299704
0.0840129
0.0525908
-0.0829491
-0.0399504
-0.0329684
-0.0349617
0.0272758
0.0126924
-0.0102003
-0.0743979
0.00845177
0.0603486
0.0750232
-0.0263604
0.0565812
0.0692889
-0.0102656
0.0637978
-0.0526919
-0.0653993
-0.0635547
-0.0809303
0.0642803
-0.0665206
0.0439743
-0.0712449
0.0576717
0.0469404
-0.046237
-0.046397
-0.0537809
-0.0341301
-0.0600841
0.0839637
-0.0602917
0.0369937
-0.10498
0.114673
-0.0381618
-0.0240795
0.0190737
0.0635591
-0.0624625
0.0904905
0.0765738
0.0672568
-0.0108079
0.0128118
0.102507
-0.0157346
-0.0170237
0.00832879
0.0945852
0.0945299
0.00482472
0.0584736
-0.0623521
0.0886511
0.0822266
0.0488275
0.0754434
-0.060353
0.0207726
0.0167461
-0.0192335
0.0455907
0.0219276
-0.019714
0.0243309
0.0671217
-0.0656284
-0.0167804
0.0986193
-0.0025371
0.0222968
0.106132
-0.00307323
0.0925165
0.0891913
0.0781754
0.0777313
0.0649823
-0.0145724
-0.113166
0.0802281
-0.0531469
-0.0999436
0.0298582
0.0724968
-0.0626858
0.0401319
-0.0121205
-0.0399351
-0.0226633
-0.000837007
0.0870069
-0.0881732
0.045794
0.0320138
0.0739728
0.00295107
-0.0929899
-0.0673944
-0.0200019
0.00121904
-0.119861
0.0370953
0.0518075
-0.12526
0.0411442
-0.0140414
-0.0398873
-0.0690122
-0.0833172
0.0276097
0.0708614
0.0236225
-0.087648
0.00732889
0.0021648
0.0651205
-0.050423
-0.0478382
-0.0181048
0.046799
0.0143928
0.0532979
0.0639218
-0.0263055
0.0596717
0.0581808
-0.106195
0.0284175
0.0510916
0.0959507
-0.00215624
-0.00608126
-0.0400724
0.0408993
-0.101018
-0.0871175
-0.0240022
-0.0102876
-0.0942648
-0.0150293
0.0608249
0.00717563
-0.0299714
0.038093
0.0738515
-0.0986821
-0.018458
-0.0729909
0.0667935
0.0378035
0.0778973
-0.0108236
0.0868798
0.0252311
0.029075
0.00583505
-0.014017
0.074599
0.022408
0.0917876
-0.114977
-0.0234758
0.0285447
-0.0514282
0.0242658
-0.065342
0.00696756
-0.0610365
-0.0764403
0.0376594
-0.0583545
-0.00148292
-0.0438761
-0.0247788
-0.0334508
0.0614339
-0.00560731
-0.0694223
0.045994
-0.0282622
0.0493944
0.0449784
0.0250426
0.0209867
0.0208253
0.0583096
0.0429507
-0.00866634
-0.0804322
0.0500048
0.0877017
0.0687159
0.0369567
-0.0351795
-0.0370773
-0.00895919
-0.0604602
-0.0266151
0.00290974
-0.0840715
-0.0400815
-0.0320205
-0.0647956
0.0761083
-0.0375685
-0.00897999
-0.0382397
0.0357075
0.0291074
0.075314
0.053155
-0.038446
-0.00921597
-0.0327297
-0.0176478
0.122744
0.0667572
0.0114084
0.0431691
0.0739459
-0.0559045
-0.0537647
-0.0807625
-0.0422909
-0.026809
-0.0798053
-0.079446
0.0101477
0.0977021
-0.0446361
0.0165675
0.0336114
0.00467209
-0.0814999
-0.0739689
0.0866452
-0.0721689
-0.0393387
-0.0376519
0.0277584
0.0399309
0.0374277
0.0917861
-0.0317504
-0.00558246
-0.0729084
-0.0853565
0.0808398
-0.0806762
0.058929
-0.0189245
0.0714569
0.0523817
-0.0715789
0.0718606
0.0532585
0.0474937
-0.0206053
0.0486877
-0.0737589
-0.0320777
0.0369436
0.09959
0.0711398
-0.0530548
0.0274714
-0.0807206
-0.0121208
-0.0758424
0.00427796
-0.0624471
-0.038623
0.0712417
-0.0595288
0.0161034
0.0562318
-0.0811011
-0.0224488
0.0650471
0.00880825
0.0169969
0.0360655
0.0718567
0.0498669
-0.0431219
0.0233399
0.050539
0.00476273
0.0999681
0.0445224
-0.078441
0.0343862
-0.0279629
-0.0170051
0.0347146
-0.0175712
0.0504921
0.0447257
-0.0247641
-0.0836018
-0.00555573
-0.0665428
-0.0896631
0.0557645
0.0737526
-0.0822101
-0.0124179
-0.0726389
0.087324
0.0219818
-0.0223035
0.0151911
0.0202356
-0.0353304
-0.0707715
-0.0426763
-0.0658013
0.0592787
-0.0343503
0.0343153
-0.000499054
0.000662259
0.0765841
-0.026845
0.00796525
-0.0139252
-0.025307
0.0248521
0.00289181
0.0513174
-0.0218569
0.0138202
0.0700211
-0.0552727
-0.00261158
0.00172898
0.01565
0.0133138
-0.0382359
0.0800831
-0.0505609
-0.0763922
-0.00214485
-0.0895237
0.0689192
0.0409962
-0.0260478
0.0463208
0.058512
-0.012511
-0.0249597
0.0416953
-0.0256549
0.0109163
-0.01228
-0.0639984
-0.0142087
-0.0306022
0.0116638
0.0457109
-0.0462268
-0.0119736
-0.0496523
-0.0422955
-0.0774032
0.0536912
0.000108532
0.068939
-0.0183226
-0.0567806
-0.0761788
-0.0727675
-0.0442788
0.0707452
0.0498049
0.0149569
0.0624357
-0.0276286
0.0160512
0.0288349
-0.0740502
-0.0756068
0.00757675
0.0455095
-0.0455804
0.0220268
0.0129492
0.0891565
-0.0167839
-0.0684036
-0.0787913
-0.0634519
-0.0899253
-0.0292753
0.081262
-0.0808522
0.0198899
-0.0589527
0.0288524
-0.0110525
-0.0853109
-0.0656873
-0.00165115
-0.0255652
-0.00704807
-0.00613092
0.00817299
0.0375482
-0.021044
0.0639147
-0.0624311
0.0652988
-0.0385911
-0.0507191
-0.000457706
0.0772399
-0.00586949
0.0452524
-0.0721136
0.0461031
-0.0470795
0.0514915
0.003502
0.0656804
-0.0604836
-0.0695446
0.0461659
0.0455826
0.000125915
0.063087
-0.044192
-0.0354716
-0.0422566
0.0658601
-0.0097745
0.00156686
-0.0245123
-0.0595945
0.0616561
-0.0216174
0.0488371
-0.0300095
-0.00899664
-0.080552
0.045486
-0.0545395
0.00044642
-0.0687358
0.0482356
-0.024761
0.0705806
0.0946713
-0.0126539
-0.0578369
0.0253525
0.0596137
0.0211794
0.0781266
0.0579683
-0.0486577
0.0860466
-0.0531674
-0.058075
0.0638123
-0.0102826
0.0614633
-0.0410478
-0.0114078
-0.00101389
-0.00349885
-0.0620099
-0.0382739
0.0201923
-0.0571619
-0.0640445
-0.0245088
0.00737779
0.0739464
-0.0424624
0.0102966
-0.0763308
-0.0499061
0.0899218
0.00875873
0.0145908
0.00804975
-0.0853815
0.0109658
-0.0331349
-0.0175583
0.00142105
-0.0662668
0.0709796
0.0218066
0.0676826
0.0330315
-0.0390886
0.0836751
-0.0282288
-0.0426924
0.00881291
-0.0847701
0.0171192
0.0724633
-0.029375
-0.0713242
-0.0326256
-0.0828679
0.0504081
-0.097139
-0.0474014
0.0480017
-0.0505008
-0.0569861
-0.0610141
0.0752269
-0.0265098
-0.0336806
-0.0609465
-0.0568512
-0.0733988
-0.0511777
0.0674135
-0.0268488
-0.0410135
0.0771744
-0.0355638
0.0422995
0.0839234
-0.0295332
-0.0818054
-0.0502586
0.0600626
-0.0638932
-0.0546237
0.0987958
-0.0153728
-0.00111461
0.0947923
-0.00209058
-0.064042
-0.0571335
-0.0816055
-0.0366961
0.00157568
0.0317611
-0.072654
0.0641012
0.0266129
0.0721696
-0.0465542
0.0200106
-0.0717436
0.0295988
0.0696823
-0.0657352
0.0352449
-0.0767656
-0.0574268
0.0247459
-0.0569312
-0.0766322
-0.0722933
-0.00115808
0.0383724
0.020808
-0.0520011
0.0717568
0.0521871
-0.0763218
0.00901187
0.0716943
0.0908009
-0.0457463
0.0170791
-0.0288413
0.0299546
0.0367924
-0.046685
0.0886702
-0.0761226
0.0204578
-0.0433663
0.0345396
-0.0521833
0.0158915
-0.0791716
0.0163906
0.0399165
0.110563
0.012722
0.052614
0.037894
-0.0335893
-0.0144895
0.0116481
-0.0827859
-0.056431
-0.00740012
-0.00606517
0.00867996
0.0856612
-0.056496
-0.0498835
0.0674056
-0.0255932
0.0126355
0.0412681
0.0579768
-0.0362891
0.0897069
-0.0144045
-0.0840252
-0.00590065
0.0931076
-0.0181109
0.0797908
0.0597322
0.00951785
-0.0412736
-0.0121869
0.00578192
-0.0425736
0.0236443
-0.00894029
-0.0291394
-0.0572803
0.0346549
-0.0343477
0.055865
0.0548137
0.0451635
0.0598775
-0.0789427
0.0417325
0.0704196
0.0365189
0.0362373
0.00907917
-0.0530719
0.0182524
-0.0556876
0.00606725
0.0584063
0.04982
0.0757323
-0.0247521
0.0302927
-0.0711486
-0.0414415
-0.0677418
0.084637
0.0876957
-0.0521337
-0.00296798
-0.0700606
-0.0796139
0.0709829
-0.000243468
0.0497189
-0.0292736
-0.0327534
0.0272068
-0.027768
0.0147524
0.000745905
-0.0514683
0.0883277
-0.0771425
0.00858242
0.0356305
-0.0538562
0.040619
0.0624603
-0.0194535
-0.0533188
0.0126469
0.00876835
0.0594361
0.030043
0.0228566
-0.00343866
-0.0757213
-0.0425149
-0.048164
-0.0633356
-0.00561806
0.0104691
0.0101158
0.0782557
-4.55787e-06
0.0609216
-0.0670011
-0.000907922
0.0726108
-0.013791
0.0354681
0.0866307
-0.00463617
-0.0588009
0.0403751
-0.0123186
-0.0411714
0.067883
0.0329259
0.0594551
-0.0658247
-0.0723076
0.0533207
-0.00220787
-0.0455231
0.0600585
-0.0404087
0.0567806
0.0337373
0.0686042
-0.029032
0.0409505
-0.0130487
-0.071102
-0.066039
0.0357605
-0.0690426
0.0624031
-0.0223614
0.00715481
0.0490467
0.0856826
0.0432409
0.0760079
0.0639013
0.0127717
0.0523748
-0.0033402
0.0755136
0.00985982
-0.0434044
-0.0840368
0.0573289
-0.0564286
0.0770589
-0.00991611
0.0766916
-0.00648703
-0.0440212
0.0101567
-0.0628895
0.0596383
-0.01513
0.032736
-0.0427276
-0.0154673
-0.0457479
-0.00355631
-0.0228854
0.0441714
0.0603908
0.0276987
-0.0123413
-0.021992
-0.0810186
0.0867558
-0.00890777
0.0553435
0.0685035
-0.0815069
0.00357273
-0.0709233
0.0316384
-0.0396969
-0.0477261
-0.0307198
-0.00497158
-0.00690966
-0.0425969
0.0329189
-0.0572939
0.00243415
0.0124892
-0.0406285
0.00581546
-0.0183767
-0.00750719
0.0143931
-0.0402331
-0.0627825
0.0633453
-0.0105078
0.0698898
0.078565
-0.0249561
-0.047676
0.0296405
-0.0117078
0.007597
0.0526463
-0.0185546
0.0152291
-0.0780013
0.0686145
-0.0678951
0.088156
-0.00394904
-0.0351082
0.0184598
0.00383595
0.0840014
0.021699
0.0308099
-0.0611397
0.0779089
0.000141909
0.0203862
-0.0558436
-0.0148031
0.0833882
0.068606
-0.0715954
0.0757139
-0.0497933
-0.0277073
0.00363067
-0.0574992
-0.0712531
-0.0682476
-0.0561869
0.0553142
-0.0501019
-0.0174139
0.0704205
0.0400852
0.0807779
-0.077212
-0.0139969
-0.0664866
0.00507147
0.054113
-0.0662138
0.068834
-0.0254996
0.0716831
0.0332011
-0.0346359
0.0572979
-0.0203401
-0.0358377
0.0607904
-0.0431588
-0.0427268
0.0456587
0.0383471
-0.0725242
-0.0388552
0.0387096
0.00151189
-0.0324403
-0.04944
0.00608655
0.0336292
-0.00138314
0.0487549
-0.0651634
-0.0711014
-0.0768114
0.0448441
0.0194957
0.00959167
-0.00939853
0.0107819
0.0333824
0.0701369
0.05468
0.0166843
0.0183039
-0.0528123
-0.0550743
-0.0240043
-0.00373465
-0.0597165
-0.0306306
-0.029315
0.0180821
-0.0698949
0.067408
0.108769
0.16959
-0.0585599
-0.0116983
0.0533675
0.0834533
-0.0367601
-0.104326
0.011978
-0.193403
-0.201387
0.113494
0.0758179
0.0895035
-0.141189
0.016279
0.428719
0.151263
0.121369
0.0258459
-0.0426015
-0.0208161
-0.0408556
0.0875238
-0.065949
0.0554679
0.0970094
0.0948832
0.0452554
0.0107985
-0.142098
-0.0141443
-0.0042389
0.200079
-0.116266
-0.242703
0.00810857
-0.0271825
0.092222
-0.0997555
-0.245932
-0.11185
-0.166069
-0.143243
0.0526471
-0.00806357
0.107407
-0.150693
0.115623
0.0750085
0.0276427
-0.112535
-0.243466
-0.100755
0.0656054
0.133484
-0.0112864
0.059389
0.119772
-0.379842
0.0804316
-0.116177
0.117123
-0.116913
0.17512
0.0573342
0.150791
0.0526695
0.161907
0.0657465
0.100442
0.132013
-0.207354
-0.145838
-0.166124
0.0602444
0.284906
-0.0710962
0.0532554
-0.179407
0.0665179
0.101181
-0.0908076
-0.125291
-0.0741091
-0.0557754
-0.172153
0.0259295
-0.00363965
-0.0296949
-0.0747186
-0.0351095
-0.0989963
0.126087
0.0495947
0.107583
0.0565109
-0.190731
-0.0549669
-0.0841869
0.00338337
0.15378
-0.0228125
-0.187695
-0.116254
-0.163319
-0.168268
-0.0293792
-0.0965586
0.0692932
0.00993844
-0.0618013
0.0162492
-0.053895
0.0165604
-0.304388
-0.264203
0.105063
-0.114637
0.0650748
-0.0704109
0.18068
0.14684
0.102301
0.038278
-0.0155737
0.184156
-0.0716661
0.0319751
-0.0142213
0.046074
0.0740398
-0.0680596
-0.0148468
0.0391353
-0.00627641
-0.0211967
0.0131988
0.0546158
-0.036278
0.0370318
-0.0825185
-0.0699757
-0.00537539
0.088264
-0.00152658
0.0440249
-0.00960058
-0.0305621
0.0672814
0.0240706
0.0720057
0.0133936
0.026939
0.0627773
-0.0209341
-0.0440821
-0.00847057
-0.055652
0.013149
0.0433047
-0.0912037
0.0404783
-0.027469
0.0641209
-0.0692984
0.0478678
-0.0469965
-0.0014508
0.0343904
0.0714363
0.00932722
0.0636258
-0.0980856
-0.0588589
0.000946129
0.0371499
0.0212032
-0.0564574
-0.0703385
0.0487547
-0.0771529
-0.0258997
-0.0388636
0.0783969
-0.0283552
0.0827824
0.000116828
-0.0577626
-0.0568732
-0.0188867
0.079875
0.0158799
0.0391482
0.0656107
0.0526361
-0.0160802
0.0662459
-0.0818343
-0.0347548
-0.0885343
0.03497
-0.023341
-0.0481447
-0.00821494
0.00125954
0.0167209
0.0242091
-0.0688967
0.00286994
0.023501
0.0130445
-0.0189961
0.0118202
-0.00325595
0.0133848
0.0685931
-0.0653149
0.0302206
-0.0735963
-0.0605418
0.0888297
0.0456599
0.0367947
0.00658263
0.0646803
0.0370796
0.0349995
-0.0589105
-0.0758646
0.0478221
-0.0620319
-0.0845531
0.025086
-0.0274274
-0.0782783
-0.0599765
0.0625101
0.044725
-0.0475781
-0.00988171
0.0773122
0.00611785
-0.123068
-0.0814913
-0.0405303
-0.0458722
-0.00756193
0.0587595
-0.0178369
-0.0815994
-0.0593839
0.0409317
0.0649259
0.0878138
0.0332859
0.0596005
0.0248266
0.0238937
-0.0860006
0.0666575
0.0124719
-0.080991
-0.0303831
0.0564258
0.0727499
0.0412355
0.0499962
0.024179
0.0697882
-0.0252968
0.0654481
-0.0829882
0.0653085
0.0680348
0.0776414
0.0763985
0.0498701
-0.033754
-0.020583
0.0760128
-0.0845467
-0.0806441
-0.0202069
0.0100749
-0.0621098
0.0323996
-0.0323343
-0.0719262
0.0293401
-0.0814475
-0.00699025
0.0742009
-0.0639803
0.0744478
-0.00653507
-0.075142
-0.0541732
-0.0779191
-0.0473008
0.035332
0.0477411
-0.043928
-0.0471315
-0.0859443
-0.0276851
0.0807263
0.00924433
0.0552512
0.0782714
-0.0522603
0.0500451
0.0308426
-0.0855527
0.0156539
-0.0163672
0.0354342
-0.0579601
0.0265665
-0.0158799
0.0530325
-0.0804991
-0.0525347
-0.00719915
-0.0426107
-0.0551584
-0.0203184
0.0132108
-0.00226375
-0.0695827
0.00143944
-0.00941464
-0.0496922
0.041643
-0.0808712
0.0746396
-0.0316251
-0.0263995
0.000794488
-0.0538178
0.0581415
-0.0797192
0.034351
0.0309664
0.0379703
0.051693
-0.0589343
-0.086768
0.0635628
0.0558622
-0.0864388
-0.0690701
0.000268051
-0.0148453
-0.0670942
-0.086727
0.00405467
-0.00574456
-0.033174
-0.0297157
-0.0445196
0.026637
-0.0450349
0.000242589
-0.0609435
-0.0367135
-0.0120526
0.0702305
-0.0220114
0.0528766
-0.0722772
0.0242316
0.0108239
0.0462673
-0.049788
-0.0635819
0.0322615
-0.0690002
-0.0782307
0.00940958
0.0726553
-0.000859622
-0.0199797
0.0667654
0.0711619
0.0027661
-0.0806121
0.0165432
-0.071633
0.0752072
-0.0570384
-0.0526254
0.080012
-0.0116653
-0.0288375
-0.00392524
-0.0185503
0.0695763
0.0492217
-0.0200636
0.0144291
0.0607431
0.0742305
-0.0767221
0.0125919
0.0666834
-0.0184047
-0.0711076
-0.0641512
0.0770216
-0.00324656
-0.0156035
-0.0592619
0.0340148
0.0599163
-0.0124401
0.0709636
-0.0278142
0.0768852
-0.0870543
-0.0244
-0.07237
0.0777604
-0.036044
-0.00725428
0.0780588
-0.0615098
-0.0582676
-0.0420211
-0.111701
0.0566393
-0.108785
0.00276702
-0.00339833
0.0255681
-0.0869813
0.0124607
-0.0184566
-0.0488437
0.00956534
-0.0499872
0.0256517
-0.0432664
-0.0732332
0.0140868
0.00989347
0.0762454
0.0484908
0.0269908
-0.0592006
-0.00399237
0.0411781
-0.04589
-0.0714219
-0.0463812
0.00824058
0.0391033
0.0566007
-0.0442625
-0.0557204
-0.0282168
-0.0317715
-0.0433787
0.0826691
0.0458192
0.117484
-0.0870597
0.0349913
0.0538495
0.00608782
-0.0244713
0.0302531
0.0321739
0.0609473
0.0746459
-0.080488
0.0152743
-0.0172113
0.0645117
-0.0327708
0.0212806
0.0654579
0.0607023
-0.0404229
0.051069
0.0548162
-0.0887632
0.0882511
-0.0562131
-0.0558937
-0.0598469
0.0054099
0.065435
-0.0485441
-0.0782689
0.00705608
0.0864765
-0.0755992
-0.0491458
-0.0615941
-0.0559762
-0.0608395
0.00942959
0.0411222
0.0195339
0.0436428
-0.04893
0.0628411
0.0835373
-0.00873747
0.0787062
-0.00859885
0.0689869
0.013538
-0.00873413
0.0107307
-0.0236045
-0.017285
0.00519357
0.0568192
0.0270995
0.0363461
0.0169133
-0.0773198
-0.0291831
0.00424188
-0.0659078
0.0559618
0.0445247
0.0612546
0.0510684
0.0582501
0.0813772
0.0519931
0.0246893
0.0155261
0.0437659
-0.0174874
0.0241781
-0.0635102
0.0728499
-0.0517834
0.072698
0.0388786
0.0436477
0.00743634
0.0699775
-0.0780762
0.0291185
-0.0101963
0.0467111
-0.082941
-0.0367282
-0.0232016
0.0853307
-0.05953
0.012093
-0.0710604
0.0481296
0.0457606
0.00635502
0.0147494
-0.0249478
-0.043111
-0.0752706
-0.00927682
-0.0221854
-0.00856147
0.0866489
0.100168
-0.0555069
-0.0166417
-0.0817585
0.0408779
-0.0406091
-0.0720605
0.0288386
-0.0749552
-0.0664125
-0.0424088
0.00308851
-0.0254287
-0.0676809
-0.0380871
-0.0303431
-0.0375128
0.0647606
0.0311197
0.0305299
-0.0113462
0.0398972
0.0460667
-0.0275409
0.0127163
0.003749
-0.049332
-0.0214285
-0.0838727
0.0379002
-0.0242287
0.0428024
0.0339179
0.0789756
0.0139221
-0.0693174
-0.01322
0.0227298
-0.0177935
0.0750315
-0.0590361
-0.0230117
0.0850449
0.0323012
0.0783989
-0.0856962
0.0697458
0.062997
-0.00940092
0.0305489
-0.0439524
-0.0793683
-0.0316038
0.0630117
-0.0353702
0.0478956
-0.000782441
-0.0265087
0.0141176
-0.046272
-0.0588311
-0.00861638
0.0441659
0.0417893
-0.0737336
0.00396874
0.0681628
0.028163
-0.0478463
-0.00769852
0.0358172
-0.0725858
-0.0560932
0.0436053
0.051478
-0.0168384
-0.0282582
0.0325772
0.0169847
0.0536026
-0.0431908
0.0397654
0.0697347
-0.0147813
0.0863893
0.109205
-0.0550223
0.0250359
-0.0479583
0.000312791
-0.0106813
-0.0353234
0.0795469
0.0611371
-0.0553984
-0.0518232
-0.00715102
-0.0136682
-0.0231528
-0.043614
-0.0401949
0.0802326
-0.0602329
-0.0491066
-0.0884878
0.0708366
0.0249443
0.07447
0.00511234
-0.0222545
-0.039085
0.00858897
-0.0132819
-0.0487646
0.063504
0.00748559
-0.0294703
-0.0783452
0.00889489
0.0366882
-0.0443651
0.0276099
0.00174972
0.0497272
0.0388316
-0.0539936
-0.0294425
-0.0286141
0.102635
0.00306068
0.0124992
-0.00906958
-0.0658792
-0.0755577
0.00159762
0.0227812
-0.0382806
0.0390458
0.0131143
-0.0531163
0.0273927
-0.00584597
-0.0817266
-0.101184
-0.0154459
-0.00341689
0.0572642
-0.0333198
-0.081888
-0.0409119
0.0241757
-0.0550773
0.0480442
-0.0568376
-0.0507452
-0.0496378
-0.0295434
-0.0273308
-0.0865698
-0.0637189
-0.100691
0.10269
-0.0962243
-0.00979522
0.0537827
-0.0294553
-0.058721
-0.0411892
0.0823633
-0.0161332
0.0518196
-0.00772726
0.00619314
-0.075671
-0.0748724
0.0723139
0.111968
-0.048562
-0.0416737
-0.0688441
0.0612986
-0.0250167
-0.0243871
0.0372512
-0.0152743
0.0405452
0.0699444
0.0996266
0.0786309
-0.0264393
-0.0818301
0.0467073
-0.0164641
-0.0683081
-0.0698253
-0.0371342
-0.0862912
0.0341542
-0.0633693
-0.0586762
-0.0726461
-0.00450982
0.0469313
0.0669943
-0.00653927
-0.0321553
-0.014812
0.0751691
-0.0460651
-0.0786253
0.0733182
-0.0347273
-0.0695062
0.0694506
0.0772983
-0.0205707
0.0233775
0.0489026
0.0511594
0.0823412
0.0299789
-0.0480909
-0.0748527
-0.0471204
-0.00455318
0.0551882
0.0280394
0.0369346
0.0379794
-0.0711216
0.071365
-0.0420056
-0.060722
0.10804
-0.073913
0.0779261
-0.0383726
0.0681226
-0.0808684
-0.0434394
0.0669406
-0.0483263
-0.0396066
0.00512994
0.00890018
0.0394004
-0.0450699
-0.024118
-0.0365322
0.0589408
-0.0817675
-0.0236444
0.00971432
-0.0467628
0.0248592
-0.0655609
0.0794338
0.0247051
0.0665707
0.0419648
-0.0697404
-0.0271822
0.0425633
0.083662
0.00894298
-0.0962679
-0.0976712
0.0599049
-0.0183121
-0.0459831
-0.023353
0.0158319
0.0626428
-0.0661255
0.0705992
0.0352256
0.031773
-0.0792583
-0.0644208
0.0415649
0.00768166
-0.029474
-0.0131913
0.0189102
0.0181772
-0.0451497
0.0606412
-0.0367944
0.0207571
0.0688436
-0.0658257
-0.0686612
0.00907516
-0.112201
-0.0974921
-0.0493328
-0.0720829
-0.0561347
0.0391764
-0.0561577
0.0136822
-0.0695554
0.0456634
-0.106799
0.067645
0.0520298
-0.0240398
0.0482154
-0.0147877
-0.0166918
-0.0787913
-0.0510376
0.0157166
-0.0141884
-0.0387075
-0.0622628
-0.0481066
0.0167852
-0.0307007
0.0151339
-0.0611689
-0.00914882
0.0159361
0.0131469
-0.0636237
0.0134506
-0.0249606
0.0245894
-0.0316815
-0.0339773
0.0297467
-0.0585488
0.0263653
-0.0841599
-0.0145222
0.0271222
-0.0953133
-0.0366924
0.017003
0.0326948
-0.111718
-0.00915898
0.0297457
-0.092179
0.0594916
0.0275484
-0.0222187
-0.0326869
-0.0788591
0.068192
0.0838332
0.0370365
0.0508398
-0.0461782
-0.0740833
0.0762227
-0.0235919
-0.0224009
0.0715688
0.0873905
-0.0549105
-0.0722541
0.0102755
0.0531292
-0.0241179
0.0481955
-0.0404833
-0.0521443
0.0672716
-0.048528
-0.0291215
0.116422
0.0306895
-0.0372045
-0.0949026
-0.00303216
0.00411112
0.0975278
0.0361251
-0.0433292
-0.0631675
0.0880522
0.0717722
-0.0111551
-0.0343318
0.0266012
-0.0233988
-0.0235497
-0.000283303
0.0295145
0.122795
-0.0181274
-0.0277994
-0.014167
-0.0447485
0.00434143
-0.0743364
0.0268456
0.0594755
0.106804
-0.112526
-0.0477585
0.0680186
-0.045388
0.0378635
0.000250047
-0.0145132
0.000904668
0.0495586
0.0994728
0.0824784
0.0663741
0.0173395
0.0567527
0.0720459
0.019132
0.0652147
-0.108082
0.0634393
-0.055069
-0.072879
0.0760501
0.0521914
-0.0101996
-0.0660594
0.061299
-0.123231
-0.0623643
0.0498437
-0.00807259
-0.061975
-0.0157534
0.00925966
0.0407506
0.114885
-0.0259142
0.0725749
-0.054711
0.0295283
-0.123119
-0.104179
-0.0537772
0.0313252
-0.0883845
0.0642339
-0.0230254
0.0466742
0.0586476
-0.0218792
0.118786
0.00831416
0.0429928
0.00818349
-0.0933735
0.0800564
0.0578886
-0.0300787
0.0611011
0.0496512
-0.0184029
-0.0182966
-0.0535921
-0.0390609
0.0515698
-0.0432118
-0.041155
-0.0245876
-0.0562187
-0.0871312
0.00802265
0.0150602
0.0396912
0.0694825
0.0268479
-0.0405298
-0.0332803
0.0480079
-0.0683923
-0.00355717
-0.063157
-0.0763218
-0.066433
-0.0797012
-0.019005
-0.0779742
-0.0240619
-0.0197683
-0.0800381
0.0465797
-0.0657288
0.0111152
-0.00678674
-0.0484772
0.0862811
-0.0642794
0.0181726
-0.0647898
-0.0704424
-0.0301819
0.0848331
-0.0446067
0.0823302
0.0290801
0.00972136
0.0648187
0.0915572
-0.0742781
0.05063
0.0706132
-0.0283837
0.00587458
0.0809412
-0.0268822
0.0298586
-0.0661614
0.0506087
-0.0515304
0.0890816
-0.0255323
0.0665027
0.0494596
-0.0576817
-0.0160959
-0.0429892
-0.065558
-0.0473667
-0.0758759
0.0181368
0.036037
-0.0729985
-0.00266812
-0.0114891
-0.0107231
-0.0382237
-0.0455447
-0.048632
0.0657571
-0.0370908
-0.00247219
0.0415696
-0.0381636
-0.0312917
0.0280873
-0.0417537
0.0662138
-0.0458825
0.059499
0.0670022
0.0661814
-0.0452665
-0.0065816
-0.0771313
-0.0784201
0.0778939
-0.00108886
-0.0808835
-0.0874573
-0.0888109
0.0662102
0.0745189
-0.0200096
-0.0600828
0.0920082
0.0507391
-0.0486397
-0.058391
0.0494836
-0.0865995
0.0514673
0.0421787
-0.0647744
-0.0112585
-0.0219147
0.0758052
0.0549454
-0.0196833
-0.0340759
0.0167883
0.0091484
-0.0704029
-0.046888
0.0035288
0.0594526
0.0792646
0.0253977
-0.00187133
-0.000917375
-0.0341028
0.0706272
-0.0258957
0.0436579
-0.077377
-0.070683
0.0267523
-0.0575928
0.0425964
0.052015
-0.103574
-0.0471676
0.0437228
-0.0266562
0.0213591
-0.012427
-0.0258987
-0.0506538
-0.0610427
0.020255
0.0397062
0.0440827
-0.04568
0.0869839
0.0448148
-0.0717366
-0.0714268
0.0407001
-0.0490737
-0.0261254
0.0672644
0.0452762
-0.0799798
0.00475977
-0.0277224
0.0786227
0.0500502
-0.0689828
-0.0312191
0.0308449
-0.00164409
-0.0180346
0.0868138
0.0465407
0.0238146
0.0758035
0.0340698
-0.0150936
-0.068667
0.00910516
0.0491208
-0.0580483
0.0730113
-0.0218561
0.0741294
-0.0191844
-0.0116922
0.0882949
0.0305793
-0.0157877
-0.0106542
-0.0252663
0.0665645
0.05724
-0.0777997
-0.0419171
-0.0242285
0.0450069
0.0593819
0.0330493
0.0646902
0.0824337
0.0668306
-0.0487911
0.0134725
0.0103944
-0.043299
-0.0648253
0.0684057
-0.0526709
-0.0536485
0.0597929
0.0834998
0.0344068
-0.079631
0.0320576
0.00685395
0.0573652
0.0880184
-0.0777214
0.000801693
0.0323688
-0.0717442
0.0504456
-0.0334695
-0.0908714
0.0939281
0.0193865
-0.00168699
0.0914246
0.0776824
0.0788946
0.0528207
0.0340951
-0.00732982
-0.0193488
-0.0464924
0.0319155
-0.0071099
0.0256676
0.0487234
0.0923935
0.0787333
-0.0103186
0.07418
-0.026324
0.0897073
-0.0807686
0.0644091
0.0607396
0.0698485
0.0833999
-0.076182
-0.0597821
-0.0672242
-0.0265429
-0.0397778
0.0604554
-0.00159088
-0.125023
0.0388498
0.0868357
0.0523598
0.10988
0.0806935
-0.0189428
0.000741836
0.0177829
-0.0613593
0.422219
0.372415
-0.0142496
-0.0634319
-0.0610192
0.501716
0.123945
0.243929
-0.125314
0.00428018
0.055071
-0.0251305
0.0799117
0.000321755
0.100329
-0.169129
0.10593
0.188853
0.0492713
0.0107757
-0.345292
-0.0293379
0.137819
-0.0192669
0.0552345
-0.296554
0.040644
-0.00353754
0.117373
-0.0482213
-0.530158
-0.0859477
-0.364745
0.0661454
-0.0116216
0.0198086
-0.560908
0.108008
-0.00192868
-0.0455224
0.0541908
-0.170946
-0.175122
-0.163039
-0.403892
-0.0805449
-0.0360349
-0.0987697
0.09814
0.0269138
0.0651232
0.254814
0.0437579
-0.19796
0.121634
-0.0520631
0.0417353
0.143593
0.044006
-0.0755781
0.0297806
0.296253
0.134138
-0.0245071
0.0894122
-0.0430561
0.622948
-0.169714
0.127522
0.446325
0.126335
-0.0599902
0.0424706
0.0730268
0.0652814
-0.116234
0.1896
-0.0372838
0.0100918
-0.0187662
0.23364
0.036606
0.140121
0.00891757
-0.036041
0.0162208
-0.0583674
-0.311981
0.249999
-0.267286
-0.335706
0.0335871
-0.0637435
-0.120542
0.0483929
0.122038
-0.000754624
0.280213
-0.107739
0.0987899
-0.486015
-0.598734
-0.0324388
-0.152333
-0.103543
-0.0212849
0.0144497
0.0902293
0.00646776
0.0316331
0.0206283
-0.0841683
0.0405095
-0.0500009
-0.0271299
0.0164867
-0.0676824
0.0810985
0.0787158
0.0349164
-0.00218231
0.0157533
-0.0283043
-0.0692198
0.0671398
0.0120124
0.0943674
0.00895424
0.0194781
0.0819099
-0.0471775
0.0694823
-0.0376996
0.0499812
-0.0177185
0.0164492
-0.0215512
0.0865251
-0.0556633
0.0520644
-0.0548543
0.0758537
-0.0616727
0.0486824
-0.0323896
-0.041171
-0.0907573
0.0374445
-0.0372804
0.0663009
-0.0230672
-0.0541539
-0.0450234
0.0040185
0.0608305
0.0328798
0.0373167
0.0128519
0.0302182
-0.0184015
0.0124357
-0.066214
-0.00465723
-0.08077
0.0319953
0.00591667
-0.0526928
-0.0466059
0.0573003
-0.0792527
0.0983755
-0.0131258
-0.0210956
0.0672812
-0.0745733
0.0127735
-0.0664644
0.0863276
-0.0793702
0.0619805
-0.0608295
0.00629875
-0.0155612
-0.0366539
-0.0459095
0.0594645
0.0135896
-0.0666098
0.010703
0.0161463
-0.0395773
-0.0218009
-0.0563454
-0.0323499
0.0105526
-0.0143723
0.0646789
0.0709489
0.00778579
0.0737098
-0.0896313
0.0291065
0.060455
-0.0554706
0.012533
-0.0177987
0.0754861
-0.0605651
0.0204007
0.0871863
0.050272
0.0235729
-0.0555912
0.0605421
-0.0386791
-0.075804
-0.0592473
-0.121238
-0.0449188
0.0615222
-0.0951662
0.0620049
0.0668112
-0.0685069
0.0780629
0.0684884
0.0282829
0.0466293
-0.0842209
-0.0132643
-0.0724296
-0.0866228
0.0270736
0.0786501
-0.0371017
-0.0478897
-0.0421144
0.071543
-0.0276453
-0.0377191
0.0516341
-0.055733
-0.0174916
0.11897
-0.00176687
0.0512739
0.061706
-0.19015
0.0349748
-0.0627492
0.0613264
-0.000204169
-0.199851
-0.15053
-0.161677
0.0993637
0.144509
0.14914
-0.100069
-0.013054
0.0647435
0.22228
-0.0118453
-0.0192669
-0.0291598
0.0324897
-0.0211607
-0.104821
-0.126544
-0.118638
0.16754
0.119973
0.152384
-0.143906
-0.114293
-0.0205988
0.0740732
0.0573983
0.0248963
-0.0275558
0.135622
0.0263807
0.0456429
0.0548516
0.12877
0.0386878
0.0808021
0.13413
-0.251669
-0.109111
-0.178565
0.177268
-0.224021
0.018669
-0.0631418
0.217014
-0.197521
0.157456
0.0284481
-0.0615274
-0.256694
0.0178557
0.0522709
-0.000692171
0.132526
-0.093456
0.17152
0.216704
0.0844837
-0.09693
-0.0830322
-0.0646441
0.0438209
0.118787
-0.0513209
0.0466744
0.152323
0.202187
0.0901368
0.0420182
0.0195305
0.0936211
0.0573477
0.0281518
0.241247
-0.10044
0.133658
0.0607107
0.0618825
-0.0410186
0.0492125
-0.101013
0.125722
-0.0828382
-0.105183
0.071771
0.023659
-0.207529
0.0238665
-0.0961148
-0.107815
-0.0789013
-0.0504359
-0.135303
-0.110084
-0.161515
-0.269152
0.101793
0.227543
-0.0647261
0.145933
-0.0927297
-0.0924536
0.0809863
-0.0807721
-0.096916
-0.0712451
-0.0182298
0.0647655
0.251667
0.0221077
-0.143686
-0.0385467
-0.0960161
-0.0155164
-0.174927
0.257105
-0.241818
0.215462
-0.0676261
-0.0453735
-0.0532273
-0.0631221
0.0108583
0.0305918
0.0630497
0.00810133
0.0900361
-0.0133693
0.0052533
0.0872118
-0.0697798
-0.0756759
0.0692777
-0.0257056
0.109538
0.0340034
-0.024226
-0.0212733
0.0317143
0.0561207
-0.0329268
0.00543722
-0.0399037
0.0311159
0.000267779
-0.0896721
-0.0328731
-0.0752542
-0.0765877
0.0113672
-0.0412514
-0.0092617
-0.0539266
0.0277023
-0.0495323
0.0845742
0.0640309
0.0290826
-0.0039442
0.0461625
-0.0726508
-0.0325813
0.0023807
0.0344716
-0.06272
-0.0772657
-0.0975791
-0.018226
-0.0643291
-0.085765
0.0580009
-0.0397095
-0.0878432
0.0745601
-0.0265688
0.000137145
-0.0109089
0.0412585
-0.0579074
0.0160454
0.0610761
-0.0797773
0.0256076
-0.0545526
0.0157334
0.0206263
-0.041095
-0.0678971
-0.0517759
-0.032269
0.0248521
-0.00125589
-0.0524615
0.0117578
-0.0380616
-0.0408308
0.0187988
-0.0783567
-0.0444946
-0.0134165
0.0506611
0.0285056
0.0327846
0.0046007
0.0221476
-0.0780445
0.012032
-0.0115298
-0.00151415
-0.0533469
0.00486571
0.100804
-0.0726862
-0.00110119
-0.0203894
0.0305459
0.0255517
0.0509152
-0.0617567
0.0537193
0.00501554
0.00298549
-0.0267246
0.0166157
0.0102623
-0.0377254
-0.0773639
-0.0854541
-0.0459786
0.0559536
0.0574931
-0.0399049
0.0819055
-0.0506068
-0.00338759
-0.0223702
-0.0270458
-0.0760507
-0.0540745
-0.0219971
-0.0549149
-0.0548128
0.0413073
-0.0896746
0.0244145
0.0177509
0.0226724
0.0663836
0.0230773
-0.0547169
0.0191027
0.0185511
0.0464218
-0.0201435
-0.0206571
0.0116295
0.0043003
0.0377546
0.0460911
-0.0253823
0.116053
-0.0233968
0.0281167
0.0135691
-0.063331
-0.000822962
0.0752632
0.0753687
-0.0640396
-0.0479265
-0.0639703
0.0253576
-0.0550147
0.0477477
0.0438802
-0.0339958
-0.00330013
-0.00548572
-0.048743
0.044573
0.0806488
-0.0505155
-0.0738869
0.00748845
-0.0718006
0.0719632
0.0190973
-0.00753855
-0.0299724
-0.0013157
-0.0713477
0.0210889
0.0225805
-0.0606192
-0.0190947
-0.0743877
0.0287913
-0.0135229
0.0220192
0.0474616
-0.0556391
-0.0556615
-0.0650872
0.0557272
0.0449505
-0.0366623
-0.0782268
0.0151431
-0.0349841
0.00464454
-0.0834559
-0.0313565
-0.0726468
-0.0593258
-0.026704
-0.0603675
0.0564171
-0.0466079
0.0256762
-0.0561572
-0.0391941
0.0475448
0.00952242
0.030242
-0.0224181
0.0176062
0.0557114
0.00688822
-0.106528
-0.0894438
0.0109794
0.038125
-0.00422599
-0.0899011
-0.0968931
-0.0399345
0.0728296
-0.0158699
0.0306066
0.0854373
0.0562555
0.0199345
-0.0441342
0.0508347
0.0624405
0.100655
-0.0914231
-0.0631522
0.0400628
-0.0599484
-0.0480399
-0.063274
-0.0246964
-0.0559536
0.0197941
-0.0351876
0.0225476
0.0664098
-0.000788601
0.024613
0.0226196
-0.0592056
-0.0257892
0.0215216
-0.0523738
0.0368129
-0.0145352
0.0637336
-0.00591591
0.041442
-0.000694881
-0.103389
0.0201893
-0.0418229
0.0124705
0.0538424
0.0764287
0.045756
-0.0475711
0.0138379
0.0524798
0.0308362
0.0161093
-0.111042
0.0215431
-0.0726509
0.0371747
-0.0116653
-0.064529
0.00641022
0.0560292
-0.0822286
-0.0120079
0.10186
-0.0663466
-0.00824931
0.0688994
0.08673
0.0646006
-0.054019
-0.0117558
-0.0164701
0.0191465
0.0631116
0.00695018
-0.0577576
0.0302865
0.0282557
-0.0311039
0.0237319
0.049588
0.0740629
-0.00948796
-0.0795838
0.0537108
-0.0988367
-0.0389593
-0.0798861
0.0346234
0.00652836
0.0228855
0.055942
0.0696897
-0.0808969
-0.01531
0.029908
-0.0525517
-0.0320146
0.0188156
-0.0412842
-0.0277136
-0.0584792
0.0587022
0.0310393
0.102373
-0.037517
0.0138375
-0.0360629
-0.0186864
-0.0322065
0.00184927
0.00953407
-0.0941855
0.0326955
-0.0699643
-0.0558634
0.0803208
-0.0305649
0.0540798
-0.060842
-0.00256985
-0.0577564
-0.017395
0.0453198
0.0284519
0.0611201
0.0218591
-0.00504002
-0.0244487
0.0561302
0.0718302
-0.0675052
0.0164846
0.101558
-0.101552
0.0887986
0.0827846
-0.0655703
0.104004
-0.0255251
0.00600516
0.0451623
-0.043445
-0.0530665
0.033154
0.0409703
0.0283353
0.0670741
-0.00234832
-0.0952245
-0.0355728
-0.00680749
-0.0381485
0.0535612
0.0393964
-0.0767754
0.0380225
0.0306637
-0.083166
-0.0847259
0.063351
-0.00579287
0.0317772
-0.0348524
-0.0556019
-0.0265696
-0.0318618
0.0496123
0.0350251
-0.0200134
0.0683451
0.000844197
0.00933631
-0.0748232
-0.0507511
0.00469443
-0.00440941
-0.0655818
-0.0468856
-0.0835003
-0.0685705
0.0142034
-0.0664473
-0.0524267
-0.0545359
0.0228995
0.0542965
0.0288344
-0.0804495
-0.0522895
0.0809783
0.0106195
-0.0882395
-0.0347323
0.0253215
0.0830609
0.0699905
-0.0215658
-0.0325584
0.017235
0.0758545
-0.0245863
0.0681231
0.0124891
0.00856798
0.0950181
-0.028469
-0.0219348
-0.0595069
-0.0489617
0.0017314
0.0402854
-0.00636768
0.0314177
-0.052398
0.0467139
-0.0165206
-0.0174777
-0.0817435
-0.0240051
-0.0088584
0.0514124
0.00731434
0.111347
-0.0411757
0.00673988
-0.0522526
-0.0485286
0.0546219
-0.00194624
-0.0512573
0.0397733
-0.0204166
0.037132
0.0560151
0.0805648
-0.0164318
-0.0660272
0.0560366
0.0504669
-0.0174844
-0.0988385
0.0034682
-0.0318038
-0.0666812
-0.072654
-0.00650812
0.0202213
0.0134961
0.102473
0.0398821
0.00162121
0.00901708
-0.0494393
0.0262727
-0.0516506
-0.0852519
-0.00777121
-0.0566342
-0.0784646
-0.0222177
0.0571563
-0.0848135
-0.00368471
-0.0427833
-0.0851179
0.0896018
0.0535589
-0.0413043
-0.0661208
0.0911211
-0.0498844
-0.0415074
-0.0490389
0.0294142
-0.0226529
-0.0302088
0.0517831
-0.0791074
0.101255
-0.0492886
-0.0424099
-0.00794195
0.00330807
0.0438838
-0.0454636
-0.0356192
0.0359987
0.023829
0.0254973
-0.0385472
-0.0432579
0.0466091
0.00712868
-0.070171
0.048103
-0.0162323
-0.0612975
0.0616741
0.0182659
-0.0504146
-0.0398713
0.021544
0.103419
-0.00119678
-0.0989916
-0.0262811
-0.00205086
-0.0101632
0.115117
-0.0745175
0.0166989
-0.0308782
-0.0553223
0.0183929
0.0927619
-0.0117369
0.0284512
0.0525946
0.0473799
0.0904746
-0.0338852
0.0679968
0.0524287
-0.0397027
0.0382571
0.0222846
-0.0549742
0.0317858
0.0722439
-0.0443515
-0.0923478
0.0695882
0.0471536
0.036844
0.0412539
-0.0563936
0.0709978
0.0310806
0.0339704
-0.112358
0.0684783
0.0602567
0.044064
-0.104522
-0.0451951
0.033782
0.0240545
-0.106779
-0.0687889
-0.029871
-0.108217
0.00546633
0.00468411
-0.040789
-0.0691749
0.0480664
0.0445018
0.0493574
-0.106173
-0.0422931
0.0829204
0.0523542
-0.0786794
-0.0652234
-0.0723893
-0.0269772
-0.0363875
0.0498927
0.0781999
0.0497954
0.0204097
0.0530899
-0.0430627
-0.0703157
-0.0155259
-0.0385094
-0.0871919
-0.015088
-0.0239569
-0.0434924
-0.00765861
-0.0805745
0.0613454
0.121286
-0.0259091
-0.0730224
-0.0601331
-0.0144263
-0.0469212
0.12376
0.0684751
-0.0658798
0.0854961
-0.0998041
0.0619736
0.00983222
0.0326581
0.0149163
-0.0111757
-0.0313385
-0.0453405
-0.0728
0.0842967
0.0155658
0.0471303
0.0850274
-0.0692755
0.0821712
0.00475002
0.0189233
0.0498072
0.0160956
0.0556936
0.0835798
-0.0827046
0.0103775
0.0769702
0.0609434
-0.0281314
-0.0874484
-0.0133554
-0.00129582
-0.0274006
-0.0525934
-0.0735917
-0.0674693
-0.0524558
-0.0726648
-0.0806282
0.0200191
0.0161947
0.0373285
0.0204105
-0.0547456
-0.0234548
-0.0624538
-0.0789282
-0.00565768
0.00232965
0.0600447
-0.0859805
0.000360409
0.0274638
0.0556884
-0.0505511
0.0657861
-0.0796901
-0.0268918
-0.0579718
-0.020988
0.0583266
-0.074304
-0.086245
-0.0298366
-0.0108466
0.0433164
0.000742191
0.0676886
0.0709666
0.0345716
0.0414788
0.00012598
0.071111
0.0842428
-0.0773163
-0.0786202
-0.0616673
-0.058151
-0.0656002
0.0777647
-0.0105857
0.0356944
-0.00104589
0.0691475
0.00103314
-0.0508745
0.0831598
-0.0542625
-0.0871153
0.0317117
-0.00787949
0.0559106
0.0660744
-0.00814693
-0.00333531
-0.0235629
-0.014547
-0.0522725
0.0692351
-0.0699159
0.0250014
-0.0128996
0.0223326
0.0349851
-0.0482631
0.0366083
-0.0579826
0.00602033
0.0443181
-0.0656585
-0.0645887
0.0170661
0.00296194
-0.052107
0.0155339
0.0659871
0.0741882
-0.0576451
0.0305684
-0.0489267
-0.0421854
0.0648669
-0.0686253
-0.0422584
-0.00522926
0.00385716
0.0560008
-0.0472
-0.0114511
0.0103076
0.044284
-0.0732347
-0.0683302
0.07649
-0.0569883
-0.0597682
0.0193285
-0.0736516
0.0542912
-0.0419627
-0.0578532
0.050433
-0.077346
0.0739312
-0.0731489
-0.037399
0.0267304
0.00224768
-0.0278797
0.0564487
-0.0212545
0.0084771
-0.033632
-0.0304684
0.0429192
0.0733994
-0.0582581
-0.0434404
-0.0244743
0.0658199
0.0790784
-0.0475819
0.05875
-0.0915082
-0.0480799
-0.0191478
0.120905
0.00331351
-0.0503183
-0.0702072
-0.0302556
-0.0291477
-0.0247284
0.0152668
-0.0717794
-0.047349
-0.00150151
0.00225057
-0.041093
0.0636444
-0.0410483
0.168527
0.0442932
0.00289094
0.0677639
0.0359226
-0.0186455
0.0555834
0.0920598
0.0061416
-0.0837237
0.0656309
0.0181859
0.0135082
-0.0341275
0.0395093
-0.0100736
-0.0344629
0.0268621
-0.0398328
-0.165766
-0.0888419
0.0203566
0.0120096
0.0848275
-0.0999469
-0.0358209
0.0714197
-0.0257094
0.0851211
-0.1309
0.0194485
-0.0652329
0.104615
0.0376541
-0.0644208
0.00199902
0.00753679
-0.0600328
0.0203647
0.100081
0.0374509
-0.0531147
0.0573983
-0.0809087
0.0759044
0.0429782
0.0678364
-0.0499384
-0.0137708
-0.0443568
-0.0276598
-0.0498338
-0.0172916
-0.0498126
0.0480425
0.022671
0.0375919
-0.0635071
-0.0678566
-0.052962
-0.0142456
-0.0132294
-0.0331537
0.00811279
-0.0462012
-0.0678313
0.0424874
-0.102966
-0.0131281
0.0520097
-0.0421404
-0.0850527
0.0757419
0.000132555
0.000299775
0.0616239
0.0355932
0.0153239
0.0548093
-0.0254558
0.063037
0.0268434
0.0662411
0.0678404
-0.0224078
0.0755358
-0.0690597
0.0624626
-0.165679
-0.136875
-0.0919283
0.0362428
-0.020909
0.00641736
0.0471655
-0.00164498
0.0887348
-0.0606366
-0.0307164
-0.134811
-0.00877361
0.0787204
-0.0847687
-0.0473812
0.00201389
-0.00140881
0.0880024
0.0871557
0.0689683
-0.0691099
0.0605349
-0.0510331
-0.0400689
0.0283427
0.0257368
-0.0794233
-0.0113125
0.0103346
0.0470758
0.0406381
-0.0360719
-0.0096193
0.0614009
-0.00500933
0.0565786
-0.0533298
0.0457228
-0.0538804
0.00620939
-0.0259449
-0.0529477
-0.0585212
-0.0322643
0.0156913
0.00526465
0.0334619
-0.0597281
0.0263187
0.0662143
0.0609708
-0.0767842
-0.0470147
-0.0548792
-0.0661728
-0.0511664
-0.0726659
0.0535495
0.0576112
0.0263738
-0.00975592
-0.042366
-0.0375229
0.0924
-0.0275717
-0.0209239
-0.0136204
-0.0291637
0.0162961
-0.0162842
0.0883833
-0.0172062
0.0278273
-0.0074568
0.0605215
0.0667177
0.0436861
-0.015737
0.0642485
-0.0183903
-0.0134396
-0.00398883
-0.0105374
0.0143046
-0.0513918
-0.0266166
-0.00782204
0.0737613
0.0437188
0.0379984
-0.0849225
0.0566893
-0.0784619
-0.0883899
0.0601342
0.0921537
-0.080871
0.0312211
0.00877694
0.0142995
-0.0158375
0.0872226
-0.0544149
0.0641835
0.00180784
0.0282263
-0.0756625
-0.0296568
0.0764318
-0.0224113
-0.0286953
-0.0308253
-0.0566956
-0.0810483
0.00221453
-0.0742582
-0.0858177
-0.0595689
0.00066715
-0.00862751
-0.0417307
-0.0395766
-0.0832503
-0.0296214
-0.0576501
0.0670296
-0.0883286
-0.0278026
0.0816649
-0.0412991
0.0102081
0.0291058
-0.0633267
-0.0227233
0.0159199
-0.0719473
-0.0826585
0.0656389
-0.0134734
0.00312214
0.0410319
-0.0524964
0.0206458
0.0318153
-0.0156867
-0.0257691
0.0034617
0.0760794
0.0881191
-0.00134651
-0.0553411
-0.0127333
-0.00203509
-0.0455735
0.00840512
0.0383108
-0.0515776
0.0352619
0.0613512
-0.0288598
-0.0248108
0.0515894
0.0751615
-0.0528078
0.031348
0.00867081
-0.0325405
-0.0515377
-0.0696534
-0.0682127
-0.051283
-0.109576
0.0181669
-0.0831343
0.0378281
-0.0960222
-0.0661385
-0.0684702
0.0405447
-0.00852068
0.0369052
0.0550095
-0.0822456
0.043622
0.0536181
-0.0912792
0.00449
0.0712067
0.0762413
0.0248001
0.0631431
0.133102
-0.0752931
0.0104326
-0.0120667
-0.0795402
0.166191
-0.0206737
0.0152801
-0.0982197
0.0281698
-0.0176144
0.0622657
-0.0362106
-0.0599578
-0.0682477
-0.0465804
0.0494599
0.0681929
-0.00602007
-0.0167586
-0.0462406
0.0307234
-0.0248833
-0.0457284
0.0376232
-0.0203313
-0.057103
-0.0172269
0.0271711
0.0705752
-0.066692
-0.0141351
-0.0560278
0.0375097
-0.00162753
0.0279315
-0.115351
0.0755699
0.0593526
0.0530634
0.0786719
-0.0573489
-0.0191822
-0.0417556
-0.119509
-0.0612791
-0.0131404
-0.049502
0.0927756
-0.0999264
-0.00545965
-0.0941569
-0.00514784
0.0393773
-0.0125131
0.00924144
-0.0176495
0.0119108
0.0290549
0.112725
0.0313576
0.0356982
0.0735098
-0.0740761
0.0392458
0.0286969
-0.0333327
0.0472232
-0.0628683
0.0729459
-0.108281
-0.00278206
-0.0482346
-0.0107234
-0.0812461
0.171905
0.147915
0.0239415
-0.0382796
0.0555627
-0.0410428
0.0643257
-0.0638719
0.0149475
0.0896456
-0.0730393
-0.0048147
0.0435916
0.0652999
0.0349944
0.0193124
0.075662
0.012939
0.00042648
0.079698
-0.0577123
-0.0134855
0.104452
-0.0488229
-0.0267541
-0.070478
0.106621
0.0690069
0.00815049
0.111372
0.0758878
-0.100343
-0.104471
-0.0310621
-0.0433202
0.00834309
0.0528189
-0.0812799
0.0327965
0.0453669
-0.0356654
0.024083
0.0368373
-0.033168
-0.0722394
-0.0804452
-0.110815
0.0172867
0.0651682
0.00465422
0.0793398
-0.0617458
0.0701568
-0.0569105
0.017189
0.0720457
0.0340813
-0.0288269
-0.0865605
-0.029273
0.0595748
0.0643642
-0.0335509
-0.00253443
-0.149495
-0.0734069
0.0168029
-0.0363457
0.0621307
0.0575361
-0.0250835
-0.0618517
-0.0184754
-0.00536998
-0.00592816
-0.0809818
0.0107996
-0.0658784
-0.0276464
-0.133237
-0.0123765
-0.0290713
0.0547851
-0.0417376
-0.0236257
0.0247006
-0.0279976
-0.0477125
0.0709785
-0.0591031
0.00687231
0.040845
0.0705089
-0.000693387
0.0127046
-0.037731
-0.0493182
-0.0860485
-0.0521763
-0.022609
0.0703128
0.00761505
-0.00116163
0.010316
-0.0197129
0.0362043
0.0788628
0.0273468
-0.0909867
0.0840543
-0.0608829
0.0831105
0.113753
0.0191076
-0.0408222
0.0432006
-0.0150071
0.0113402
-0.023778
-0.0384528
0.030625
0.0520347
0.00658621
-0.027178
-0.0141477
0.108514
0.0670907
-0.064294
0.0426759
-0.027587
0.0514805
0.0978785
0.0604026
0.0622514
0.0192188
-0.0570206
0.0246192
0.0935202
-0.107832
-0.0302697
0.0578503
-0.0602636
0.0253077
0.065899
0.0548025
-0.00882316
-0.0813851
0.102261
-0.0413456
-0.0201094
0.0404978
0.044032
0.0873104
0.0233279
0.0384863
0.0991799
-0.0425927
-0.00815736
0.0080051
-0.0166037
-0.0446094
-0.00512313
0.0772122
-0.0700545
-0.0328613
0.00773777
-0.0635806
-0.0489558
0.045087
-0.00239067
-0.0218101
0.0494975
-0.106338
-0.0610659
-0.0331334
-0.0549632
-0.00344926
-0.0136139
0.0767198
-0.00797781
0.00995194
0.0134771
-0.048457
0.0731693
0.00782461
-0.0105089
-0.07773
0.0690764
-0.0361442
-0.0671934
-0.0523126
0.0597561
-0.102677
0.0450549
-0.0433385
-0.0986083
0.00064931
0.0276361
0.0905051
0.0777111
-0.0537411
-0.0219629
-0.0835804
-0.0678616
0.0473321
0.0713579
0.0360362
-0.125127
-0.0345185
0.0622721
-0.0464767
-0.00512362
-0.0813608
0.0163284
-0.0353501
-0.053656
0.0724702
0.0485027
0.00369343
0.00112318
-0.0395349
0.0157275
0.00981412
-0.10131
-0.0865407
0.0213854
-0.0796339
0.0683199
0.0254718
0.0230635
0.00307746
0.00934498
-0.0302713
0.0831811
0.0612376
-0.0500097
-0.013671
0.106866
0.07032
0.0814179
0.0979155
-0.00809129
-0.0533016
-0.00733055
-0.0730736
0.0921899
0.0201049
-0.0331565
-0.080682
-0.0200242
-0.0223295
0.0298178
0.0180405
0.00681665
0.0830502
-0.0396022
-0.0330085
0.0640582
-0.0246581
0.0139032
-0.0639439
-0.0685876
-0.0627977
-0.068388
0.0319987
0.0781906
0.0225181
-0.0512399
-0.0475397
0.0460455
-0.0765149
-0.0173973
-0.062478
0.0257155
0.0419548
0.057907
0.0742584
-0.0153653
0.0733711
-0.0221316
-0.0648165
-0.043268
-0.0780367
-0.0577039
-0.0658639
-0.0189942
-0.0393007
-0.00267192
-0.0339885
0.0056703
0.0345051
-0.0677612
0.0755371
-0.0693864
0.0723409
0.0554327
-0.0918855
0.0164177
-0.0203135
0.0993477
-0.0182477
-0.0180456
0.0209868
-0.0187921
0.0915142
-0.0111477
-0.072015
0.0479594
-0.0304337
0.0326646
-0.0896155
0.0126064
0.04741
-0.0720618
0.176696
-0.0398216
0.108333
-0.0959778
-0.0338031
-0.0290434
0.0438153
-0.0804454
-0.0659999
-0.0801787
-0.0103184
0.0693964
0.0757806
0.0581571
-0.0273751
0.0343366
0.0172846
0.0459154
0.0632163
-0.0710401
-0.0186753
-0.111037
-0.0633835
-0.0364647
-0.0886636
-0.0383936
0.0523452
-0.0791073
0.0604334
0.0513444
-0.0248816
-0.0631915
-0.0731349
0.0251181
-7.00052e-05
0.0667284
-0.073159
0.111255
0.0643261
-0.102326
-0.0216399
-0.0494518
-0.00413574
-0.0609735
-0.0530867
-0.046126
-0.0800215
-0.0511516
0.010671
0.0583985
-0.0803965
0.0463696
0.0125278
0.0971258
-0.0745866
0.0041243
-0.0315954
0.0617515
0.0456368
0.185673
0.021395
0.0529966
0.0766102
0.00224514
-0.0570841
-0.02204
-0.0337806
-0.0915102
0.0633188
0.0445261
0.177064
0.0686035
0.0323011
-0.00805116
0.0548872
0.0572022
0.0745624
-0.0930151
0.0652432
-0.00201161
0.0426184
0.0405471
-0.0146321
0.0697717
0.0738255
0.0627365
0.0988941
0.126381
-0.0418393
0.0525789
0.00517833
0.000402745
0.0267178
-0.0534964
0.0176762
-0.123298
0.0776012
0.0532224
-0.280352
-0.334769
-0.00492226
-0.230608
-0.0598123
-0.50013
0.0143261
-0.240007
-0.0459871
-0.0866904
-0.0782068
0.0233737
-0.0489214
0.0246124
0.0250571
0.0385812
0.00745557
0.0239504
0.00630355
-0.0145086
0.395183
-0.0153047
0.147623
-0.0736259
0.0439571
0.517152
-0.0580784
-0.131875
0.192172
-0.0997371
0.856109
-0.0234122
0.596804
-0.0743931
-0.0780976
0.0722312
0.631007
-0.10847
-0.133416
0.0848355
-0.0366057
0.0734137
0.06638
-0.0357817
0.680293
0.0464092
-0.0775427
-0.11024
0.0456513
-0.0230597
0.15827
-0.518792
0.0318755
-0.0134958
0.0515439
-0.00459823
-0.0416843
-0.176275
-0.0662403
0.0830251
0.0583568
-0.184038
0.114532
-0.0541543
-0.105104
0.129388
-0.237438
0.163822
0.00739275
-0.621367
0.0355694
-0.0608343
-0.0411038
-0.0629765
-0.177203
0.0594969
0.0705732
-0.0685307
-0.148372
-0.106515
0.0382415
-0.0196042
0.0414981
-0.10632
0.0840389
-0.0733986
0.127722
0.472775
-0.0598097
0.764523
0.729591
-0.000572614
0.321191
-0.151033
0.144896
-0.111914
-0.110521
-0.424102
0.0357285
-0.0391728
0.500682
0.646513
0.117877
0.0963761
-0.0165947
-0.173603
0.14992
-0.0408126
-0.0315145
0.0675111
0.0478093
-0.0844958
0.0848044
-0.0357106
-0.00888449
-0.0623472
0.0294697
-0.0157136
0.0162888
-0.07674
0.0702304
-0.0727427
-0.0183216
0.0121212
0.0558315
0.0194087
-0.018805
-0.0387994
-0.00144892
0.0595028
0.0384564
0.0323583
0.0110089
-0.0374086
-0.0690396
0.0388303
-0.00724174
0.0448299
0.0475364
0.029946
0.0590459
0.0212702
-0.0360183
0.0072091
0.060966
-0.0746742
0.075146
-0.00754486
0.021618
-0.0263878
-0.00208899
0.0304297
-0.0592492
0.0454031
-0.0794695
0.0211525
0.0270576
-0.0775808
-0.00889023
0.0257356
0.0540433
-0.0573691
-0.00971181
-0.0819674
0.110768
-0.027247
-0.00753372
0.0547933
0.0324153
0.0174786
0.0561224
0.0632691
0.05213
0.0321204
0.0725696
0.085409
0.0250988
0.0716652
-0.0669494
0.0749279
-0.00351882
0.0741073
-0.0161536
-0.0776266
-0.0591133
0.0533664
-0.0150942
0.0707725
-0.0790193
-0.084675
0.0682616
0.0862943
-0.0403268
0.0152261
0.0300796
0.0359714
0.0513345
-0.0941966
-0.0729329
-0.0139398
-0.028264
0.0815003
-0.0481375
0.000899126
-0.0301801
0.0474311
-0.0249353
-0.0505326
0.000645131
0.00940079
0.0570143
0.0821182
-0.0662726
0.0655034
-0.0532404
0.0516673
-0.00928488
0.00736506
0.0477304
-0.033078
-0.00185601
-0.0758501
-0.0695956
0.0268208
0.0179601
0.0377943
0.0635815
-0.0888759
-0.0484807
0.0624105
-0.0543833
0.0842307
-0.0024438
0.0533975
-0.0219645
-0.0395337
0.084342
-0.0412099
0.0534999
-0.0195846
-0.0299489
0.0380882
0.0813764
0.0575792
-0.00731318
-0.0481797
0.074494
-0.0413383
0.0150303
0.0717129
-0.0124349
0.0630642
-0.0730982
0.0725933
-0.0327529
0.0527113
-0.0415324
0.0573217
0.0363595
0.0512754
-0.0657187
-0.0330097
-0.0419036
-0.0201062
-0.0727221
0.0130731
-0.0620546
-0.0163057
-0.0452359
-0.0736488
-0.00984297
-0.069593
0.00468905
0.0700155
0.0441348
0.00855627
-0.0497648
-0.0456289
0.0480487
-0.0674949
0.0585784
0.0128434
0.0233031
0.0182017
0.0781852
0.0111643
-0.0330377
0.0414827
0.00435181
0.0076101
-0.0564947
0.0184389
-0.065609
-0.0182514
0.0526336
-0.0411992
0.0643444
0.0123121
0.0726784
0.0845652
-0.00315581
-0.0694707
0.0144913
-0.0855456
-0.0497774
-0.0603971
0.0485976
0.0195037
-0.063363
0.0591892
0.0420053
-0.0738314
0.0671996
0.0289299
-0.0578696
0.0758739
-0.00851703
0.00929463
-0.0358877
-0.0751316
0.0109923
0.0843869
0.0291314
0.0810095
-0.0561915
0.0230482
-0.0766109
-0.0278838
-0.00654153
-0.00448965
-0.0107361
-0.0776046
0.0772207
0.000602934
-0.0320582
-0.0380419
0.0586877
0.016996
0.0527774
-0.030122
-0.0292571
0.0489408
0.0106259
0.0194044
-0.0807575
-0.0172713
0.0700987
0.0334428
0.0500846
-0.0445619
0.0244293
-0.0626225
0.037
-0.0184435
-0.010375
0.0449787
0.0674464
-0.0741884
0.0502918
-0.0854888
-0.0660353
-0.0496119
0.0467019
-0.0773209
0.0113625
0.058832
-0.00313062
0.00974748
-0.0304174
0.0626902
-0.0599927
0.0339434
0.0958949
0.0208015
-0.0807477
-0.0156145
-0.0310699
-0.00408841
-0.00960894
-0.0414628
-0.0197504
0.0191363
0.0691968
0.0311749
-0.0532024
0.10857
0.0508934
-0.0256612
-0.0439263
0.0311159
-0.0733797
-0.0854866
0.0104981
0.0171066
-0.0248632
0.0379429
-0.0534483
-0.000145109
0.0150432
0.0761958
-0.113484
-0.092003
-0.101545
0.0783794
-0.054484
-0.0712667
-0.0590775
0.018093
-0.0467254
0.0177744
0.028311
0.0184645
0.0710736
0.0227276
-0.063023
-0.0410546
-0.0647843
0.01375
-0.086348
0.0401444
-0.128795
0.0829694
0.0358185
0.0638111
-0.00868882
-0.070323
0.0581838
0.0740478
0.0856643
-0.00328353
0.0686896
0.0717315
0.00878475
-0.072698
0.0407264
-0.0657355
-0.0597829
-0.0224805
0.0385137
0.043618
-0.0989155
0.0545086
0.0603574
0.0935085
-0.0599409
0.0337327
-0.00335405
0.0140025
0.0499099
-0.044331
-0.0990699
-0.0221302
-0.0486779
-0.0666885
0.0761471
-0.00897819
0.0279384
0.0880361
-0.0765412
-0.00392988
-0.104516
-0.0462829
0.0693217
-0.0876336
-0.03622
0.0837871
0.0545247
-0.00735579
0.0930544
0.064447
0.000767038
0.0749793
0.0450264
0.125665
0.0921779
0.00553316
-0.0812003
0.0718858
0.00537955
-0.0757424
0.0582063
0.112042
0.0407644
0.0353308
0.00864242
-0.0107162
-0.0589179
0.101102
0.0318388
0.00958601
0.0751607
-0.053604
-0.102734
0.0690449
-0.0391308
0.0840413
-0.00823517
-0.00101382
0.0486828
0.0464349
-0.0550683
-0.0887918
0.0137807
-0.00305905
0.0231981
-0.039997
0.0164793
-0.0761802
0.000206833
0.0936583
0.00634421
0.0116785
-0.0699397
-0.0835002
0.0529104
0.109851
0.0258169
-0.123075
-0.0465483
-0.00420046
-0.0251588
0.0589468
0.0795802
0.0656127
0.00578193
0.0180855
0.0716299
0.00123403
0.0800711
-0.07496
0.00273528
-0.0754903
0.115171
0.0313006
0.088969
0.0418296
0.07665
0.100746
0.00116012
-0.0178924
-0.0423237
0.0986426
0.125804
-0.00640932
0.0981998
0.0218255
0.0220878
-0.0440369
0.133263
-0.0659561
-0.0512364
-0.0366131
0.067239
-0.048649
-0.0153944
-0.0197366
0.104797
0.0961467
-0.0170321
0.0938723
-0.080646
0.0676038
0.0516712
0.0438465
-0.0074264
0.0537319
-0.0452169
0.0616963
0.0741232
0.0596662
0.00544356
0.0271359
-0.0805637
-0.0938123
0.106455
0.030811
-0.0102166
-0.0485426
-0.0472494
0.054805
0.0688873
-0.126567
-0.015105
-0.00873088
-0.000158065
-0.0190015
-0.00539446
0.0150697
0.0345501
0.0683093
-0.0622731
0.0298898
-0.0624463
-0.0140098
-0.0414929
0.0732768
-0.0293926
-0.0175589
0.0310025
0.0997994
-0.0471613
-0.0100613
0.128217
0.0522043
0.00420164
-0.0775342
-0.0407015
0.0514836
-0.00623268
-0.127544
0.0214956
-0.0528665
0.101165
0.00685522
0.0706802
-0.00370632
-0.0296998
-0.0235203
-0.0760433
-0.0253654
0.0176446
-0.00232559
0.0482234
-0.0381447
-0.0633631
0.045354
-0.0736821
-0.0729121
-0.0487625
-0.0680299
-0.0344399
-0.0452401
-0.00134337
0.023439
0.0456953
-0.0505049
0.0263061
-0.0529558
-0.0615154
0.0756862
-0.0263225
-0.00288569
0.0578276
0.0266869
0.0115452
0.0527262
0.0369562
0.0132385
0.057323
0.0376722
0.00807287
-0.0123142
0.0714086
-0.0341391
0.095431
-0.075218
0.0529303
0.0467257
-0.0737074
-0.0548493
-0.0290492
0.0380388
-0.00149167
0.0844818
-0.0621039
-0.0263802
0.0319807
-0.0477493
-0.070925
-0.0343644
-0.0261085
0.0382808
0.0368446
-0.0020128
-0.0573639
0.0896481
-0.053939
0.0250557
-0.0460958
-0.0839257
-0.0163644
-0.0274344
0.0778359
-0.0572711
0.0413895
-0.076183
-0.0822583
0.0369544
-0.0579903
0.0262774
0.0296627
0.0560456
0.0135898
0.0305317
0.0718722
0.080287
0.0751937
0.065837
0.0498107
-0.0653488
-0.0799472
-0.0237598
0.078335
0.0111478
0.0467642
0.00915607
-0.0151258
0.00865029
0.0419581
0.064185
0.0618656
0.0591785
-0.0139311
0.0715846
0.0141667
0.0683
0.0634431
0.00995593
0.0497158
0.0598955
0.0408196
-0.0461454
-0.0209639
-0.0872784
-0.0849173
0.00615822
-0.0760461
-0.00497875
-0.0528412
-0.0279486
0.0201746
-0.0406074
-0.0635957
-0.0266307
0.0121857
0.0639079
-0.0172015
-0.00486467
0.0627792
-0.0379778
-0.0813633
0.0292774
-0.0133822
-0.0814277
0.0705542
0.0553233
0.0407695
0.0671779
-0.0502509
0.0279303
0.0654973
-0.0409271
0.0954176
0.0430525
0.0764727
0.0348456
-0.00837766
0.0875381
0.0673047
0.103516
0.0812855
0.0630876
0.0899965
0.0566934
-0.0273678
-0.0990127
0.00901992
-0.00467932
-0.018225
0.132469
0.0673809
-0.115187
-0.0745861
0.0267847
-0.00115837
0.046606
-0.0515291
-0.0898384
0.0417432
0.0193791
0.0456697
-0.0792694
-0.010625
0.0789159
0.0613793
-0.0505385
-0.0717368
0.0653804
0.00743219
-0.00858946
-0.00285389
-0.0586822
0.0481937
-0.0330089
0.0922405
0.060562
0.0210469
0.0268546
-0.0876829
-0.00141284
-0.106321
-0.0535752
-0.0871231
-0.0695026
-0.115336
-0.00606603
-0.0189311
-0.0421763
-0.0742
-0.0324773
0.0233035
-0.0862311
-0.0706656
-0.0632981
0.00670511
-0.00680229
-0.0147535
-0.0417777
-0.0948561
0.0272735
-0.0154814
0.0263984
-0.0149628
0.00123305
0.0459007
-0.0664377
0.0746994
-0.0588871
0.00925155
0.0953507
0.0415164
-0.0210898
0.0364952
0.0931088
0.0717045
-0.102877
0.0346648
0.0703673
0.00677689
0.0418839
-0.022973
-0.0322409
-0.0375027
0.0124393
-0.085294
0.0424616
0.01692
-0.045937
-0.0781051
-0.0275608
-0.025034
0.0601572
0.00140268
0.0378168
-0.0452543
0.00262876
-0.0564396
-0.0572228
-0.0990186
0.0432055
-0.105935
0.0763564
-0.0342912
0.000449879
0.0308512
0.150524
-0.0220941
0.0576872
-0.0368015
-0.0868932
-0.00607769
0.033477
-0.0369922
-0.0621337
0.0106887
-0.0985292
-0.0100828
-0.0609359
-0.0117624
0.0740326
-0.025749
0.0486011
0.0568776
0.0202536
-0.0871052
-0.0396527
-0.0659806
0.0399142
0.0470553
0.0322562
0.0151796
0.0472179
-0.0280677
0.0859051
-0.0536717
0.0151593
-0.0662748
0.0350913
0.0730365
0.0271911
0.063569
-0.0482908
-0.0362079
0.0471918
-0.0561486
0.0479717
-0.0505403
-0.0845861
-0.0344335
0.0711699
-0.0227475
0.0342538
0.086301
0.0187613
-0.0702493
-0.0044896
-0.0645198
-0.0132187
0.00311622
-0.018575
-0.0838886
0.0359551
0.0711684
-0.0143854
-0.0370467
0.0866017
-0.0398208
0.0288704
-0.00357895
0.0792243
0.00175226
0.0639703
-0.00465281
-0.0121787
0.0103919
0.0651307
-0.0197326
-0.00310109
0.0517741
0.0739102
0.0560681
-0.0787568
0.0434074
-0.0125043
-0.0324205
0.012599
0.000660982
0.0926127
-0.064008
0.0156746
-0.0405785
-0.0714339
0.00543535
0.022841
0.0622753
-0.0460016
0.0659863
0.0607356
-0.0332199
0.0704525
-0.00883441
0.0199645
0.0095647
-0.0453383
-0.0215474
0.0135556
0.0382601
-0.0288031
0.0746563
-0.0127157
0.0130443
-0.044689
0.0355646
-0.0153167
-0.0522499
0.0405332
-0.0846029
-0.00415589
-0.0431316
-0.0108552
-0.0852813
0.0166848
-0.083179
-0.00410453
0.0704956
-0.0499773
-0.0139987
-0.0667725
-0.00424177
0.0100569
0.0213855
-0.0188274
-0.0266546
0.0199321
0.0828952
-0.0123335
-0.0569881
0.00270849
-0.0202798
0.0130779
0.0526744
-0.0371055
0.0456046
0.0242983
-0.0835926
-0.064035
-0.0466401
-0.0156965
-0.0644139
0.0603671
-0.032762
-0.0759468
-0.0549213
-0.108923
0.041509
-0.0598481
-0.0513222
0.079157
-0.101614
0.0879742
-0.0168448
-0.0665485
0.00332771
-0.120573
0.0875411
-0.0398083
0.0474565
0.0840669
0.0579426
-0.0373642
0.0637129
-0.0159101
-0.0462156
-0.0326497
-0.00917419
-0.0211567
0.0739844
0.074408
0.0161328
-0.0469535
0.0849562
0.0539643
0.00175319
0.0442494
0.0161592
0.0762376
-0.0717775
0.0871921
0.0517829
0.00605185
-0.0964341
0.00727451
-0.0781401
-0.015245
0.0701939
-0.0189727
0.0127228
0.0400966
-0.0790825
-0.000354988
0.0504155
-0.0394172
0.0665491
0.0498983
0.0955862
0.00854411
0.0240786
0.0392576
-0.051336
-0.0305985
-0.0435349
0.0177249
0.0398225
0.086704
-0.00229529
0.0392496
-0.0730496
-0.0529301
0.0588436
-0.0601042
-0.0527394
0.0411102
-0.0442716
0.0661615
-0.0289775
0.0508979
0.0459753
0.010997
0.0544062
0.0326971
0.0295167
0.100269
0.0875747
-0.00245068
-0.0541108
0.0714795
0.0309202
0.057981
-0.0306964
0.0309758
0.00699887
-0.0438315
-0.0957911
-0.0565814
-0.0256963
-0.0582935
0.033998
-0.0266869
-0.109255
0.0162641
0.0434281
-0.0506992
-0.0594883
0.00557389
-0.0324813
-0.0462274
0.0241692
-0.0713067
0.00990397
0.0565664
-0.0494723
-0.0853921
-0.105174
0.0474804
0.0395119
-0.0127543
-0.0317729
-0.085026
-0.0234797
-0.0145791
-0.0949105
-0.0188578
-0.0401548
-0.0118088
-0.0407905
0.0431309
0.000850127
0.0113424
-0.0168171
-0.00542474
-0.0176021
0.0524914
0.0734368
0.022172
-0.030407
0.0454808
0.0420181
0.0584419
-0.0484747
0.051422
0.0356356
-0.00434066
0.0330217
0.0367303
-0.0319557
-0.00704487
0.0862119
-0.0676356
0.0666281
0.0885089
0.0660852
0.0604943
-0.0245662
-0.0335138
0.060546
0.0530506
0.100326
0.0612481
-0.0407863
-0.0792813
0.0949477
-0.0978396
-0.0164562
0.0201843
0.0860774
-0.0675094
-0.0589453
0.0611451
-0.0019966
-0.0172973
-0.0568477
-0.0246683
0.0675745
0.00453256
-0.0654097
-0.0760075
-0.0420281
0.0333531
0.0205208
-0.0142248
-0.0709353
-0.0258417
-0.0476135
-0.0470968
-0.0585851
-0.0506645
-0.0471932
0.0159658
-0.0862066
0.0107693
0.045102
0.0522668
0.0182094
0.011778
-0.0653401
-0.100041
0.0361152
0.0759239
0.0161824
0.00432768
0.0648232
-0.0451251
0.0221892
-0.0559856
-0.0564406
0.0239117
-0.0503535
-0.0857316
0.0385052
0.0522567
0.000375662
-0.0587523
0.00340927
-0.0795068
-0.0553624
-0.00914054
-0.0609358
-0.104052
0.0186796
-0.0545765
0.0369615
0.0347828
0.0719197
0.0543164
0.0129231
0.0458414
-0.0265234
-0.073043
0.0825559
-0.0555486
0.043873
0.0330484
-0.076986
-0.0529803
0.0875611
-0.0495296
0.0563379
-0.0547175
0.0194053
-0.0775943
0.0487976
-0.0173506
0.026034
-0.0312913
0.0419647
0.0338842
0.0367333
0.0765844
0.0475958
0.0244675
0.0538061
0.070336
-0.0297434
-0.0681226
-0.0322381
-0.00915245
0.0862187
-0.0878716
-0.0732854
-0.10909
-0.0187801
-0.121511
-0.089681
-0.00364135
-0.0430597
0.0515202
-0.0861868
-0.00975418
-0.0770848
-0.0616238
-0.0417506
-0.0589714
-0.0750733
0.0433304
0.116787
-0.0831693
0.00147398
0.0484113
-0.0309637
-0.0702521
0.0895349
0.0247841
-0.0172571
-0.00795549
0.0958238
-0.0438623
0.118553
0.00206371
0.129234
-0.0566548
0.0851143
0.00327453
-0.0856332
0.0131129
-0.0666594
0.10705
-0.080907
-0.0385642
0.056852
0.0503494
0.000118032
0.0603291
-0.00211046
0.0901868
0.0375498
0.0889346
0.070851
0.0677775
0.00187757
-0.0380803
0.0222774
0.0207052
0.015823
0.0164316
-0.104711
-0.0270923
0.030396
0.0958093
-0.0545038
0.0478245
0.0251133
0.102481
-0.0144258
-0.0549056
0.0370125
-0.061639
-0.0383183
0.00899798
-0.0551398
-0.0961716
-0.0261887
0.0373361
0.0291343
0.0124395
-0.0408678
0.0424803
0.011765
-0.0247044
0.0868995
0.0190502
-0.0733884
-0.064215
-0.0560164
0.0144382
0.0352787
-0.13353
0.0200307
-0.0997861
-0.11973
0.0217257
0.0934968
-0.0611579
0.0613298
0.0913956
0.022927
0.0995492
-0.0612726
-0.0758955
0.0271234
0.0731279
0.0141818
-0.0847084
0.0872357
0.0551062
0.0993165
0.00255507
-0.0810805
-0.0989898
-0.100113
0.0209804
0.0456227
0.0811127
-0.0396628
-0.0923366
0.0903757
-0.0743485
-0.105631
0.123591
-0.0095631
-0.114982
0.138096
0.00733986
-0.0544577
0.0259608
-0.0678574
-0.00152891
0.0230257
0.00220558
0.0661681
-0.0191592
-0.0314269
0.0306207
0.0474358
0.0531236
0.0157145
-0.00997238
0.0332735
0.0283132
-0.068233
-0.0792816
-0.0309974
-0.0535389
-0.00729355
-0.0700669
0.00990255
0.0523664
0.0674955
0.0695077
0.042628
-0.0660607
-0.0064719
0.0899233
0.0629248
-0.0661063
-0.0107431
-0.0832318
-0.0299106
0.0563941
-0.00103835
-0.0325045
-0.0831422
0.0158619
0.0754609
0.0318868
-0.0570001
-0.0420893
-0.0876823
0.0361017
-0.0336469
-0.0108257
-0.0529767
-0.0488063
0.0291134
-0.0809404
-0.00833241
-0.070021
-0.0204209
-0.00268962
-0.0234044
0.0622271
0.0555407
0.0522003
-0.0899731
0.00547973
0.0859337
0.0290639
0.0614434
0.0231528
0.0151578
0.0653648
0.00151995
0.00108359
0.0440194
0.0467078
0.0628898
-0.01245
0.0675652
-0.042929
0.00928103
-0.0411065
0.0279489
0.092234
-0.0538135
-0.0369057
-0.0255562
0.0844368
-0.0302557
0.0620545
0.00764628
-0.0420494
-0.0223789
0.0278394
0.0391458
-0.0539103
0.0264424
0.00638869
-0.0146233
0.0419474
-0.00434141
-0.0196582
0.0203804
-0.0611823
-0.0240844
-0.0241123
0.0242424
0.0080124
0.0308002
0.0409741
0.0760821
0.0390067
0.00335526
0.050123
0.0541562
-0.0868906
-0.0892892
0.0442583
-0.0481529
-0.028034
-0.096078
-0.00973062
-0.0475316
-0.0639765
0.0377654
-0.0147695
0.0192997
-0.0167807
0.0684126
-0.00952551
0.0165792
0.0209137
0.0741098
0.0874673
0.0651987
-0.0581897
0.00150962
-0.0806213
-0.065076
-0.0270476
0.0444879
0.121157
-0.0233952
-0.0838588
0.111587
-0.0607315
0.142749
-0.108457
0.0495191
0.247906
0.0449394
-0.0402401
0.0693955
-0.0260147
0.0868944
-0.0313914
-0.0319557
0.0586052
0.00115667
0.00858448
0.061459
0.0706641
-0.00426744
-0.0337485
-0.0724494
0.0413222
-0.0130148
-0.061221
-0.145013
0.0534831
-0.0538075
0.0116556
-0.0299794
-0.0290625
-0.0789089
-0.123096
-0.0185304
0.0842307
-0.136636
-0.0206877
-0.0658008
0.0252245
0.129399
0.0407927
-0.101476
-0.0649653
0.0804287
-0.0993242
-0.0958372
-0.0767687
0.0391752
0.0871963
0.092142
-0.0947688
-0.0878978
-0.0908999
-0.025088
0.11247
0.0471749
-0.0473012
0.0558324
-0.0109576
-0.025685
0.0501575
-0.0526876
-0.0208673
-0.0502063
-0.0138417
-0.162687
0.0877456
-0.0181772
-0.0576737
0.0299734
-0.0399786
0.0052602
-0.0103747
-0.066771
0.151983
0.0511357
0.00929669
-0.0383329
0.0924432
-0.0258229
0.119958
0.0960181
0.0335811
-0.00500444
0.0552303
0.0349546
0.00676977
-0.0605345
0.0115721
0.0380186
-0.000106626
-0.0525866
-0.0638453
0.0121153
-0.119111
-0.0851764
0.0666275
-0.0359201
-0.105079
0.0765401
-0.0980567
-0.0685021
0.03361
0.0226773
-0.0111195
-0.212765
-0.104386
0.114785
-0.0475713
-0.0889957
-0.0546902
0.0719693
0.0479252
-0.0498632
0.00602108
-0.0083635
0.151247
0.0451928
-0.0808025
-0.0911264
0.0976935
-0.0104876
0.0958815
0.0449542
-0.0487302
-0.0850512
-0.0582811
0.125986
-0.0104381
0.0761537
-0.0469715
0.00328032
0.0744421
-0.0787896
-0.292057
-0.0694841
-0.0111679
-0.0609678
-0.124278
-0.127643
-0.0215673
0.0615441
-0.0957728
-0.00025657
-0.0951804
-0.0243385
-0.053845
-0.0335677
0.109823
-0.0122304
-0.052427
-0.067345
0.00320831
0.294202
0.0457655
0.00332099
0.0576476
-0.0247587
0.238009
-0.0415076
0.0218982
0.0405985
0.0137236
0.173745
0.058765
0.196077
-0.104692
-0.133435
0.0445244
0.176235
-0.0354995
0.0905468
0.0836006
-0.0911533
0.02667
0.0495385
0.0442405
0.0188546
-0.0155966
0.0973614
-0.034122
-0.042683
-0.0931385
-0.0826036
-0.04893
0.00870414
0.0233575
-0.00172171
-0.0179943
-0.0397701
0.00722031
0.0661202
-0.0432569
0.169754
-0.180591
-0.00806896
-0.0497039
0.0237774
0.0465379
-0.0876706
0.0850961
0.021604
-0.189656
0.113164
-0.0138158
0.0720538
0.00566424
-0.0430637
-0.0741237
-0.0548282
0.0286041
-0.00618096
0.0689716
0.0177015
0.0610627
0.0893828
0.0998997
0.0173367
0.0455072
0.141665
0.0918123
0.013489
0.309688
0.276494
-0.0336696
0.208606
-0.0293417
0.0876954
-0.0481334
-0.0243565
-0.160025
0.00352876
0.026049
0.24951
0.155144
0.0121635
0.0927863
-0.0041372
-0.0775548
-0.080233
-0.0905801
-0.0268886
-0.0972594
0.102248
0.0116061
0.119191
0.0767276
0.0417525
-0.0719443
-0.00727103
0.0223318
0.0725482
-0.106412
-0.0512792
-0.0770095
-0.108802
0.0389178
0.00507595
0.0520074
-0.0150883
-0.104744
0.051826
-0.0727308
-0.0399849
0.0880348
0.0747366
0.0548362
-0.037316
-0.00871478
0.0476286
0.00941627
0.015739
0.0876403
0.0812772
0.0449208
0.0981028
0.0122325
0.0397008
-0.0135862
-0.0164483
0.0292993
-0.0762094
0.00261962
0.0433784
0.0554071
0.074175
0.0049134
0.00370181
-0.0640773
-0.0886358
-0.0242888
0.0759
-0.01702
0.0625188
0.0280064
-0.0466722
-0.0245393
0.106391
0.0434449
0.0533146
-0.0670551
-0.0672604
-0.00355391
-0.105794
-0.0323635
-0.0386232
-0.072742
-0.041106
-0.0481196
0.061601
-0.0092619
-0.0545109
-0.0115742
0.0473621
0.0474347
0.0223188
0.027186
0.109236
-0.0152108
0.0657181
-0.0496793
-0.0245927
-0.0131776
-0.022565
0.0120683
-0.0118668
-0.0791017
-0.00597003
0.0400785
0.106934
-0.0844939
-0.0346951
0.0446318
0.00444495
-0.00763518
-0.0215519
-0.125222
0.109883
0.0302459
-0.0941536
0.00270342
0.021143
-0.00588657
-0.0606543
-0.0675256
-0.12345
0.0291514
0.00927789
0.0613787
0.0452414
-0.032272
-0.0446766
0.0016694
-0.00434983
-0.0852252
0.0332323
-0.0539001
0.0553586
-0.0880327
-0.0984387
0.0145634
-0.0923046
0.0313158
-0.0401111
0.0271863
-0.0086756
-0.0441769
0.0646677
0.0939412
-0.0050494
-0.0419892
0.0908552
0.029041
0.00935084
-0.0413884
0.0342857
-0.0496066
0.0743689
0.0507877
-0.0740054
-0.0364754
-0.047472
-0.0233172
0.0247201
-0.0462345
-0.0887251
-0.00147175
-0.0403229
0.000495777
-0.000359855
-0.052892
-0.00676671
0.0699361
-0.0528463
0.0344962
-0.0616139
0.0669257
0.0374302
0.00715564
0.0338703
0.0851756
0.0411663
0.00585393
-0.079341
0.0751981
0.0386977
-0.0316975
-0.0390842
-0.0309358
-0.0670318
-0.0271886
0.0776857
0.0691216
0.0460014
0.059513
-0.060283
-0.0567536
-0.0510368
-0.0163917
0.0704731
0.0659199
-0.00435808
0.0228457
0.0154008
0.0821341
0.0180625
0.0812589
0.0105944
-0.0353271
0.0355278
-0.0277284
0.06564
-0.0802858
0.0616777
0.0260986
0.0548646
0.0427191
0.0369417
0.0532923
0.0562239
-0.0128816
0.00942735
-0.0378946
0.0606475
0.062209
-0.0440962
0.0905431
-0.0836478
-0.0486102
-0.0217162
-0.0388857
-0.0198706
-0.038362
0.0568511
0.0257439
-0.0485626
0.0403004
-0.0269795
-0.0413078
0.0369019
-0.0756638
-0.0376525
-0.0810733
0.0660882
-0.0841304
-0.0531247
0.0740046
-0.064012
-0.00771276
0.0155514
-0.00630407
0.0418207
0.0554905
0.00965345
-0.0464845
0.0616422
0.00596818
-0.0319923
-0.059437
-0.0238319
0.0323638
0.067672
-0.00271246
0.0208739
0.0204012
-0.00452404
0.0327074
-0.0243856
-0.0264013
0.0273948
0.061901
-0.0165885
-0.0427441
0.0786221
0.0349185
0.0724237
0.0129301
-0.0407948
0.0542688
0.101148
-0.0468981
-0.0314476
-0.0879838
-0.00375363
0.027639
0.0585892
-0.0689422
0.0872018
-0.0597091
0.0564746
-0.0622178
-0.0579483
-0.043823
-0.0782918
0.0547457
-0.0673769
0.00385672
0.0425022
0.0435998
-0.0134287
0.0773791
0.0315034
-0.00960267
0.0538533
-0.0224194
0.059218
0.0919873
-0.0767034
0.0336577
-0.0124273
0.0357014
0.0547914
-0.0869308
-0.0357389
-0.046536
0.0496216
-0.00498421
-0.0809605
-0.0622174
-0.057849
0.0138915
0.035917
-0.0439798
-0.0769785
0.0228614
-0.100237
0.00914568
0.02252
0.0575426
-0.0143455
0.0278708
-0.0239442
-0.0146668
-0.0128541
0.0905527
0.0464539
0.0790947
0.0451607
0.00246102
-0.0480617
0.00265263
0.0152666
0.0642612
-1.46676e-05
0.0814648
-0.0125614
-0.00117409
0.0377618
0.0873459
0.102523
-0.0815101
0.099214
-0.00526078
0.100443
0.0602652
-0.0560751
-0.0727497
0.02646
-0.0390605
0.020516
0.00913005
0.0810218
-0.0796971
0.143233
0.0694641
-0.0345151
0.045134
-0.0269949
-0.0531703
-0.057499
0.0614712
0.0892887
-0.114947
0.0384462
0.0153106
-0.0590162
0.0767707
-0.0354871
-0.0483311
0.021187
-0.0763361
-0.0456718
-0.0202452
-0.0939478
-0.0823274
0.0572377
-0.0816768
-0.0727656
0.00122619
-0.0118559
0.00437866
-0.0178182
0.0564996
-0.0524369
-0.0913819
-0.119947
0.0791665
-0.000970362
-0.023566
-0.0496712
-0.0914776
0.0833984
0.0648479
-0.0358143
-0.0103356
0.0922156
0.0255252
0.0562959
0.0616855
-0.0309098
-0.0513983
0.0344835
0.0761469
0.0683621
0.00620646
0.0584952
0.0365057
-0.0271785
-0.116539
0.0370401
0.0154476
-0.0142408
-0.00128944
-0.0307571
0.000326397
-0.118255
-0.145946
-0.0886372
0.0629101
0.0845556
0.0446311
-0.0819355
-0.0467588
-0.0616668
-0.106095
0.008298
-0.0489658
-0.0378945
-0.0834621
0.073462
0.0502621
0.0531895
-0.0404066
-0.0299603
0.0568908
0.0316179
0.0596282
0.082215
0.0727613
-0.0296896
-0.0535743
0.00604621
-0.0144048
-0.0122308
0.0341007
-0.0066864
-0.0242282
0.111119
0.0216085
-0.0748751
-0.0188643
0.0117195
0.0657486
-0.091244
0.0289732
0.0342139
-0.00708041
0.0131346
-0.0275304
-0.00194922
-0.0616051
-0.0714024
0.0550846
0.0589671
-0.025883
0.0105834
-0.0668188
0.0328207
0.077371
0.0905279
-0.0170154
-0.0619826
-0.0258696
0.0198428
0.0677143
0.0978066
0.055665
0.000463265
0.0910677
0.0118802
0.0569473
0.0730904
0.049088
0.00384298
-0.10047
-0.0694739
0.0751289
-0.061203
-0.08616
-0.0176586
0.0371194
-0.0057218
0.0829172
-0.0993946
0.0634902
-0.063715
-0.0210061
-0.0581218
-0.0844339
-0.0142319
-0.0230449
0.00536487
0.0360554
-0.015006
0.0695171
0.094429
0.0561364
0.0800059
0.0855357
0.0152295
-0.0675126
0.0402195
-0.129421
0.0707578
-0.0997211
0.0638339
-0.0442869
0.00551932
0.0715719
0.0135227
-0.0173139
0.0634215
-0.0842286
-0.0266331
0.0160982
0.113478
0.0013318
0.00428503
-0.00747298
-0.0381935
-0.041053
-0.045426
-0.0273204
-0.00621311
-0.0808828
-0.0508255
-0.0640658
0.053613
0.0250411
0.000553651
-0.0349387
-0.0348331
-0.0620566
-0.0525813
-0.0533991
-0.0299251
-0.0804051
-0.0465724
-0.0519197
-0.0603733
-0.00630096
0.0523855
0.0555036
-0.0466061
0.0495278
0.0199894
0.0595486
0.0380305
0.0172273
-0.0317796
0.0425976
0.0492377
-0.0873263
-0.0706771
-0.0111498
0.0595194
-0.0826439
-0.0140393
-0.0329601
-0.0145045
0.0245727
-0.0559158
0.0278077
0.0902211
0.00575646
-0.0667586
-0.0710487
0.0837888
-0.0623925
0.0634629
0.0611558
0.0758268
0.0143651
-0.0737429
-0.0279597
0.0448021
-0.00176354
-0.0341049
0.0852056
0.0551366
-0.0445755
-0.0816267
-0.0102227
-0.0709503
-0.0752711
0.0552375
-0.0464581
-0.0819238
0.00979113
0.0882683
0.0183395
0.062149
0.030241
0.0458691
0.0282551
0.0554702
-0.00913311
-0.06644
-0.0796501
-0.0409414
-0.0463535
-0.0583128
-0.0243583
-0.0274387
0.0330429
-0.0389033
0.0858505
-0.0874914
-0.0585263
0.082327
0.0769012
0.0521438
-0.0713918
-0.0378259
-0.016729
-0.0259224
0.0278149
0.0448586
-0.00626444
0.0467337
0.0490823
-0.00801859
0.0559401
-0.0353577
0.086057
-0.00165542
0.0232404
0.0383509
-0.0286164
0.00322765
0.0727019
0.0300088
0.0434743
0.0347071
0.0344912
-0.0406355
0.0137472
-0.0247888
0.0020331
-0.0161519
0.0295376
0.0676567
-0.0771546
-0.0670483
-0.0370621
0.0810847
-0.0420157
0.0683256
-0.0392565
-0.000359692
0.0604338
-0.0265263
-0.015143
-0.0284303
0.0417335
-0.0330962
-0.0795628
-0.0127946
0.0417835
0.0694071
-0.0426846
-0.0534482
-0.0124073
0.082628
-0.0856442
-0.0385206
-0.0236369
-0.030454
-0.0210201
-0.0668534
-0.0519669
-0.0439654
-0.0275677
0.0116381
-0.0266596
0.0328857
-0.00536215
0.0251609
-0.0196756
-0.0921977
-0.0407866
-0.0364138
-0.0543412
-0.0893478
-0.0790326
-0.0834699
0.041873
-0.0588379
0.0141335
0.0809035
-0.0266667
0.0634503
-0.0688456
0.0937872
-0.00181591
-0.014055
-0.0503905
-0.0478291
0.0387304
-0.0436445
0.0873129
0.00250982
0.0118609
-0.071919
-0.0513487
0.0717467
-0.0471506
-0.0606196
-0.0592389
-0.0578004
0.0595946
0.00765804
-0.00381508
-0.0512073
-0.0512932
0.0667445
0.0321631
-0.0709583
-0.0232695
-0.00777776
0.0375317
-0.0151345
0.0580223
0.0711619
-0.024234
-0.0497453
-0.0440498
-0.0931268
-0.0765524
-0.0506456
0.0241241
0.0145407
-0.0579469
0.0620725
0.066974
-0.0245718
0.0830718
0.0776858
-0.0247761
-0.0315832
-0.0654231
0.0653311
-0.0816281
0.0836978
0.0866689
0.0221262
0.0297662
0.0186761
0.0536184
0.0601869
0.0718114
0.0381475
-0.0799138
0.0693816
0.00366764
-0.071629
0.0872793
0.0665234
-0.0671447
-0.0704305
0.0363114
0.0924652
0.025535
0.0750986
-0.00906957
-0.0469203
-0.0453089
0.00878865
-0.0256186
0.0396281
-0.0475625
-0.0734715
0.0824253
0.0857129
0.00267214
-0.0355565
0.0830735
-0.0655047
0.0380209
0.0180868
0.0150847
0.0173137
0.0533391
-0.0615137
-0.0213847
0.0119205
0.0298778
-0.0611376
-0.00984868
0.0526058
0.0637743
0.0320825
-0.0248776
0.0519055
0.0123806
-0.063055
0.0940607
0.0198668
0.0623222
0.00349046
-0.0209091
-0.0391142
0.0747009
-0.0139204
-0.0766644
0.0109829
-0.0385723
0.0311594
-0.0917728
-0.000865954
-0.0716628
0.056517
0.0715844
-0.0323059
0.0271075
-0.0789194
-0.0746072
-0.0867581
-0.04511
0.0275591
0.011025
-0.0158318
-0.018154
0.0148619
0.0457197
-0.00640658
-0.00675901
0.0591941
0.0439142
-0.0370222
0.0399895
0.0280814
-0.00450588
-0.057103
0.00810349
-0.000829146
-0.0126783
-0.0469587
-0.0336355
0.0551586
-0.00259331
-0.00664378
0.0585141
-0.038154
-0.0847108
0.0423362
0.0560836
-0.0565008
0.0385485
-0.02467
-0.0397935
-0.0443164
-0.0325789
0.0160108
-0.00787246
0.0383775
0.0351225
-0.0289016
0.014909
-0.0317559
-0.0503217
0.0384415
0.0572144
0.0897424
-0.0341161
-0.00642137
0.0756823
0.048295
-0.0144128
0.0651835
-0.0977795
-0.0251727
-0.0876208
-0.0489935
-0.039184
0.0244842
0.0020092
-0.0545811
0.0493811
0.0379168
-0.0545393
-0.0251243
-0.0431751
0.0145995
-0.0765634
0.0850075
-0.0271182
-0.0152786
-0.0213637
-0.0839679
-0.0374102
-0.0389944
-0.0124496
-0.040416
0.0627766
-0.0657194
0.0836636
0.0798201
0.0104218
-0.0431579
-0.0683418
0.0683346
-0.0526187
-0.0145332
0.0645945
-0.0093449
0.000704197
-0.0902755
-0.0587319
0.0629018
-0.0833556
-0.0629055
-0.0355879
0.01044
0.0584785
-0.0404879
0.0540678
-0.070773
-0.0364774
0.0260439
-0.0279265
0.0235103
0.0651375
-0.0807592
0.0164566
-0.0349727
-0.0783752
-0.0177452
0.0167516
-0.0392907
0.0208992
-0.0117422
0.0386749
-0.0926431
0.0344236
0.0713664
0.0450919
-0.014052
0.0600772
0.079633
0.0471766
-0.0676777
-0.0475639
0.0353604
-0.0646869
0.051328
-0.0503461
-0.0778738
-0.0796216
-0.0222481
0.0020824
-0.061296
0.0264168
-0.0844842
-0.0743739
-0.0445118
0.0605907
0.057801
0.0428226
0.0931682
0.0383453
0.0914225
0.0170369
-0.0575488
-0.0652319
-0.0754847
0.0690139
-0.0175318
-0.00734699
0.0513206
0.0563293
0.0423772
0.0166196
-0.0210944
-0.0489478
0.0710281
0.0784407
-0.00371964
-0.0439449
-0.0355269
-0.0161152
-0.0732884
0.0713132
0.0133874
-0.0518117
-0.0934649
0.0171306
0.047347
0.0491028
-0.0728226
0.0633608
0.016022
-0.0368007
-0.0914909
0.00258991
0.0695097
-0.0458805
-0.0387551
0.053609
-0.0738189
-0.0640722
0.0636875
-0.0640319
0.00998005
-0.00341375
-0.0109013
-0.0700352
-0.00877685
-0.071635
0.0594302
-0.0666486
0.0553338
0.0585981
0.051239
0.00940179
0.0205367
0.0380308
-0.0597738
-0.0368539
0.0100385
0.0174007
0.041137
0.0542813
-0.000352577
0.037145
-0.0646093
0.0126908
-0.000289801
-0.0481639
0.0299341
0.0760109
0.0291982
-0.0187463
0.0416438
0.0402909
0.0376867
0.0594294
-0.0757724
-0.0100701
-0.0678995
-0.0158081
0.0153229
-0.00396983
0.080882
-0.0400559
0.0156873
-0.132395
-0.0287487
0.0307686
-0.0600917
-0.14559
-0.00737263
-0.0707991
0.0849037
0.0638078
-0.040413
-0.00407555
-0.0261938
0.0816331
-0.0891221
0.0398848
0.0127525
-0.0175688
0.0723615
-0.0528025
0.00275652
0.0414285
0.0271472
-0.0206994
0.045775
0.042555
0.0366323
-0.0978555
-0.0698009
-0.00964731
0.114224
0.0668013
0.0456369
0.0881712
0.0657679
-0.0905661
0.080523
-0.0699036
0.017816
-0.0817958
-0.0150955
-0.00660808
-0.0341517
0.0321284
0.102722
-0.0615659
0.0546467
0.0881629
0.0182408
0.0270746
-0.0574369
-0.0173639
-0.000224096
0.0829062
0.064219
-0.0183782
0.0534225
0.0692361
0.0205127
-0.0433932
-0.0835159
-0.0833802
-0.00800176
-0.00898228
0.0345528
-0.0271834
-0.0173484
0.0551428
0.056557
-0.0257505
-0.0278064
0.020132
0.060941
-0.0234758
-0.0691783
0.0295056
0.0367157
-0.052299
0.0650835
-0.0114718
0.0178641
0.0757576
-0.0662856
0.016622
0.0756416
0.014153
-0.0703088
0.0374655
-0.0884192
-0.000593879
0.112467
-0.00508123
0.00366725
-0.00669734
0.00180779
0.0901081
-0.0513857
-0.103071
0.042382
-0.0307362
0.111706
0.042038
0.094634
-0.0269125
-0.0687669
-0.0613471
0.0363322
-0.0633558
0.0765344
-0.0311827
0.0925422
0.0300256
-0.0256805
-0.116905
-0.0406002
0.0341095
-0.00873656
0.0945481
0.035048
-0.0230668
0.0603982
-0.0377339
0.103914
0.0758238
-0.0976256
0.0798115
0.0407636
0.0199235
-0.00720276
-0.238192
-0.119139
-0.0730497
-0.0171232
0.0341523
-0.0900853
0.0178573
0.0035533
-0.00130756
0.0907791
-0.113392
0.0136186
-0.0737586
-0.000945403
0.0705649
0.0135215
-0.0468553
-0.0944225
-0.0685385
0.209668
0.0658809
0.0205773
-0.0709667
0.0758495
0.164699
-0.120527
0.0224389
-0.0082758
-0.115954
0.0118825
0.0350339
0.180375
0.0356338
-0.000489265
-0.0557103
-0.0280242
-0.0312079
0.0629478
-0.0512281
-0.129652
-0.0956595
0.0462931
-0.0542257
0.0038014
-0.104582
0.0127785
0.0665336
-0.0366448
-0.155637
0.0763893
-0.0435969
0.0690601
0.0658773
0.0277792
-0.0464756
0.0357825
0.057226
0.11679
0.0882224
0.121832
-0.0296023
-0.0255643
0.00717756
0.0786499
-0.014044
-0.0384285
0.0788877
0.0427736
0.0316625
0.0962383
0.00346299
0.0882212
-0.0877483
0.00922287
0.0328429
-0.0157283
-0.0387177
-0.167507
0.00287679
-0.133878
0.0305378
-0.0385894
-0.0824146
-0.0935694
0.093707
0.00750973
0.0436174
-0.0453852
0.185659
0.257994
-0.0540765
0.0559274
0.0059377
0.0953618
-0.0964124
-0.0607613
-0.0304877
-0.0267922
-0.0297705
0.218095
0.0514787
-0.0603555
0.125264
-0.0373808
-0.0137413
-0.00838722
-0.0820848
0.0263795
0.00905372
0.00422794
-0.0737313
0.0541301
-0.010993
0.0582541
0.0833544
-0.0814749
-0.0736759
0.00237629
-0.0992793
-0.0874026
0.00245557
0.00500108
-0.0829972
0.0195034
-0.046207
-0.0261795
-0.0512027
-0.0509634
-0.0801727
-0.0143549
-0.0495934
0.0420632
0.0126107
0.0410463
0.028045
0.073112
0.0439117
0.00854443
0.0713367
-0.0295127
0.0856484
0.0122166
0.0254446
0.0352663
0.0143003
-0.0552426
0.0343775
0.0635306
0.0895354
0.0832714
0.051432
-0.0566801
0.0585573
-0.0746113
-0.0674877
-0.0521983
0.0767039
0.067997
0.00591424
0.135094
0.0776241
0.102013
0.0718989
0.136035
-0.102543
-0.0853981
-0.0651206
0.0780459
-0.0887914
-0.00774265
0.0641577
0.00721692
-0.0109633
-0.0301471
0.0201064
-0.0650992
0.0753857
0.00357431
-0.0532479
-0.0121948
-0.00584303
-0.00584984
-0.0163762
0.0765044
-0.0366337
-0.00979134
-0.0428555
-0.0989252
-0.0472496
0.0320588
0.0304294
-0.0616178
0.0501722
-0.13359
0.131131
-0.0256272
-0.126831
-0.0142818
-0.085486
0.057517
0.0903115
0.0411456
-0.0109206
-0.0779246
0.0691722
-0.0743763
-0.0401907
-0.0378779
-0.048146
0.0922388
-0.0129896
-0.0860016
0.0224035
-0.0990713
0.113329
-0.0372743
0.0982239
0.0851159
0.0815601
-0.00151472
-0.0234082
0.0696308
-0.0287109
-0.0532656
-0.0444316
-0.0692531
0.0714646
0.10567
0.0152288
0.0873896
0.0687146
0.0150776
0.00155467
-0.040031
0.00801745
0.0407457
-0.0544605
0.0373597
0.0874418
0.0279385
-0.0066069
-0.0204073
-0.0255561
0.0350435
-0.00476465
-0.00758014
-0.0471802
-0.0216563
0.00928838
-0.00370443
-0.0052365
0.00140267
0.00624589
0.0187052
-0.116292
0.0190761
-0.000992462
0.00774565
0.00774723
0.00365228
0.00142033
-0.00284147
0.00224262
-0.0268146
0.0328134
0.00673053
0.125008
-0.00773866
0.011254
-0.0246466
-0.0102363
0.0172754
0.0017655
-0.0163449
-0.0048863
0.0112167
0.0341279
0.00137385
-0.0138422
-0.0282858
-0.0099615
-0.00072295
0.0194453
-0.0321878
-0.0110876
0.0336769
-0.00202078
-0.0175882
0.00436972
-0.0105721
-0.00891192
-0.0285535
0.00264076
-0.0140605
-0.0201029
0.0183193
0.00592904
0.00900613
0.00454551
-0.0036731
0.00327743
-0.0179345
0.0388416
-0.0224348
0.0517384
0.0129494
0.0546163
0.0252194
-0.0396252
0.00344098
0.354792
0.0910282
-0.049556
-0.0146891
0.0182753
0.0136525
0.0165938
-0.0127327
-0.549163
0.0235782
0.0233788
-0.00540892
-0.0375017
-0.0896025
-0.0175265
0.112241
-0.0102982
0.000360039
-0.689512
0.00376264
-0.47853
-0.0377027
-0.010028
0.0379968
0.0549508
-0.0657389
-0.0224269
-0.0313074
-0.000180969
-0.084929
-0.108114
-0.0729259
-0.0313303
0.66402
-0.014668
0.00872532
-0.147409
0.0751093
0.04928
-0.0638827
0.0143779
0.0739397
0.0250384
0.0896601
0.0426878
-0.139897
0.177307
0.108601
0.0452844
0.0825132
0.0532454
-0.00402177
-0.0593365
0.0222731
-0.0303826
0.0289276
0.188598
0.0898849
-0.136357
